timestamp,x,y,z
1.783179150345384359e+09,0.000000000000000000e+00,0.000000000000000000e+00,0.000000000000000000e+00
1.783179150445431232e+09,0.000000000000000000e+00,0.000000000000000000e+00,0.000000000000000000e+00
1.783179150545454025e+09,0.000000000000000000e+00,0.000000000000000000e+00,0.000000000000000000e+00
1.783179150645476341e+09,0.000000000000000000e+00,0.000000000000000000e+00,0.000000000000000000e+00
1.783179150745633841e+09,0.000000000000000000e+00,0.000000000000000000e+00,0.000000000000000000e+00
1.783179150845522642e+09,0.000000000000000000e+00,0.000000000000000000e+00,0.000000000000000000e+00
1.783179150945502758e+09,0.000000000000000000e+00,0.000000000000000000e+00,0.000000000000000000e+00
1.783179151045445442e+09,0.000000000000000000e+00,0.000000000000000000e+00,0.000000000000000000e+00
1.783179151145452738e+09,0.000000000000000000e+00,0.000000000000000000e+00,0.000000000000000000e+00
1.783179151245439291e+09,0.000000000000000000e+00,0.000000000000000000e+00,0.000000000000000000e+00
1.783179151345477819e+09,0.000000000000000000e+00,0.000000000000000000e+00,0.000000000000000000e+00
1.783179151445435286e+09,0.000000000000000000e+00,0.000000000000000000e+00,0.000000000000000000e+00
1.783179151545509815e+09,0.000000000000000000e+00,0.000000000000000000e+00,0.000000000000000000e+00
1.783179151645674467e+09,0.000000000000000000e+00,0.000000000000000000e+00,0.000000000000000000e+00
1.783179151745433092e+09,0.000000000000000000e+00,0.000000000000000000e+00,0.000000000000000000e+00
1.783179151845402479e+09,0.000000000000000000e+00,0.000000000000000000e+00,0.000000000000000000e+00
1.783179151945470810e+09,0.000000000000000000e+00,0.000000000000000000e+00,0.000000000000000000e+00
1.783179152045541048e+09,0.000000000000000000e+00,0.000000000000000000e+00,0.000000000000000000e+00
1.783179152145464897e+09,0.000000000000000000e+00,0.000000000000000000e+00,0.000000000000000000e+00
1.783179152245466948e+09,0.000000000000000000e+00,0.000000000000000000e+00,0.000000000000000000e+00
1.783179152345608234e+09,0.000000000000000000e+00,0.000000000000000000e+00,0.000000000000000000e+00
1.783179152445406199e+09,0.000000000000000000e+00,0.000000000000000000e+00,0.000000000000000000e+00
1.783179152545394659e+09,0.000000000000000000e+00,0.000000000000000000e+00,0.000000000000000000e+00
1.783179152645409346e+09,0.000000000000000000e+00,0.000000000000000000e+00,0.000000000000000000e+00
1.783179152745560408e+09,0.000000000000000000e+00,0.000000000000000000e+00,0.000000000000000000e+00
1.783179152845589876e+09,0.000000000000000000e+00,0.000000000000000000e+00,0.000000000000000000e+00
1.783179152945409536e+09,0.000000000000000000e+00,0.000000000000000000e+00,0.000000000000000000e+00
1.783179153045393467e+09,0.000000000000000000e+00,0.000000000000000000e+00,0.000000000000000000e+00
1.783179153145490408e+09,0.000000000000000000e+00,0.000000000000000000e+00,0.000000000000000000e+00
1.783179153245423317e+09,0.000000000000000000e+00,0.000000000000000000e+00,0.000000000000000000e+00
1.783179153345399618e+09,0.000000000000000000e+00,0.000000000000000000e+00,0.000000000000000000e+00
1.783179153445442677e+09,0.000000000000000000e+00,0.000000000000000000e+00,0.000000000000000000e+00
1.783179153545423508e+09,0.000000000000000000e+00,0.000000000000000000e+00,0.000000000000000000e+00
1.783179153645451546e+09,0.000000000000000000e+00,0.000000000000000000e+00,0.000000000000000000e+00
1.783179153745450020e+09,0.000000000000000000e+00,0.000000000000000000e+00,0.000000000000000000e+00
1.783179153845688105e+09,0.000000000000000000e+00,0.000000000000000000e+00,0.000000000000000000e+00
1.783179153945422649e+09,0.000000000000000000e+00,0.000000000000000000e+00,0.000000000000000000e+00
1.783179154045407772e+09,0.000000000000000000e+00,0.000000000000000000e+00,0.000000000000000000e+00
1.783179154145481110e+09,0.000000000000000000e+00,0.000000000000000000e+00,0.000000000000000000e+00
1.783179154245541096e+09,0.000000000000000000e+00,0.000000000000000000e+00,0.000000000000000000e+00
1.783179154345624685e+09,0.000000000000000000e+00,0.000000000000000000e+00,0.000000000000000000e+00
1.783179154445730209e+09,0.000000000000000000e+00,0.000000000000000000e+00,0.000000000000000000e+00
1.783179154545644283e+09,0.000000000000000000e+00,0.000000000000000000e+00,0.000000000000000000e+00
1.783179154645560980e+09,0.000000000000000000e+00,0.000000000000000000e+00,0.000000000000000000e+00
1.783179154745419502e+09,0.000000000000000000e+00,0.000000000000000000e+00,0.000000000000000000e+00
1.783179154845381021e+09,0.000000000000000000e+00,0.000000000000000000e+00,0.000000000000000000e+00
1.783179154945589304e+09,0.000000000000000000e+00,0.000000000000000000e+00,0.000000000000000000e+00
1.783179155045778275e+09,0.000000000000000000e+00,0.000000000000000000e+00,0.000000000000000000e+00
1.783179155145970583e+09,0.000000000000000000e+00,0.000000000000000000e+00,0.000000000000000000e+00
1.783179155245705128e+09,0.000000000000000000e+00,0.000000000000000000e+00,0.000000000000000000e+00
1.783179155345438480e+09,0.000000000000000000e+00,0.000000000000000000e+00,0.000000000000000000e+00
1.783179155445437193e+09,0.000000000000000000e+00,0.000000000000000000e+00,0.000000000000000000e+00
1.783179155545639753e+09,0.000000000000000000e+00,0.000000000000000000e+00,0.000000000000000000e+00
1.783179155645455599e+09,0.000000000000000000e+00,0.000000000000000000e+00,0.000000000000000000e+00
1.783179155745532274e+09,0.000000000000000000e+00,0.000000000000000000e+00,0.000000000000000000e+00
1.783179155845543861e+09,0.000000000000000000e+00,0.000000000000000000e+00,0.000000000000000000e+00
1.783179155945426941e+09,0.000000000000000000e+00,0.000000000000000000e+00,0.000000000000000000e+00
1.783179156045404434e+09,0.000000000000000000e+00,0.000000000000000000e+00,0.000000000000000000e+00
1.783179156145501137e+09,0.000000000000000000e+00,0.000000000000000000e+00,0.000000000000000000e+00
1.783179156245508909e+09,0.000000000000000000e+00,0.000000000000000000e+00,0.000000000000000000e+00
1.783179156345383167e+09,0.000000000000000000e+00,0.000000000000000000e+00,0.000000000000000000e+00
1.783179156445540905e+09,0.000000000000000000e+00,0.000000000000000000e+00,0.000000000000000000e+00
1.783179156545511484e+09,0.000000000000000000e+00,0.000000000000000000e+00,0.000000000000000000e+00
1.783179156645573616e+09,0.000000000000000000e+00,0.000000000000000000e+00,0.000000000000000000e+00
1.783179156745347738e+09,0.000000000000000000e+00,0.000000000000000000e+00,0.000000000000000000e+00
1.783179156845368624e+09,0.000000000000000000e+00,0.000000000000000000e+00,0.000000000000000000e+00
1.783179156945377111e+09,0.000000000000000000e+00,0.000000000000000000e+00,0.000000000000000000e+00
1.783179157045506716e+09,0.000000000000000000e+00,0.000000000000000000e+00,0.000000000000000000e+00
1.783179157145610094e+09,0.000000000000000000e+00,0.000000000000000000e+00,0.000000000000000000e+00
1.783179157245406389e+09,0.000000000000000000e+00,0.000000000000000000e+00,0.000000000000000000e+00
1.783179157345446587e+09,0.000000000000000000e+00,0.000000000000000000e+00,0.000000000000000000e+00
1.783179157445393324e+09,0.000000000000000000e+00,0.000000000000000000e+00,0.000000000000000000e+00
1.783179157545767784e+09,0.000000000000000000e+00,0.000000000000000000e+00,0.000000000000000000e+00
1.783179157645826101e+09,0.000000000000000000e+00,0.000000000000000000e+00,0.000000000000000000e+00
1.783179157745424271e+09,7.693696294505615509e-04,0.000000000000000000e+00,0.000000000000000000e+00
1.783179157845478296e+09,6.924313358626610695e-03,1.279846919255681786e-05,0.000000000000000000e+00
1.783179157945487261e+09,1.096349518089839367e-02,4.399473784941398938e-06,0.000000000000000000e+00
1.783179158045442343e+09,1.519502585583347443e-02,-2.377812327936166918e-12,0.000000000000000000e+00
1.783179158145529270e+09,1.923421422736241657e-02,4.199497595725305043e-06,0.000000000000000000e+00
1.783179158245495796e+09,2.346574718934050369e-02,4.199497595725292338e-06,0.000000000000000000e+00
1.783179158345629215e+09,2.808195498622254038e-02,-5.399354298692327830e-06,0.000000000000000000e+00
1.783179158445582628e+09,3.212114554083798923e-02,-5.399354298692339689e-06,0.000000000000000000e+00
1.783179158545539856e+09,3.616033391236693484e-02,-1.199854325154706709e-06,0.000000000000000000e+00
1.783179158645390511e+09,4.019952446698238369e-02,-1.199854325154718991e-06,0.000000000000000000e+00
1.783179158745517015e+09,4.520042435554202237e-02,3.999526594463301724e-06,0.000000000000000000e+00
1.783179158845428467e+09,4.904727042366482243e-02,7.999050378784856055e-06,0.000000000000000000e+00
1.783179158945537806e+09,5.289411649178762248e-02,1.199857416310641039e-05,0.000000000000000000e+00
1.783179159045382977e+09,5.731798947012884532e-02,1.659802651507619897e-05,0.000000000000000000e+00
1.783179159145383358e+09,6.154951328393738069e-02,2.539697408495899346e-05,0.000000000000000000e+00
1.783179159245368004e+09,6.597337908928266326e-02,1.619807435280876411e-05,0.000000000000000000e+00
1.783179159345364809e+09,7.001256746081160887e-02,2.039757432634638692e-05,0.000000000000000000e+00
1.783179159445478678e+09,7.424409127462014424e-02,2.919652189622917802e-05,0.000000000000000000e+00
1.783179159545451880e+09,7.828328182923559309e-02,2.919652189622916447e-05,0.000000000000000000e+00
1.783179159645549536e+09,8.289947715135106976e-02,4.359478676797581132e-05,0.000000000000000000e+00
1.783179159745557308e+09,8.693866552288001537e-02,4.779428674151344430e-05,0.000000000000000000e+00
1.783179159845373392e+09,9.117018933668855074e-02,5.659323431139624556e-05,0.000000000000000000e+00
1.783179159945460320e+09,9.501702916742357785e-02,6.459227755674425164e-05,0.000000000000000000e+00
1.783179160045583725e+09,9.963323696430562149e-02,7.419112945116184809e-05,0.000000000000000000e+00
1.783179160145418644e+09,1.040571123336463538e-01,7.419112945116184809e-05,0.000000000000000000e+00
1.783179160245408297e+09,1.077116160983630222e-01,7.799067704626732038e-05,0.000000000000000000e+00
1.783179160345426083e+09,1.121354819037083117e-01,8.718957677841751585e-05,0.000000000000000000e+00
1.783179160445600748e+09,1.161746702752372573e-01,9.138907675195514883e-05,0.000000000000000000e+00
1.783179160545735836e+09,1.211755620551927953e-01,1.017878329709075608e-04,0.000000000000000000e+00
1.783179160645560026e+09,1.250224018859278363e-01,1.097868762162555669e-04,0.000000000000000000e+00
1.783179160745418310e+09,1.290615837081996176e-01,1.181858716238709739e-04,0.000000000000000000e+00
1.783179160845439196e+09,1.334854566865408265e-01,1.227853239758407676e-04,0.000000000000000000e+00
1.783179160945358038e+09,1.379093320558815450e-01,1.227853239758407676e-04,0.000000000000000000e+00
1.783179161045367002e+09,1.415638358205981995e-01,1.265848715709462534e-04,0.000000000000000000e+00
1.783179161145429134e+09,1.459877111899389179e-01,1.265848715709462534e-04,0.000000000000000000e+00
1.783179161245387554e+09,1.502192235685447796e-01,1.397832810367140148e-04,0.000000000000000000e+00
1.783179161345463991e+09,1.544507359471506414e-01,1.529816905024817761e-04,0.000000000000000000e+00
1.783179161445537090e+09,1.592592935323041414e-01,1.479822857720798082e-04,0.000000000000000000e+00
1.783179161545811415e+09,1.627214269254000367e-01,1.623805324860065960e-04,0.000000000000000000e+00
1.783179161645487309e+09,1.675299767138188345e-01,1.723793365426915935e-04,0.000000000000000000e+00
1.783179161746050596e+09,1.711844804785354890e-01,1.761788841377970793e-04,0.000000000000000000e+00
1.783179161845450640e+09,1.761853722584910409e-01,1.865776403567494777e-04,0.000000000000000000e+00
1.783179161945409536e+09,1.804168960722995763e-01,1.953765879266322722e-04,0.000000000000000000e+00
1.783179162045435429e+09,1.842637359030346034e-01,2.033756311719802647e-04,0.000000000000000000e+00
1.783179162145545006e+09,1.881105757337696305e-01,2.113746744173282573e-04,0.000000000000000000e+00
1.783179162245479822e+09,1.931114675137251824e-01,2.217734306362806557e-04,0.000000000000000000e+00
1.783179162345456839e+09,1.973429913275337177e-01,2.305723782061634502e-04,0.000000000000000000e+00
1.783179162445503950e+09,2.011898311582687449e-01,2.385714214515114427e-04,0.000000000000000000e+00
1.783179162545529842e+09,2.052290129805405261e-01,2.469704168591268633e-04,0.000000000000000000e+00
1.783179162645741940e+09,2.094605253591463878e-01,2.601688263248946517e-04,0.000000000000000000e+00
1.783179162745436192e+09,2.138843983374875968e-01,2.647682786768644318e-04,0.000000000000000000e+00
1.783179162845399380e+09,2.177312381682226239e-01,2.727673219222124515e-04,0.000000000000000000e+00
1.783179162945370436e+09,2.221550752816229268e-01,2.911650816122300168e-04,0.000000000000000000e+00
1.783179163045443058e+09,2.267712905633702813e-01,2.959645101534158908e-04,0.000000000000000000e+00
1.783179163145397425e+09,2.313875058451176359e-01,3.007639386946017648e-04,0.000000000000000000e+00
1.783179163245384455e+09,2.354266767519686832e-01,3.133624204573800935e-04,0.000000000000000000e+00
1.783179163345349073e+09,2.390811745911669561e-01,3.209615115404606850e-04,0.000000000000000000e+00
1.783179163445591450e+09,2.436973699132824467e-01,3.353597764122073386e-04,0.000000000000000000e+00
1.783179163545665503e+09,2.479288822918883084e-01,3.485581858779751270e-04,0.000000000000000000e+00
1.783179163645513058e+09,2.523527552702295451e-01,3.531576382299449072e-04,0.000000000000000000e+00
1.783179163745459557e+09,2.563919370925013541e-01,3.615566336375603007e-04,0.000000000000000000e+00
1.783179163845412016e+09,2.606234494711072158e-01,3.747550431033280891e-04,0.000000000000000000e+00
1.783179163945388079e+09,2.648549801460423070e-01,3.791545192660818295e-04,0.000000000000000000e+00
1.783179164045474052e+09,2.692788531243835437e-01,3.837539716180516096e-04,0.000000000000000000e+00
1.783179164145452261e+09,2.733180436789989787e-01,3.837539716180516096e-04,0.000000000000000000e+00
1.783179164245476961e+09,2.773572320505279243e-01,3.879534715915892561e-04,0.000000000000000000e+00
1.783179164345520496e+09,2.813964138727997333e-01,3.963524669992046496e-04,0.000000000000000000e+00
1.783179164445471048e+09,2.863973137613593511e-01,4.015518479188227114e-04,0.000000000000000000e+00
1.783179164545462847e+09,2.902441598294821512e-01,4.055513717031442641e-04,0.000000000000000000e+00
1.783179164645509005e+09,2.944756905044172424e-01,4.099508478658980045e-04,0.000000000000000000e+00
1.783179164745552540e+09,2.983225365725400424e-01,4.139503716502195571e-04,0.000000000000000000e+00
1.783179164845609665e+09,3.025540672474751336e-01,4.183498478129732976e-04,0.000000000000000000e+00
1.783179164945456266e+09,3.069779402258163703e-01,4.137503954610035175e-04,0.000000000000000000e+00
1.783179165045411825e+09,3.112094731877944609e-01,4.137503954610035175e-04,0.000000000000000000e+00
1.783179165145431042e+09,3.152486550100662699e-01,4.221493908686189110e-04,0.000000000000000000e+00
1.783179165245450974e+09,3.194801856850013611e-01,4.265488670313726514e-04,0.000000000000000000e+00
1.783179165345380783e+09,3.239040586633425978e-01,4.219494146794028713e-04,0.000000000000000000e+00
1.783179165445452213e+09,3.277509068105954326e-01,4.219494146794028713e-04,0.000000000000000000e+00
1.783179165545407057e+09,3.323671146074774763e-01,4.315482665738204948e-04,0.000000000000000000e+00
1.783179165645441771e+09,3.364063051620929112e-01,4.315482665738204948e-04,0.000000000000000000e+00
1.783179165745601654e+09,3.408301781404341479e-01,4.361477189257902749e-04,0.000000000000000000e+00
1.783179165845474005e+09,3.452540439457794097e-01,4.453466186579404704e-04,0.000000000000000000e+00
1.783179165945384502e+09,3.491008900139022098e-01,4.493461424422620231e-04,0.000000000000000000e+00
1.783179166045480013e+09,3.533324206888373009e-01,4.537456186050157635e-04,0.000000000000000000e+00
1.783179166145392179e+09,3.577562936671785376e-01,4.583450709569855436e-04,0.000000000000000000e+00
1.783179166245402575e+09,3.619878174809870730e-01,4.671440185268683652e-04,0.000000000000000000e+00
1.783179166345478296e+09,3.660270080356025080e-01,4.671440185268683652e-04,0.000000000000000000e+00
1.783179166445430994e+09,3.702585387105375991e-01,4.715434946896221056e-04,0.000000000000000000e+00
1.783179166545604944e+09,3.744900693854726903e-01,4.759429708523758460e-04,0.000000000000000000e+00
1.783179166645424366e+09,3.791062846672200726e-01,4.711435423111899720e-04,0.000000000000000000e+00
1.783179166745849133e+09,3.829531307353428726e-01,4.751430660955115247e-04,0.000000000000000000e+00
1.783179166845494986e+09,3.869923191068718182e-01,4.793425660690491712e-04,0.000000000000000000e+00
1.783179166945480108e+09,3.914161944762125644e-01,4.793425660690491712e-04,0.000000000000000000e+00
1.783179167045366526e+09,3.958400674545538012e-01,4.747431137170793911e-04,0.000000000000000000e+00
1.783179167145536184e+09,3.998792492768256102e-01,4.831421091246947846e-04,0.000000000000000000e+00
1.783179167245479822e+09,4.039184376483545558e-01,4.873416090982324311e-04,0.000000000000000000e+00
1.783179167345452309e+09,4.077652857956073906e-01,4.873416090982324311e-04,0.000000000000000000e+00
1.783179167445389032e+09,4.125738459796733926e-01,4.873416090982324311e-04,0.000000000000000000e+00
1.783179167545467138e+09,4.168053766546084837e-01,4.829421329354786907e-04,0.000000000000000000e+00
1.783179167645519018e+09,4.210369073295435749e-01,4.873416090982324311e-04,0.000000000000000000e+00
1.783179167745545626e+09,4.250760957010725205e-01,4.915411090717700235e-04,0.000000000000000000e+00
1.783179167845464230e+09,4.294999615064177823e-01,5.007400088039202189e-04,0.000000000000000000e+00
1.783179167945391417e+09,4.337314921813528734e-01,4.963405326411664785e-04,0.000000000000000000e+00
1.783179168045372009e+09,4.379630228562879646e-01,5.007400088039202189e-04,0.000000000000000000e+00
1.783179168145372868e+09,4.418098689244107646e-01,5.047395325882417716e-04,0.000000000000000000e+00
1.783179168245422602e+09,4.462337419027520014e-01,5.093389849402115517e-04,0.000000000000000000e+00
1.783179168345380545e+09,4.506576172720927476e-01,5.093389849402115517e-04,0.000000000000000000e+00
1.783179168445365191e+09,4.546968056436216932e-01,5.135384849137491440e-04,0.000000000000000000e+00
1.783179168545381069e+09,4.589283386055997838e-01,5.135384849137491440e-04,0.000000000000000000e+00
1.783179168645431519e+09,4.629675204278715928e-01,5.219374803213645917e-04,0.000000000000000000e+00
1.783179168745445967e+09,4.673913934062128295e-01,5.265369326733343718e-04,0.000000000000000000e+00
1.783179168845567942e+09,4.718152592115580912e-01,5.173380329411841764e-04,0.000000000000000000e+00
1.783179168945489645e+09,4.758544475830870368e-01,5.215375329147217687e-04,0.000000000000000000e+00
1.783179169045429468e+09,4.800859805450651274e-01,5.215375329147217687e-04,0.000000000000000000e+00
1.783179169145356178e+09,4.847021983217684737e-01,5.215375329147217687e-04,0.000000000000000000e+00
1.783179169245380878e+09,4.889337221355770091e-01,5.127385853448390013e-04,0.000000000000000000e+00
1.783179169345405340e+09,4.927805702828298440e-01,5.127385853448390013e-04,0.000000000000000000e+00
1.783179169445445776e+09,4.970121032448079346e-01,5.127385853448390013e-04,0.000000000000000000e+00
1.783179169545404673e+09,5.012436362067860252e-01,5.127385853448390013e-04,0.000000000000000000e+00
1.783179169645639658e+09,5.056675020121312869e-01,5.035396856126888058e-04,0.000000000000000000e+00
1.783179169745408535e+09,5.098990326870663781e-01,4.991402094499350654e-04,0.000000000000000000e+00
1.783179169845569372e+09,5.143229056654076148e-01,5.037396618019048455e-04,0.000000000000000000e+00
1.783179169945519447e+09,5.179774035046058600e-01,4.961405707188242540e-04,0.000000000000000000e+00
1.783179170045332909e+09,5.225936187863532423e-01,4.913411421776383257e-04,0.000000000000000000e+00
1.783179170145372868e+09,5.272098141084686773e-01,4.769428773058916721e-04,0.000000000000000000e+00
1.783179170245387554e+09,5.310566601765914774e-01,4.729433535215700653e-04,0.000000000000000000e+00
1.783179170345380783e+09,5.350958485481204230e-01,4.687438535480324187e-04,0.000000000000000000e+00
1.783179170445445776e+09,5.393273723619289584e-01,4.599449059781495971e-04,0.000000000000000000e+00
1.783179170545370102e+09,5.441359221503477839e-01,4.499461019214645455e-04,0.000000000000000000e+00
1.783179170645441055e+09,5.479827682184705839e-01,4.459465781371429929e-04,0.000000000000000000e+00
1.783179170745464563e+09,5.520219391253216035e-01,4.333480963743646642e-04,0.000000000000000000e+00
1.783179170845603943e+09,5.562534720872996941e-01,4.333480963743646642e-04,0.000000000000000000e+00
1.783179170945501804e+09,5.606773474566404403e-01,4.333480963743646642e-04,0.000000000000000000e+00
1.783179171045552015e+09,5.649088598352463020e-01,4.201496869085968758e-04,0.000000000000000000e+00
1.783179171145482302e+09,5.693327328135875387e-01,4.155502345566270414e-04,0.000000000000000000e+00
1.783179171245416880e+09,5.733719233682029737e-01,4.155502345566269872e-04,0.000000000000000000e+00
1.783179171345379591e+09,5.779881386499503559e-01,4.107508060154410590e-04,0.000000000000000000e+00
1.783179171445398808e+09,5.822196693248854471e-01,4.063513298526873186e-04,0.000000000000000000e+00
1.783179171545382261e+09,5.862588576964143927e-01,4.105508298262249109e-04,0.000000000000000000e+00
1.783179171645404816e+09,5.902980482510298277e-01,4.105508298262248567e-04,0.000000000000000000e+00
1.783179171745453596e+09,5.945295789259649188e-01,4.061513536634711163e-04,0.000000000000000000e+00
1.783179171845593929e+09,5.993381365111184467e-01,4.011519489330690942e-04,0.000000000000000000e+00
1.783179171945453167e+09,6.031849846583712260e-01,4.011519489330690399e-04,0.000000000000000000e+00
1.783179172045381784e+09,6.074165176203493166e-01,4.011519489330689857e-04,0.000000000000000000e+00
1.783179172145534992e+09,6.114556994426211256e-01,3.927529535254535380e-04,0.000000000000000000e+00
1.783179172245467901e+09,6.156872301175562168e-01,3.971524296882072242e-04,0.000000000000000000e+00
1.783179172345365047e+09,6.201110839679169207e-01,3.833540925194499761e-04,0.000000000000000000e+00
1.783179172445433140e+09,6.241502657901887297e-01,3.749550971118345284e-04,0.000000000000000000e+00
1.783179172545443058e+09,6.281894541617176753e-01,3.707555971382968277e-04,0.000000000000000000e+00
1.783179172645396233e+09,6.328056619585996634e-01,3.611567452438791499e-04,0.000000000000000000e+00
1.783179172745426655e+09,6.372295277639449251e-01,3.519578455117289002e-04,0.000000000000000000e+00
1.783179172845365047e+09,6.414610584388800163e-01,3.563573216744825864e-04,0.000000000000000000e+00
1.783179172945443153e+09,6.453079045070028164e-01,3.523577978901609796e-04,0.000000000000000000e+00
1.783179173045444250e+09,6.497317774853440531e-01,3.477583455381911453e-04,0.000000000000000000e+00
1.783179173145802736e+09,6.541556528546847993e-01,3.477583455381910910e-04,0.000000000000000000e+00
1.783179173245442867e+09,6.585788372430942950e-01,2.695717124723530584e-04,0.000000000000000000e+00
1.783179173345398903e+09,6.631928097412256307e-01,1.256121749613743979e-04,0.000000000000000000e+00
1.783179173445490360e+09,6.666519795577584562e-01,-1.832920715854482823e-05,0.000000000000000000e+00
1.783179173545560598e+09,6.710688846031023225e-01,-2.665692197975131185e-04,0.000000000000000000e+00
1.783179173645490408e+09,6.749069517679646690e-01,-5.263404769217079962e-04,0.000000000000000000e+00
1.783179173745504856e+09,6.798909952335474571e-01,-9.366299626992861949e-04,0.000000000000000000e+00
1.783179173845364809e+09,6.837206389430191544e-01,-1.300043950495914473e-03,0.000000000000000000e+00
1.783179173945372105e+09,6.879288632073543575e-01,-1.743574952081679676e-03,0.000000000000000000e+00
1.783179174045377254e+09,6.919475305026594469e-01,-2.150236366700513518e-03,0.000000000000000000e+00
1.783179174145408869e+09,6.963475174049940097e-01,-2.609353500712745591e-03,0.000000000000000000e+00
1.783179174245440483e+09,7.005566548392168080e-01,-3.044133063400658503e-03,0.000000000000000000e+00
1.783179174345363617e+09,7.051484411310963152e-01,-3.518438040878381443e-03,0.000000000000000000e+00
1.783179174445369005e+09,7.091662541364908146e-01,-3.933454896171389124e-03,0.000000000000000000e+00
1.783179174545365334e+09,7.129931515861235303e-01,-4.324730474271227046e-03,0.000000000000000000e+00
1.783179174645345688e+09,7.175854285256827447e-01,-4.794261167991032725e-03,0.000000000000000000e+00
1.783179174745388269e+09,7.219844512385726887e-01,-5.262526536066017106e-03,0.000000000000000000e+00
1.783179174845379591e+09,7.260022642439671881e-01,-5.677543391359025221e-03,0.000000000000000000e+00
1.783179174945423841e+09,7.300205065660815285e-01,-6.088382748363855082e-03,0.000000000000000000e+00
1.783179175045385361e+09,7.342305389706869079e-01,-6.514408992250252627e-03,0.000000000000000000e+00
1.783179175145420790e+09,7.380570275472531083e-01,-6.909663140148355510e-03,0.000000000000000000e+00
1.783179175245471716e+09,7.430292827913967946e-01,-7.444176485205199201e-03,0.000000000000000000e+00
1.783179175345413923e+09,7.472284702264477829e-01,-7.966379600493296576e-03,0.000000000000000000e+00
1.783179175445493221e+09,7.516101185512457095e-01,-8.576159266647684701e-03,0.000000000000000000e+00
1.783179175546156645e+09,7.554151192103168988e-01,-9.142030853220142750e-03,0.000000000000000000e+00
1.783179175645560980e+09,7.601605707809773183e-01,-9.918523244877092832e-03,0.000000000000000000e+00
1.783179175745471716e+09,7.645163323184381854e-01,-1.069183735456078962e-02,0.000000000000000000e+00
1.783179175845550060e+09,7.682960130241928143e-01,-1.140755687404329012e-02,0.000000000000000000e+00
1.783179175945445061e+09,7.728224553889824211e-01,-1.231352932406041926e-02,0.000000000000000000e+00
1.783179176045400381e+09,7.767830924581733409e-01,-1.310625521782540770e-02,0.000000000000000000e+00
1.783179176145364285e+09,7.811200280311724198e-01,-1.397898834949543034e-02,0.000000000000000000e+00
1.783179176245388985e+09,7.852692668655628649e-01,-1.480946309534446510e-02,0.000000000000000000e+00
1.783179176345461130e+09,7.894096472490161887e-01,-1.568303134603943674e-02,0.000000000000000000e+00
1.783179176445461988e+09,7.940974613074188726e-01,-1.675384897646366167e-02,0.000000000000000000e+00
1.783179176545505762e+09,7.976506598726338382e-01,-1.760836179617104175e-02,0.000000000000000000e+00
1.783179176645396471e+09,8.019397891000157319e-01,-1.869189479256674891e-02,0.000000000000000000e+00
1.783179176745399952e+09,8.056563916452871288e-01,-1.968441995018481092e-02,0.000000000000000000e+00
1.783179176845398188e+09,8.101011083727296391e-01,-2.093099917941366669e-02,0.000000000000000000e+00
1.783179176945438623e+09,8.134206847018687903e-01,-2.191435462690805025e-02,0.000000000000000000e+00
1.783179177045395374e+09,8.183844445984130855e-01,-2.344107703354571942e-02,0.000000000000000000e+00
1.783179177145368814e+09,8.220577585325499204e-01,-2.458344536700852317e-02,0.000000000000000000e+00
1.783179177245390892e+09,8.264628752281018009e-01,-2.596345024400081164e-02,0.000000000000000000e+00
1.783179177345422506e+09,8.301361891622386358e-01,-2.710581857746361539e-02,0.000000000000000000e+00
1.783179177445374489e+09,8.343494272839757642e-01,-2.845463206086338084e-02,0.000000000000000000e+00
1.783179177546328068e+09,8.379969258438266788e-01,-2.967692291164646806e-02,0.000000000000000000e+00
1.783179177645556688e+09,8.425368826636252528e-01,-3.126155003439482633e-02,0.000000000000000000e+00
1.783179177745450258e+09,8.465098124666907697e-01,-3.271815567361933963e-02,0.000000000000000000e+00
1.783179177845491409e+09,8.506440081805727305e-01,-3.429267118093558969e-02,0.000000000000000000e+00
1.783179177945485592e+09,8.546031345069223795e-01,-3.578638800159207600e-02,0.000000000000000000e+00
1.783179178045531034e+09,8.585591462752935055e-01,-3.728833410475829169e-02,0.000000000000000000e+00
1.783179178145626545e+09,8.623383123140818673e-01,-3.871415470629402389e-02,0.000000000000000000e+00
1.783179178245626211e+09,8.664725080279638281e-01,-4.028867021361027395e-02,0.000000000000000000e+00
1.783179178345503807e+09,8.704316343543134771e-01,-4.178238703426676026e-02,0.000000000000000000e+00
1.783179178445386648e+09,8.740280086891962785e-01,-4.314779258259968109e-02,0.000000000000000000e+00
1.783179178545391321e+09,8.779840204575674045e-01,-4.464973868576589677e-02,0.000000000000000000e+00
1.783179178645393372e+09,8.817602135091944238e-01,-4.608341451151546503e-02,0.000000000000000000e+00
1.783179178745440245e+09,8.867810923121388633e-01,-4.803157460644283394e-02,0.000000000000000000e+00
1.783179178845437288e+09,8.898093860583325965e-01,-4.926493013888667838e-02,0.000000000000000000e+00
1.783179178945381165e+09,8.947779376167062093e-01,-5.134292126521677879e-02,0.000000000000000000e+00
1.783179179045370102e+09,8.984978376879980688e-01,-5.291689832861293241e-02,0.000000000000000000e+00
1.783179179145399332e+09,9.023931593798194539e-01,-5.456987749530941428e-02,0.000000000000000000e+00
1.783179179245421171e+09,9.059374779575605219e-01,-5.606521909089937084e-02,0.000000000000000000e+00
1.783179179345423460e+09,9.099990003524214277e-01,-5.781870394099145744e-02,0.000000000000000000e+00
1.783179179445507526e+09,9.142119938709323268e-01,-5.970554049324965779e-02,0.000000000000000000e+00
1.783179179545460939e+09,9.178739424435221617e-01,-6.141000316171783824e-02,0.000000000000000000e+00
1.783179179645521402e+09,9.216971725585788588e-01,-6.322350328458258006e-02,0.000000000000000000e+00
1.783179179745429993e+09,9.260417522347796915e-01,-6.528429887874706572e-02,0.000000000000000000e+00
1.783179179845434666e+09,9.296785042199878779e-01,-6.704188111994639765e-02,0.000000000000000000e+00
1.783179179945372105e+09,9.336393384573414833e-01,-6.901227839655504903e-02,0.000000000000000000e+00
1.783179180045377254e+09,9.372272567808419552e-01,-7.086751488832204737e-02,0.000000000000000000e+00
1.783179180145381451e+09,9.413299370692571610e-01,-7.298352079875838894e-02,0.000000000000000000e+00
1.783179180245472908e+09,9.449081626147111113e-01,-7.485738372927269735e-02,0.000000000000000000e+00
1.783179180345472097e+09,9.482915649399161762e-01,-7.668791080468546906e-02,0.000000000000000000e+00
1.783179180445396423e+09,9.526599568329203738e-01,-7.912228526193164357e-02,0.000000000000000000e+00
1.783179180545389891e+09,9.563259154197969458e-01,-8.123572294675068806e-02,0.000000000000000000e+00
1.783179180645390749e+09,9.603106828088818769e-01,-8.356619401862379337e-02,0.000000000000000000e+00
1.783179180745442629e+09,9.639678204503021597e-01,-8.569485920601571660e-02,0.000000000000000000e+00
1.783179180845427752e+09,9.674629421153807529e-01,-8.771950359029483113e-02,0.000000000000000000e+00
1.783179180945433855e+09,9.711222909289231042e-01,-8.984436534324094503e-02,0.000000000000000000e+00
1.783179181045462132e+09,9.744489716685070801e-01,-9.177605784591923166e-02,0.000000000000000000e+00
1.783179181145433903e+09,9.786073225929869945e-01,-9.419067347426708647e-02,0.000000000000000000e+00
1.783179181245415211e+09,9.820982267052517090e-01,-9.622258115314119564e-02,0.000000000000000000e+00
1.783179181345398188e+09,9.859239095557732480e-01,-9.844402753122122318e-02,0.000000000000000000e+00
1.783179181445491791e+09,9.892485801388825051e-01,-1.003791777015775183e-01,0.000000000000000000e+00
1.783179181545483351e+09,9.933687701864366559e-01,-1.028583479288553010e-01,0.000000000000000000e+00
1.783179181645495892e+09,9.971330127466541127e-01,-1.051823856289167275e-01,0.000000000000000000e+00
1.783179181745511055e+09,1.000408366486660094e+00,-1.071998837195853593e-01,0.000000000000000000e+00
1.783179181845529079e+09,1.004497305889334946e+00,-1.097302642453240884e-01,0.000000000000000000e+00
1.783179181945539951e+09,1.007770560289524164e+00,-1.117511665932035964e-01,0.000000000000000000e+00
1.783179182045574427e+09,1.011534802849741732e+00,-1.140752042932650229e-01,0.000000000000000000e+00
1.783179182145399809e+09,1.015301459650748583e+00,-1.163953270975339599e-01,0.000000000000000000e+00
1.783179182245387316e+09,1.018869302135354982e+00,-1.186704910945559632e-01,0.000000000000000000e+00
1.783179182345372438e+09,1.022413297591709291e+00,-1.209826259119158448e-01,0.000000000000000000e+00
1.783179182445373297e+09,1.025796202345501840e+00,-1.231896636921230026e-01,0.000000000000000000e+00
1.783179182545461416e+09,1.029337791986427941e+00,-1.255054819111530162e-01,0.000000000000000000e+00
1.783179182645539045e+09,1.033362325669298531e+00,-1.281370935236871289e-01,0.000000000000000000e+00
1.783179182745658159e+09,1.036085912581950375e+00,-1.299464589405883719e-01,0.000000000000000000e+00
1.783179182845938206e+09,1.040219478695816768e+00,-1.327611805806895307e-01,0.000000000000000000e+00
1.783179182945427418e+09,1.043367293777557769e+00,-1.349724021614420455e-01,0.000000000000000000e+00
1.783179183045549393e+09,1.047267272559862850e+00,-1.377853039623151699e-01,0.000000000000000000e+00
1.783179183145385981e+09,1.050384914266104364e+00,-1.400388679972441319e-01,0.000000000000000000e+00
1.783179183245437860e+09,1.053502555972345878e+00,-1.422924320321730940e-01,0.000000000000000000e+00
1.783179183345407724e+09,1.057867254361084086e+00,-1.454474216810736353e-01,0.000000000000000000e+00
1.783179183445303202e+09,1.061116000118374147e+00,-1.478475698725369991e-01,0.000000000000000000e+00
1.783179183545412540e+09,1.064337084539900724e+00,-1.502847148181432335e-01,0.000000000000000000e+00
1.783179183645721674e+09,1.068132145107844044e+00,-1.532376398645043380e-01,0.000000000000000000e+00
1.783179183745651007e+09,1.071307058453517147e+00,-1.557346351756657143e-01,0.000000000000000000e+00
1.783179183845697880e+09,1.074787185964063196e+00,-1.584658227916673490e-01,0.000000000000000000e+00
1.783179183945454121e+09,1.077967284637695755e+00,-1.609562108663366020e-01,0.000000000000000000e+00
1.783179184045589209e+09,1.080993482472953016e+00,-1.633311566193815234e-01,0.000000000000000000e+00
1.783179184145554543e+09,1.084888714893887940e+00,-1.664674268749326835e-01,0.000000000000000000e+00
1.783179184245840073e+09,1.088003015978655341e+00,-1.690396222582407626e-01,0.000000000000000000e+00
1.783179184345616817e+09,1.091228899040962652e+00,-1.717781528271089819e-01,0.000000000000000000e+00
1.783179184445630550e+09,1.094754248702050514e+00,-1.747583166362006168e-01,0.000000000000000000e+00
1.783179184545661449e+09,1.097833500716071109e+00,-1.773723685428475472e-01,0.000000000000000000e+00
1.783179184645530462e+09,1.101502510417817327e+00,-1.804805221510653035e-01,0.000000000000000000e+00
1.783179184745450020e+09,1.104263760582631981e+00,-1.828744540068626412e-01,0.000000000000000000e+00
1.783179184845607519e+09,1.108004601995625782e+00,-1.861933592859854047e-01,0.000000000000000000e+00
1.783179184945400715e+09,1.110697571620486102e+00,-1.886638504927031224e-01,0.000000000000000000e+00
1.783179185045393467e+09,1.114069868706145883e+00,-1.918161637588621515e-01,0.000000000000000000e+00
1.783179185145441532e+09,1.116847124168572680e+00,-1.944779475150006376e-01,0.000000000000000000e+00
1.783179185245523930e+09,1.120139721439795677e+00,-1.977134180791514928e-01,0.000000000000000000e+00
1.783179185345439434e+09,1.122849701004636547e+00,-2.004436655818822299e-01,0.000000000000000000e+00
1.783179185445523500e+09,1.125972699559098622e+00,-2.035769630960496401e-01,0.000000000000000000e+00
1.783179185545499563e+09,1.129356623925632963e+00,-2.069932925481605401e-01,0.000000000000000000e+00
1.783179185645510912e+09,1.132208057388402578e+00,-2.098541294089220910e-01,0.000000000000000000e+00
1.783179185745503187e+09,1.135032596993505782e+00,-2.127415220659221173e-01,0.000000000000000000e+00
1.783179185845423937e+09,1.138215747781045062e+00,-2.160847267598857979e-01,0.000000000000000000e+00
1.783179185945428371e+09,1.141226058149042988e+00,-2.193264400062701069e-01,0.000000000000000000e+00
1.783179186045397997e+09,1.143934347709227417e+00,-2.223231428601898929e-01,0.000000000000000000e+00
1.783179186145414352e+09,1.146862840424522689e+00,-2.256389540279016837e-01,0.000000000000000000e+00
1.783179186245427132e+09,1.149787884146294292e+00,-2.289578081236981200e-01,0.000000000000000000e+00
1.783179186345376492e+09,1.152582449992429980e+00,-2.321352714106487691e-01,0.000000000000000000e+00
1.783179186445423841e+09,1.155638268477955366e+00,-2.355952482813045701e-01,0.000000000000000000e+00
1.783179186545387030e+09,1.158286836362505845e+00,-2.386448627647143050e-01,0.000000000000000000e+00
1.783179186645401001e+09,1.161018093175276267e+00,-2.418769066120348421e-01,0.000000000000000000e+00
1.783179186745385408e+09,1.163953425675609443e+00,-2.454396709425006873e-01,0.000000000000000000e+00
1.783179186845529318e+09,1.166596326986597987e+00,-2.487443560816148813e-01,0.000000000000000000e+00
1.783179186945607662e+09,1.169190848217033896e+00,-2.520871589165312177e-01,0.000000000000000000e+00
1.783179187045417547e+09,1.171859490853294439e+00,-2.556154757621945106e-01,0.000000000000000000e+00
1.783179187145461559e+09,1.174422619687901737e+00,-2.589824093501216229e-01,0.000000000000000000e+00
1.783179187245731354e+09,1.176978741860782662e+00,-2.623546653673322626e-01,0.000000000000000000e+00
1.783179187345415115e+09,1.179541870695389960e+00,-2.657215989552593749e-01,0.000000000000000000e+00
1.783179187445416212e+09,1.182276526457804788e+00,-2.694406209265635677e-01,0.000000000000000000e+00
1.783179187545357943e+09,1.184628565512209963e+00,-2.727243646167816782e-01,0.000000000000000000e+00
1.783179187645370960e+09,1.186942896786294943e+00,-2.760347922463013415e-01,0.000000000000000000e+00
1.783179187745392084e+09,1.189212274449644058e+00,-2.793761969445662241e-01,0.000000000000000000e+00
1.783179187845618725e+09,1.191762006859619083e+00,-2.832243564006535763e-01,0.000000000000000000e+00
1.783179187945391417e+09,1.193950840851118578e+00,-2.866190678897422850e-01,0.000000000000000000e+00
1.783179188045377254e+09,1.196612581962008814e+00,-2.908527614293782149e-01,0.000000000000000000e+00
1.783179188145416975e+09,1.198551262977720855e+00,-2.939506523445344910e-01,0.000000000000000000e+00
1.783179188245478630e+09,1.201292486399605064e+00,-2.983614898805116433e-01,0.000000000000000000e+00
1.783179188345430851e+09,1.203413838279048687e+00,-3.017987746432386764e-01,0.000000000000000000e+00
1.783179188445738792e+09,1.205587334933977628e+00,-3.054294472392351523e-01,0.000000000000000000e+00
1.783179188545566559e+09,1.207625892915774823e+00,-3.089164720013132803e-01,0.000000000000000000e+00
1.783179188645510674e+09,1.210091241087497327e+00,-3.132674586849451548e-01,0.000000000000000000e+00
1.783179188745583057e+09,1.211846371821900137e+00,-3.164729115871174336e-01,0.000000000000000000e+00
1.783179188845419407e+09,1.214278712282537809e+00,-3.210613223687514561e-01,0.000000000000000000e+00
1.783179188945651293e+09,1.215987001317117899e+00,-3.242919818644618979e-01,0.000000000000000000e+00
1.783179189045436382e+09,1.218140596136185083e+00,-3.283750561862491812e-01,0.000000000000000000e+00
1.783179189145427704e+09,1.219942329810731474e+00,-3.317738789874595806e-01,0.000000000000000000e+00
1.783179189245424032e+09,1.221949019452547525e+00,-3.357164504788707204e-01,0.000000000000000000e+00
1.783179189345678568e+09,1.223661811546406408e+00,-3.391609510103319458e-01,0.000000000000000000e+00
1.783179189445503235e+09,1.225656782158728086e+00,-3.433238296799456801e-01,0.000000000000000000e+00
1.783179189545501947e+09,1.227429769539386983e+00,-3.471660148598051387e-01,0.000000000000000000e+00
1.783179189645437956e+09,1.229076278853259652e+00,-3.508543840679817505e-01,0.000000000000000000e+00
1.783179189745369911e+09,1.230976884348888412e+00,-3.552713909497706712e-01,0.000000000000000000e+00
1.783179189845333099e+09,1.232456857844942411e+00,-3.588221541239348111e-01,0.000000000000000000e+00
1.783179189945402861e+09,1.234241682246286942e+00,-3.630793678158132920e-01,0.000000000000000000e+00
1.783179190045447826e+09,1.235721655742340941e+00,-3.666301309899774319e-01,0.000000000000000000e+00
1.783179190145458221e+09,1.237793618636816362e+00,-3.716011994338072610e-01,0.000000000000000000e+00
1.783179190245460272e+09,1.239214323076855306e+00,-3.751760895806616203e-01,0.000000000000000000e+00
1.783179190345428467e+09,1.240934315268049204e+00,-3.796665102631831545e-01,0.000000000000000000e+00
1.783179190445389032e+09,1.242335876934176131e+00,-3.834547400915512827e-01,0.000000000000000000e+00
1.783179190545418024e+09,1.243816550863061865e+00,-3.874187627863179273e-01,0.000000000000000000e+00
1.783179190645411253e+09,1.245155121803641407e+00,-3.910252109704817625e-01,0.000000000000000000e+00
1.783179190745449543e+09,1.246770402453335036e+00,-3.953495993647725970e-01,0.000000000000000000e+00
1.783179190845617294e+09,1.248443616129059297e+00,-3.998576595949773771e-01,0.000000000000000000e+00
1.783179190945421219e+09,1.249654507281444227e+00,-4.033057249684826595e-01,0.000000000000000000e+00
1.783179191045415163e+09,1.251205263046457850e+00,-4.078573628715964627e-01,0.000000000000000000e+00
1.783179191145473957e+09,1.252336976211426700e+00,-4.113322207845371836e-01,0.000000000000000000e+00
1.783179191245507956e+09,1.253716217742704586e+00,-4.157375765431962633e-01,0.000000000000000000e+00
1.783179191345391035e+09,1.254882912841211784e+00,-4.196046016121108835e-01,0.000000000000000000e+00
1.783179191445401669e+09,1.256190255566234093e+00,-4.242320313569169499e-01,0.000000000000000000e+00
1.783179191545438051e+09,1.257100325735669211e+00,-4.275724425932473372e-01,0.000000000000000000e+00
1.783179191645618677e+09,1.258296650252816784e+00,-4.322298086614726476e-01,0.000000000000000000e+00
1.783179191745454550e+09,1.259119598101603010e+00,-4.355927436562764821e-01,0.000000000000000000e+00
1.783179191845376730e+09,1.260334375027100773e+00,-4.408395397005879235e-01,0.000000000000000000e+00
1.783179191945391893e+09,1.261106779622316099e+00,-4.444114864169010914e-01,0.000000000000000000e+00
1.783179192045387983e+09,1.261983269978333988e+00,-4.487476642199054178e-01,0.000000000000000000e+00
1.783179192145462036e+09,1.262846062770139222e+00,-4.532825352390592588e-01,0.000000000000000000e+00
1.783179192245478392e+09,1.263534897096768805e+00,-4.572625562951532219e-01,0.000000000000000000e+00
1.783179192345633507e+09,1.264208801578300623e+00,-4.614400823522926132e-01,0.000000000000000000e+00
1.783179192445445299e+09,1.264793965307547507e+00,-4.654366613577006762e-01,0.000000000000000000e+00
1.783179192545386314e+09,1.265446038969048947e+00,-4.702008035663003960e-01,0.000000000000000000e+00
1.783179192645378828e+09,1.265908198174260813e+00,-4.740197889730622949e-01,0.000000000000000000e+00
1.783179192745396137e+09,1.266405571535962116e+00,-4.786091338392738370e-01,0.000000000000000000e+00
1.783179192845372677e+09,1.266790640012082081e+00,-4.826299276172725805e-01,0.000000000000000000e+00
1.783179192946642399e+09,1.267161991642543173e+00,-4.870381893211659929e-01,0.000000000000000000e+00
1.783179193045382977e+09,1.267460175498717589e+00,-4.912592031325890285e-01,0.000000000000000000e+00
1.783179193145581722e+09,1.267707650139931141e+00,-4.956761511270095788e-01,0.000000000000000000e+00
1.783179193245402575e+09,1.267870343669349698e+00,-4.993270336255810626e-01,0.000000000000000000e+00
1.783179193345373154e+09,1.268007538688054270e+00,-5.037487811093596113e-01,0.000000000000000000e+00
1.783179193445573330e+09,1.268094156187736132e+00,-5.081718084314783557e-01,0.000000000000000000e+00
1.783179193545411348e+09,1.268111787378252808e+00,-5.125956486664530187e-01,0.000000000000000000e+00
1.783179193645366669e+09,1.268083124384526084e+00,-5.164423900277630430e-01,0.000000000000000000e+00
1.783179193745450497e+09,1.267990009638590987e+00,-5.206728983722054283e-01,0.000000000000000000e+00
1.783179193845630407e+09,1.267859148102640665e+00,-5.247099685468374908e-01,0.000000000000000000e+00
1.783179193945415735e+09,1.267638418611689577e+00,-5.295134599370253659e-01,0.000000000000000000e+00
1.783179194045357943e+09,1.267409913718379633e+00,-5.333535154290405256e-01,0.000000000000000000e+00
1.783179194145359516e+09,1.267092058992827175e+00,-5.377659571178228237e-01,0.000000000000000000e+00
1.783179194245384216e+09,1.266771801547942999e+00,-5.415994510642141435e-01,0.000000000000000000e+00
1.783179194345386505e+09,1.266311727844485757e+00,-5.463859511667078506e-01,0.000000000000000000e+00
1.783179194445693493e+09,1.265891948787521315e+00,-5.502098269768456174e-01,0.000000000000000000e+00
1.783179194545581341e+09,1.265367224966315929e+00,-5.549896717395177426e-01,0.000000000000000000e+00
1.783179194645561934e+09,1.264879907326053488e+00,-5.593866246390777341e-01,0.000000000000000000e+00
1.783179194745494843e+09,1.264418150363392668e+00,-5.635928880302292221e-01,0.000000000000000000e+00
1.783179194845473766e+09,1.263918989194156239e+00,-5.676011168739482082e-01,0.000000000000000000e+00
1.783179194945472002e+09,1.263348070401503653e+00,-5.717939587431942750e-01,0.000000000000000000e+00
1.783179195045470238e+09,1.262630018511643915e+00,-5.765486041061266276e-01,0.000000000000000000e+00
1.783179195145594835e+09,1.261972930267193815e+00,-5.805339893291007192e-01,0.000000000000000000e+00
1.783179195245452642e+09,1.261270306828582877e+00,-5.845115992446164865e-01,0.000000000000000000e+00
1.783179195345537424e+09,1.260513988015337539e+00,-5.884793495126179330e-01,0.000000000000000000e+00
1.783179195445391893e+09,1.259607231230438273e+00,-5.930056348212338069e-01,0.000000000000000000e+00
1.783179195545363903e+09,1.258657235630437299e+00,-5.973263039411084163e-01,0.000000000000000000e+00
1.783179195645537376e+09,1.257675820411295886e+00,-6.016399447990261606e-01,0.000000000000000000e+00
1.783179195745604753e+09,1.256764024062064111e+00,-6.053771721249390225e-01,0.000000000000000000e+00
1.783179195845432043e+09,1.255670831878212157e+00,-6.096638496416907360e-01,0.000000000000000000e+00
1.783179195945414305e+09,1.254510923189656291e+00,-6.139329578761669737e-01,0.000000000000000000e+00
1.783179196045401812e+09,1.253399290880601313e+00,-6.178161696841887318e-01,0.000000000000000000e+00
1.783179196145388126e+09,1.252078183121828836e+00,-6.222393066763769465e-01,0.000000000000000000e+00
1.783179196245362759e+09,1.250866004378280660e+00,-6.260923162831888433e-01,0.000000000000000000e+00
1.783179196345433712e+09,1.249550023311288616e+00,-6.301140155558379030e-01,0.000000000000000000e+00
1.783179196445547819e+09,1.248175645301766057e+00,-6.341161345314866304e-01,0.000000000000000000e+00
1.783179196545513868e+09,1.246792948353856678e+00,-6.381153870064560918e-01,0.000000000000000000e+00
1.783179196645415783e+09,1.245356098616628548e+00,-6.422994204809979735e-01,0.000000000000000000e+00
1.783179196745552778e+09,1.243843166786731125e+00,-6.466606707421084232e-01,0.000000000000000000e+00
1.783179196845380783e+09,1.242589950219655570e+00,-6.502976597308227635e-01,0.000000000000000000e+00
1.783179196945363045e+09,1.241211411995872371e+00,-6.542983476184085490e-01,0.000000000000000000e+00
1.783179197045559645e+09,1.239832873772089172e+00,-6.582990355059943344e-01,0.000000000000000000e+00
1.783179197145764112e+09,1.238404530492173361e+00,-6.622822134687554874e-01,0.000000000000000000e+00
1.783179197245513201e+09,1.236667638326093943e+00,-6.669718011193245255e-01,0.000000000000000000e+00
1.783179197345356464e+09,1.235201951698853495e+00,-6.707356851567548572e-01,0.000000000000000000e+00
1.783179197445441961e+09,1.233549636318860054e+00,-6.748394062935398896e-01,0.000000000000000000e+00
1.783179197545479774e+09,1.232145999904414646e+00,-6.782136050160416652e-01,0.000000000000000000e+00
1.783179197645454407e+09,1.230315542224158953e+00,-6.824513982203810336e-01,0.000000000000000000e+00
1.783179197745614052e+09,1.228502427884140102e+00,-6.864866540578066223e-01,0.000000000000000000e+00
1.783179197845507145e+09,1.226797330693513155e+00,-6.901483072236609395e-01,0.000000000000000000e+00
1.783179197945471764e+09,1.224975222746149450e+00,-6.939674424446842238e-01,0.000000000000000000e+00
1.783179198045401812e+09,1.223268401901156821e+00,-6.974149057542962105e-01,0.000000000000000000e+00
1.783179198145378113e+09,1.220993794040027502e+00,-7.018685768026614591e-01,0.000000000000000000e+00
1.783179198245360851e+09,1.219104447738327268e+00,-7.054386511560533091e-01,0.000000000000000000e+00
1.783179198345394135e+09,1.217082489255171707e+00,-7.091558483664124335e-01,0.000000000000000000e+00
1.783179198445449591e+09,1.215296336693288515e+00,-7.123441192502252273e-01,0.000000000000000000e+00
1.783179198545411110e+09,1.213082186464779388e+00,-7.161740294383435179e-01,0.000000000000000000e+00
1.783179198645545244e+09,1.210914984351870949e+00,-7.198084628481217218e-01,0.000000000000000000e+00
1.783179198745431662e+09,1.208400920238080767e+00,-7.239074545138288741e-01,0.000000000000000000e+00
1.783179198845454693e+09,1.206338775494406379e+00,-7.271548842242550048e-01,0.000000000000000000e+00
1.783179198945471525e+09,1.203920901653492637e+00,-7.308595514661114789e-01,0.000000000000000000e+00
1.783179199045537233e+09,1.201353857998498142e+00,-7.346961845519439649e-01,0.000000000000000000e+00
1.783179199145510435e+09,1.199221307745999221e+00,-7.378978200853221203e-01,0.000000000000000000e+00
1.783179199245364904e+09,1.196868184395587509e+00,-7.414147337473352417e-01,0.000000000000000000e+00
1.783179199345470905e+09,1.194408100892884406e+00,-7.450915071212580454e-01,0.000000000000000000e+00
1.783179199445485830e+09,1.191944196020799929e+00,-7.487657207874426346e-01,0.000000000000000000e+00
1.783179199545404911e+09,1.189313688017881621e+00,-7.525591221910031825e-01,0.000000000000000000e+00
1.783179199645412683e+09,1.187088850779343785e+00,-7.556973286740181761e-01,0.000000000000000000e+00
1.783179199745480537e+09,1.184598653000590085e+00,-7.591185545114919053e-01,0.000000000000000000e+00
1.783179199845367193e+09,1.181835721746403056e+00,-7.628166185248086428e-01,0.000000000000000000e+00
1.783179199945429087e+09,1.179260939784921414e+00,-7.661746490575965796e-01,0.000000000000000000e+00
1.783179200045469284e+09,1.176637554010790510e+00,-7.694948475890694972e-01,0.000000000000000000e+00
1.783179200145425558e+09,1.174342213156627235e+00,-7.723385815017447253e-01,0.000000000000000000e+00
1.783179200245502472e+09,1.171394551089274927e+00,-7.758911516838303823e-01,0.000000000000000000e+00
1.783179200345598221e+09,1.168901422495518538e+00,-7.788207507149293995e-01,0.000000000000000000e+00
1.783179200445398331e+09,1.165739567416670175e+00,-7.824435843440304961e-01,0.000000000000000000e+00
1.783179200545387745e+09,1.163036474650003260e+00,-7.854449756599518606e-01,0.000000000000000000e+00
1.783179200645459175e+09,1.159908199355062175e+00,-7.888395831838069805e-01,0.000000000000000000e+00
1.783179200745567560e+09,1.156863236199482392e+00,-7.920487688538208060e-01,0.000000000000000000e+00
1.783179200845489264e+09,1.153821611243072143e+00,-7.952611186025252410e-01,0.000000000000000000e+00
1.783179200945405006e+09,1.151047526336238747e+00,-7.981970193614361664e-01,0.000000000000000000e+00
1.783179201045506001e+09,1.147741412253183935e+00,-8.016887038708975233e-01,0.000000000000000000e+00
1.783179201145458460e+09,1.145099426627628203e+00,-8.044847998317650184e-01,0.000000000000000000e+00
1.783179201245399714e+09,1.141782437849441001e+00,-8.079661553851615885e-01,0.000000000000000000e+00
1.783179201345436811e+09,1.139085736964777551e+00,-8.107095191974689197e-01,0.000000000000000000e+00
1.783179201445497274e+09,1.136224406046449253e+00,-8.135604568874779119e-01,0.000000000000000000e+00
1.783179201545470476e+09,1.132772499459053339e+00,-8.169080817104946712e-01,0.000000000000000000e+00
1.783179201645388365e+09,1.129835157004554391e+00,-8.196806400311603680e-01,0.000000000000000000e+00
1.783179201745387793e+09,1.126866298761650675e+00,-8.224194246283926812e-01,0.000000000000000000e+00
1.783179201845359325e+09,1.123860695534884213e+00,-8.251178333409019405e-01,0.000000000000000000e+00
1.783179201945413589e+09,1.120246092496770318e+00,-8.282890942763411202e-01,0.000000000000000000e+00
1.783179202045797825e+09,1.117315197822775552e+00,-8.307806995978098685e-01,0.000000000000000000e+00
1.783179202145432949e+09,1.113909183379801604e+00,-8.336037721965420255e-01,0.000000000000000000e+00
1.783179202245375633e+09,1.110620587721206531e+00,-8.362666672005886204e-01,0.000000000000000000e+00
1.783179202345375776e+09,1.107299025886159693e+00,-8.388883266338994504e-01,0.000000000000000000e+00
1.783179202445416927e+09,1.104138878777530142e+00,-8.414039837226766627e-01,0.000000000000000000e+00
1.783179202545511484e+09,1.100820044446875423e+00,-8.440290951286886223e-01,0.000000000000000000e+00
1.783179202645423412e+09,1.097657283546482399e+00,-8.465414652892022662e-01,0.000000000000000000e+00
1.783179202745378494e+09,1.093882781461201992e+00,-8.495206237361464519e-01,0.000000000000000000e+00
1.783179202845426083e+09,1.090663387061303613e+00,-8.519600007128349528e-01,0.000000000000000000e+00
1.783179202945431471e+09,1.087266923492460124e+00,-8.544838680694576416e-01,0.000000000000000000e+00
1.783179203045448303e+09,1.083995040590638892e+00,-8.568523787013240245e-01,0.000000000000000000e+00
1.783179203145372391e+09,1.080219502585424651e+00,-8.595084621588109375e-01,0.000000000000000000e+00
1.783179203245379210e+09,1.076723521368949887e+00,-8.618925734276828843e-01,0.000000000000000000e+00
1.783179203345371246e+09,1.073362968536979434e+00,-8.641334984599028379e-01,0.000000000000000000e+00
1.783179203445395231e+09,1.069806206827751405e+00,-8.664259463550745277e-01,0.000000000000000000e+00
1.783179203545381784e+09,1.066393032997746237e+00,-8.685858780073872909e-01,0.000000000000000000e+00
1.783179203645477533e+09,1.062454241850082415e+00,-8.709932398117361529e-01,0.000000000000000000e+00
1.783179203745377541e+09,1.058495563922492888e+00,-8.733677577896779010e-01,0.000000000000000000e+00
1.783179203845485926e+09,1.054541832068592644e+00,-8.757505022135319006e-01,0.000000000000000000e+00
1.783179203945392609e+09,1.051411794350921802e+00,-8.776368415490830577e-01,0.000000000000000000e+00
1.783179204045363188e+09,1.047290745362400299e+00,-8.801145837225125002e-01,0.000000000000000000e+00
1.783179204145404816e+09,1.043666491162991816e+00,-8.822987661110454072e-01,0.000000000000000000e+00
1.783179204245432854e+09,1.040010829832685113e+00,-8.844299656433294299e-01,0.000000000000000000e+00
1.783179204345401525e+09,1.035998879439737008e+00,-8.867133229536239281e-01,0.000000000000000000e+00
1.783179204445555687e+09,1.032286950298467509e+00,-8.887449364155063369e-01,0.000000000000000000e+00
1.783179204545443773e+09,1.028554099701539215e+00,-8.907378482623574678e-01,0.000000000000000000e+00
1.783179204645368099e+09,1.024967468152058858e+00,-8.925955711870066089e-01,0.000000000000000000e+00
1.783179204745405197e+09,1.021359825631747986e+00,-8.944121547337060552e-01,0.000000000000000000e+00
1.783179204845440865e+09,1.017209122646969499e+00,-8.964323357389885061e-01,0.000000000000000000e+00
1.783179204945466042e+09,1.012855302556234127e+00,-8.984735367730108946e-01,0.000000000000000000e+00
1.783179205045392752e+09,1.009192763500047940e+00,-9.001767302436436413e-01,0.000000000000000000e+00
1.783179205145479441e+09,1.005528455632710427e+00,-9.018761148939991035e-01,0.000000000000000000e+00
1.783179205245387077e+09,1.002040323198247540e+00,-9.034982039136493226e-01,0.000000000000000000e+00
1.783179205345376968e+09,9.976759509154545791e-01,-9.055167443816543038e-01,0.000000000000000000e+00
1.783179205445412636e+09,9.938408624253549650e-01,-9.073050305671997995e-01,0.000000000000000000e+00
1.783179205545390129e+09,9.891713215674793336e-01,-9.095777341981425845e-01,0.000000000000000000e+00
1.783179205645397186e+09,9.859038534942470289e-01,-9.112145190322907817e-01,0.000000000000000000e+00
1.783179205745684624e+09,9.819756379876732888e-01,-9.132491679497636294e-01,0.000000000000000000e+00
1.783179205845542192e+09,9.784104865183194111e-01,-9.151477872736563102e-01,0.000000000000000000e+00
1.783179205945466280e+09,9.743657265600574879e-01,-9.173725082543623399e-01,0.000000000000000000e+00
1.783179206045432806e+09,9.703490368824495560e-01,-9.196475182753842681e-01,0.000000000000000000e+00
1.783179206145437717e+09,9.668344334145425600e-01,-9.216381520437784136e-01,0.000000000000000000e+00
1.783179206245386124e+09,9.629873746348239782e-01,-9.238223709038859699e-01,0.000000000000000000e+00
1.783179206345376968e+09,9.596401332368174053e-01,-9.257182125880708545e-01,0.000000000000000000e+00
1.783179206445369959e+09,9.557953474435754160e-01,-9.279064300104364893e-01,0.000000000000000000e+00
1.783179206545375824e+09,9.522828155142670781e-01,-9.299007167957520359e-01,0.000000000000000000e+00
1.783179206645625114e+09,9.487682120463600821e-01,-9.318913505641461814e-01,0.000000000000000000e+00
1.783179206745574951e+09,9.442520995658207905e-01,-9.344554335738376460e-01,0.000000000000000000e+00
1.783179206845557928e+09,9.407626046596189173e-01,-9.364897604001087839e-01,0.000000000000000000e+00
1.783179206945428371e+09,9.371315554914847468e-01,-9.386626278942047374e-01,0.000000000000000000e+00
1.783179207045354605e+09,9.333689246858254407e-01,-9.409892741294032525e-01,0.000000000000000000e+00
1.783179207145376682e+09,9.301204234199552667e-01,-9.430497304365503819e-01,0.000000000000000000e+00
1.783179207245382071e+09,9.260597968376176325e-01,-9.456253008204843491e-01,0.000000000000000000e+00
1.783179207345374346e+09,9.228091550947555843e-01,-9.476823785845918113e-01,0.000000000000000000e+00
1.783179207445583344e+09,9.190709170904642900e-01,-9.500480180133153985e-01,0.000000000000000000e+00
1.783179207545442104e+09,9.156599907613006684e-01,-9.522114971358198732e-01,0.000000000000000000e+00
1.783179207645450354e+09,9.120889977561575934e-01,-9.544817130210445644e-01,0.000000000000000000e+00
1.783179207745651007e+09,9.085322360469296754e-01,-9.567741609162162542e-01,0.000000000000000000e+00
1.783179207845467329e+09,9.048541843093714787e-01,-9.592323327367577868e-01,0.000000000000000000e+00
1.783179207945500612e+09,9.008814783815591865e-01,-9.619415500877486203e-01,0.000000000000000000e+00
1.783179208045472145e+09,8.975851476221732295e-01,-9.642759159248058820e-01,0.000000000000000000e+00
1.783179208145496130e+09,8.941652167621453318e-01,-9.667678918719081471e-01,0.000000000000000000e+00
1.783179208245467901e+09,8.910751387903227405e-01,-9.690591052613765077e-01,0.000000000000000000e+00
1.783179208345388889e+09,8.878255614258376838e-01,-9.714581274139879596e-01,0.000000000000000000e+00
1.783179208445500851e+09,8.837991892381373837e-01,-9.744241607474268818e-01,0.000000000000000000e+00
1.783179208545467854e+09,8.805471193942255859e-01,-9.768198030552045497e-01,0.000000000000000000e+00
1.783179208645553589e+09,8.772975420297405291e-01,-9.792188252078160016e-01,0.000000000000000000e+00
1.783179208745710611e+09,8.740454721858287312e-01,-9.816144675155936694e-01,0.000000000000000000e+00
1.783179208845750809e+09,8.703259764052508896e-01,-9.843484787994430940e-01,0.000000000000000000e+00
1.783179208945395470e+09,8.670714175972452642e-01,-9.867407386728114238e-01,0.000000000000000000e+00
1.783179209045401812e+09,8.635096268158179988e-01,-9.893645373908536156e-01,0.000000000000000000e+00
1.783179209145401955e+09,8.604147912305940560e-01,-9.916493203933407496e-01,0.000000000000000000e+00
1.783179209245397806e+09,8.568557303075865494e-01,-9.942768208462009483e-01,0.000000000000000000e+00
1.783179209345415831e+09,8.534487999949170733e-01,-9.967865413591108226e-01,0.000000000000000000e+00
1.783179209445400000e+09,8.495951543618346369e-01,-9.996625918417014756e-01,0.000000000000000000e+00
1.783179209545456171e+09,8.462438275940552534e-01,-1.002246093361707224e+00,0.000000000000000000e+00
1.783179209645420074e+09,8.426292437078917175e-01,-1.005117373545151294e+00,0.000000000000000000e+00
1.783179209745491266e+09,8.394822167409757840e-01,-1.007649424414703176e+00,0.000000000000000000e+00
1.783179209845663548e+09,8.361770736857115915e-01,-1.010291753045389651e+00,0.000000000000000000e+00
1.783179209945619345e+09,8.330274158755155423e-01,-1.012820530618677939e+00,0.000000000000000000e+00
1.783179210046348572e+09,8.297250218052961701e-01,-1.015466294140477954e+00,0.000000000000000000e+00
1.783179210145607471e+09,8.261164162042708980e-01,-1.018345084195032335e+00,0.000000000000000000e+00
1.783179210245464563e+09,8.226696723833628599e-01,-1.021118282766446228e+00,0.000000000000000000e+00
1.783179210345686436e+09,8.197155919142397051e-01,-1.023582354447621023e+00,0.000000000000000000e+00
1.783179210445746899e+09,8.163540166237069906e-01,-1.026458199514647340e+00,0.000000000000000000e+00
1.783179210545857906e+09,8.136044139856000168e-01,-1.028865500396424437e+00,0.000000000000000000e+00
1.783179210645434856e+09,8.100030306636309962e-01,-1.032051766112278779e+00,0.000000000000000000e+00
1.783179210745489836e+09,8.068250831779701926e-01,-1.034845781321022118e+00,0.000000000000000000e+00
1.783179210845429182e+09,8.033519008982560328e-01,-1.037886582434845995e+00,0.000000000000000000e+00
1.783179210945390940e+09,8.004681456187894284e-01,-1.040432598176386225e+00,0.000000000000000000e+00
1.783179211045362949e+09,7.971518270474028389e-01,-1.043360516279157491e+00,0.000000000000000000e+00
1.783179211145367622e+09,7.941266650569488439e-01,-1.046036979480475138e+00,0.000000000000000000e+00
1.783179211245368242e+09,7.910931697297272081e-01,-1.048703993997911921e+00,0.000000000000000000e+00
1.783179211345368862e+09,7.879239524063944566e-01,-1.051507907827863741e+00,0.000000000000000000e+00
1.783179211445358992e+09,7.840632145663665176e-01,-1.054981306300260435e+00,0.000000000000000000e+00
1.783179211545433044e+09,7.813848466644358615e-01,-1.057467620356207227e+00,0.000000000000000000e+00
1.783179211645426512e+09,7.780444011298240925e-01,-1.060653666525402716e+00,0.000000000000000000e+00
1.783179211745420456e+09,7.751506530801306472e-01,-1.063471694658936872e+00,0.000000000000000000e+00
1.783179211845364332e+09,7.717513714594866903e-01,-1.066872743836372761e+00,0.000000000000000000e+00
1.783179211945457458e+09,7.689348480052113910e-01,-1.069767956430986766e+00,0.000000000000000000e+00
1.783179212045617819e+09,7.661638170199644993e-01,-1.072706739787291808e+00,0.000000000000000000e+00
1.783179212145833969e+09,7.634265761368911329e-01,-1.075677021370665010e+00,0.000000000000000000e+00
1.783179212245835781e+09,7.605947646670496720e-01,-1.078821336082582683e+00,0.000000000000000000e+00
1.783179212345875740e+09,7.576754762922711661e-01,-1.082145253751289671e+00,0.000000000000000000e+00
1.783179212445384979e+09,7.549330348391389833e-01,-1.085367812685498645e+00,0.000000000000000000e+00
1.783179212545403719e+09,7.519779920156071107e-01,-1.088914245889866850e+00,0.000000000000000000e+00
1.783179212645378351e+09,7.494247315932018871e-01,-1.092044089584346400e+00,0.000000000000000000e+00
1.783179212745387554e+09,7.467396733135267528e-01,-1.095314614502926887e+00,0.000000000000000000e+00
1.783179212845487595e+09,7.439325669302300215e-01,-1.098733799645079001e+00,0.000000000000000000e+00
1.783179212945380688e+09,7.413663123725970916e-01,-1.101852997920585553e+00,0.000000000000000000e+00
1.783179213045413017e+09,7.380710135748139722e-01,-1.105866823957025069e+00,0.000000000000000000e+00
1.783179213145406961e+09,7.355373270832943344e-01,-1.109012534226453184e+00,0.000000000000000000e+00
1.783179213245468616e+09,7.330463879939134175e-01,-1.112192201314292639e+00,0.000000000000000000e+00
1.783179213345557213e+09,7.304820924589974229e-01,-1.115558246414691146e+00,0.000000000000000000e+00
1.783179213445516109e+09,7.278453501037261963e-01,-1.119110465866720805e+00,0.000000000000000000e+00
1.783179213545643806e+09,7.253694018574294855e-01,-1.122542018210772596e+00,0.000000000000000000e+00
1.783179213645576715e+09,7.228258698010954220e-01,-1.126161564862200093e+00,0.000000000000000000e+00
1.783179213745398283e+09,7.206502424961075404e-01,-1.129334085389763764e+00,0.000000000000000000e+00
1.783179213845424175e+09,7.181331199801264109e-01,-1.132972047391077153e+00,0.000000000000000000e+00
1.783179213945607662e+09,7.157363029616786720e-01,-1.136459329913097172e+00,0.000000000000000000e+00
1.783179214045485258e+09,7.133250039590036673e-01,-1.139936614533027637e+00,0.000000000000000000e+00
1.783179214145651102e+09,7.106261216915932266e-01,-1.143916348889796097e+00,0.000000000000000000e+00
1.783179214245398521e+09,7.083060093347738340e-01,-1.147455126907705791e+00,0.000000000000000000e+00
1.783179214345588446e+09,7.061407573539156823e-01,-1.150864928103653151e+00,0.000000000000000000e+00
1.783179214445409060e+09,7.040146425728427415e-01,-1.154299268837214454e+00,0.000000000000000000e+00
1.783179214545371056e+09,7.017370910008942086e-01,-1.158091818391350003e+00,0.000000000000000000e+00
1.783179214645490646e+09,6.996077921313572645e-01,-1.161748587119680431e+00,0.000000000000000000e+00
1.783179214745455265e+09,6.972683506586037083e-01,-1.165728094646688362e+00,0.000000000000000000e+00
1.783179214845394611e+09,6.951390517890667642e-01,-1.169384863375018790e+00,0.000000000000000000e+00
1.783179214945382833e+09,6.931964171864457569e-01,-1.172705166293235957e+00,0.000000000000000000e+00
1.783179215045552492e+09,6.909623873934316318e-01,-1.176523514649185698e+00,0.000000000000000000e+00
1.783179215145515203e+09,6.889480476544665999e-01,-1.180024585307215990e+00,0.000000000000000000e+00
1.783179215245363712e+09,6.867086229166203815e-01,-1.184061222943352476e+00,0.000000000000000000e+00
1.783179215345427513e+09,6.848775095878383290e-01,-1.187444308021381012e+00,0.000000000000000000e+00
1.783179215445620298e+09,6.826504119365721657e-01,-1.191706031510242125e+00,0.000000000000000000e+00
1.783179215545586109e+09,6.807833728471324175e-01,-1.195287822315830750e+00,0.000000000000000000e+00
1.783179215645455599e+09,6.789200587134969211e-01,-1.198871552324618950e+00,0.000000000000000000e+00
1.783179215745565891e+09,6.769641130007504337e-01,-1.202623904597140303e+00,0.000000000000000000e+00
1.783179215845457315e+09,6.749192606646973180e-01,-1.206546818336594384e+00,0.000000000000000000e+00
1.783179215945373535e+09,6.730559465310618217e-01,-1.210130548345382584e+00,0.000000000000000000e+00
1.783179216045370340e+09,6.707324032135258962e-01,-1.214775000957801554e+00,0.000000000000000000e+00
1.783179216145386457e+09,6.689666330772003899e-01,-1.218407784485918244e+00,0.000000000000000000e+00
1.783179216245810509e+09,6.673318618237081834e-01,-1.221889991202467218e+00,0.000000000000000000e+00
1.783179216345545530e+09,6.657406616046303016e-01,-1.225392322216353413e+00,0.000000000000000000e+00
1.783179216445465088e+09,6.638064347219384542e-01,-1.229794709910555062e+00,0.000000000000000000e+00
1.783179216545379639e+09,6.621406397844938896e-01,-1.233684568318606845e+00,0.000000000000000000e+00
1.783179216645338297e+09,6.602293244972005093e-01,-1.238096951452055672e+00,0.000000000000000000e+00
1.783179216745491505e+09,6.586276740269767505e-01,-1.241805020505852619e+00,0.000000000000000000e+00
1.783179216845629215e+09,6.571059651052499895e-01,-1.245338098855615083e+00,0.000000000000000000e+00
1.783179216945518494e+09,6.554320852913505524e-01,-1.249224485040353771e+00,0.000000000000000000e+00
1.783179217045398474e+09,6.536821200313648328e-01,-1.253287525142580572e+00,0.000000000000000000e+00
1.783179217145391703e+09,6.522330077011624372e-01,-1.256642444762682498e+00,0.000000000000000000e+00
1.783179217245371342e+09,6.501787006568313654e-01,-1.261412100534861747e+00,0.000000000000000000e+00
1.783179217346875906e+09,6.485493762899174897e-01,-1.265317375597605487e+00,0.000000000000000000e+00
1.783179217445414305e+09,6.469689007090542177e-01,-1.269242674076269450e+00,0.000000000000000000e+00
1.783179217545413971e+09,6.455767363584653529e-01,-1.272828774895958137e+00,0.000000000000000000e+00
1.783179217645398855e+09,6.437477489399292541e-01,-1.277689289132158512e+00,0.000000000000000000e+00
1.783179217745374918e+09,6.425791044381800043e-01,-1.280948252919872132e+00,0.000000000000000000e+00
1.783179217845445871e+09,6.410752445576892722e-01,-1.285312639706329474e+00,0.000000000000000000e+00
1.783179217945460796e+09,6.399278875926696086e-01,-1.288782363643145024e+00,0.000000000000000000e+00
1.783179218045470238e+09,6.384221359511167426e-01,-1.293551193554445922e+00,0.000000000000000000e+00
1.783179218145396233e+09,6.371428593080711300e-01,-1.297786063629668751e+00,0.000000000000000000e+00
1.783179218245371580e+09,6.358415853170360510e-01,-1.302014226266525965e+00,0.000000000000000000e+00
1.783179218345431089e+09,6.346655124889862831e-01,-1.305878409626515246e+00,0.000000000000000000e+00
1.783179218445423126e+09,6.334854227495702039e-01,-1.309741368148609419e+00,0.000000000000000000e+00
1.783179218545550108e+09,6.322533464535180503e-01,-1.313789560240026688e+00,0.000000000000000000e+00
1.783179218645659208e+09,6.310692410783567130e-01,-1.317651289748551058e+00,0.000000000000000000e+00
1.783179218745425701e+09,6.297855621810086735e-01,-1.321884827485711567e+00,0.000000000000000000e+00
1.783179218845381021e+09,6.285058998235496519e-01,-1.326320132527403217e+00,0.000000000000000000e+00
1.783179218945408344e+09,6.273921769845639540e-01,-1.330402471641958684e+00,0.000000000000000000e+00
1.783179219045483589e+09,6.263777766233110667e-01,-1.334312209771755242e+00,0.000000000000000000e+00
1.783179219145496607e+09,6.254620952146067170e-01,-1.338048487093606020e+00,0.000000000000000000e+00
1.783179219245425701e+09,6.243661115072417500e-01,-1.342730481407675036e+00,0.000000000000000000e+00
1.783179219345391512e+09,6.232617560292543768e-01,-1.347607921894979466e+00,0.000000000000000000e+00
1.783179219445383072e+09,6.223534010710143338e-01,-1.351543649477820352e+00,0.000000000000000000e+00
1.783179219545395136e+09,6.213630182928505663e-01,-1.355855240278925677e+00,0.000000000000000000e+00
1.783179219645514727e+09,6.204199839583647291e-01,-1.359980353301897038e+00,0.000000000000000000e+00
1.783179219745412350e+09,6.195543092520079398e-01,-1.364122391267811985e+00,0.000000000000000000e+00
1.783179219845594883e+09,6.187231155325170207e-01,-1.368271486134043258e+00,0.000000000000000000e+00
1.783179219945372820e+09,6.178728989849211484e-01,-1.372808731816629324e+00,0.000000000000000000e+00
1.783179220045390844e+09,6.171868234787845076e-01,-1.376789229365475986e+00,0.000000000000000000e+00
1.783179220145541668e+09,6.164642928947154932e-01,-1.381348551257713497e+00,0.000000000000000000e+00
1.783179220245440245e+09,6.158486750168663537e-01,-1.385340552631080913e+00,0.000000000000000000e+00
1.783179220345369339e+09,6.151403687505272444e-01,-1.389902105962460110e+00,0.000000000000000000e+00
1.783179220445394993e+09,6.145206007674804960e-01,-1.393893465127416853e+00,0.000000000000000000e+00
1.783179220545409203e+09,6.137584072044292016e-01,-1.398835943018252648e+00,0.000000000000000000e+00
1.783179220645407915e+09,6.132037467692712518e-01,-1.402642594101513707e+00,0.000000000000000000e+00
1.783179220745412827e+09,6.125698396261403111e-01,-1.407409187515858306e+00,0.000000000000000000e+00
1.783179220845381975e+09,6.121222424489686231e-01,-1.411229907007657047e+00,0.000000000000000000e+00
1.783179220945392370e+09,6.116823576493692904e-01,-1.415438513970939338e+00,0.000000000000000000e+00
1.783179221045402288e+09,6.112950134153942727e-01,-1.419652281365173740e+00,0.000000000000000000e+00
1.783179221145435572e+09,6.109169128035821794e-01,-1.423673736358561426e+00,0.000000000000000000e+00
1.783179221245482445e+09,6.104717707238879187e-01,-1.428461648176115206e+00,0.000000000000000000e+00
1.783179221345367670e+09,6.101296796941532152e-01,-1.432100107455846816e+00,0.000000000000000000e+00
1.783179221445409775e+09,6.096927865878993824e-01,-1.436695604270736393e+00,0.000000000000000000e+00
1.783179221545438051e+09,6.093188672409561857e-01,-1.440717450197481542e+00,0.000000000000000000e+00
1.783179221645934343e+09,6.088955994337754696e-01,-1.445121030291775632e+00,0.000000000000000000e+00
1.783179221745626211e+09,6.085038744036445069e-01,-1.449334392691222995e+00,0.000000000000000000e+00
1.783179221845443487e+09,6.081299550567013101e-01,-1.453356238617968144e+00,0.000000000000000000e+00
1.783179221945374727e+09,6.077158448628119380e-01,-1.457760689325011683e+00,0.000000000000000000e+00
1.783179222045389652e+09,6.073063141494932093e-01,-1.462165568197161036e+00,0.000000000000000000e+00
1.783179222145424128e+09,6.069951597461992199e-01,-1.466192756207895798e+00,0.000000000000000000e+00
1.783179222245423794e+09,6.066922136676519139e-01,-1.470799022617412799e+00,0.000000000000000000e+00
1.783179222345406771e+09,6.064672132556567785e-01,-1.475024569448641687e+00,0.000000000000000000e+00
1.783179222445401669e+09,6.062136158530330166e-01,-1.479441170137049344e+00,0.000000000000000000e+00
1.783179222545355082e+09,6.059946492894137116e-01,-1.483474421180625891e+00,0.000000000000000000e+00
1.783179222645388603e+09,6.057821161751230088e-01,-1.487315393758418258e+00,0.000000000000000000e+00
1.783179222745374918e+09,6.055270764379740989e-01,-1.491924560851769055e+00,0.000000000000000000e+00
1.783179222845565796e+09,6.053039166679688998e-01,-1.495957582058450974e+00,0.000000000000000000e+00
1.783179222945491552e+09,6.050440849706362201e-01,-1.500566481498774474e+00,0.000000000000000000e+00
1.783179223045433044e+09,6.048234779326998600e-01,-1.504792259976536872e+00,0.000000000000000000e+00
1.783179223145369768e+09,6.045836574106406847e-01,-1.509209630167120730e+00,0.000000000000000000e+00
1.783179223245405436e+09,6.043586569986455492e-01,-1.513435176998349618e+00,0.000000000000000000e+00
1.783179223345391273e+09,6.041951837948719151e-01,-1.517663551120864707e+00,0.000000000000000000e+00
1.783179223445575953e+09,6.040610536361058491e-01,-1.522085392635886381e+00,0.000000000000000000e+00
1.783179223545492887e+09,6.040050951147662994e-01,-1.526508914075570988e+00,0.000000000000000000e+00
1.783179223645429611e+09,6.040001956984492049e-01,-1.530548101658763205e+00,0.000000000000000000e+00
1.783179223745385408e+09,6.040493556640939010e-01,-1.535356410544594263e+00,0.000000000000000000e+00
1.783179223845501423e+09,6.040677200701547456e-01,-1.539010870142329734e+00,0.000000000000000000e+00
1.783179223945441246e+09,6.040945500492289622e-01,-1.543434664151512647e+00,0.000000000000000000e+00
1.783179224045568466e+09,6.041148475506646909e-01,-1.547473803706904460e+00,0.000000000000000000e+00
1.783179224145446539e+09,6.041317121676805790e-01,-1.551705303062097530e+00,0.000000000000000000e+00
1.783179224245524883e+09,6.041724402086470214e-01,-1.556706039803382513e+00,0.000000000000000000e+00
1.783179224345426083e+09,6.042557244040295261e-01,-1.560744371647014850e+00,0.000000000000000000e+00
1.783179224445380211e+09,6.044132750664780174e-01,-1.565357900052770423e+00,0.000000000000000000e+00
1.783179224545393944e+09,6.046014845100862178e-01,-1.569392703336925932e+00,0.000000000000000000e+00
1.783179224645382643e+09,6.048581431113991824e-01,-1.573809127189527812e+00,0.000000000000000000e+00
1.783179224745425224e+09,6.050966758732038153e-01,-1.577841268364888583e+00,0.000000000000000000e+00
1.783179224845522165e+09,6.053756526137613614e-01,-1.582641729074238501e+00,0.000000000000000000e+00
1.783179224945448875e+09,6.056028266726228848e-01,-1.586481863526963076e+00,0.000000000000000000e+00
1.783179225045369148e+09,6.058527181373706272e-01,-1.590706011424960264e+00,0.000000000000000000e+00
1.783179225145390749e+09,6.061026096021183696e-01,-1.594930159322957453e+00,0.000000000000000000e+00
1.783179225245386124e+09,6.063437169353786960e-01,-1.599154817707034715e+00,0.000000000000000000e+00
1.783179225345392704e+09,6.066141493836652021e-01,-1.603570419543067116e+00,0.000000000000000000e+00
1.783179225445507765e+09,6.069872912061435866e-01,-1.608557381735552072e+00,0.000000000000000000e+00
1.783179225545536041e+09,6.073129864046652449e-01,-1.612197345312368579e+00,0.000000000000000000e+00
1.783179225645410299e+09,6.078259548118967182e-01,-1.617171869424496311e+00,0.000000000000000000e+00
1.783179225745381355e+09,6.082949997517778096e-01,-1.621377326361938209e+00,0.000000000000000000e+00
1.783179225845394611e+09,6.087552989519151581e-01,-1.625583749528318300e+00,0.000000000000000000e+00
1.783179225945322514e+09,6.091946754611371473e-01,-1.629598971641681215e+00,0.000000000000000000e+00
1.783179226045695782e+09,6.097127727129093566e-01,-1.634379539210651489e+00,0.000000000000000000e+00
1.783179226145815372e+09,6.101312265312159866e-01,-1.638203560270997228e+00,0.000000000000000000e+00
1.783179226245471954e+09,6.105915257313533351e-01,-1.642409983437377319e+00,0.000000000000000000e+00
1.783179226345435381e+09,6.110518249314906836e-01,-1.646616406603757410e+00,0.000000000000000000e+00
1.783179226445456743e+09,6.115751361351789983e-01,-1.651589853307307454e+00,0.000000000000000000e+00
1.783179226545430422e+09,6.120228608505200452e-01,-1.655604153111229326e+00,0.000000000000000000e+00
1.783179226645476341e+09,6.124831042339943243e-01,-1.659617036907760523e+00,0.000000000000000000e+00
1.783179226745994806e+09,6.130307650340227621e-01,-1.663812980050418666e+00,0.000000000000000000e+00
1.783179226845818520e+09,6.136488954294273546e-01,-1.668193458117677608e+00,0.000000000000000000e+00
1.783179226945460320e+09,6.142589787993050221e-01,-1.672186309056329589e+00,0.000000000000000000e+00
1.783179227045528650e+09,6.150494468799222458e-01,-1.676929452661293451e+00,0.000000000000000000e+00
1.783179227145363092e+09,6.157358143410495144e-01,-1.681299758484890328e+00,0.000000000000000000e+00
1.783179227245430231e+09,6.164448912133888570e-01,-1.685666437231096992e+00,0.000000000000000000e+00
1.783179227345365763e+09,6.170654272784156236e-01,-1.689462906072010107e+00,0.000000000000000000e+00
1.783179227445441723e+09,6.176780677161718414e-01,-1.693260657033045957e+00,0.000000000000000000e+00
1.783179227545412302e+09,6.185468182072093590e-01,-1.698575713410324095e+00,0.000000000000000000e+00
1.783179227645403624e+09,6.191673542722361256e-01,-1.702372182251237209e+00,0.000000000000000000e+00
1.783179227745377302e+09,6.197878903372628923e-01,-1.706168651092150323e+00,0.000000000000000000e+00
1.783179227845387697e+09,6.204394532055410583e-01,-1.710154943375109093e+00,0.000000000000000000e+00
1.783179227945398808e+09,6.212101889363447205e-01,-1.714901333316638077e+00,0.000000000000000000e+00
1.783179228045385838e+09,6.218534613959887380e-01,-1.718888971825725642e+00,0.000000000000000000e+00
1.783179228145442247e+09,6.225625382683280806e-01,-1.723255650571932307e+00,0.000000000000000000e+00
1.783179228245685101e+09,6.233480745298507486e-01,-1.727999613453913730e+00,0.000000000000000000e+00
1.783179228345445395e+09,6.240286314075068619e-01,-1.731981058251065742e+00,0.000000000000000000e+00
1.783179228445370197e+09,6.249377722911558797e-01,-1.736898627730253164e+00,0.000000000000000000e+00
1.783179228545412302e+09,6.256685499030804065e-01,-1.740675425944340438e+00,0.000000000000000000e+00
1.783179228645391941e+09,6.265360570818193642e-01,-1.745209397476759738e+00,0.000000000000000000e+00
1.783179228745368242e+09,6.272868748700236585e-01,-1.749178192380179464e+00,0.000000000000000000e+00
1.783179228845470190e+09,6.281137179621703037e-01,-1.753524110440201955e+00,0.000000000000000000e+00
1.783179228945420027e+09,6.288004944786720340e-01,-1.757113504570033902e+00,0.000000000000000000e+00
1.783179229045403242e+09,6.296727151066107142e-01,-1.761646571714710952e+00,0.000000000000000000e+00
1.783179229145374298e+09,6.305085932083852596e-01,-1.765990761061693171e+00,0.000000000000000000e+00
1.783179229245382309e+09,6.312594109965895539e-01,-1.769959555965112896e+00,0.000000000000000000e+00
1.783179229345402718e+09,6.321410556893466426e-01,-1.774490799635197957e+00,0.000000000000000000e+00
1.783179229445386410e+09,6.329384694874478079e-01,-1.778254092329451197e+00,0.000000000000000000e+00
1.783179229545512915e+09,6.340259149682904161e-01,-1.783135330804997309e+00,0.000000000000000000e+00
1.783179229645431042e+09,6.348780195007824867e-01,-1.786886618388445092e+00,0.000000000000000000e+00
1.783179229745536804e+09,6.358669079821057668e-01,-1.791198552160543800e+00,0.000000000000000000e+00
1.783179229845403671e+09,6.367999322736290768e-01,-1.795325940787718899e+00,0.000000000000000000e+00
1.783179229945423365e+09,6.378699375767725721e-01,-1.800013940328571094e+00,0.000000000000000000e+00
1.783179230045372009e+09,6.387142399301820594e-01,-1.803766991647704598e+00,0.000000000000000000e+00
1.783179230145383120e+09,6.396515549159234038e-01,-1.807893407989497048e+00,0.000000000000000000e+00
1.783179230245419025e+09,6.404610542217908931e-01,-1.811457131193772385e+00,0.000000000000000000e+00
1.783179230345480919e+09,6.414788989034527766e-01,-1.815959736968872473e+00,0.000000000000000000e+00
1.783179230445486069e+09,6.424543333900453179e-01,-1.820274734170010067e+00,0.000000000000000000e+00
1.783179230545436382e+09,6.433572315686447718e-01,-1.824211717179317516e+00,0.000000000000000000e+00
1.783179230645395279e+09,6.442988362354110654e-01,-1.828337156775267314e+00,0.000000000000000000e+00
1.783179230745361328e+09,6.452404409021773590e-01,-1.832462596371217112e+00,0.000000000000000000e+00
1.783179230845401525e+09,6.462248457810694235e-01,-1.836775555948801042e+00,0.000000000000000000e+00
1.783179230945403576e+09,6.471195555401860755e-01,-1.840714407911421047e+00,0.000000000000000000e+00
1.783179231046075583e+09,6.480265464667545050e-01,-1.844650450060028923e+00,0.000000000000000000e+00
1.783179231145519733e+09,6.490584300994396427e-01,-1.849149859213523373e+00,0.000000000000000000e+00
1.783179231245471954e+09,6.499613282780390966e-01,-1.853086842222830821e+00,0.000000000000000000e+00
1.783179231345406294e+09,6.510539296102502149e-01,-1.857571893938341212e+00,0.000000000000000000e+00
1.783179231445364475e+09,6.521931016257535019e-01,-1.862045343801818742e+00,0.000000000000000000e+00
1.783179231545410633e+09,6.532373426399648020e-01,-1.866146006176673033e+00,0.000000000000000000e+00
1.783179231645387411e+09,6.542422552343688524e-01,-1.870058193673982183e+00,0.000000000000000000e+00
1.783179231745410204e+09,6.552430998292863018e-01,-1.873971423852916152e+00,0.000000000000000000e+00
1.783179231845591545e+09,6.563437183850621137e-01,-1.878256200635683326e+00,0.000000000000000000e+00
1.783179231945842266e+09,6.574309671069271666e-01,-1.882544389472507351e+00,0.000000000000000000e+00
1.783179232045544624e+09,6.584358797013312170e-01,-1.886456576969816501e+00,0.000000000000000000e+00
1.783179232145353794e+09,6.595320428290979420e-01,-1.890742495737220308e+00,0.000000000000000000e+00
1.783179232245377302e+09,6.605200591297754054e-01,-1.894460299451460550e+00,0.000000000000000000e+00
1.783179232345384121e+09,6.616578138842226231e-01,-1.898536006178770608e+00,0.000000000000000000e+00
1.783179232445439339e+09,6.629635847883892374e-01,-1.902963695068901062e+00,0.000000000000000000e+00
1.783179232545417547e+09,6.643716407073375629e-01,-1.907561480358896722e+00,0.000000000000000000e+00
1.783179232645480871e+09,6.655262686436006492e-01,-1.911432125610698529e+00,0.000000000000000000e+00
1.783179232745399714e+09,6.668128816065573838e-01,-1.915664772580032427e+00,0.000000000000000000e+00
1.783179232845445871e+09,6.679278482441135534e-01,-1.919346496369938260e+00,0.000000000000000000e+00
1.783179232945445776e+09,6.693773048729365627e-01,-1.924132737296815998e+00,0.000000000000000000e+00
1.783179233045414686e+09,6.705721123407101247e-01,-1.927991169031529894e+00,0.000000000000000000e+00
1.783179233145391703e+09,6.720062074857036105e-01,-1.932378974596622667e+00,0.000000000000000000e+00
1.783179233245361805e+09,6.734241923043593481e-01,-1.936569439050298547e+00,0.000000000000000000e+00
1.783179233345395088e+09,6.747783831600453475e-01,-1.940374859850009237e+00,0.000000000000000000e+00
1.783179233445485830e+09,6.764892449640086403e-01,-1.945074006433879177e+00,0.000000000000000000e+00
1.783179233545511484e+09,6.778278159045880713e-01,-1.948680454618042956e+00,0.000000000000000000e+00
1.783179233645509005e+09,6.793002439392255010e-01,-1.952647547620623092e+00,0.000000000000000000e+00
1.783179233745433092e+09,6.808396005208918744e-01,-1.956794963032411516e+00,0.000000000000000000e+00
1.783179233845380545e+09,6.823079032187392423e-01,-1.960763584757368561e+00,0.000000000000000000e+00
1.783179233945402145e+09,6.837844549985420128e-01,-1.964729144749332912e+00,0.000000000000000000e+00
1.783179234045425653e+09,6.851938907883537988e-01,-1.968514452014389793e+00,0.000000000000000000e+00
1.783179234145650387e+09,6.867332473700201723e-01,-1.972661867426178217e+00,0.000000000000000000e+00
1.783179234245466471e+09,6.880013269727064396e-01,-1.976089313461368402e+00,0.000000000000000000e+00
1.783179234345504045e+09,6.894820009015922846e-01,-1.980053336156134991e+00,0.000000000000000000e+00
1.783179234445426941e+09,6.912299712826185383e-01,-1.984532939999204215e+00,0.000000000000000000e+00
1.783179234545446873e+09,6.927489894778627866e-01,-1.988275618726935479e+00,0.000000000000000000e+00
1.783179234645492554e+09,6.945072222624532055e-01,-1.992543883484087175e+00,0.000000000000000000e+00
1.783179234745465517e+09,6.958991565502540277e-01,-1.995922926416832333e+00,0.000000000000000000e+00
1.783179234845373869e+09,6.976529507187736456e-01,-2.000193016881496977e+00,0.000000000000000000e+00
1.783179234945398569e+09,6.993336701302715896e-01,-2.004285186910133909e+00,0.000000000000000000e+00
1.783179235045434475e+09,7.007914648441720962e-01,-2.007845113207144205e+00,0.000000000000000000e+00
1.783179235145382881e+09,7.027494901796847993e-01,-2.012655095577482012e+00,0.000000000000000000e+00
1.783179235245801210e+09,7.043305548658816972e-01,-2.016371988741746613e+00,0.000000000000000000e+00
1.783179235345702410e+09,7.058767157157513905e-01,-2.019894434950612272e+00,0.000000000000000000e+00
1.783179235445451736e+09,7.078021639344199700e-01,-2.024089922493101046e+00,0.000000000000000000e+00
1.783179235545431852e+09,7.097624411564585900e-01,-2.028269250163278414e+00,0.000000000000000000e+00
1.783179235645462990e+09,7.114776837257423825e-01,-2.031926161874683334e+00,0.000000000000000000e+00
1.783179235745433569e+09,7.135151118128613135e-01,-2.036281748842430073e+00,0.000000000000000000e+00
1.783179235845413446e+09,7.151486761645601264e-01,-2.039764521900911287e+00,0.000000000000000000e+00
1.783179235945475817e+09,7.171906316041837259e-01,-2.044117988224012361e+00,0.000000000000000000e+00
1.783179236045440197e+09,7.189915345188705453e-01,-2.047947168279870223e+00,0.000000000000000000e+00
1.783179236145517826e+09,7.207711406586562175e-01,-2.051573193972516584e+00,0.000000000000000000e+00
1.783179236245448351e+09,7.226709529400253684e-01,-2.055354276423861037e+00,0.000000000000000000e+00
1.783179236345456839e+09,7.247144456169594129e-01,-2.059277898597666301e+00,0.000000000000000000e+00
1.783179236445375681e+09,7.269311980382832106e-01,-2.063545012346600149e+00,0.000000000000000000e+00
1.783179236545390368e+09,7.288118780017521781e-01,-2.067119659631508455e+00,0.000000000000000000e+00
1.783179236645483017e+09,7.306813992740985864e-01,-2.070700155483864435e+00,0.000000000000000000e+00
1.783179236745435715e+09,7.325546421363792193e-01,-2.074278705681277923e+00,0.000000000000000000e+00
1.783179236845521212e+09,7.346997420533258882e-01,-2.078366249308967628e+00,0.000000000000000000e+00
1.783179236945421457e+09,7.365767044806542652e-01,-2.081942849983196009e+00,0.000000000000000000e+00
1.783179237045438051e+09,7.385391493839958965e-01,-2.085691807332867409e+00,0.000000000000000000e+00
1.783179237145564318e+09,7.405015942873375279e-01,-2.089440764682538809e+00,0.000000000000000000e+00
1.783179237245576859e+09,7.421964330674961641e-01,-2.092678500575436917e+00,0.000000000000000000e+00
1.783179237345478296e+09,7.446096704740612360e-01,-2.097276987156587946e+00,0.000000000000000000e+00
1.783179237445573807e+09,7.464829133363418689e-01,-2.100855537354001434e+00,0.000000000000000000e+00
1.783179237545444012e+09,7.482634097861955436e-01,-2.104265533403864463e+00,0.000000000000000000e+00
1.783179237645384550e+09,7.504085097031422125e-01,-2.108353077031554168e+00,0.000000000000000000e+00
1.783179237745406628e+09,7.521960929672644180e-01,-2.111759363387962551e+00,0.000000000000000000e+00
1.783179237845460176e+09,7.544835189261134278e-01,-2.115989012726450014e+00,0.000000000000000000e+00
1.783179237945498228e+09,7.559839240642315383e-01,-2.118675954938155304e+00,0.000000000000000000e+00
1.783179238045527458e+09,7.586680924333454312e-01,-2.123344979662395993e+00,0.000000000000000000e+00
1.783179238145388842e+09,7.605992084549698662e-01,-2.126671995078508015e+00,0.000000000000000000e+00
1.783179238245371342e+09,7.628120312457726815e-01,-2.130502672378929319e+00,0.000000000000000000e+00
1.783179238345426083e+09,7.647396871640035343e-01,-2.133831693755990688e+00,0.000000000000000000e+00
1.783179238445443869e+09,7.671492570617920448e-01,-2.137992970477317289e+00,0.000000000000000000e+00
1.783179238545384407e+09,7.692810900203655988e-01,-2.141648262455401408e+00,0.000000000000000000e+00
1.783179238645360470e+09,7.718631386415293338e-01,-2.145931024606969384e+00,0.000000000000000000e+00
1.783179238745482683e+09,7.737953737863554338e-01,-2.149032940071321729e+00,0.000000000000000000e+00
1.783179238845542908e+09,7.762888256472298965e-01,-2.152917803566922750e+00,0.000000000000000000e+00
1.783179238945616722e+09,7.786113902648522656e-01,-2.156454972605189813e+00,0.000000000000000000e+00
1.783179239045351505e+09,7.808213581894958288e-01,-2.159835963896000965e+00,0.000000000000000000e+00
1.783179239145387173e+09,7.832456478982313675e-01,-2.163536435851248996e+00,0.000000000000000000e+00
1.783179239245405912e+09,7.853503792550347029e-01,-2.166756427556783660e+00,0.000000000000000000e+00
1.783179239345407963e+09,7.879896572296055668e-01,-2.170775937827541746e+00,0.000000000000000000e+00
1.783179239445383787e+09,7.905990904653515949e-01,-2.174583867022017003e+00,0.000000000000000000e+00
1.783179239545543432e+09,7.926898940836548668e-01,-2.177581191234140068e+00,0.000000000000000000e+00
1.783179239645500660e+09,7.957183321813198207e-01,-2.181800001055177685e+00,0.000000000000000000e+00
1.783179239745494366e+09,7.976608535402279765e-01,-2.184430274739194822e+00,0.000000000000000000e+00
1.783179239845645905e+09,8.009096358800235071e-01,-2.188725616986089140e+00,0.000000000000000000e+00
1.783179239945574045e+09,8.036148171340325996e-01,-2.192225998060546299e+00,0.000000000000000000e+00
1.783179240045444727e+09,8.061849415478874459e-01,-2.195587594661212893e+00,0.000000000000000000e+00
1.783179240145428181e+09,8.089963330537522923e-01,-2.199248952928673617e+00,0.000000000000000000e+00
1.783179240245420456e+09,8.114629569757251248e-01,-2.202447519289411737e+00,0.000000000000000000e+00
1.783179240345391512e+09,8.140989808904497416e-01,-2.205757692869347864e+00,0.000000000000000000e+00
1.783179240445719004e+09,8.170120314272751871e-01,-2.209338698752036922e+00,0.000000000000000000e+00
1.783179240545802355e+09,8.198533593801903274e-01,-2.212729499357711571e+00,0.000000000000000000e+00
1.783179240645940781e+09,8.223637045407631296e-01,-2.215644359190158230e+00,0.000000000000000000e+00
1.783179240745782852e+09,8.252921972560584019e-01,-2.218960170357870076e+00,0.000000000000000000e+00
1.783179240845489740e+09,8.283945000866305142e-01,-2.222378530155986187e+00,0.000000000000000000e+00
1.783179240945414066e+09,8.312835848770843139e-01,-2.225470303155718810e+00,0.000000000000000000e+00
1.783179241045441389e+09,8.339448873464150314e-01,-2.228248019814191405e+00,0.000000000000000000e+00
1.783179241145399094e+09,8.369102123185078179e-01,-2.231266747860602528e+00,0.000000000000000000e+00
1.783179241245386124e+09,8.399129679783238211e-01,-2.234248245748535755e+00,0.000000000000000000e+00
1.783179241345399380e+09,8.430908559748030440e-01,-2.237325858649030774e+00,0.000000000000000000e+00
1.783179241445399761e+09,8.463163519694243409e-01,-2.240353539093222768e+00,0.000000000000000000e+00
1.783179241545493603e+09,8.491564581617829788e-01,-2.242948156113930835e+00,0.000000000000000000e+00
1.783179241645376444e+09,8.523159391475363389e-01,-2.245763036414933023e+00,0.000000000000000000e+00
1.783179241745405674e+09,8.555102925179591811e-01,-2.248538280143540291e+00,0.000000000000000000e+00
1.783179241845372915e+09,8.588558696318798757e-01,-2.251432720859511072e+00,0.000000000000000000e+00
1.783179241945403814e+09,8.617572025909329136e-01,-2.253958687551440132e+00,0.000000000000000000e+00
1.783179242045402288e+09,8.653904264920048162e-01,-2.257108597888015655e+00,0.000000000000000000e+00
1.783179242145350933e+09,8.689064636920612594e-01,-2.260099742981415805e+00,0.000000000000000000e+00
1.783179242245447159e+09,8.721634545206353728e-01,-2.262801202207628926e+00,0.000000000000000000e+00
1.783179242345527887e+09,8.753096037836982646e-01,-2.265334343567881881e+00,0.000000000000000000e+00
1.783179242445594311e+09,8.787925689976767707e-01,-2.268061911459186231e+00,0.000000000000000000e+00
1.783179242545467138e+09,8.823064997927844155e-01,-2.270749468649396974e+00,0.000000000000000000e+00
1.783179242645513773e+09,8.855527483877287942e-01,-2.273152993227244067e+00,0.000000000000000000e+00
1.783179242745518684e+09,8.892882871391332156e-01,-2.275865043521524633e+00,0.000000000000000000e+00
1.783179242845400810e+09,8.927125309945872500e-01,-2.278351089624615078e+00,0.000000000000000000e+00
1.783179242945369482e+09,8.962978189567650800e-01,-2.280942688264783413e+00,0.000000000000000000e+00
1.783179243045381308e+09,8.998857994364857227e-01,-2.283530557921586546e+00,0.000000000000000000e+00
1.783179243145402908e+09,9.033660063313213584e-01,-2.285937637309027881e+00,0.000000000000000000e+00
1.783179243245388985e+09,9.071734833022596645e-01,-2.288547730349079767e+00,0.000000000000000000e+00
1.783179243345395565e+09,9.105471802996150110e-01,-2.290768817674361912e+00,0.000000000000000000e+00
1.783179243445690155e+09,9.144367894935346852e-01,-2.293254860087622138e+00,0.000000000000000000e+00
1.783179243545899630e+09,9.175363589330159941e-01,-2.295190856340904695e+00,0.000000000000000000e+00
1.783179243645525694e+09,9.223127868298736098e-01,-2.298071661358714657e+00,0.000000000000000000e+00
1.783179243745507240e+09,9.251318917646291773e-01,-2.299728277261536835e+00,0.000000000000000000e+00
1.783179243845441103e+09,9.298115770605934749e-01,-2.302393816088877276e+00,0.000000000000000000e+00
1.783179243945392847e+09,9.329833098432378513e-01,-2.304209173728128945e+00,0.000000000000000000e+00
1.783179244045388222e+09,9.366580259720244106e-01,-2.306307347358013349e+00,0.000000000000000000e+00
1.783179244145407677e+09,9.401657095495025152e-01,-2.308310149459266825e+00,0.000000000000000000e+00
1.783179244245408535e+09,9.436919799094292127e-01,-2.310280042269852618e+00,0.000000000000000000e+00
1.783179244345376730e+09,9.479212328159355438e-01,-2.312568201114118427e+00,0.000000000000000000e+00
1.783179244445544958e+09,9.518402417466708121e-01,-2.314620527180872411e+00,0.000000000000000000e+00
1.783179244545469999e+09,9.554434667323002950e-01,-2.316445857298804700e+00,0.000000000000000000e+00
1.783179244645520926e+09,9.590673311488945307e-01,-2.318229860389227071e+00,0.000000000000000000e+00
1.783179244745621443e+09,9.628848862491582450e-01,-2.320055276578691039e+00,0.000000000000000000e+00
1.783179244845439196e+09,9.670780351946282050e-01,-2.321985812380756631e+00,0.000000000000000000e+00
1.783179244945389271e+09,9.705953718230085903e-01,-2.323543561946853853e+00,0.000000000000000000e+00
1.783179245045549154e+09,9.748391685513830840e-01,-2.325360057443735418e+00,0.000000000000000000e+00
1.783179245145379305e+09,9.785720313685216665e-01,-2.326903040115355203e+00,0.000000000000000000e+00
1.783179245245368719e+09,9.821256090621157675e-01,-2.328376242831756482e+00,0.000000000000000000e+00
1.783179245345456600e+09,9.863935690860655692e-01,-2.330135215201044385e+00,0.000000000000000000e+00
1.783179245445395231e+09,9.902991264218626855e-01,-2.331763862831782053e+00,0.000000000000000000e+00
1.783179245545384884e+09,9.943857407694959294e-01,-2.333458045955643545e+00,0.000000000000000000e+00
1.783179245645378590e+09,9.977630928421451495e-01,-2.334854077896632685e+00,0.000000000000000000e+00
1.783179245745361805e+09,1.002205064959137859e+00,-2.336695581292134616e+00,0.000000000000000000e+00
1.783179245845355272e+09,1.005934711265235926e+00,-2.338246322652872689e+00,0.000000000000000000e+00
1.783179245945361137e+09,1.009665967843509815e+00,-2.339793185505094186e+00,0.000000000000000000e+00
1.783179246045353174e+09,1.013576586032893134e+00,-2.341409643542029073e+00,0.000000000000000000e+00
1.783179246145383120e+09,1.017131693477786980e+00,-2.342879150848333758e+00,0.000000000000000000e+00
1.783179246245372057e+09,1.021220067039414925e+00,-2.344569084250583746e+00,0.000000000000000000e+00
1.783179246345576763e+09,1.024948099041766758e+00,-2.346123702443560610e+00,0.000000000000000000e+00
1.783179246445473909e+09,1.029391983347884176e+00,-2.347960586576441244e+00,0.000000000000000000e+00
1.783179246545518875e+09,1.033499416172239505e+00,-2.349603653488306687e+00,0.000000000000000000e+00
1.783179246645842314e+09,1.037449147523079818e+00,-2.351122038638555622e+00,0.000000000000000000e+00
1.783179246745507479e+09,1.041601079546358166e+00,-2.352649171166378395e+00,0.000000000000000000e+00
1.783179246845458031e+09,1.045767119278486534e+00,-2.354137386955095668e+00,0.000000000000000000e+00
1.783179246945467234e+09,1.049204779061026382e+00,-2.355377510909544281e+00,0.000000000000000000e+00
1.783179247045644522e+09,1.053186718001973832e+00,-2.356809304707153885e+00,0.000000000000000000e+00
1.783179247145387411e+09,1.057346532601177724e+00,-2.358314833113963171e+00,0.000000000000000000e+00
1.783179247245349884e+09,1.061869769157151255e+00,-2.359946575159290738e+00,0.000000000000000000e+00
1.783179247345365763e+09,1.065308716424333113e+00,-2.361183124348135376e+00,0.000000000000000000e+00
1.783179247445375204e+09,1.069289164593589803e+00,-2.362619057348023688e+00,0.000000000000000000e+00
1.783179247545400858e+09,1.073272590001941307e+00,-2.364046710395653506e+00,0.000000000000000000e+00
1.783179247645397902e+09,1.077614897095676039e+00,-2.365613182759167987e+00,0.000000000000000000e+00
1.783179247745405197e+09,1.081598322504027543e+00,-2.367040835806797805e+00,0.000000000000000000e+00
1.783179247845399618e+09,1.085038553538512973e+00,-2.368273808893387233e+00,0.000000000000000000e+00
1.783179247945447683e+09,1.089382486928637483e+00,-2.369835765763506519e+00,0.000000000000000000e+00
1.783179248045405149e+09,1.093364425869584933e+00,-2.371267559561116123e+00,0.000000000000000000e+00
1.783179248145449877e+09,1.097346364810532382e+00,-2.372699353358725727e+00,0.000000000000000000e+00
1.783179248245448112e+09,1.100969008055861398e+00,-2.373993454044566853e+00,0.000000000000000000e+00
1.783179248345422268e+09,1.105131944221397378e+00,-2.375490329378431298e+00,0.000000000000000000e+00
1.783179248445410728e+09,1.109477499212326190e+00,-2.377047769066754856e+00,0.000000000000000000e+00
1.783179248545442820e+09,1.113279859829388929e+00,-2.378410528794038026e+00,0.000000000000000000e+00
1.783179248645855188e+09,1.117445899561517297e+00,-2.379898744582755299e+00,0.000000000000000000e+00
1.783179248745540857e+09,1.121248260178580036e+00,-2.381261504310038468e+00,0.000000000000000000e+00
1.783179248845467806e+09,1.125432542569707817e+00,-2.382697629010319229e+00,0.000000000000000000e+00
1.783179248945444822e+09,1.129267720291201593e+00,-2.383965095846592330e+00,0.000000000000000000e+00
1.783179249045464993e+09,1.133486531346823423e+00,-2.385296375892421494e+00,0.000000000000000000e+00
1.783179249145510435e+09,1.138272521037901885e+00,-2.386746661866237851e+00,0.000000000000000000e+00
1.783179249245634079e+09,1.141951723849098599e+00,-2.387869919335433799e+00,0.000000000000000000e+00
1.783179249345505476e+09,1.146369560487017214e+00,-2.389208644849726060e+00,0.000000000000000000e+00
1.783179249445504427e+09,1.149682937965456064e+00,-2.390212688985445144e+00,0.000000000000000000e+00
1.783179249545482397e+09,1.154100774603374679e+00,-2.391551414499737405e+00,0.000000000000000000e+00
1.783179249645459175e+09,1.158147897695690931e+00,-2.392786997715853126e+00,0.000000000000000000e+00
1.783179249745378017e+09,1.162381657807029622e+00,-2.394069943000383116e+00,0.000000000000000000e+00
1.783179249845369339e+09,1.166064346230118121e+00,-2.395181719347708515e+00,0.000000000000000000e+00
1.783179249945402384e+09,1.170299437916670016e+00,-2.396460262147132703e+00,0.000000000000000000e+00
1.783179250045394897e+09,1.174714481290106027e+00,-2.397808171110168196e+00,0.000000000000000000e+00
1.783179250145354033e+09,1.178582515740561387e+00,-2.398971515352679607e+00,0.000000000000000000e+00
1.783179250245474815e+09,1.182265204163649885e+00,-2.400083291700005006e+00,0.000000000000000000e+00
1.783179250345440626e+09,1.186868564692510564e+00,-2.401473012134161866e+00,0.000000000000000000e+00
1.783179250445458651e+09,1.190554702900216366e+00,-2.402573296543627723e+00,0.000000000000000000e+00
1.783179250545485973e+09,1.195187306259768212e+00,-2.403862186436851012e+00,0.000000000000000000e+00
1.783179250645463705e+09,1.199826547215190553e+00,-2.405126976696664087e+00,0.000000000000000000e+00
1.783179250745463371e+09,1.204114547587602946e+00,-2.406214968465773651e+00,0.000000000000000000e+00
1.783179250845494032e+09,1.208042746877651119e+00,-2.407155346407964913e+00,0.000000000000000000e+00
1.783179250945412874e+09,1.212169000738195557e+00,-2.408093376411029496e+00,0.000000000000000000e+00
1.783179251045372725e+09,1.216872943814117036e+00,-2.409090958779696479e+00,0.000000000000000000e+00
1.783179251145373344e+09,1.220835220695891010e+00,-2.409875447306478957e+00,0.000000000000000000e+00
1.783179251245376110e+09,1.224807738454044115e+00,-2.410606311861409168e+00,0.000000000000000000e+00
1.783179251345391512e+09,1.228788354827287321e+00,-2.411291697610869811e+00,0.000000000000000000e+00
1.783179251445392847e+09,1.232777870974103518e+00,-2.411923220572279813e+00,0.000000000000000000e+00
1.783179251545410633e+09,1.237725890794679984e+00,-2.412648566409891338e+00,0.000000000000000000e+00
1.783179251645379782e+09,1.241540814490147859e+00,-2.413143134772991694e+00,0.000000000000000000e+00
1.783179251745494843e+09,1.245742659817429709e+00,-2.413643501692269489e+00,0.000000000000000000e+00
1.783179251845516205e+09,1.249951342941401977e+00,-2.414082657211759297e+00,0.000000000000000000e+00
1.783179251945656776e+09,1.253781362418386447e+00,-2.414442089366611199e+00,0.000000000000000000e+00
1.783179252045621157e+09,1.258574919091197897e+00,-2.414821648938128451e+00,0.000000000000000000e+00
1.783179252145765066e+09,1.262221588169141429e+00,-2.415060849353807715e+00,0.000000000000000000e+00
1.783179252245467186e+09,1.267023652534398970e+00,-2.415310707064732831e+00,0.000000000000000000e+00
1.783179252345414162e+09,1.271251707380228746e+00,-2.415482239653361063e+00,0.000000000000000000e+00
1.783179252445410728e+09,1.275866365897075694e+00,-2.415602211878662864e+00,0.000000000000000000e+00
1.783179252545433760e+09,1.279905292301079189e+00,-2.415648405379696939e+00,0.000000000000000000e+00
1.783179252645412683e+09,1.284136825263057169e+00,-2.415648405379696939e+00,0.000000000000000000e+00
1.783179252745435238e+09,1.288560614556687023e+00,-2.415620808839597622e+00,0.000000000000000000e+00
1.783179252845633507e+09,1.292407443991783200e+00,-2.415608810285537977e+00,0.000000000000000000e+00
1.783179252945533037e+09,1.297408279011632803e+00,-2.415582813493345249e+00,0.000000000000000000e+00
1.783179253045555115e+09,1.301255075180747900e+00,-2.415562815960889509e+00,0.000000000000000000e+00
1.783179253145499468e+09,1.305871230583685927e+00,-2.415538818921942443e+00,0.000000000000000000e+00
1.783179253245364428e+09,1.309525686944345235e+00,-2.415519821266109535e+00,0.000000000000000000e+00
1.783179253345363379e+09,1.314334153567855878e+00,-2.415489825026870818e+00,0.000000000000000000e+00
1.783179253445337534e+09,1.318758026546197115e+00,-2.415485225574518946e+00,0.000000000000000000e+00
1.783179253545372248e+09,1.322797138509946180e+00,-2.415460028733558584e+00,0.000000000000000000e+00
1.783179253645412207e+09,1.327028650888552042e+00,-2.415446830324092797e+00,0.000000000000000000e+00
1.783179253745433807e+09,1.331260126674578492e+00,-2.415424833038391395e+00,0.000000000000000000e+00
1.783179253845468044e+09,1.334914614637919827e+00,-2.415413434412034377e+00,0.000000000000000000e+00
1.783179253945484638e+09,1.337799725798832995e+00,-2.415401435873106184e+00,0.000000000000000000e+00
1.783179254045447826e+09,1.337799725798832995e+00,-2.415401435873106184e+00,0.000000000000000000e+00
1.783179254145462751e+09,1.337799725798832995e+00,-2.415401435873106184e+00,0.000000000000000000e+00
1.783179254245429277e+09,1.337799725798832995e+00,-2.415401435873106184e+00,0.000000000000000000e+00
1.783179254345423937e+09,1.337799725798832995e+00,-2.415401435873106184e+00,0.000000000000000000e+00
1.783179254445453882e+09,1.337799725798832995e+00,-2.415401435873106184e+00,0.000000000000000000e+00
1.783179254545505047e+09,1.337799725798832995e+00,-2.415401435873106184e+00,0.000000000000000000e+00
1.783179254645528316e+09,1.337799725798832995e+00,-2.415401435873106184e+00,0.000000000000000000e+00
1.783179254745482922e+09,1.337799725798832995e+00,-2.415401435873106184e+00,0.000000000000000000e+00
1.783179254845570326e+09,1.337799725798832995e+00,-2.415401435873106184e+00,0.000000000000000000e+00
1.783179254945412636e+09,1.337799725798832995e+00,-2.415401435873106184e+00,0.000000000000000000e+00
1.783179255045534611e+09,1.337799725798832995e+00,-2.415401435873106184e+00,0.000000000000000000e+00
1.783179255145468950e+09,1.337799725798832995e+00,-2.415401435873106184e+00,0.000000000000000000e+00
1.783179255245399237e+09,1.337799725798832995e+00,-2.415401435873106184e+00,0.000000000000000000e+00
1.783179255345411539e+09,1.337799725798832995e+00,-2.415401435873106184e+00,0.000000000000000000e+00
1.783179255445436716e+09,1.337799725798832995e+00,-2.415401435873106184e+00,0.000000000000000000e+00
1.783179255545402050e+09,1.337799725798832995e+00,-2.415401435873106184e+00,0.000000000000000000e+00
1.783179255645415068e+09,1.337799725798832995e+00,-2.415401435873106184e+00,0.000000000000000000e+00
1.783179255745416403e+09,1.337799725798832995e+00,-2.415401435873106184e+00,0.000000000000000000e+00
1.783179255845356703e+09,1.337799725798832995e+00,-2.415401435873106184e+00,0.000000000000000000e+00
1.783179255945391417e+09,1.337799725798832995e+00,-2.415401435873106184e+00,0.000000000000000000e+00
1.783179256046517849e+09,1.337799725798832995e+00,-2.415401435873106184e+00,0.000000000000000000e+00
1.783179256145570040e+09,1.337799725798832995e+00,-2.415401435873106184e+00,0.000000000000000000e+00
1.783179256245539665e+09,1.337799725798832995e+00,-2.415401435873106184e+00,0.000000000000000000e+00
1.783179256345478296e+09,1.337799725798832995e+00,-2.415401435873106184e+00,0.000000000000000000e+00
1.783179256445394039e+09,1.337799725798832995e+00,-2.415401435873106184e+00,0.000000000000000000e+00
1.783179256545390368e+09,1.337799725798832995e+00,-2.415401435873106184e+00,0.000000000000000000e+00
1.783179256645394802e+09,1.337799725798832995e+00,-2.415401435873106184e+00,0.000000000000000000e+00
1.783179256745404243e+09,1.337799725798832995e+00,-2.415401435873106184e+00,0.000000000000000000e+00
1.783179256845445395e+09,1.337799725798832995e+00,-2.415401435873106184e+00,0.000000000000000000e+00
1.783179256945397854e+09,1.337799725798832995e+00,-2.415401435873106184e+00,0.000000000000000000e+00
1.783179257045430183e+09,1.337799725798832995e+00,-2.415401435873106184e+00,0.000000000000000000e+00
1.783179257145522594e+09,1.337799725798832995e+00,-2.415401435873106184e+00,0.000000000000000000e+00
1.783179257245464563e+09,1.337799725798832995e+00,-2.415401435873106184e+00,0.000000000000000000e+00
1.783179257345609665e+09,1.337799725798832995e+00,-2.415401435873106184e+00,0.000000000000000000e+00
1.783179257445544720e+09,1.337799725798832995e+00,-2.415401435873106184e+00,0.000000000000000000e+00
1.783179257545453072e+09,1.337799725798832995e+00,-2.415401435873106184e+00,0.000000000000000000e+00
1.783179257645580769e+09,1.337799725798832995e+00,-2.415401435873106184e+00,0.000000000000000000e+00
1.783179257745769501e+09,1.337799725798832995e+00,-2.415401435873106184e+00,0.000000000000000000e+00
1.783179257845677614e+09,1.337799725798832995e+00,-2.415401435873106184e+00,0.000000000000000000e+00
1.783179257945499659e+09,1.337799725798832995e+00,-2.415401435873106184e+00,0.000000000000000000e+00
1.783179258045513630e+09,1.337799725798832995e+00,-2.415401435873106184e+00,0.000000000000000000e+00
1.783179258145474195e+09,1.337799725798832995e+00,-2.415401435873106184e+00,0.000000000000000000e+00
1.783179258245535851e+09,1.337799725798832995e+00,-2.415401435873106184e+00,0.000000000000000000e+00
1.783179258345543385e+09,1.337799725798832995e+00,-2.415401435873106184e+00,0.000000000000000000e+00
1.783179258445493937e+09,1.337799725798832995e+00,-2.415401435873106184e+00,0.000000000000000000e+00
1.783179258545536280e+09,1.337799725798832995e+00,-2.415401435873106184e+00,0.000000000000000000e+00
1.783179258645509958e+09,1.337799725798832995e+00,-2.415401435873106184e+00,0.000000000000000000e+00
1.783179258745524168e+09,1.337799725798832995e+00,-2.415401435873106184e+00,0.000000000000000000e+00
1.783179258845505476e+09,1.337799725798832995e+00,-2.415401435873106184e+00,0.000000000000000000e+00
1.783179258945524454e+09,1.337799725798832995e+00,-2.415401435873106184e+00,0.000000000000000000e+00
1.783179259045526743e+09,1.337799725798832995e+00,-2.415401435873106184e+00,0.000000000000000000e+00
1.783179259145485163e+09,1.337799725798832995e+00,-2.415401435873106184e+00,0.000000000000000000e+00
1.783179259245474339e+09,1.337799725798832995e+00,-2.415401435873106184e+00,0.000000000000000000e+00
1.783179259345618010e+09,1.337799725798832995e+00,-2.415401435873106184e+00,0.000000000000000000e+00
1.783179259445568323e+09,1.337799725798832995e+00,-2.415401435873106184e+00,0.000000000000000000e+00
1.783179259545558691e+09,1.337799725798832995e+00,-2.415401435873106184e+00,0.000000000000000000e+00
1.783179259645472527e+09,1.337799725798832995e+00,-2.415401435873106184e+00,0.000000000000000000e+00
1.783179259745507956e+09,1.337799725798832995e+00,-2.415401435873106184e+00,0.000000000000000000e+00
1.783179259845501184e+09,1.337799725798832995e+00,-2.415401435873106184e+00,0.000000000000000000e+00
1.783179259945559263e+09,1.337799725798832995e+00,-2.415401435873106184e+00,0.000000000000000000e+00
1.783179260045423508e+09,1.337799725798832995e+00,-2.415401435873106184e+00,0.000000000000000000e+00
