timestamp,frame_x,frame_y,world_x_m,world_y_m,world_x_smooth_m,world_y_smooth_m,time_elapsed
1775311595.2428577,1776,773,-2.4605,1.8585,-2.4605,1.8585,0.000
1775311596.740073,1776,773,-2.4605,1.8585,-2.4605,1.8585,1.497
1775311596.8639684,1776,773,-2.4605,1.8585,-2.4605,1.8585,1.621
1775311597.0150316,1776,773,-2.4605,1.8585,-2.4605,1.8585,1.772
1775311597.1100945,1776,773,-2.4605,1.8585,-2.4605,1.8585,1.867
1775311597.2238421,1776,773,-2.4605,1.8585,-2.4605,1.8585,1.981
1775311597.322573,1776,773,-2.4605,1.8585,-2.4605,1.8585,2.080
1775311597.409267,1776,773,-2.4605,1.8585,-2.4605,1.8585,2.166
1775311597.5037837,1776,773,-2.4605,1.8585,-2.4605,1.8585,2.261
1775311597.5947516,1776,773,-2.4605,1.8585,-2.4605,1.8585,2.352
1775311597.6882493,1776,773,-2.4605,1.8585,-2.4605,1.8585,2.445
1775311597.799122,1776,773,-2.4605,1.8585,-2.4605,1.8585,2.556
1775311597.89212,1776,773,-2.4605,1.8585,-2.4605,1.8585,2.649
1775311597.9830775,1776,773,-2.4605,1.8585,-2.4605,1.8585,2.740
1775311598.0581334,1776,773,-2.4605,1.8585,-2.4605,1.8585,2.815
1775311598.126702,1776,773,-2.4605,1.8585,-2.4605,1.8585,2.884
1775311598.1990395,1776,773,-2.4605,1.8585,-2.4605,1.8585,2.956
1775311598.2702987,1776,773,-2.4605,1.8585,-2.4605,1.8585,3.027
1775311598.3515244,1776,773,-2.4605,1.8585,-2.4605,1.8585,3.109
1775311598.4441109,1776,773,-2.4605,1.8585,-2.4605,1.8585,3.201
1775311598.521386,1776,773,-2.4605,1.8585,-2.4605,1.8585,3.279
1775311598.5866263,1776,773,-2.4605,1.8585,-2.4605,1.8585,3.344
1775311598.6591647,1776,773,-2.4605,1.8585,-2.4605,1.8585,3.416
1775311598.7263637,1776,773,-2.4605,1.8585,-2.4605,1.8585,3.484
1775311598.7951849,1776,773,-2.4605,1.8585,-2.4605,1.8585,3.552
1775311598.862112,1776,773,-2.4605,1.8585,-2.4605,1.8585,3.619
1775311598.92881,1776,773,-2.4605,1.8585,-2.4605,1.8585,3.686
1775311598.995836,1776,773,-2.4605,1.8585,-2.4605,1.8585,3.753
1775311599.0716147,1776,773,-2.4605,1.8585,-2.4605,1.8585,3.829
1775311599.1394129,1776,773,-2.4605,1.8585,-2.4605,1.8585,3.897
1775311599.2077563,1776,773,-2.4605,1.8585,-2.4605,1.8585,3.965
1775311599.2756066,1776,773,-2.4605,1.8585,-2.4605,1.8585,4.033
1775311599.3463688,1776,773,-2.4605,1.8585,-2.4605,1.8585,4.104
1775311599.4135303,1776,773,-2.4605,1.8585,-2.4605,1.8585,4.171
1775311599.4803338,1776,773,-2.4605,1.8585,-2.4605,1.8585,4.237
1775311599.547311,1776,773,-2.4605,1.8585,-2.4605,1.8585,4.304
1775311599.6139133,1776,773,-2.4605,1.8585,-2.4605,1.8585,4.371
1775311599.6801038,1776,773,-2.4605,1.8585,-2.4605,1.8585,4.437
1775311599.7466164,1776,773,-2.4605,1.8585,-2.4605,1.8585,4.504
1775311599.8138616,1776,773,-2.4605,1.8585,-2.4605,1.8585,4.571
1775311599.8856766,1776,773,-2.4605,1.8585,-2.4605,1.8585,4.643
1775311599.9535053,1776,773,-2.4605,1.8585,-2.4605,1.8585,4.711
1775311600.0223913,1776,773,-2.4605,1.8585,-2.4605,1.8585,4.780
1775311600.0901234,1776,773,-2.4605,1.8585,-2.4605,1.8585,4.847
1775311600.15807,1776,773,-2.4605,1.8585,-2.4605,1.8585,4.915
1775311600.2244482,1776,773,-2.4605,1.8585,-2.4605,1.8585,4.982
1775311600.29243,1776,773,-2.4605,1.8585,-2.4605,1.8585,5.050
1775311600.3618612,1776,773,-2.4605,1.8585,-2.4605,1.8585,5.119
1775311600.4283912,1776,773,-2.4605,1.8585,-2.4605,1.8585,5.186
1775311600.502216,1776,773,-2.4605,1.8585,-2.4605,1.8585,5.259
1775311600.5707064,1776,773,-2.4605,1.8585,-2.4605,1.8585,5.328
1775311600.6376,1776,773,-2.4605,1.8585,-2.4605,1.8585,5.395
1775311600.7042162,1776,773,-2.4605,1.8585,-2.4605,1.8585,5.461
1775311600.772464,1776,773,-2.4605,1.8585,-2.4605,1.8585,5.530
1775311600.8395522,1776,773,-2.4605,1.8585,-2.4605,1.8585,5.597
1775311600.9077456,1776,773,-2.4605,1.8585,-2.4605,1.8585,5.665
1775311600.9746366,1776,773,-2.4605,1.8585,-2.4605,1.8585,5.732
1775311601.0419998,1776,773,-2.4605,1.8585,-2.4605,1.8585,5.799
1775311601.1166906,1776,773,-2.4605,1.8585,-2.4605,1.8585,5.874
1775311601.1937492,1776,773,-2.4605,1.8585,-2.4605,1.8585,5.951
1775311601.2620296,1776,773,-2.4605,1.8585,-2.4605,1.8585,6.019
1775311601.329024,1776,773,-2.4605,1.8585,-2.4605,1.8585,6.086
1775311601.4266999,1776,773,-2.4605,1.8585,-2.4605,1.8585,6.184
1775311601.5600765,1776,773,-2.4605,1.8585,-2.4605,1.8585,6.317
1775311601.6768816,1776,773,-2.4605,1.8585,-2.4605,1.8585,6.434
1775311601.7674057,1776,773,-2.4605,1.8585,-2.4605,1.8585,6.525
1775311601.879747,1776,773,-2.4605,1.8585,-2.4605,1.8585,6.637
1775311601.9588907,1776,773,-2.4605,1.8585,-2.4605,1.8585,6.716
1775311602.039369,1776,773,-2.4605,1.8585,-2.4605,1.8585,6.797
1775311602.1452687,1776,773,-2.4605,1.8585,-2.4605,1.8585,6.902
1775311602.2379775,1776,773,-2.4605,1.8585,-2.4605,1.8585,6.995
1775311602.3445866,1776,773,-2.4605,1.8585,-2.4605,1.8585,7.102
1775311602.4463892,1776,773,-2.4605,1.8585,-2.4605,1.8585,7.204
1775311602.5516536,1776,773,-2.4605,1.8585,-2.4605,1.8585,7.309
1775311602.654093,1776,773,-2.4605,1.8585,-2.4605,1.8585,7.411
1775311602.753321,1776,773,-2.4605,1.8585,-2.4605,1.8585,7.510
1775311602.847789,1776,773,-2.4605,1.8585,-2.4605,1.8585,7.605
1775311602.9560878,1776,773,-2.4605,1.8585,-2.4605,1.8585,7.713
1775311603.022163,1776,773,-2.4605,1.8585,-2.4725,1.8591,7.779
1775311603.0883906,1776,773,-2.4605,1.8585,-2.4247,1.8566,7.846
1775311603.1690023,1776,774,-2.3212,1.8510,-2.3570,1.8529,7.926
1775311603.2419775,1776,774,-2.3212,1.8510,-2.3092,1.8504,7.999
1775311603.313708,1776,774,-2.3212,1.8510,-2.3212,1.8510,8.071
1775311603.3933291,1776,774,-2.3212,1.8510,-2.3212,1.8510,8.150
1775311603.47432,1776,774,-2.3212,1.8510,-2.3212,1.8510,8.231
1775311603.5495043,1776,774,-2.3212,1.8510,-2.3212,1.8510,8.307
1775311603.6482232,1776,774,-2.3212,1.8510,-2.3212,1.8510,8.405
1775311603.7690585,1776,774,-2.3212,1.8510,-2.3212,1.8510,8.526
1775311603.8900955,1776,774,-2.3212,1.8510,-2.3212,1.8510,8.647
1775311603.9993582,1776,774,-2.3212,1.8510,-2.3212,1.8510,8.757
1775311604.1001449,1776,774,-2.3212,1.8510,-2.3212,1.8510,8.857
1775311604.2070515,1776,774,-2.3212,1.8510,-2.3212,1.8510,8.964
1775311604.3119526,1776,774,-2.3212,1.8510,-2.3212,1.8510,9.069
1775311604.415992,1776,774,-2.3212,1.8510,-2.3212,1.8510,9.173
1775311604.5271535,1776,774,-2.3212,1.8510,-2.3212,1.8510,9.284
1775311604.6327267,1776,774,-2.3212,1.8510,-2.3212,1.8510,9.390
1775311604.7228928,1776,774,-2.3212,1.8510,-2.3212,1.8510,9.480
1775311604.809045,1776,774,-2.3212,1.8510,-2.3212,1.8510,9.566
1775311604.896761,1776,774,-2.3212,1.8510,-2.3212,1.8510,9.654
1775311604.9962137,1776,774,-2.3212,1.8510,-2.3212,1.8510,9.753
1775311605.0774186,1776,774,-2.3212,1.8510,-2.3212,1.8510,9.835
1775311605.1509721,1776,774,-2.3212,1.8510,-2.3212,1.8510,9.908
1775311605.2823448,1776,774,-2.3212,1.8510,-2.3212,1.8510,10.039
1775311605.4210207,1776,774,-2.3212,1.8510,-2.3212,1.8510,10.178
1775311605.530577,1776,774,-2.3212,1.8510,-2.3212,1.8510,10.288
1775311605.6493757,1776,774,-2.3212,1.8510,-2.3212,1.8510,10.407
1775311605.7407591,1776,774,-2.3212,1.8510,-2.3212,1.8510,10.498
1775311605.8195,1776,774,-2.3212,1.8510,-2.3212,1.8510,10.577
1775311605.9044037,1776,774,-2.3212,1.8510,-2.3212,1.8510,10.662
1775311605.996423,1776,774,-2.3212,1.8510,-2.3212,1.8510,10.754
1775311606.073882,1776,774,-2.3212,1.8510,-2.3212,1.8510,10.831
1775311606.1454864,1776,774,-2.3212,1.8510,-2.3212,1.8510,10.903
1775311606.222931,1776,774,-2.3212,1.8510,-2.3212,1.8510,10.980
1775311606.3086727,1776,774,-2.3212,1.8510,-2.3212,1.8510,11.066
1775311606.3842468,1776,774,-2.3212,1.8510,-2.3212,1.8510,11.141
1775311606.4629068,1776,774,-2.3212,1.8510,-2.3212,1.8510,11.220
1775311606.5528026,1776,774,-2.3212,1.8510,-2.3212,1.8510,11.310
1775311606.6331303,1776,774,-2.3212,1.8510,-2.3216,1.8510,11.390
1775311606.7129126,1776,774,-2.3212,1.8510,-2.3200,1.8510,11.470
1775311606.7862706,1775,774,-2.3167,1.8508,-2.3179,1.8509,11.543
1775311606.8643506,1775,774,-2.3167,1.8508,-2.3163,1.8508,11.621
1775311606.9400704,1775,774,-2.3167,1.8508,-2.3167,1.8508,11.697
1775311607.0272133,1775,774,-2.3167,1.8508,-2.3167,1.8508,11.784
1775311607.1226604,1775,774,-2.3167,1.8508,-2.3167,1.8508,11.880
1775311607.2096643,1775,774,-2.3167,1.8508,-2.3167,1.8508,11.967
1775311607.2951224,1775,774,-2.3167,1.8508,-2.3167,1.8508,12.052
1775311607.3829792,1775,774,-2.3167,1.8508,-2.3167,1.8508,12.140
1775311607.4592903,1775,774,-2.3167,1.8508,-2.3167,1.8508,12.216
1775311607.5345545,1775,774,-2.3167,1.8508,-2.3167,1.8508,12.292
1775311607.6084647,1775,774,-2.3167,1.8508,-2.3167,1.8508,12.366
1775311607.6809103,1775,774,-2.3167,1.8508,-2.3167,1.8508,12.438
1775311607.7516057,1775,774,-2.3167,1.8508,-2.3167,1.8508,12.509
1775311607.823363,1775,774,-2.3167,1.8508,-2.3167,1.8508,12.581
1775311607.8987815,1775,774,-2.3167,1.8508,-2.3167,1.8508,12.656
1775311607.9692495,1775,774,-2.3167,1.8508,-2.3167,1.8508,12.726
1775311608.039501,1775,774,-2.3167,1.8508,-2.3167,1.8508,12.797
1775311608.114413,1775,774,-2.3167,1.8508,-2.3167,1.8508,12.872
1775311608.1993558,1775,774,-2.3167,1.8508,-2.3167,1.8508,12.956
1775311608.2710721,1775,774,-2.3167,1.8508,-2.3167,1.8508,13.028
1775311608.3414927,1775,774,-2.3167,1.8508,-2.3167,1.8508,13.099
1775311608.410944,1775,774,-2.3167,1.8508,-2.3167,1.8508,13.168
1775311608.4862113,1775,774,-2.3167,1.8508,-2.3167,1.8508,13.243
1775311608.5704153,1775,774,-2.3167,1.8508,-2.3167,1.8508,13.328
1775311608.6400142,1775,774,-2.3167,1.8508,-2.3167,1.8508,13.397
1775311608.714123,1775,774,-2.3167,1.8508,-2.3167,1.8508,13.471
1775311608.7874649,1775,774,-2.3167,1.8508,-2.3167,1.8508,13.545
1775311608.86103,1775,774,-2.3167,1.8508,-2.3167,1.8508,13.618
1775311608.93153,1775,774,-2.3167,1.8508,-2.3167,1.8508,13.689
1775311609.0139294,1775,774,-2.3167,1.8508,-2.3167,1.8508,13.771
1775311609.0906513,1775,774,-2.3167,1.8508,-2.3167,1.8508,13.848
1775311609.1650593,1775,774,-2.3167,1.8508,-2.3167,1.8508,13.922
1775311609.2366636,1775,774,-2.3167,1.8508,-2.3167,1.8508,13.994
1775311609.3088582,1775,774,-2.3167,1.8508,-2.3167,1.8508,14.066
1775311609.379244,1775,774,-2.3167,1.8508,-2.3167,1.8508,14.136
1775311609.4568758,1775,774,-2.3167,1.8508,-2.3167,1.8508,14.214
1775311609.5264914,1775,774,-2.3167,1.8508,-2.3167,1.8508,14.284
1775311609.6026878,1775,774,-2.3167,1.8508,-2.3167,1.8508,14.360
1775311609.6739144,1775,774,-2.3167,1.8508,-2.3167,1.8508,14.431
1775311609.7457743,1775,774,-2.3167,1.8508,-2.3403,1.8624,14.503
1775311609.8215146,1775,774,-2.3167,1.8508,-2.2459,1.8161,14.579
1775311609.8951678,1777,773,-2.0414,1.7158,-2.1122,1.7505,14.652
1775311609.9714434,1777,773,-2.0414,1.7158,-2.0179,1.7042,14.729
1775311610.0500128,1777,773,-2.0414,1.7158,-2.0414,1.7158,14.807
1775311610.1236422,1777,773,-2.0414,1.7158,-2.0414,1.7158,14.881
1775311610.1981404,1777,773,-2.0414,1.7158,-2.0414,1.7158,14.955
1775311610.273326,1777,773,-2.0414,1.7158,-2.0414,1.7158,15.030
1775311610.3556314,1777,773,-2.0414,1.7158,-2.0414,1.7158,15.113
1775311610.4332466,1777,773,-2.0414,1.7158,-2.0414,1.7158,15.190
1775311610.5080605,1777,773,-2.0414,1.7158,-2.0414,1.7158,15.265
1775311610.582927,1777,773,-2.0414,1.7158,-2.0414,1.7158,15.340
1775311610.655998,1777,773,-2.0414,1.7158,-2.0414,1.7158,15.413
1775311610.7493382,1777,773,-2.0414,1.7158,-2.0414,1.7158,15.506
1775311610.8271356,1777,773,-2.0414,1.7158,-2.0414,1.7158,15.584
1775311610.9016774,1777,773,-2.0414,1.7158,-2.0414,1.7158,15.659
1775311610.978314,1777,773,-2.0414,1.7158,-2.0414,1.7158,15.735
1775311611.0502746,1777,773,-2.0414,1.7158,-2.0414,1.7158,15.807
1775311611.124018,1777,773,-2.0414,1.7158,-2.0414,1.7158,15.881
1775311611.2042346,1777,773,-2.0414,1.7158,-2.0414,1.7158,15.961
1775311611.2777946,1777,773,-2.0414,1.7158,-2.0414,1.7158,16.035
1775311611.3575778,1777,773,-2.0414,1.7158,-2.0414,1.7158,16.115
1775311611.4410388,1777,773,-2.0414,1.7158,-2.0414,1.7158,16.198
1775311611.514996,1777,773,-2.0414,1.7158,-2.0414,1.7158,16.272
1775311611.5871334,1777,773,-2.0414,1.7158,-2.0414,1.7158,16.344
1775311611.6590254,1777,773,-2.0414,1.7158,-2.0414,1.7158,16.416
1775311611.7319827,1777,773,-2.0414,1.7158,-2.0414,1.7158,16.489
1775311611.8044963,1777,773,-2.0414,1.7158,-2.0414,1.7158,16.562
1775311611.884162,1777,773,-2.0414,1.7158,-2.0414,1.7158,16.641
1775311611.9549053,1777,773,-2.0414,1.7158,-2.0414,1.7158,16.712
1775311612.028783,1777,773,-2.0414,1.7158,-2.0414,1.7158,16.786
1775311612.0995712,1777,773,-2.0414,1.7158,-2.0414,1.7158,16.857
1775311612.1729147,1777,773,-2.0414,1.7158,-2.0414,1.7158,16.930
1775311612.2473571,1777,773,-2.0414,1.7158,-2.0414,1.7158,17.004
1775311612.3208728,1777,773,-2.0414,1.7158,-2.0414,1.7158,17.078
1775311612.3961835,1777,773,-2.0414,1.7158,-2.0414,1.7158,17.153
1775311612.4750628,1777,773,-2.0414,1.7158,-2.0414,1.7158,17.232
1775311612.546773,1777,773,-2.0414,1.7158,-2.0414,1.7158,17.304
1775311612.6234639,1777,773,-2.0414,1.7158,-2.0414,1.7158,17.381
1775311612.6998699,1777,773,-2.0414,1.7158,-2.0414,1.7158,17.457
1775311612.7734036,1777,773,-2.0414,1.7158,-2.0414,1.7158,17.531
1775311612.8453474,1777,773,-2.0414,1.7158,-2.0414,1.7158,17.602
1775311612.9183805,1777,773,-2.0414,1.7158,-2.0414,1.7158,17.676
1775311612.9916146,1777,773,-2.0414,1.7158,-2.0414,1.7158,17.749
1775311613.066611,1777,773,-2.0414,1.7158,-2.0414,1.7158,17.824
1775311613.1443458,1777,773,-2.0414,1.7158,-2.0414,1.7158,17.901
1775311613.222547,1777,773,-2.0414,1.7158,-2.0414,1.7158,17.980
1775311613.3056526,1777,773,-2.0414,1.7158,-2.0414,1.7158,18.063
1775311613.378597,1777,773,-2.0414,1.7158,-2.0414,1.7158,18.136
1775311613.4595368,1777,773,-2.0414,1.7158,-2.0414,1.7158,18.217
1775311613.5323668,1777,773,-2.0414,1.7158,-2.0414,1.7158,18.290
1775311613.6061988,1777,773,-2.0414,1.7158,-2.0414,1.7158,18.363
1775311613.6791139,1777,773,-2.0414,1.7158,-2.0414,1.7158,18.436
1775311613.754602,1777,773,-2.0414,1.7158,-2.0414,1.7158,18.512
1775311613.8318677,1777,773,-2.0414,1.7158,-2.0414,1.7158,18.589
1775311613.9058967,1777,773,-2.0414,1.7158,-2.0414,1.7158,18.663
1775311613.9778872,1777,773,-2.0414,1.7158,-2.0414,1.7158,18.735
1775311614.0516562,1777,773,-2.0414,1.7158,-2.0414,1.7158,18.809
1775311614.124733,1777,773,-2.0414,1.7158,-2.0414,1.7158,18.882
1775311614.1977758,1777,773,-2.0414,1.7158,-2.0414,1.7158,18.955
1775311614.2754335,1777,773,-2.0414,1.7158,-2.0414,1.7158,19.033
1775311614.3485699,1777,773,-2.0414,1.7158,-2.0414,1.7158,19.106
1775311614.421677,1777,773,-2.0414,1.7158,-2.0414,1.7158,19.179
1775311614.4955976,1777,773,-2.0414,1.7158,-2.0414,1.7158,19.253
1775311614.5704293,1777,773,-2.0414,1.7158,-2.0414,1.7158,19.328
1775311614.6470199,1777,773,-2.0414,1.7158,-2.0414,1.7158,19.404
1775311614.7274141,1777,773,-2.0414,1.7158,-2.0414,1.7158,19.485
1775311614.8144515,1777,773,-2.0414,1.7158,-2.0414,1.7158,19.572
1775311614.8881378,1777,773,-2.0414,1.7158,-2.0414,1.7158,19.645
1775311614.9618037,1777,773,-2.0414,1.7158,-2.0414,1.7158,19.719
1775311615.0360196,1777,773,-2.0414,1.7158,-2.0414,1.7158,19.793
1775311615.111524,1777,773,-2.0414,1.7158,-2.0414,1.7158,19.869
1775311615.1864722,1777,773,-2.0414,1.7158,-2.0414,1.7158,19.944
1775311615.2602448,1777,773,-2.0414,1.7158,-2.0414,1.7158,20.017
1775311615.338147,1777,773,-2.0414,1.7158,-2.0414,1.7158,20.095
1775311615.4198575,1777,773,-2.0414,1.7158,-2.0414,1.7158,20.177
1775311615.5018423,1777,773,-2.0414,1.7158,-2.0414,1.7158,20.259
1775311615.5773163,1777,773,-2.0414,1.7158,-2.0414,1.7158,20.334
1775311615.6504705,1777,773,-2.0414,1.7158,-2.0414,1.7158,20.408
1775311615.7309136,1777,773,-2.0414,1.7158,-2.0414,1.7158,20.488
1775311615.8047478,1777,773,-2.0414,1.7158,-2.2103,1.8940,20.562
1775311615.881198,1777,773,-2.0414,1.7158,-1.5349,1.1811,20.638
1775311615.9487348,1225,199,-0.0716,-0.3633,-0.5781,0.1713,20.706
1775311616.0317576,1225,199,-0.0716,-0.3633,0.0972,-0.5415,20.789
1775311616.10994,1225,199,-0.0716,-0.3633,-0.0716,-0.3633,20.867
1775311616.174302,1225,199,-0.0716,-0.3633,-0.0716,-0.3633,20.931
1775311616.242717,1225,199,-0.0716,-0.3633,-0.0716,-0.3633,21.000
1775311616.316136,1225,199,-0.0716,-0.3633,-0.0716,-0.3633,21.073
1775311616.389657,1225,199,-0.0716,-0.3633,-0.0716,-0.3633,21.147
1775311616.4572551,1225,199,-0.0716,-0.3633,-0.0716,-0.3633,21.214
1775311616.525255,1225,199,-0.0716,-0.3633,-0.0716,-0.3633,21.282
1775311616.5922592,1225,199,-0.0716,-0.3633,-0.0716,-0.3633,21.349
1775311616.6586246,1225,199,-0.0716,-0.3633,-0.0716,-0.3633,21.416
1775311616.7249205,1225,199,-0.0716,-0.3633,-0.0716,-0.3633,21.482
1775311616.7970905,1225,199,-0.0716,-0.3633,-0.0716,-0.3633,21.554
1775311616.862482,1225,199,-0.0716,-0.3633,-0.0716,-0.3633,21.620
1775311616.939557,1225,199,-0.0716,-0.3633,-0.0716,-0.3633,21.697
1775311617.0045316,1225,199,-0.0716,-0.3633,-0.0716,-0.3633,21.762
1775311617.0748978,1225,199,-0.0716,-0.3633,-0.0716,-0.3633,21.832
1775311617.1413598,1225,199,-0.0716,-0.3633,-0.0716,-0.3633,21.899
1775311617.2144656,1225,199,-0.0716,-0.3633,-0.0716,-0.3633,21.972
1775311617.281781,1225,199,-0.0716,-0.3633,-0.0716,-0.3633,22.039
1775311617.3489594,1225,199,-0.0716,-0.3633,-0.0716,-0.3633,22.106
1775311617.4270806,1225,199,-0.0716,-0.3633,-0.0716,-0.3633,22.184
1775311617.4938385,1225,199,-0.0716,-0.3633,-0.0716,-0.3633,22.251
1775311617.5594409,1225,199,-0.0716,-0.3633,-0.0716,-0.3633,22.317
1775311617.634745,1225,199,-0.0716,-0.3633,-0.0716,-0.3633,22.392
1775311617.7060966,1225,199,-0.0716,-0.3633,-0.0716,-0.3633,22.463
1775311617.7722425,1225,199,-0.0716,-0.3633,-0.0716,-0.3633,22.529
1775311617.8386433,1225,199,-0.0716,-0.3633,-0.0716,-0.3633,22.596
1775311617.9042442,1225,199,-0.0716,-0.3633,-0.0716,-0.3633,22.661
1775311617.97087,1225,199,-0.0716,-0.3633,-0.0716,-0.3633,22.728
1775311618.039323,1225,199,-0.0716,-0.3633,-0.0716,-0.3633,22.796
1775311618.112687,1225,199,-0.0716,-0.3633,-0.0716,-0.3633,22.870
1775311618.183435,1225,199,-0.0716,-0.3633,-0.0716,-0.3633,22.941
1775311618.2511795,1225,199,-0.0716,-0.3633,-0.0716,-0.3633,23.008
1775311618.3182366,1225,199,-0.0716,-0.3633,-0.0716,-0.3633,23.075
1775311618.3875225,1225,199,-0.0716,-0.3633,-0.0716,-0.3633,23.145
1775311618.4725273,1225,199,-0.0716,-0.3633,-0.0716,-0.3633,23.230
1775311618.547646,1225,199,-0.0716,-0.3633,-0.0716,-0.3633,23.305
1775311618.629135,1225,199,-0.0716,-0.3633,-0.0716,-0.3633,23.386
1775311618.7173789,1225,199,-0.0716,-0.3633,-0.0716,-0.3633,23.475
1775311618.800141,1225,199,-0.0716,-0.3633,-0.0716,-0.3633,23.557
1775311618.8725402,1225,199,-0.0716,-0.3633,-0.0716,-0.3633,23.630
1775311618.937893,1225,199,-0.0716,-0.3633,-0.0716,-0.3633,23.695
1775311619.0081332,1225,199,-0.0716,-0.3633,-0.0716,-0.3633,23.765
1775311619.076551,1225,199,-0.0716,-0.3633,-0.0716,-0.3633,23.834
1775311619.1416206,1225,199,-0.0716,-0.3633,-0.0716,-0.3633,23.899
1775311619.209723,1225,199,-0.0716,-0.3633,-0.0716,-0.3633,23.967
1775311619.2823415,1225,199,-0.0716,-0.3633,-0.0716,-0.3633,24.039
1775311619.3496337,1225,199,-0.0716,-0.3633,-0.0716,-0.3633,24.107
1775311619.4216235,1225,199,-0.0716,-0.3633,-0.0716,-0.3633,24.179
1775311619.4886687,1225,199,-0.0716,-0.3633,-0.0716,-0.3633,24.246
1775311619.5594244,1225,199,-0.0716,-0.3633,-0.0716,-0.3633,24.317
1775311619.6261368,1225,199,-0.0716,-0.3633,-0.0716,-0.3633,24.383
1775311619.697159,1225,199,-0.0716,-0.3633,-0.0716,-0.3633,24.454
1775311619.7642603,1225,199,-0.0716,-0.3633,-0.0716,-0.3633,24.521
1775311619.8322914,1225,199,-0.0716,-0.3633,-0.0716,-0.3633,24.589
1775311619.8995857,1225,199,-0.0716,-0.3633,-0.0716,-0.3633,24.657
1775311619.966044,1225,199,-0.0716,-0.3633,-0.0716,-0.3633,24.723
1775311620.0335643,1225,199,-0.0716,-0.3633,-0.0716,-0.3633,24.791
1775311620.099778,1225,199,-0.0716,-0.3633,-0.0716,-0.3633,24.857
1775311620.1723847,1225,199,-0.0716,-0.3633,-0.0716,-0.3633,24.930
1775311620.2446575,1225,199,-0.0716,-0.3633,-0.0716,-0.3633,25.002
1775311620.3116825,1225,199,-0.0716,-0.3633,-0.0716,-0.3633,25.069
1775311620.3820693,1225,199,-0.0716,-0.3633,-0.0716,-0.3633,25.139
1775311620.4479225,1225,199,-0.0716,-0.3633,-0.0716,-0.3633,25.205
1775311620.5135455,1225,199,-0.0716,-0.3633,-0.0716,-0.3633,25.271
1775311620.580976,1225,199,-0.0716,-0.3633,-0.0716,-0.3633,25.338
1775311620.6470273,1225,199,-0.0716,-0.3633,-0.0716,-0.3633,25.404
1775311620.7211144,1225,199,-0.0716,-0.3633,-0.0716,-0.3633,25.478
1775311620.7881534,1225,199,-0.0716,-0.3633,-0.0716,-0.3633,25.545
1775311620.8600447,1225,199,-0.0716,-0.3633,-0.0716,-0.3633,25.617
1775311620.9259229,1225,199,-0.0716,-0.3633,-0.0716,-0.3633,25.683
1775311620.9970353,1225,199,-0.0716,-0.3633,-0.0716,-0.3633,25.754
1775311621.0638618,1225,199,-0.0716,-0.3633,-0.0716,-0.3633,25.821
1775311621.13675,1225,199,-0.0716,-0.3633,-0.0716,-0.3633,25.894
1775311621.2095964,1225,199,-0.0716,-0.3633,-0.0716,-0.3633,25.967
1775311621.277101,1225,199,-0.0716,-0.3633,-0.0716,-0.3633,26.034
1775311621.3450825,1225,199,-0.0716,-0.3633,-0.0716,-0.3633,26.102
1775311621.414023,1225,199,-0.0716,-0.3633,0.1353,-0.5535,26.171
1775311621.4829738,1225,199,-0.0716,-0.3633,-0.6924,0.2073,26.240
1775311621.5484974,1781,772,-2.4857,1.8555,-1.8649,1.2850,26.306
1775311621.614782,1781,772,-2.4857,1.8555,-2.6926,2.0457,26.372
1775311621.6881754,1781,772,-2.4857,1.8555,-2.4857,1.8555,26.445
1775311621.754622,1781,772,-2.4857,1.8555,-2.4857,1.8555,26.512
1775311621.828222,1781,772,-2.4857,1.8555,-2.4857,1.8555,26.585
1775311621.8932765,1781,772,-2.4857,1.8555,-2.4857,1.8555,26.650
1775311621.964957,1781,772,-2.4857,1.8555,-2.4857,1.8555,26.722
1775311622.029766,1781,772,-2.4857,1.8555,-2.4857,1.8555,26.787
1775311622.1048925,1781,772,-2.4857,1.8555,-2.4857,1.8555,26.862
1775311622.1709154,1781,772,-2.4857,1.8555,-2.4857,1.8555,26.928
1775311622.236964,1781,772,-2.4857,1.8555,-2.4857,1.8555,26.994
1775311622.3082664,1781,772,-2.4857,1.8555,-2.4857,1.8555,27.065
1775311622.3747573,1781,772,-2.4857,1.8555,-2.4857,1.8555,27.132
1775311622.4476042,1781,772,-2.4857,1.8555,-2.4857,1.8555,27.205
1775311622.5142088,1781,772,-2.4857,1.8555,-2.4857,1.8555,27.271
1775311622.5828986,1781,772,-2.4857,1.8555,-2.4857,1.8555,27.340
1775311622.6565402,1781,772,-2.4857,1.8555,-2.4857,1.8555,27.414
1775311622.7282674,1781,772,-2.4857,1.8555,-2.4857,1.8555,27.485
1775311622.800845,1781,772,-2.4857,1.8555,-2.4857,1.8555,27.558
1775311622.8668194,1781,772,-2.4857,1.8555,-2.4857,1.8555,27.624
1775311622.937185,1781,772,-2.4857,1.8555,-2.4857,1.8555,27.694
1775311623.005801,1781,772,-2.4857,1.8555,-2.4857,1.8555,27.763
1775311623.0721903,1781,772,-2.4857,1.8555,-2.4857,1.8555,27.829
1775311623.1397736,1781,772,-2.4857,1.8555,-2.4857,1.8555,27.897
1775311623.2099168,1781,772,-2.4857,1.8555,-2.4857,1.8555,27.967
1775311623.2798562,1781,772,-2.4857,1.8555,-2.4857,1.8555,28.037
1775311623.3483417,1781,772,-2.4857,1.8555,-2.4857,1.8555,28.105
1775311623.415305,1781,772,-2.4857,1.8555,-2.4857,1.8555,28.172
1775311623.4814248,1781,772,-2.4857,1.8555,-2.4857,1.8555,28.239
1775311623.547837,1781,772,-2.4857,1.8555,-2.4857,1.8555,28.305
1775311623.6146426,1781,772,-2.4857,1.8555,-2.4857,1.8555,28.372
1775311623.6808212,1781,772,-2.4857,1.8555,-2.4857,1.8555,28.438
1775311623.7569168,1781,772,-2.4857,1.8555,-2.4857,1.8555,28.514
1775311623.8240864,1781,772,-2.4857,1.8555,-2.4857,1.8555,28.581
1775311623.897467,1781,772,-2.4857,1.8555,-2.4857,1.8555,28.655
1775311623.962692,1781,772,-2.4857,1.8555,-2.4857,1.8555,28.720
1775311624.0283582,1781,772,-2.4857,1.8555,-2.4857,1.8555,28.786
1775311624.0946677,1781,772,-2.4857,1.8555,-2.4857,1.8555,28.852
1775311624.162304,1781,772,-2.4857,1.8555,-2.4857,1.8555,28.919
1775311624.2270734,1781,772,-2.4857,1.8555,-2.4857,1.8555,28.984
1775311624.2933424,1781,772,-2.4857,1.8555,-2.4857,1.8555,29.050
1775311624.3607864,1781,772,-2.4857,1.8555,-2.4857,1.8555,29.118
1775311624.433397,1781,772,-2.4857,1.8555,-2.4857,1.8555,29.191
1775311624.4997933,1781,772,-2.4857,1.8555,-2.4857,1.8555,29.257
1775311624.5663676,1781,772,-2.4857,1.8555,-2.4857,1.8555,29.324
1775311624.6368246,1781,772,-2.4857,1.8555,-2.4857,1.8555,29.394
1775311624.7030272,1781,772,-2.4857,1.8555,-2.4857,1.8555,29.460
1775311624.768842,1781,772,-2.4857,1.8555,-2.4857,1.8555,29.526
1775311624.835694,1781,772,-2.4857,1.8555,-2.4857,1.8555,29.593
1775311624.900239,1781,772,-2.4857,1.8555,-2.4857,1.8555,29.657
1775311624.9673839,1781,772,-2.4857,1.8555,-2.4857,1.8555,29.725
1775311625.0374286,1781,772,-2.4857,1.8555,-2.4857,1.8555,29.795
1775311625.115016,1781,772,-2.4857,1.8555,-2.4857,1.8555,29.872
1775311625.1848176,1781,772,-2.4857,1.8555,-2.4857,1.8555,29.942
1775311625.2586198,1781,772,-2.4857,1.8555,-2.4857,1.8555,30.016
1775311625.3288105,1781,772,-2.4857,1.8555,-2.4857,1.8555,30.086
1775311625.394518,1781,772,-2.4857,1.8555,-2.4857,1.8555,30.152
1775311625.4610987,1781,772,-2.4857,1.8555,-2.4857,1.8555,30.218
1775311625.5285065,1781,772,-2.4857,1.8555,-2.4857,1.8555,30.286
1775311625.5952103,1781,772,-2.4857,1.8555,-2.4857,1.8555,30.352
1775311625.6622531,1781,772,-2.4857,1.8555,-2.4857,1.8555,30.419
1775311625.726382,1781,772,-2.4857,1.8555,-2.4857,1.8555,30.484
1775311625.793453,1781,772,-2.4857,1.8555,-2.4857,1.8555,30.551
1775311625.8632236,1781,772,-2.4857,1.8555,-2.4857,1.8555,30.620
1775311625.9297168,1781,772,-2.4857,1.8555,-2.4857,1.8555,30.687
1775311625.9955144,1781,772,-2.4857,1.8555,-2.4852,1.8555,30.753
1775311626.0652938,1781,772,-2.4857,1.8555,-2.4870,1.8556,30.822
1775311626.1368852,1782,772,-2.4907,1.8557,-2.4894,1.8557,30.894
1775311626.2101023,1782,772,-2.4907,1.8557,-2.4911,1.8558,30.967
1775311626.2763288,1782,772,-2.4907,1.8557,-2.4907,1.8557,31.033
1775311626.345143,1782,772,-2.4907,1.8557,-2.4907,1.8557,31.102
1775311626.4109561,1782,772,-2.4907,1.8557,-2.4907,1.8557,31.168
1775311626.4786074,1782,772,-2.4907,1.8557,-2.4907,1.8557,31.236
1775311626.549259,1782,772,-2.4907,1.8557,-2.4907,1.8557,31.306
1775311626.6189697,1782,772,-2.4907,1.8557,-2.4907,1.8557,31.376
1775311626.6891878,1782,772,-2.4907,1.8557,-2.4907,1.8557,31.446
1775311626.7567606,1782,772,-2.4907,1.8557,-2.4907,1.8557,31.514
1775311626.8241916,1782,772,-2.4907,1.8557,-2.4907,1.8557,31.581
1775311626.8947372,1782,772,-2.4907,1.8557,-2.5014,1.8581,31.652
1775311626.960939,1782,772,-2.4907,1.8557,-2.4584,1.8486,31.718
1775311627.0346715,1781,772,-2.3653,1.8279,-2.3975,1.8351,31.792
1775311627.108855,1781,772,-2.3653,1.8279,-2.3545,1.8255,31.866
1775311627.179494,1781,772,-2.3653,1.8279,-2.3653,1.8279,31.937
1775311627.2564452,1781,772,-2.3653,1.8279,-2.3653,1.8279,32.014
1775311627.3267012,1781,772,-2.3653,1.8279,-2.3653,1.8279,32.084
1775311627.4054818,1781,772,-2.3653,1.8279,-2.3653,1.8279,32.163
1775311627.4770377,1781,772,-2.3653,1.8279,-2.3653,1.8279,32.234
1775311627.5479567,1781,772,-2.3653,1.8279,-2.3653,1.8279,32.305
1775311627.6176133,1781,772,-2.3653,1.8279,-2.3653,1.8279,32.375
1775311627.6891491,1781,772,-2.3653,1.8279,-2.3653,1.8279,32.446
1775311627.760794,1781,772,-2.3653,1.8279,-2.3653,1.8279,32.518
1775311627.834806,1781,772,-2.3653,1.8279,-2.3653,1.8279,32.592
1775311627.9062586,1781,772,-2.3653,1.8279,-2.3653,1.8279,32.663
1775311627.978277,1781,772,-2.3653,1.8279,-2.3653,1.8279,32.735
1775311628.0506847,1781,772,-2.3653,1.8279,-2.3653,1.8279,32.808
1775311628.1232011,1781,772,-2.3653,1.8279,-2.3653,1.8279,32.880
1775311628.1950989,1781,772,-2.3653,1.8279,-2.3653,1.8279,32.952
1775311628.2727687,1781,772,-2.3653,1.8279,-2.3653,1.8279,33.030
1775311628.3442361,1781,772,-2.3653,1.8279,-2.3653,1.8279,33.101
1775311628.415793,1781,772,-2.3653,1.8279,-2.3653,1.8279,33.173
1775311628.4835386,1781,772,-2.3653,1.8279,-2.3653,1.8279,33.241
1775311628.5574331,1781,772,-2.3653,1.8279,-2.3653,1.8279,33.315
1775311628.6315618,1781,772,-2.3653,1.8279,-2.3653,1.8279,33.389
1775311628.7021694,1781,772,-2.3653,1.8279,-2.3653,1.8279,33.459
1775311628.7778795,1781,772,-2.3653,1.8279,-2.3653,1.8279,33.535
1775311628.847847,1781,772,-2.3653,1.8279,-2.3653,1.8279,33.605
1775311628.918735,1781,772,-2.3653,1.8279,-2.3653,1.8279,33.676
1775311628.9919548,1781,772,-2.3653,1.8279,-2.3653,1.8279,33.749
1775311629.061939,1781,772,-2.3653,1.8279,-2.3653,1.8279,33.819
1775311629.1329806,1781,772,-2.3653,1.8279,-2.3653,1.8279,33.890
1775311629.2075384,1781,772,-2.3653,1.8279,-2.3653,1.8279,33.965
1775311629.2791688,1781,772,-2.3653,1.8279,-2.3653,1.8279,34.036
1775311629.349108,1781,772,-2.3653,1.8279,-2.3653,1.8279,34.106
1775311629.418409,1781,772,-2.3653,1.8279,-2.3653,1.8279,34.176
1775311629.4903078,1781,772,-2.3653,1.8279,-2.3653,1.8279,34.247
1775311629.5639317,1781,772,-2.3653,1.8279,-2.3653,1.8279,34.321
1775311629.6336908,1781,772,-2.3653,1.8279,-2.3653,1.8279,34.391
1775311629.7053673,1781,772,-2.3653,1.8279,-2.3653,1.8279,34.463
1775311629.777968,1781,772,-2.3653,1.8279,-2.3653,1.8279,34.535
1775311629.8475702,1781,772,-2.3653,1.8279,-2.3653,1.8279,34.605
1775311629.92088,1781,772,-2.3653,1.8279,-2.3653,1.8279,34.678
1775311629.9951847,1781,772,-2.3653,1.8279,-2.3653,1.8279,34.752
1775311630.0653682,1781,772,-2.3653,1.8279,-2.3653,1.8279,34.823
1775311630.1414723,1781,772,-2.3653,1.8279,-2.3653,1.8279,34.899
1775311630.218421,1781,772,-2.3653,1.8279,-2.3653,1.8279,34.976
1775311630.2921827,1781,772,-2.3653,1.8279,-2.3653,1.8279,35.049
1775311630.3668094,1781,772,-2.3653,1.8279,-2.3653,1.8279,35.124
1775311630.449857,1781,772,-2.3653,1.8279,-2.3653,1.8279,35.207
1775311630.5261974,1781,772,-2.3653,1.8279,-2.3653,1.8279,35.283
1775311630.5976577,1781,772,-2.3653,1.8279,-2.3653,1.8279,35.355
1775311630.6741817,1781,772,-2.3653,1.8279,-2.3653,1.8279,35.431
1775311630.7451296,1781,772,-2.3653,1.8279,-2.3653,1.8279,35.502
1775311630.8151436,1781,772,-2.3653,1.8279,-2.3653,1.8279,35.572
1775311630.887344,1781,772,-2.3653,1.8279,-2.3653,1.8279,35.644
1775311630.9612856,1781,772,-2.3653,1.8279,-2.3653,1.8279,35.718
1775311631.0362751,1781,772,-2.3653,1.8279,-2.3653,1.8279,35.793
1775311631.1070263,1781,772,-2.3653,1.8279,-2.3653,1.8279,35.864
1775311631.1776655,1781,772,-2.3653,1.8279,-2.3653,1.8279,35.935
1775311631.2502596,1781,772,-2.3653,1.8279,-2.3653,1.8279,36.007
1775311631.321853,1781,772,-2.3653,1.8279,-2.3653,1.8279,36.079
1775311631.393163,1781,772,-2.3653,1.8279,-2.3653,1.8279,36.150
1775311631.4641557,1781,772,-2.3653,1.8279,-2.3653,1.8279,36.221
1775311631.5488997,1781,772,-2.3653,1.8279,-2.3653,1.8279,36.306
1775311631.6318986,1781,772,-2.3653,1.8279,-2.3653,1.8279,36.389
1775311631.7023382,1781,772,-2.3653,1.8279,-2.3653,1.8279,36.459
1775311631.7732158,1781,772,-2.3653,1.8279,-2.3653,1.8279,36.530
1775311631.8433764,1781,772,-2.3653,1.8279,-2.3653,1.8279,36.601
1775311631.9142883,1781,772,-2.3653,1.8279,-2.3653,1.8279,36.671
1775311631.9852707,1781,772,-2.3653,1.8279,-2.3653,1.8279,36.742
1775311632.0701528,1781,772,-2.3653,1.8279,-2.3653,1.8279,36.827
1775311632.141547,1781,772,-2.3653,1.8279,-2.3653,1.8279,36.899
1775311632.2197354,1781,772,-2.3653,1.8279,-2.3653,1.8279,36.977
1775311632.2911077,1781,772,-2.3653,1.8279,-2.3653,1.8279,37.048
1775311632.3688185,1781,772,-2.3653,1.8279,-2.3653,1.8279,37.126
1775311632.4458008,1781,772,-2.3653,1.8279,-2.3653,1.8279,37.203
1775311632.5217626,1781,772,-2.3653,1.8279,-2.3653,1.8279,37.279
1775311632.5905116,1781,772,-2.3653,1.8279,-2.3653,1.8279,37.348
1775311632.663995,1781,772,-2.3653,1.8279,-2.3653,1.8279,37.421
1775311632.7441862,1781,772,-2.3653,1.8279,-2.3690,1.8263,37.501
1775311632.8168192,1781,772,-2.3653,1.8279,-2.3539,1.8328,37.574
1775311632.892113,1776,773,-2.3213,1.8470,-2.3326,1.8421,37.649
1775311632.9698682,1776,773,-2.3213,1.8470,-2.3175,1.8487,37.727
1775311633.041145,1776,773,-2.3213,1.8470,-2.3213,1.8470,37.798
1775311633.11154,1776,773,-2.3213,1.8470,-2.3213,1.8470,37.869
1775311633.1846461,1776,773,-2.3213,1.8470,-2.3213,1.8470,37.942
1775311633.25735,1776,773,-2.3213,1.8470,-2.3213,1.8470,38.014
1775311633.3276277,1776,773,-2.3213,1.8470,-2.3213,1.8470,38.085
1775311633.413418,1776,773,-2.3213,1.8470,-2.3213,1.8470,38.171
1775311633.483532,1776,773,-2.3213,1.8470,-2.3213,1.8470,38.241
1775311633.557562,1776,773,-2.3213,1.8470,-2.3213,1.8470,38.315
1775311633.628914,1776,773,-2.3213,1.8470,-2.3213,1.8470,38.386
1775311633.6996791,1776,773,-2.3213,1.8470,-2.3213,1.8470,38.457
1775311633.77131,1776,773,-2.3213,1.8470,-2.3213,1.8470,38.528
1775311633.851645,1776,773,-2.3213,1.8470,-2.3213,1.8470,38.609
1775311633.9225085,1776,773,-2.3213,1.8470,-2.3213,1.8470,38.680
1775311633.9927227,1776,773,-2.3213,1.8470,-2.3213,1.8470,38.750
1775311634.0631864,1776,773,-2.3213,1.8470,-2.3213,1.8470,38.820
1775311634.1367438,1776,773,-2.3213,1.8470,-2.3213,1.8470,38.894
1775311634.2059858,1776,773,-2.3213,1.8470,-2.3213,1.8470,38.963
1775311634.2879052,1776,773,-2.3213,1.8470,-2.3213,1.8470,39.045
1775311634.3575819,1776,773,-2.3213,1.8470,-2.3213,1.8470,39.115
1775311634.4317338,1776,773,-2.3213,1.8470,-2.3213,1.8470,39.189
1775311634.5044675,1776,773,-2.3213,1.8470,-2.3213,1.8470,39.262
1775311634.574358,1776,773,-2.3213,1.8470,-2.3213,1.8470,39.332
1775311634.6439903,1776,773,-2.3213,1.8470,-2.3213,1.8470,39.401
1775311634.7157435,1776,773,-2.3213,1.8470,-2.3213,1.8470,39.473
1775311634.790901,1776,773,-2.3213,1.8470,-2.3213,1.8470,39.548
1775311634.8612216,1776,773,-2.3213,1.8470,-2.3213,1.8470,39.618
1775311634.9387026,1776,773,-2.3213,1.8470,-2.3213,1.8470,39.696
1775311635.0135207,1776,773,-2.3213,1.8470,-2.3213,1.8470,39.771
1775311635.0855622,1776,773,-2.3213,1.8470,-2.3213,1.8470,39.843
1775311635.1565123,1776,773,-2.3213,1.8470,-2.3213,1.8470,39.914
1775311635.2301826,1776,773,-2.3213,1.8470,-2.3213,1.8470,39.987
1775311635.3028908,1776,773,-2.3213,1.8470,-2.3213,1.8470,40.060
1775311635.3736756,1776,773,-2.3213,1.8470,-2.3213,1.8470,40.131
1775311635.4443822,1776,773,-2.3213,1.8470,-2.3213,1.8470,40.202
1775311635.5180438,1776,773,-2.3213,1.8470,-2.3213,1.8470,40.275
1775311635.5893,1776,773,-2.3213,1.8470,-2.3213,1.8470,40.346
1775311635.660793,1776,773,-2.3213,1.8470,-2.3213,1.8470,40.418
1775311635.7365878,1776,773,-2.3213,1.8470,-2.3213,1.8470,40.494
1775311635.8067946,1776,773,-2.3213,1.8470,-2.3213,1.8470,40.564
1775311635.881838,1776,773,-2.3213,1.8470,-2.3213,1.8470,40.639
1775311635.9517124,1776,773,-2.3213,1.8470,-2.3213,1.8470,40.709
1775311636.0245292,1776,773,-2.3213,1.8470,-2.3213,1.8470,40.782
1775311636.096071,1776,773,-2.3213,1.8470,-2.3213,1.8470,40.853
1775311636.167194,1776,773,-2.3213,1.8470,-2.3213,1.8470,40.924
1775311636.2401917,1776,773,-2.3213,1.8470,-2.3213,1.8470,40.997
1775311636.3115022,1776,773,-2.3213,1.8470,-2.3213,1.8470,41.069
1775311636.3849108,1776,773,-2.3213,1.8470,-2.3213,1.8470,41.142
1775311636.4613352,1776,773,-2.3213,1.8470,-2.3213,1.8470,41.218
1775311636.5366595,1776,773,-2.3213,1.8470,-2.3213,1.8470,41.294
1775311636.6104891,1776,773,-2.3213,1.8470,-2.3213,1.8470,41.368
1775311636.6801095,1776,773,-2.3213,1.8470,-2.3213,1.8470,41.437
1775311636.7557778,1776,773,-2.3213,1.8470,-2.3213,1.8470,41.513
1775311636.8271677,1776,773,-2.3213,1.8470,-2.3213,1.8470,41.584
1775311636.9053433,1776,773,-2.3213,1.8470,-2.3213,1.8470,41.662
1775311636.9750903,1776,773,-2.3213,1.8470,-2.3213,1.8470,41.732
1775311637.0462685,1776,773,-2.3213,1.8470,-2.3213,1.8470,41.803
1775311637.1176841,1776,773,-2.3213,1.8470,-2.3213,1.8470,41.875
1775311637.1928864,1776,773,-2.3213,1.8470,-2.3213,1.8470,41.950
1775311637.2669554,1776,773,-2.3213,1.8470,-2.3213,1.8470,42.024
1775311637.3385768,1776,773,-2.3213,1.8470,-2.3213,1.8470,42.096
1775311637.4078422,1776,773,-2.3213,1.8470,-2.3213,1.8470,42.165
1775311637.484313,1776,773,-2.3213,1.8470,-2.3213,1.8470,42.241
1775311637.554401,1776,773,-2.3213,1.8470,-2.3213,1.8470,42.312
1775311637.6243443,1776,773,-2.3213,1.8470,-2.3213,1.8470,42.381
1775311637.6950595,1776,773,-2.3213,1.8470,-2.3213,1.8470,42.452
1775311637.7655997,1776,773,-2.3213,1.8470,-2.3213,1.8470,42.523
1775311637.8374844,1776,773,-2.3213,1.8470,-2.3213,1.8470,42.595
1775311637.9084783,1776,773,-2.3213,1.8470,-2.3213,1.8470,42.666
1775311637.9835544,1776,773,-2.3213,1.8470,-2.3213,1.8470,42.741
1775311638.0534263,1776,773,-2.3213,1.8470,-2.3213,1.8470,42.811
1775311638.1234322,1776,773,-2.3213,1.8470,-2.3213,1.8470,42.881
1775311638.2010756,1776,773,-2.3213,1.8470,-2.3213,1.8470,42.958
1775311638.277182,1776,773,-2.3213,1.8470,-2.3213,1.8470,43.034
1775311638.348077,1776,773,-2.3213,1.8470,-2.3213,1.8470,43.105
1775311638.4255252,1776,773,-2.3213,1.8470,-2.3213,1.8470,43.183
1775311638.4996676,1776,773,-2.3213,1.8470,-2.3213,1.8470,43.257
1775311638.5828576,1776,773,-2.3213,1.8470,-2.3086,1.8452,43.340
1775311638.6532874,1776,773,-2.3213,1.8470,-2.3592,1.8526,43.410
1775311638.72625,1780,773,-2.4690,1.8688,-2.4310,1.8632,43.483
1775311638.7985656,1780,773,-2.4690,1.8688,-2.4816,1.8706,43.556
1775311638.8837085,1780,773,-2.4690,1.8688,-2.4690,1.8688,43.641
1775311638.9519732,1780,773,-2.4690,1.8688,-2.4690,1.8688,43.709
1775311639.020833,1780,773,-2.4690,1.8688,-2.4690,1.8688,43.778
1775311639.0921988,1780,773,-2.4690,1.8688,-2.4690,1.8688,43.849
1775311639.1710439,1780,773,-2.4690,1.8688,-2.4690,1.8688,43.928
1775311639.2423654,1780,773,-2.4690,1.8688,-2.4690,1.8688,44.000
1775311639.318373,1780,773,-2.4690,1.8688,-2.4690,1.8688,44.076
1775311639.3898509,1780,773,-2.4690,1.8688,-2.4690,1.8688,44.147
1775311639.4669707,1780,773,-2.4690,1.8688,-2.4690,1.8688,44.224
1775311639.5482426,1780,773,-2.4690,1.8688,-2.4690,1.8688,44.305
1775311639.616906,1780,773,-2.4690,1.8688,-2.4690,1.8688,44.374
1775311639.691404,1780,773,-2.4690,1.8688,-2.4690,1.8688,44.449
1775311639.767357,1780,773,-2.4690,1.8688,-2.4690,1.8688,44.524
1775311639.848172,1780,773,-2.4690,1.8688,-2.4690,1.8688,44.605
1775311639.9234629,1780,773,-2.4690,1.8688,-2.4690,1.8688,44.681
1775311639.9955032,1780,773,-2.4690,1.8688,-2.4690,1.8688,44.753
1775311640.0754023,1780,773,-2.4690,1.8688,-2.4690,1.8688,44.833
1775311640.1460862,1780,773,-2.4690,1.8688,-2.4690,1.8688,44.903
1775311640.2197719,1780,773,-2.4690,1.8688,-2.4690,1.8688,44.977
1775311640.298306,1780,773,-2.4690,1.8688,-2.4690,1.8688,45.055
1775311640.3775885,1780,773,-2.4690,1.8688,-2.4690,1.8688,45.135
1775311640.4589615,1780,773,-2.4690,1.8688,-2.4690,1.8688,45.216
1775311640.532244,1780,773,-2.4690,1.8688,-2.4690,1.8688,45.289
1775311640.6065078,1780,773,-2.4690,1.8688,-2.4690,1.8688,45.364
1775311640.6792884,1780,773,-2.4690,1.8688,-2.4690,1.8688,45.436
1775311640.758901,1780,773,-2.4690,1.8688,-2.4690,1.8688,45.516
1775311640.8403103,1780,773,-2.4690,1.8688,-2.4690,1.8688,45.597
1775311640.9184535,1780,773,-2.4690,1.8688,-2.4690,1.8688,45.676
1775311640.9930422,1780,773,-2.4690,1.8688,-2.4690,1.8688,45.750
1775311641.0718713,1780,773,-2.4690,1.8688,-2.4690,1.8688,45.829
1775311641.1447961,1780,773,-2.4690,1.8688,-2.4690,1.8688,45.902
1775311641.2164388,1780,773,-2.4690,1.8688,-2.4690,1.8688,45.974
1775311641.2900643,1780,773,-2.4690,1.8688,-2.4690,1.8688,46.047
1775311641.367944,1780,773,-2.4690,1.8688,-2.4690,1.8688,46.125
1775311641.4396567,1780,773,-2.4690,1.8688,-2.4690,1.8688,46.197
1775311641.5129166,1780,773,-2.4690,1.8688,-2.4690,1.8688,46.270
1775311641.586286,1780,773,-2.4690,1.8688,-2.4690,1.8688,46.343
1775311641.6632783,1780,773,-2.4690,1.8688,-2.4690,1.8688,46.420
1775311641.7356615,1780,773,-2.4690,1.8688,-2.4690,1.8688,46.493
1775311641.80675,1780,773,-2.4690,1.8688,-2.4690,1.8688,46.564
1775311641.8818047,1780,773,-2.4690,1.8688,-2.4690,1.8688,46.639
1775311641.9530585,1780,773,-2.4690,1.8688,-2.4690,1.8688,46.710
1775311642.0366733,1780,773,-2.4690,1.8688,-2.4690,1.8688,46.794
1775311642.1101573,1780,773,-2.4690,1.8688,-2.4690,1.8688,46.867
1775311642.1830223,1780,773,-2.4690,1.8688,-2.4690,1.8688,46.940
1775311642.2583845,1780,773,-2.4690,1.8688,-2.4690,1.8688,47.016
1775311642.3387406,1780,773,-2.4690,1.8688,-2.4690,1.8688,47.096
1775311642.4111428,1780,773,-2.4690,1.8688,-2.4690,1.8688,47.168
1775311642.4842649,1780,773,-2.4690,1.8688,-2.4690,1.8688,47.241
1775311642.5606067,1780,773,-2.4690,1.8688,-2.4690,1.8688,47.318
1775311642.6428192,1780,773,-2.4690,1.8688,-2.4690,1.8688,47.400
1775311642.7148836,1780,773,-2.4690,1.8688,-2.4690,1.8688,47.472
1775311642.787432,1780,773,-2.4690,1.8688,-2.4690,1.8688,47.545
1775311642.866213,1780,773,-2.4690,1.8688,-2.4690,1.8688,47.623
1775311642.9408922,1780,773,-2.4690,1.8688,-2.4690,1.8688,47.698
1775311643.013077,1780,773,-2.4690,1.8688,-2.4690,1.8688,47.770
1775311643.0853302,1780,773,-2.4690,1.8688,-2.4690,1.8688,47.842
1775311643.1676583,1780,773,-2.4690,1.8688,-2.4690,1.8688,47.925
1775311643.2412322,1780,773,-2.4690,1.8688,-2.4690,1.8688,47.998
1775311643.3140428,1780,773,-2.4690,1.8688,-2.4690,1.8688,48.071
1775311643.385369,1780,773,-2.4690,1.8688,-2.4690,1.8688,48.143
1775311643.4588807,1780,773,-2.4690,1.8688,-2.4690,1.8688,48.216
1775311643.530665,1780,773,-2.4690,1.8688,-2.4690,1.8688,48.288
1775311643.6070602,1780,773,-2.4690,1.8688,-2.4690,1.8688,48.364
1775311643.6828337,1780,773,-2.4690,1.8688,-2.4690,1.8688,48.440
1775311643.7579644,1780,773,-2.4690,1.8688,-2.4690,1.8688,48.515
1775311643.8319314,1780,773,-2.4690,1.8688,-2.4690,1.8688,48.589
1775311643.9094336,1780,773,-2.4690,1.8688,-2.4690,1.8688,48.667
1775311643.9823875,1780,773,-2.4690,1.8688,-2.4690,1.8688,48.740
1775311644.0598214,1780,773,-2.4690,1.8688,-2.4690,1.8688,48.817
1775311644.14002,1780,773,-2.4690,1.8688,-2.4690,1.8688,48.897
1775311644.217438,1780,773,-2.4690,1.8688,-2.4690,1.8688,48.975
1775311644.291108,1780,773,-2.4690,1.8688,-2.4690,1.8688,49.048
1775311644.3649874,1780,773,-2.4690,1.8688,-2.4678,1.8691,49.122
1775311644.4393864,1780,773,-2.4690,1.8688,-2.4724,1.8678,49.197
1775311644.5150464,1783,772,-2.4824,1.8651,-2.4790,1.8660,49.272
1775311644.5891452,1783,772,-2.4824,1.8651,-2.4874,1.8638,49.346
1775311644.6637647,1783,772,-2.4824,1.8651,-2.4709,1.8679,49.421
1775311644.7390199,1773,775,-2.4375,1.8760,-2.4491,1.8732,49.496
1775311644.8141494,1773,775,-2.4375,1.8760,-2.4337,1.8769,49.571
1775311644.8909855,1773,775,-2.4375,1.8760,-2.4375,1.8760,49.648
1775311644.9688303,1773,775,-2.4375,1.8760,-2.4375,1.8760,49.726
1775311645.049278,1773,775,-2.4375,1.8760,-2.4375,1.8760,49.806
1775311645.1272078,1773,775,-2.4375,1.8760,-2.4375,1.8760,49.884
1775311645.2071333,1773,775,-2.4375,1.8760,-2.4375,1.8760,49.964
1775311645.2811925,1773,775,-2.4375,1.8760,-2.4375,1.8760,50.038
1775311645.3581061,1773,775,-2.4375,1.8760,-2.4375,1.8760,50.115
1775311645.441605,1773,775,-2.4375,1.8760,-2.4371,1.8759,50.199
1775311645.5144236,1773,775,-2.4375,1.8760,-2.4387,1.8760,50.272
1775311645.5886924,1774,775,-2.4421,1.8761,-2.4409,1.8761,50.346
1775311645.660974,1774,775,-2.4421,1.8761,-2.4425,1.8762,50.418
1775311645.7423193,1774,775,-2.4421,1.8761,-2.4421,1.8761,50.499
1775311645.818558,1774,775,-2.4421,1.8761,-2.4421,1.8761,50.576
1775311645.897613,1774,775,-2.4421,1.8761,-2.4421,1.8761,50.655
1775311645.9854195,1774,775,-2.4421,1.8761,-2.4421,1.8761,50.743
1775311646.0563164,1774,775,-2.4421,1.8761,-2.4421,1.8761,50.813
1775311646.1274164,1774,775,-2.4421,1.8761,-2.4421,1.8761,50.885
1775311646.2143953,1774,775,-2.4421,1.8761,-2.4421,1.8761,50.972
1775311646.289067,1774,775,-2.4421,1.8761,-2.4421,1.8761,51.046
1775311646.3615644,1774,775,-2.4421,1.8761,-2.4421,1.8761,51.119
1775311646.4361434,1774,775,-2.4421,1.8761,-2.4421,1.8761,51.193
1775311646.5099008,1774,775,-2.4421,1.8761,-2.4421,1.8761,51.267
1775311646.5827427,1774,775,-2.4421,1.8761,-2.4421,1.8761,51.340
1775311646.6614494,1774,775,-2.4421,1.8761,-2.4421,1.8761,51.419
1775311646.7370846,1774,775,-2.4421,1.8761,-2.4421,1.8761,51.494
1775311646.8110812,1774,775,-2.4421,1.8761,-2.4421,1.8761,51.568
1775311646.891314,1774,775,-2.4421,1.8761,-2.4421,1.8761,51.648
1775311646.9667351,1774,775,-2.4421,1.8761,-2.4421,1.8761,51.724
1775311647.040167,1774,775,-2.4421,1.8761,-2.4421,1.8761,51.797
1775311647.1143634,1774,775,-2.4421,1.8761,-2.4421,1.8761,51.872
1775311647.1944711,1774,775,-2.4421,1.8761,-2.4421,1.8761,51.952
1775311647.2746484,1774,775,-2.4421,1.8761,-2.4421,1.8761,52.032
1775311647.3474736,1774,775,-2.4421,1.8761,-2.4421,1.8761,52.105
1775311647.4208012,1774,775,-2.4421,1.8761,-2.4421,1.8761,52.178
1775311647.4939885,1774,775,-2.4421,1.8761,-2.4421,1.8761,52.251
1775311647.568205,1774,775,-2.4421,1.8761,-2.4421,1.8761,52.325
1775311647.6468887,1774,775,-2.4421,1.8761,-2.4370,1.8770,52.404
1775311647.7215521,1774,775,-2.4421,1.8761,-2.4616,1.8735,52.479
1775311647.799952,1774,775,-2.5011,1.8659,-2.4728,1.8686,52.557
1775311647.8675458,1774,775,-2.4501,1.8662,-2.4683,1.8652,52.625
1775311647.9342632,1774,775,-2.4501,1.8662,-2.4457,1.8662,52.691
1775311648.0084302,1774,775,-2.4501,1.8662,-2.4619,1.8672,52.766
1775311648.080855,1774,775,-2.4501,1.8662,-2.4028,1.8622,52.838
1775311648.1570888,1774,775,-2.3122,1.8546,-2.3949,1.8615,52.914
1775311648.2241232,1774,775,-2.4501,1.8662,-2.3673,1.8592,52.981
1775311648.2927198,1774,775,-2.3122,1.8546,-2.3594,1.8586,53.050
1775311648.3641896,1774,775,-2.3122,1.8546,-2.3003,1.8536,53.121
1775311648.4400272,1774,775,-2.3122,1.8546,-2.3122,1.8546,53.197
1775311648.5119846,1774,775,-2.3122,1.8546,-2.3003,1.8536,53.269
1775311648.5896876,1774,775,-2.3122,1.8546,-2.3476,1.8576,53.347
1775311648.655555,1774,775,-2.4501,1.8662,-2.4146,1.8632,53.413
1775311648.7277124,1774,775,-2.4501,1.8662,-2.4619,1.8672,53.485
1775311648.7955923,1774,775,-2.4501,1.8662,-2.4501,1.8662,53.553
1775311648.8746524,1774,775,-2.4501,1.8662,-2.4619,1.8672,53.632
1775311648.941045,1774,775,-2.4501,1.8662,-2.4146,1.8632,53.698
1775311649.0093253,1774,775,-2.3122,1.8546,-2.3476,1.8576,53.766
1775311649.0809944,1774,775,-2.3122,1.8546,-2.3003,1.8536,53.838
1775311649.1500413,1774,775,-2.3122,1.8546,-2.3122,1.8546,53.907
1775311649.221373,1774,775,-2.3122,1.8546,-2.3122,1.8546,53.979
1775311649.291385,1774,775,-2.3122,1.8546,-2.3122,1.8546,54.049
1775311649.3609464,1774,775,-2.3122,1.8546,-2.3122,1.8546,54.118
1775311649.4302998,1774,775,-2.3122,1.8546,-2.3122,1.8546,54.187
1775311649.5049055,1774,775,-2.3122,1.8546,-2.3003,1.8536,54.262
1775311649.5791864,1774,775,-2.3122,1.8546,-2.3594,1.8586,54.336
1775311649.6496675,1774,775,-2.4501,1.8662,-2.3792,1.8602,54.407
1775311649.7210042,1774,775,-2.3122,1.8546,-2.3594,1.8586,54.478
1775311649.7920775,1774,775,-2.3122,1.8546,-2.3003,1.8536,54.549
1775311649.8613255,1774,775,-2.3122,1.8546,-2.3122,1.8546,54.618
1775311649.9311442,1774,775,-2.3122,1.8546,-2.3122,1.8546,54.688
1775311649.9999788,1774,775,-2.3122,1.8546,-2.3122,1.8546,54.757
1775311650.0707896,1774,775,-2.3122,1.8546,-2.3122,1.8546,54.828
1775311650.1422648,1774,775,-2.3122,1.8546,-2.3122,1.8546,54.899
1775311650.213932,1774,775,-2.3122,1.8546,-2.3122,1.8546,54.971
1775311650.2924094,1774,775,-2.3122,1.8546,-2.3122,1.8546,55.050
1775311650.3670635,1774,775,-2.3122,1.8546,-2.3122,1.8546,55.124
1775311650.439789,1774,775,-2.3122,1.8546,-2.3122,1.8546,55.197
1775311650.5176065,1774,775,-2.3122,1.8546,-2.3429,1.8699,55.275
1775311650.5939019,1774,775,-2.3122,1.8546,-2.2198,1.8086,55.351
1775311650.6650484,1783,771,-1.9529,1.6755,-2.0453,1.7216,55.422
1775311650.7362654,1783,771,-1.9529,1.6755,-1.9221,1.6602,55.493
1775311650.807725,1783,771,-1.9529,1.6755,-1.9529,1.6755,55.565
1775311650.8855805,1783,771,-1.9529,1.6755,-1.9529,1.6755,55.643
1775311650.9635096,1783,771,-1.9529,1.6755,-1.9529,1.6755,55.721
1775311651.0345838,1783,771,-1.9529,1.6755,-1.9529,1.6755,55.792
1775311651.112973,1783,771,-1.9529,1.6755,-1.9529,1.6755,55.870
1775311651.1874774,1783,771,-1.9529,1.6755,-1.9529,1.6755,55.945
1775311651.26889,1783,771,-1.9529,1.6755,-1.9529,1.6755,56.026
1775311651.3402615,1783,771,-1.9529,1.6755,-1.9529,1.6755,56.097
1775311651.4168904,1783,771,-1.9529,1.6755,-1.9529,1.6755,56.174
1775311651.4867039,1783,771,-1.9529,1.6755,-1.9529,1.6755,56.244
1775311651.5629823,1783,771,-1.9529,1.6755,-1.9529,1.6755,56.320
1775311651.6372855,1783,771,-1.9529,1.6755,-1.9529,1.6755,56.394
1775311651.7170203,1783,771,-1.9529,1.6755,-1.9529,1.6755,56.474
1775311651.7874682,1783,771,-1.9529,1.6755,-1.9529,1.6755,56.545
1775311651.8607392,1783,771,-1.9529,1.6755,-1.9532,1.6752,56.618
1775311651.9381254,1783,771,-1.9529,1.6755,-1.9521,1.6764,56.695
1775311652.009778,1782,772,-1.9496,1.6790,-1.9505,1.6781,56.767
1775311652.0802796,1782,772,-1.9496,1.6790,-1.9493,1.6793,56.837
1775311652.1565154,1782,772,-1.9496,1.6790,-1.9496,1.6790,56.914
1775311652.2272782,1782,772,-1.9496,1.6790,-1.9496,1.6790,56.984
1775311652.2997038,1782,772,-1.9496,1.6790,-1.9496,1.6790,57.057
1775311652.3700697,1782,772,-1.9496,1.6790,-1.9496,1.6790,57.127
1775311652.4469032,1782,772,-1.9496,1.6790,-1.9496,1.6790,57.204
1775311652.5172315,1782,772,-1.9496,1.6790,-1.9496,1.6790,57.274
1775311652.598009,1782,772,-1.9496,1.6790,-1.9496,1.6790,57.355
1775311652.6795623,1782,772,-1.9496,1.6790,-1.9496,1.6790,57.437
1775311652.7614946,1782,772,-1.9496,1.6790,-1.9496,1.6790,57.519
1775311652.832789,1782,772,-1.9496,1.6790,-1.9496,1.6790,57.590
1775311652.9078202,1782,772,-1.9496,1.6790,-1.9496,1.6790,57.665
1775311652.9798734,1782,772,-1.9496,1.6790,-1.9496,1.6790,57.737
1775311653.0548682,1782,772,-1.9496,1.6790,-1.9496,1.6790,57.812
1775311653.1255682,1782,772,-1.9496,1.6790,-1.9496,1.6790,57.883
1775311653.1983461,1782,772,-1.9496,1.6790,-1.9496,1.6790,57.955
1775311653.2703302,1782,772,-1.9496,1.6790,-1.9496,1.6790,58.027
1775311653.342321,1782,772,-1.9496,1.6790,-1.9496,1.6790,58.099
1775311653.4155111,1782,772,-1.9496,1.6790,-1.9496,1.6790,58.173
1775311653.486803,1782,772,-1.9496,1.6790,-1.9496,1.6790,58.244
1775311653.5606914,1782,772,-1.9496,1.6790,-1.9496,1.6790,58.318
1775311653.6369753,1782,772,-1.9496,1.6790,-1.9496,1.6790,58.394
1775311653.705894,1782,772,-1.9496,1.6790,-1.9496,1.6790,58.463
1775311653.7792337,1782,772,-1.9496,1.6790,-1.9496,1.6790,58.536
1775311653.8576183,1782,772,-1.9496,1.6790,-1.9496,1.6790,58.615
1775311653.9316404,1782,772,-1.9496,1.6790,-1.9496,1.6790,58.689
1775311654.0090876,1782,772,-1.9496,1.6790,-1.9496,1.6790,58.766
1775311654.0856717,1782,772,-1.9496,1.6790,-1.9496,1.6790,58.843
1775311654.1582065,1782,772,-1.9496,1.6790,-1.9496,1.6790,58.915
1775311654.228905,1782,772,-1.9496,1.6790,-1.9496,1.6790,58.986
1775311654.2997034,1782,772,-1.9496,1.6790,-1.9496,1.6790,59.057
1775311654.3732245,1782,772,-1.9496,1.6790,-1.9496,1.6790,59.130
1775311654.445165,1782,772,-1.9496,1.6790,-1.9496,1.6790,59.202
1775311654.516615,1782,772,-1.9496,1.6790,-1.9496,1.6790,59.274
1775311654.5905771,1782,772,-1.9496,1.6790,-1.9496,1.6790,59.348
1775311654.6612236,1782,772,-1.9496,1.6790,-1.9496,1.6790,59.418
1775311654.7362602,1782,772,-1.9496,1.6790,-1.9496,1.6790,59.493
1775311654.8114865,1782,772,-1.9496,1.6790,-1.9496,1.6790,59.569
1775311654.8891397,1782,772,-1.9496,1.6790,-1.9496,1.6790,59.646
1775311654.961849,1782,772,-1.9496,1.6790,-1.9496,1.6790,59.719
1775311655.0311153,1782,772,-1.9496,1.6790,-1.9496,1.6790,59.788
1775311655.1024873,1782,772,-1.9496,1.6790,-1.9496,1.6790,59.860
1775311655.1737788,1782,772,-1.9496,1.6790,-1.9496,1.6790,59.931
1775311655.245439,1782,772,-1.9496,1.6790,-1.9496,1.6790,60.003
1775311655.316292,1782,772,-1.9496,1.6790,-1.9496,1.6790,60.073
1775311655.3857555,1782,772,-1.9496,1.6790,-1.9496,1.6790,60.143
1775311655.4592447,1782,772,-1.9496,1.6790,-1.9496,1.6790,60.216
1775311655.5314348,1782,772,-1.9496,1.6790,-1.9496,1.6790,60.289
1775311655.602401,1782,772,-1.9496,1.6790,-1.9496,1.6790,60.360
1775311655.6804948,1782,772,-1.9496,1.6790,-1.9496,1.6790,60.438
1775311655.754984,1782,772,-1.9496,1.6790,-1.9496,1.6790,60.512
1775311655.8267727,1782,772,-1.9496,1.6790,-1.9496,1.6790,60.584
1775311655.902448,1782,772,-1.9496,1.6790,-1.9496,1.6790,60.660
1775311655.9724798,1782,772,-1.9496,1.6790,-1.9496,1.6790,60.730
1775311656.0433636,1782,772,-1.9496,1.6790,-1.9496,1.6790,60.801
1775311656.1137803,1782,772,-1.9496,1.6790,-1.9496,1.6790,60.871
1775311656.1892905,1782,772,-1.9496,1.6790,-1.9496,1.6790,60.946
1775311656.2606544,1782,772,-1.9496,1.6790,-1.9496,1.6790,61.018
1775311656.332033,1782,772,-1.9496,1.6790,-1.9496,1.6790,61.089
1775311656.401539,1782,772,-1.9496,1.6790,-1.9499,1.6793,61.159
1775311656.4718318,1782,772,-1.9496,1.6790,-1.9488,1.6781,61.229
1775311656.5704877,1781,771,-1.9464,1.6756,-1.9472,1.6765,61.328
1775311656.6492956,1781,771,-1.9464,1.6756,-1.9461,1.6753,61.406
1775311656.7270002,1781,771,-1.9464,1.6756,-1.9464,1.6756,61.484
1775311656.8004432,1781,771,-1.9464,1.6756,-1.9464,1.6756,61.558
1775311656.8782043,1781,771,-1.9464,1.6756,-1.9464,1.6756,61.635
1775311656.9516745,1781,771,-1.9464,1.6756,-1.9464,1.6756,61.709
1775311657.0274277,1781,771,-1.9464,1.6756,-1.9466,1.6756,61.785
1775311657.1011896,1781,771,-1.9464,1.6756,-1.9455,1.6756,61.858
1775311657.1808164,1780,771,-1.9431,1.6757,-1.9439,1.6757,61.938
1775311657.2623384,1780,771,-1.9431,1.6757,-1.9428,1.6757,62.019
1775311657.3351474,1780,771,-1.9431,1.6757,-1.9431,1.6757,62.092
1775311657.4132757,1780,771,-1.9431,1.6757,-1.9431,1.6757,62.170
1775311657.4989815,1780,771,-1.9431,1.6757,-1.9431,1.6757,62.256
1775311657.57345,1780,771,-1.9431,1.6757,-1.9431,1.6757,62.331
1775311657.6537185,1780,771,-1.9431,1.6757,-1.9431,1.6757,62.411
1775311657.7274928,1780,771,-1.9431,1.6757,-1.9431,1.6757,62.485
1775311657.8101747,1780,771,-1.9431,1.6757,-1.9431,1.6757,62.567
1775311657.8837821,1780,771,-1.9431,1.6757,-1.9431,1.6757,62.641
1775311657.9572868,1780,771,-1.9431,1.6757,-1.9431,1.6757,62.714
1775311658.028289,1780,771,-1.9431,1.6757,-1.9431,1.6757,62.785
1775311658.1015499,1780,771,-1.9431,1.6757,-1.9431,1.6757,62.859
1775311658.1828763,1780,771,-1.9431,1.6757,-1.9431,1.6757,62.940
1775311658.2580755,1780,771,-1.9431,1.6757,-1.9431,1.6757,63.015
1775311658.3306036,1780,771,-1.9431,1.6757,-1.9431,1.6757,63.088
1775311658.405577,1780,771,-1.9431,1.6757,-1.9431,1.6757,63.163
1775311658.4857635,1780,771,-1.9431,1.6757,-1.9431,1.6757,63.243
1775311658.5600405,1780,771,-1.9431,1.6757,-1.9428,1.6757,63.317
1775311658.633057,1780,771,-1.9431,1.6757,-1.9439,1.6757,63.390
1775311658.703816,1781,771,-1.9464,1.6756,-1.9455,1.6756,63.461
1775311658.778566,1781,771,-1.9464,1.6756,-1.9466,1.6756,63.536
1775311658.8592207,1781,771,-1.9464,1.6756,-1.9464,1.6756,63.616
1775311658.9347227,1781,771,-1.9464,1.6756,-1.9464,1.6756,63.692
1775311659.0090203,1781,771,-1.9464,1.6756,-1.9464,1.6756,63.766
1775311659.091071,1781,771,-1.9464,1.6756,-1.9464,1.6756,63.848
1775311659.1654782,1781,771,-1.9464,1.6756,-1.9464,1.6756,63.923
1775311659.2378423,1781,771,-1.9464,1.6756,-1.9464,1.6756,63.995
1775311659.3096771,1781,771,-1.9464,1.6756,-1.9464,1.6756,64.067
1775311659.390572,1781,771,-1.9464,1.6756,-1.9464,1.6756,64.148
1775311659.468796,1781,771,-1.9464,1.6756,-1.9464,1.6756,64.226
1775311659.545168,1781,771,-1.9464,1.6756,-1.9464,1.6756,64.302
1775311659.6207578,1781,771,-1.9464,1.6756,-1.9464,1.6756,64.378
1775311659.6938214,1781,771,-1.9464,1.6756,-1.9464,1.6756,64.451
1775311659.7675395,1781,771,-1.9464,1.6756,-1.9464,1.6756,64.525
1775311659.8468351,1781,771,-1.9464,1.6756,-1.9464,1.6756,64.604
1775311659.9206553,1781,771,-1.9464,1.6756,-1.9464,1.6756,64.678
1775311659.9989731,1781,771,-1.9464,1.6756,-1.9464,1.6756,64.756
1775311660.0731497,1781,771,-1.9464,1.6756,-1.9464,1.6756,64.830
1775311660.1476777,1781,771,-1.9464,1.6756,-1.9464,1.6756,64.905
1775311660.2270975,1781,771,-1.9464,1.6756,-1.9464,1.6756,64.984
1775311660.301141,1781,771,-1.9464,1.6756,-1.9464,1.6756,65.058
1775311660.3756702,1781,771,-1.9464,1.6756,-1.9464,1.6756,65.133
1775311660.4479835,1781,771,-1.9464,1.6756,-1.9464,1.6756,65.205
1775311660.5251431,1781,771,-1.9464,1.6756,-1.9464,1.6756,65.282
1775311660.5982869,1781,771,-1.9464,1.6756,-1.9464,1.6756,65.355
1775311660.6756582,1781,771,-1.9464,1.6756,-1.9464,1.6756,65.433
1775311660.7489018,1781,771,-1.9464,1.6756,-1.9464,1.6756,65.506
1775311660.8224041,1781,771,-1.9464,1.6756,-1.9464,1.6756,65.580
1775311660.900004,1781,771,-1.9464,1.6756,-1.9464,1.6756,65.657
1775311660.9731784,1781,771,-1.9464,1.6756,-1.9464,1.6756,65.730
1775311661.0491312,1781,771,-1.9464,1.6756,-1.9464,1.6756,65.806
1775311661.1230128,1781,771,-1.9464,1.6756,-1.9464,1.6756,65.880
1775311661.195468,1781,771,-1.9464,1.6756,-1.9464,1.6756,65.953
1775311661.273068,1781,771,-1.9464,1.6756,-1.9464,1.6756,66.030
1775311661.3453166,1781,771,-1.9464,1.6756,-1.9464,1.6756,66.102
1775311661.4195755,1781,771,-1.9464,1.6756,-1.9464,1.6756,66.177
1775311661.498527,1781,771,-1.9464,1.6756,-1.9464,1.6756,66.256
1775311661.5733237,1781,771,-1.9464,1.6756,-1.9464,1.6756,66.330
1775311661.6471367,1781,771,-1.9464,1.6756,-1.9464,1.6756,66.404
1775311661.7265124,1781,771,-1.9464,1.6756,-1.9464,1.6756,66.484
1775311661.8072703,1781,771,-1.9464,1.6756,-1.9464,1.6756,66.564
1775311661.8823187,1781,771,-1.9464,1.6756,-1.9464,1.6756,66.639
1775311661.9662387,1781,771,-1.9464,1.6756,-1.9464,1.6756,66.723
1775311662.0456834,1781,771,-1.9464,1.6756,-1.9464,1.6756,66.803
1775311662.122367,1781,771,-1.9464,1.6756,-1.9464,1.6756,66.880
1775311662.1979148,1781,771,-1.9464,1.6756,-1.9464,1.6756,66.955
1775311662.275154,1781,771,-1.9464,1.6756,-1.9464,1.6756,67.032
1775311662.3588865,1781,771,-1.9464,1.6756,-1.9464,1.6756,67.116
1775311662.4350445,1781,771,-1.9464,1.6756,-1.9464,1.6756,67.192
1775311662.507979,1781,771,-1.9464,1.6756,-1.9115,1.6611,67.265
1775311662.5812957,1781,771,-1.9464,1.6756,-2.0508,1.7190,67.338
1775311662.654239,1783,772,-2.3527,1.8444,-2.2482,1.8010,67.411
1775311662.7332118,1783,772,-2.3527,1.8444,-2.3875,1.8589,67.490
1775311662.8051589,1783,772,-2.3527,1.8444,-2.3527,1.8444,67.562
1775311662.8794415,1783,772,-2.3527,1.8444,-2.3527,1.8444,67.637
1775311662.9539216,1783,772,-2.3527,1.8444,-2.3527,1.8444,67.711
1775311663.0269918,1783,772,-2.3527,1.8444,-2.3527,1.8444,67.784
1775311663.099463,1783,772,-2.3527,1.8444,-2.3527,1.8444,67.857
1775311663.1713426,1783,772,-2.3527,1.8444,-2.3527,1.8444,67.928
1775311663.2436872,1783,772,-2.3527,1.8444,-2.3527,1.8444,68.001
1775311663.3160765,1783,772,-2.3527,1.8444,-2.3527,1.8444,68.073
1775311663.3876674,1783,772,-2.3527,1.8444,-2.3527,1.8444,68.145
1775311663.4611282,1783,772,-2.3527,1.8444,-2.3527,1.8444,68.218
1775311663.5330632,1783,772,-2.3527,1.8444,-2.3527,1.8444,68.290
1775311663.6184866,1783,772,-2.3527,1.8444,-2.3527,1.8444,68.376
1775311663.6905386,1783,772,-2.3527,1.8444,-2.3527,1.8444,68.448
1775311663.762978,1783,772,-2.3527,1.8444,-2.3527,1.8444,68.520
1775311663.8357453,1783,772,-2.3527,1.8444,-2.3527,1.8444,68.593
1775311663.909755,1783,772,-2.3527,1.8444,-2.3527,1.8444,68.667
1775311663.9855607,1783,772,-2.3527,1.8444,-2.3527,1.8444,68.743
1775311664.058549,1783,772,-2.3527,1.8444,-2.3527,1.8444,68.816
1775311664.13252,1783,772,-2.3527,1.8444,-2.3527,1.8444,68.890
1775311664.211737,1783,772,-2.3527,1.8444,-2.3527,1.8444,68.969
1775311664.2848253,1783,772,-2.3527,1.8444,-2.3527,1.8444,69.042
1775311664.3561373,1783,772,-2.3527,1.8444,-2.3527,1.8444,69.113
1775311664.4290667,1783,772,-2.3527,1.8444,-2.3527,1.8444,69.186
1775311664.501767,1783,772,-2.3527,1.8444,-2.3527,1.8444,69.259
1775311664.5782132,1783,772,-2.3527,1.8444,-2.3527,1.8444,69.335
1775311664.649803,1783,772,-2.3527,1.8444,-2.3527,1.8444,69.407
1775311664.7229474,1783,772,-2.3527,1.8444,-2.3527,1.8444,69.480
1775311664.8047895,1783,772,-2.3527,1.8444,-2.3527,1.8444,69.562
1775311664.8795614,1783,772,-2.3527,1.8444,-2.3527,1.8444,69.637
1775311664.9568665,1783,772,-2.3527,1.8444,-2.3527,1.8444,69.714
1775311665.034045,1783,772,-2.3527,1.8444,-2.3527,1.8444,69.791
1775311665.103982,1783,772,-2.3527,1.8444,-2.3527,1.8444,69.861
1775311665.178275,1783,772,-2.3527,1.8444,-2.3527,1.8444,69.935
1775311665.2547631,1783,772,-2.3527,1.8444,-2.3527,1.8444,70.012
1775311665.3301666,1783,772,-2.3527,1.8444,-2.3527,1.8444,70.087
1775311665.403283,1783,772,-2.3527,1.8444,-2.3527,1.8444,70.160
1775311665.4788551,1783,772,-2.3527,1.8444,-2.3527,1.8444,70.236
1775311665.550632,1783,772,-2.3527,1.8444,-2.3527,1.8444,70.308
1775311665.6252704,1783,772,-2.3527,1.8444,-2.3527,1.8444,70.382
1775311665.7003262,1783,772,-2.3527,1.8444,-2.3527,1.8444,70.457
1775311665.7765267,1783,772,-2.3527,1.8444,-2.3527,1.8444,70.534
1775311665.856709,1783,772,-2.3527,1.8444,-2.3527,1.8444,70.614
1775311665.9375992,1783,772,-2.3527,1.8444,-2.3527,1.8444,70.695
1775311666.0100129,1783,772,-2.3527,1.8444,-2.3527,1.8444,70.767
1775311666.0832765,1783,772,-2.3527,1.8444,-2.3527,1.8444,70.840
1775311666.1611793,1783,772,-2.3527,1.8444,-2.3527,1.8444,70.918
1775311666.2339182,1783,772,-2.3527,1.8444,-2.3527,1.8444,70.991
1775311666.306248,1783,772,-2.3527,1.8444,-2.3527,1.8444,71.063
1775311666.3967967,1783,772,-2.3527,1.8444,-2.3527,1.8444,71.154
1775311666.5191305,1783,772,-2.3527,1.8444,-2.3527,1.8444,71.276
1775311666.6137848,1783,772,-2.3527,1.8444,-2.3527,1.8444,71.371
1775311666.6937108,1783,772,-2.3527,1.8444,-2.3527,1.8444,71.451
1775311666.7744124,1783,772,-2.3527,1.8444,-2.3527,1.8444,71.532
1775311666.8518298,1783,772,-2.3527,1.8444,-2.3527,1.8444,71.609
1775311666.9303312,1783,772,-2.3527,1.8444,-2.3527,1.8444,71.687
1775311667.0096056,1783,772,-2.3527,1.8444,-2.3527,1.8444,71.767
1775311667.0994034,1783,772,-2.3527,1.8444,-2.3527,1.8444,71.857
1775311667.172182,1783,772,-2.3527,1.8444,-2.3527,1.8444,71.929
1775311667.2460184,1783,772,-2.3527,1.8444,-2.3527,1.8444,72.003
1775311667.3190165,1783,772,-2.3527,1.8444,-2.3527,1.8444,72.076
1775311667.391027,1783,772,-2.3527,1.8444,-2.3527,1.8444,72.148
1775311667.4658642,1783,772,-2.3527,1.8444,-2.3527,1.8444,72.223
1775311667.535358,1783,772,-2.3527,1.8444,-2.3527,1.8444,72.293
1775311667.6063457,1783,772,-2.3527,1.8444,-2.3527,1.8444,72.363
1775311667.6791432,1783,772,-2.3527,1.8444,-2.3527,1.8444,72.436
1775311667.7502275,1783,772,-2.3527,1.8444,-2.3527,1.8444,72.507
1775311667.8239398,1783,772,-2.3527,1.8444,-2.3527,1.8444,72.581
1775311667.8959851,1783,772,-2.3527,1.8444,-2.3527,1.8444,72.653
1775311667.9679883,1783,772,-2.3527,1.8444,-2.3527,1.8444,72.725
1775311668.0408254,1783,772,-2.3527,1.8444,-2.3527,1.8444,72.798
1775311668.1117532,1783,772,-2.3527,1.8444,-2.3527,1.8444,72.869
1775311668.1828175,1783,772,-2.3527,1.8444,-2.3527,1.8444,72.940
1775311668.2522907,1783,772,-2.3527,1.8444,-2.3527,1.8444,73.009
1775311668.327823,1783,772,-2.3527,1.8444,-2.3527,1.8444,73.085
1775311668.402344,1783,772,-2.3527,1.8444,-2.3527,1.8444,73.159
1775311668.4835365,1783,772,-2.3527,1.8444,-2.3527,1.8444,73.241
1775311668.5562572,1783,772,-2.3527,1.8444,-2.3421,1.8435,73.313
1775311668.6332488,1783,772,-2.3527,1.8444,-2.3843,1.8472,73.390
1775311668.6996253,1779,772,-2.4757,1.8551,-2.4441,1.8523,73.457
1775311668.7667801,1779,772,-2.4757,1.8551,-2.4862,1.8560,73.524
1775311668.835298,1779,772,-2.4757,1.8551,-2.4757,1.8551,73.592
1775311668.9064922,1779,772,-2.4757,1.8551,-2.4757,1.8551,73.664
1775311668.977929,1779,772,-2.4757,1.8551,-2.4757,1.8551,73.735
1775311669.047984,1779,772,-2.4757,1.8551,-2.4757,1.8551,73.805
1775311669.1196673,1779,772,-2.4757,1.8551,-2.4757,1.8551,73.877
1775311669.1871886,1779,772,-2.4757,1.8551,-2.4757,1.8551,73.944
1775311669.2543874,1779,772,-2.4757,1.8551,-2.4757,1.8551,74.012
1775311669.3218932,1779,772,-2.4757,1.8551,-2.4757,1.8551,74.079
1775311669.3893473,1779,772,-2.4757,1.8551,-2.4757,1.8551,74.146
1775311669.4584134,1779,772,-2.4757,1.8551,-2.4757,1.8551,74.216
1775311669.5298715,1779,772,-2.4757,1.8551,-2.4757,1.8551,74.287
1775311669.5974076,1779,772,-2.4757,1.8551,-2.4757,1.8551,74.355
1775311669.6759315,1779,772,-2.4757,1.8551,-2.4757,1.8551,74.433
1775311669.7478576,1779,772,-2.4757,1.8551,-2.4757,1.8551,74.505
1775311669.8198304,1779,772,-2.4757,1.8551,-2.4757,1.8551,74.577
1775311669.8876948,1779,772,-2.4757,1.8551,-2.4757,1.8551,74.645
1775311669.9606948,1779,772,-2.4757,1.8551,-2.4757,1.8551,74.718
1775311670.0351307,1779,772,-2.4757,1.8551,-2.4757,1.8551,74.792
1775311670.1136622,1779,772,-2.4757,1.8551,-2.4757,1.8551,74.871
1775311670.1797192,1779,772,-2.4757,1.8551,-2.4757,1.8551,74.937
1775311670.2475915,1779,772,-2.4757,1.8551,-2.4757,1.8551,75.005
1775311670.3140352,1779,772,-2.4757,1.8551,-2.4757,1.8551,75.071
1775311670.3829103,1779,772,-2.4757,1.8551,-2.4757,1.8551,75.140
1775311670.4499865,1779,772,-2.4757,1.8551,-2.4757,1.8551,75.207
1775311670.5251803,1779,772,-2.4757,1.8551,-2.4757,1.8551,75.282
1775311670.5960858,1779,772,-2.4757,1.8551,-2.4757,1.8551,75.353
1775311670.6688926,1779,772,-2.4757,1.8551,-2.4757,1.8551,75.426
1775311670.7359593,1779,772,-2.4757,1.8551,-2.4757,1.8551,75.493
1775311670.803144,1779,772,-2.4757,1.8551,-2.4757,1.8551,75.560
1775311670.8701918,1779,772,-2.4757,1.8551,-2.4757,1.8551,75.627
1775311670.941005,1779,772,-2.4757,1.8551,-2.4757,1.8551,75.698
1775311671.011785,1779,772,-2.4757,1.8551,-2.4757,1.8551,75.769
1775311671.084999,1779,772,-2.4757,1.8551,-2.4757,1.8551,75.842
1775311671.1559691,1779,772,-2.4757,1.8551,-2.4757,1.8551,75.913
1775311671.2232592,1779,772,-2.4757,1.8551,-2.4757,1.8551,75.980
1775311671.2910266,1779,772,-2.4757,1.8551,-2.4757,1.8551,76.048
1775311671.364556,1779,772,-2.4757,1.8551,-2.4757,1.8551,76.122
1775311671.43243,1779,772,-2.4757,1.8551,-2.4757,1.8551,76.190
1775311671.497153,1779,772,-2.4757,1.8551,-2.4757,1.8551,76.254
1775311671.5644765,1779,772,-2.4757,1.8551,-2.4757,1.8551,76.322
1775311671.632893,1779,772,-2.4757,1.8551,-2.4757,1.8551,76.390
1775311671.7015927,1779,772,-2.4757,1.8551,-2.4757,1.8551,76.459
1775311671.769743,1779,772,-2.4757,1.8551,-2.4757,1.8551,76.527
1775311671.8375766,1779,772,-2.4757,1.8551,-2.4757,1.8551,76.595
1775311671.9032578,1779,772,-2.4757,1.8551,-2.4757,1.8551,76.660
1775311671.9691381,1779,772,-2.4757,1.8551,-2.4757,1.8551,76.726
1775311672.036492,1779,772,-2.4757,1.8551,-2.4757,1.8551,76.794
1775311672.1028962,1779,772,-2.4757,1.8551,-2.4757,1.8551,76.860
1775311672.1711316,1779,772,-2.4757,1.8551,-2.4757,1.8551,76.928
1775311672.238292,1779,772,-2.4757,1.8551,-2.4757,1.8551,76.995
1775311672.3053207,1779,772,-2.4757,1.8551,-2.4757,1.8551,77.062
1775311672.3730829,1779,772,-2.4757,1.8551,-2.4757,1.8551,77.130
1775311672.4397132,1779,772,-2.4757,1.8551,-2.4757,1.8551,77.197
1775311672.5070045,1779,772,-2.4757,1.8551,-2.4757,1.8551,77.264
1775311672.582029,1779,772,-2.4757,1.8551,-2.4757,1.8551,77.339
1775311672.6534753,1779,772,-2.4757,1.8551,-2.4757,1.8551,77.411
1775311672.719418,1779,772,-2.4757,1.8551,-2.4757,1.8551,77.477
1775311672.787444,1779,772,-2.4757,1.8551,-2.4757,1.8551,77.545
1775311672.8544014,1779,772,-2.4757,1.8551,-2.4757,1.8551,77.612
1775311672.920158,1779,772,-2.4757,1.8551,-2.4757,1.8551,77.677
1775311672.987068,1779,772,-2.4757,1.8551,-2.4757,1.8551,77.744
1775311673.0530922,1779,772,-2.4757,1.8551,-2.4753,1.8551,77.810
1775311673.11964,1779,772,-2.4757,1.8551,-2.4770,1.8551,77.877
1775311673.186382,1780,772,-2.4807,1.8553,-2.4794,1.8552,77.944
1775311673.2605016,1780,772,-2.4807,1.8553,-2.4811,1.8553,78.018
1775311673.3280566,1780,772,-2.4807,1.8553,-2.4807,1.8553,78.085
1775311673.4020216,1780,772,-2.4807,1.8553,-2.4807,1.8553,78.159
1775311673.4674356,1780,772,-2.4807,1.8553,-2.4807,1.8553,78.225
1775311673.533884,1780,772,-2.4807,1.8553,-2.4807,1.8553,78.291
1775311673.6101522,1780,772,-2.4807,1.8553,-2.4807,1.8553,78.367
1775311673.6794174,1780,772,-2.4807,1.8553,-2.4807,1.8553,78.437
1775311673.7468002,1780,772,-2.4807,1.8553,-2.4807,1.8553,78.504
1775311673.8141189,1780,772,-2.4807,1.8553,-2.4807,1.8553,78.571
1775311673.880748,1780,772,-2.4807,1.8553,-2.4807,1.8553,78.638
1775311673.952572,1780,772,-2.4807,1.8553,-2.4807,1.8553,78.710
1775311674.0252006,1780,772,-2.4807,1.8553,-2.4807,1.8553,78.782
1775311674.0907161,1780,772,-2.4807,1.8553,-2.4879,1.8570,78.848
1775311674.1610465,1780,772,-2.4807,1.8553,-2.4591,1.8502,78.918
1775311674.229116,1782,772,-2.3968,1.8356,-2.4184,1.8407,78.986
1775311674.2951114,1782,772,-2.3968,1.8356,-2.3896,1.8339,79.052
1775311674.3696392,1782,772,-2.3968,1.8356,-2.3968,1.8356,79.127
1775311674.4451587,1782,772,-2.3968,1.8356,-2.3968,1.8356,79.202
1775311674.5134828,1782,772,-2.3968,1.8356,-2.3968,1.8356,79.271
1775311674.584935,1782,772,-2.3968,1.8356,-2.3968,1.8356,79.342
1775311674.652843,1782,772,-2.3968,1.8356,-2.3968,1.8356,79.410
1775311674.7212443,1782,772,-2.3968,1.8356,-2.3968,1.8356,79.478
1775311674.787123,1782,772,-2.3968,1.8356,-2.3968,1.8356,79.544
1775311674.8536654,1782,772,-2.3968,1.8356,-2.3968,1.8356,79.611
1775311674.9222126,1782,772,-2.3968,1.8356,-2.3968,1.8356,79.679
1775311674.9923928,1782,772,-2.3968,1.8356,-2.3968,1.8356,79.750
1775311675.0653088,1782,772,-2.3968,1.8356,-2.3968,1.8356,79.822
1775311675.1316624,1782,772,-2.3968,1.8356,-2.3968,1.8356,79.889
1775311675.1988125,1782,772,-2.3968,1.8356,-2.3968,1.8356,79.956
1775311675.2649724,1782,772,-2.3968,1.8356,-2.3968,1.8356,80.022
1775311675.3328943,1782,772,-2.3968,1.8356,-2.3968,1.8356,80.090
1775311675.4064767,1782,772,-2.3968,1.8356,-2.3968,1.8356,80.164
1775311675.477457,1782,772,-2.3968,1.8356,-2.3968,1.8356,80.235
1775311675.5467834,1782,772,-2.3968,1.8356,-2.3968,1.8356,80.304
1775311675.6211925,1782,772,-2.3968,1.8356,-2.3968,1.8356,80.378
1775311675.687459,1782,772,-2.3968,1.8356,-2.3968,1.8356,80.445
1775311675.7550387,1782,772,-2.3968,1.8356,-2.3968,1.8356,80.512
1775311675.8242617,1782,772,-2.3968,1.8356,-2.3968,1.8356,80.581
1775311675.8931131,1782,772,-2.3968,1.8356,-2.3968,1.8356,80.650
1775311675.9624114,1782,772,-2.3968,1.8356,-2.3968,1.8356,80.720
1775311676.0370271,1782,772,-2.3968,1.8356,-2.3968,1.8356,80.794
1775311676.1045284,1782,772,-2.3968,1.8356,-2.3968,1.8356,80.862
1775311676.1716802,1782,772,-2.3968,1.8356,-2.4344,1.8472,80.929
1775311676.2380362,1782,772,-2.3968,1.8356,-2.2570,1.7927,80.995
1775311676.3130147,1782,772,-1.9578,1.6997,-2.1513,1.7586,81.070
1775311676.378343,1782,772,-2.2713,1.7929,-2.1531,1.7573,81.135
1775311676.4428108,1782,772,-2.2713,1.7929,-2.2982,1.8009,81.200
1775311676.506867,1782,772,-2.2713,1.7929,-2.2713,1.7929,81.264
1775311676.5746484,1782,772,-2.2713,1.7929,-2.2713,1.7929,81.332
1775311676.6413043,1782,772,-2.2713,1.7929,-2.2713,1.7929,81.398
1775311676.7115324,1782,772,-2.2713,1.7929,-2.2713,1.7929,81.469
1775311676.7762113,1782,772,-2.2713,1.7929,-2.2713,1.7929,81.533
1775311676.8395684,1782,772,-2.2713,1.7929,-2.2713,1.7929,81.597
1775311676.904652,1782,772,-2.2713,1.7929,-2.2713,1.7929,81.662
1775311676.9717562,1782,772,-2.2713,1.7929,-2.2713,1.7929,81.729
1775311677.0371516,1782,772,-2.2713,1.7929,-2.2713,1.7929,81.794
1775311677.1002681,1782,772,-2.2713,1.7929,-2.2713,1.7929,81.857
1775311677.1636312,1782,772,-2.2713,1.7929,-2.2713,1.7929,81.921
1775311677.228875,1782,772,-2.2713,1.7929,-2.2713,1.7929,81.986
1775311677.291978,1782,772,-2.2713,1.7929,-2.2713,1.7929,82.049
1775311677.3544765,1782,772,-2.2713,1.7929,-2.2787,1.7949,82.112
1775311677.4215167,1782,772,-2.2713,1.7929,-2.2494,1.7868,82.179
1775311677.4844742,1782,772,-2.1859,1.7692,-2.2078,1.7753,82.242
1775311677.5479734,1782,772,-2.1859,1.7692,-2.1785,1.7671,82.305
1775311677.6197622,1782,772,-2.1859,1.7692,-2.1859,1.7692,82.377
1775311677.6876562,1782,772,-2.1859,1.7692,-2.1859,1.7692,82.445
1775311677.749267,1782,772,-2.1859,1.7692,-2.1859,1.7692,82.506
1775311677.8130596,1782,772,-2.1859,1.7692,-2.1859,1.7692,82.570
1775311677.8773718,1782,772,-2.1859,1.7692,-2.1859,1.7692,82.635
1775311677.9428105,1782,772,-2.1859,1.7692,-2.1859,1.7692,82.700
1775311678.0047646,1782,772,-2.1859,1.7692,-2.1859,1.7692,82.762
1775311678.070024,1782,772,-2.1859,1.7692,-2.1859,1.7692,82.827
1775311678.1401112,1782,772,-2.1859,1.7692,-2.1859,1.7692,82.897
1775311678.2081866,1782,772,-2.1859,1.7692,-2.1859,1.7692,82.965
1775311678.2716255,1782,772,-2.1859,1.7692,-2.1859,1.7692,83.029
1775311678.342909,1782,772,-2.1859,1.7692,-2.1859,1.7692,83.100
1775311678.4100525,1782,772,-2.1859,1.7692,-2.1859,1.7692,83.167
1775311678.4750016,1782,772,-2.1859,1.7692,-2.1859,1.7692,83.232
1775311678.5375996,1782,772,-2.1859,1.7692,-2.1859,1.7692,83.295
1775311678.6072433,1782,772,-2.1859,1.7692,-2.1859,1.7692,83.364
1775311678.6742613,1782,772,-2.1859,1.7692,-2.1859,1.7692,83.431
1775311678.7435815,1782,772,-2.1859,1.7692,-2.1859,1.7692,83.501
1775311678.8073254,1782,772,-2.1859,1.7692,-2.1859,1.7692,83.564
1775311678.8712137,1782,772,-2.1859,1.7692,-2.1859,1.7692,83.628
1775311678.9393826,1782,772,-2.1859,1.7692,-2.1859,1.7692,83.697
1775311679.006038,1782,772,-2.1859,1.7692,-2.1859,1.7692,83.763
1775311679.06959,1782,772,-2.1859,1.7692,-2.1591,1.7582,83.827
1775311679.145262,1782,772,-2.1859,1.7692,-2.2661,1.8020,83.902
1775311679.2175226,1782,772,-2.4980,1.8968,-2.4178,1.8640,83.975
1775311679.291413,1782,772,-2.4980,1.8968,-2.5248,1.9078,84.049
1775311679.362936,1782,772,-2.4980,1.8968,-2.4980,1.8968,84.120
1775311679.434226,1782,772,-2.4980,1.8968,-2.4980,1.8968,84.191
1775311679.5129075,1782,772,-2.4980,1.8968,-2.4995,1.9004,84.270
1775311679.5838637,1782,772,-2.4980,1.8968,-2.4936,1.8862,84.341
1775311679.657579,1780,772,-2.4807,1.8553,-2.4851,1.8660,84.415
1775311679.729725,1780,772,-2.4807,1.8553,-2.4792,1.8517,84.487
1775311679.801981,1780,772,-2.4807,1.8553,-2.4807,1.8553,84.559
1775311679.8685076,1780,772,-2.4807,1.8553,-2.4807,1.8553,84.626
1775311679.9419417,1780,772,-2.4807,1.8553,-2.4807,1.8553,84.699
1775311680.0199778,1780,772,-2.4807,1.8553,-2.4807,1.8553,84.777
1775311680.0898888,1780,772,-2.4807,1.8553,-2.4807,1.8553,84.847
1775311680.164975,1780,772,-2.4807,1.8553,-2.4807,1.8553,84.922
1775311680.236687,1780,772,-2.4807,1.8553,-2.4807,1.8553,84.994
1775311680.3060455,1780,772,-2.4807,1.8553,-2.4807,1.8553,85.063
1775311680.3732104,1780,772,-2.4807,1.8553,-2.4807,1.8553,85.130
1775311680.4419866,1780,772,-2.4807,1.8553,-2.4807,1.8553,85.199
1775311680.5097399,1780,772,-2.4807,1.8553,-2.4807,1.8553,85.267
1775311680.5778704,1780,772,-2.4807,1.8553,-2.4807,1.8553,85.335
1775311680.6526048,1780,772,-2.4807,1.8553,-2.4807,1.8553,85.410
1775311680.7234154,1780,772,-2.4807,1.8553,-2.4807,1.8553,85.481
1775311680.7970889,1780,772,-2.4807,1.8553,-2.4807,1.8553,85.554
1775311680.869765,1780,772,-2.4807,1.8553,-2.4807,1.8553,85.627
1775311680.9381258,1780,772,-2.4807,1.8553,-2.4807,1.8553,85.695
1775311681.0074694,1780,772,-2.4807,1.8553,-2.4807,1.8553,85.765
1775311681.0760722,1780,772,-2.4807,1.8553,-2.4807,1.8553,85.833
1775311681.1443481,1780,772,-2.4807,1.8553,-2.4807,1.8553,85.901
1775311681.211375,1780,772,-2.4807,1.8553,-2.4807,1.8553,85.969
1775311681.2838664,1780,772,-2.4807,1.8553,-2.4807,1.8553,86.041
1775311681.3526933,1780,772,-2.4807,1.8553,-2.4807,1.8553,86.110
1775311681.4247608,1780,772,-2.4807,1.8553,-2.4807,1.8553,86.182
1775311681.4960124,1780,772,-2.4807,1.8553,-2.4807,1.8553,86.253
1775311681.5662432,1780,772,-2.4807,1.8553,-2.4807,1.8553,86.323
1775311681.637577,1780,772,-2.4807,1.8553,-2.4807,1.8553,86.395
1775311681.7160716,1780,772,-2.4807,1.8553,-2.4807,1.8553,86.473
1775311681.785172,1780,772,-2.4807,1.8553,-2.4807,1.8553,86.542
1775311681.858451,1780,772,-2.4807,1.8553,-2.4807,1.8553,86.616
1775311681.9346476,1780,772,-2.4807,1.8553,-2.4807,1.8553,86.692
1775311682.0217245,1780,772,-2.4807,1.8553,-2.4807,1.8553,86.779
1775311682.108032,1780,772,-2.4807,1.8553,-2.4807,1.8553,86.865
1775311682.203794,1780,772,-2.4807,1.8553,-2.4807,1.8553,86.961
1775311682.2847044,1780,772,-2.4807,1.8553,-2.4807,1.8553,87.042
1775311682.3595858,1780,772,-2.4807,1.8553,-2.4807,1.8553,87.117
1775311682.430786,1780,772,-2.4807,1.8553,-2.4807,1.8553,87.188
1775311682.5036016,1780,772,-2.4807,1.8553,-2.4807,1.8553,87.261
1775311682.5721767,1780,772,-2.4807,1.8553,-2.4807,1.8553,87.329
1775311682.6380823,1780,772,-2.4807,1.8553,-2.4807,1.8553,87.395
1775311682.711499,1780,772,-2.4807,1.8553,-2.4807,1.8553,87.469
1775311682.7871275,1780,772,-2.4807,1.8553,-2.4807,1.8553,87.544
1775311682.856772,1780,772,-2.4807,1.8553,-2.4807,1.8553,87.614
1775311682.927837,1780,772,-2.4807,1.8553,-2.4807,1.8553,87.685
1775311683.003714,1780,772,-2.4807,1.8553,-2.4807,1.8553,87.761
1775311683.0749369,1780,772,-2.4807,1.8553,-2.4807,1.8553,87.832
1775311683.1413157,1780,772,-2.4807,1.8553,-2.4807,1.8553,87.898
1775311683.2101247,1780,772,-2.4807,1.8553,-2.4807,1.8553,87.967
1775311683.2769947,1780,772,-2.4807,1.8553,-2.4807,1.8553,88.034
1775311683.3447351,1780,772,-2.4807,1.8553,-2.4807,1.8553,88.102
1775311683.413252,1780,772,-2.4807,1.8553,-2.4807,1.8553,88.170
1775311683.4817638,1780,772,-2.4807,1.8553,-2.4807,1.8553,88.239
1775311683.551248,1780,772,-2.4807,1.8553,-2.4807,1.8553,88.308
1775311683.6183574,1780,772,-2.4807,1.8553,-2.4807,1.8553,88.375
1775311683.6861842,1780,772,-2.4807,1.8553,-2.4807,1.8553,88.443
1775311683.756126,1780,772,-2.4807,1.8553,-2.4807,1.8553,88.513
1775311683.8319829,1780,772,-2.4807,1.8553,-2.4807,1.8553,88.589
1775311683.899855,1780,772,-2.4807,1.8553,-2.4807,1.8553,88.657
1775311683.9681852,1780,772,-2.4807,1.8553,-2.4807,1.8553,88.725
1775311684.038556,1780,772,-2.4807,1.8553,-2.4807,1.8553,88.796
1775311684.1085286,1780,772,-2.4807,1.8553,-2.4807,1.8553,88.866
1775311684.175253,1780,772,-2.4807,1.8553,-2.4807,1.8553,88.932
1775311684.2422056,1780,772,-2.4807,1.8553,-2.4807,1.8553,88.999
1775311684.31302,1780,772,-2.4807,1.8553,-2.4807,1.8553,89.070
1775311684.3799906,1780,772,-2.4807,1.8553,-2.4807,1.8553,89.137
1775311684.4459229,1780,772,-2.4807,1.8553,-2.4807,1.8553,89.203
1775311684.514357,1780,772,-2.4807,1.8553,-2.4807,1.8553,89.271
1775311684.5892298,1780,772,-2.4807,1.8553,-2.4807,1.8553,89.346
1775311684.6571574,1780,772,-2.4807,1.8553,-2.4807,1.8553,89.414
1775311684.7236128,1780,772,-2.4807,1.8553,-2.4807,1.8553,89.481
1775311684.7901478,1780,772,-2.4807,1.8553,-2.4807,1.8553,89.547
1775311684.854682,1780,772,-2.4807,1.8553,-2.4807,1.8553,89.612
1775311684.9226105,1780,772,-2.4807,1.8553,-2.4807,1.8553,89.680
1775311684.988992,1780,772,-2.4807,1.8553,-2.4807,1.8553,89.746
1775311685.0569754,1780,772,-2.4807,1.8553,-2.4807,1.8553,89.814
1775311685.1287682,1780,772,-2.4807,1.8553,-2.4807,1.8553,89.886
1775311685.197674,1780,772,-2.4807,1.8553,-2.4803,1.8553,89.955
1775311685.2650511,1780,772,-2.4807,1.8553,-2.4820,1.8554,90.022
1775311685.3323224,1781,772,-2.4857,1.8555,-2.4844,1.8555,90.089
1775311685.3996153,1781,772,-2.4857,1.8555,-2.4861,1.8555,90.157
1775311685.471628,1781,772,-2.4857,1.8555,-2.4857,1.8555,90.229
1775311685.5396726,1781,772,-2.4857,1.8555,-2.4857,1.8555,90.297
1775311685.6084907,1781,772,-2.4857,1.8555,-2.4857,1.8555,90.366
1775311685.6748788,1781,772,-2.4857,1.8555,-2.4857,1.8555,90.432
1775311685.7426171,1781,772,-2.4857,1.8555,-2.4857,1.8555,90.500
1775311685.8168786,1781,772,-2.4857,1.8555,-2.4857,1.8555,90.574
1775311685.8857434,1781,772,-2.4857,1.8555,-2.4857,1.8555,90.643
1775311685.951309,1781,772,-2.4857,1.8555,-2.4857,1.8555,90.708
1775311686.0196261,1781,772,-2.4857,1.8555,-2.4857,1.8555,90.777
1775311686.0866344,1781,772,-2.4857,1.8555,-2.4857,1.8555,90.844
1775311686.1540153,1781,772,-2.4857,1.8555,-2.4857,1.8555,90.911
1775311686.2205138,1781,772,-2.4857,1.8555,-2.4857,1.8555,90.978
1775311686.2867017,1781,772,-2.4857,1.8555,-2.4857,1.8555,91.044
1775311686.3580792,1781,772,-2.4857,1.8555,-2.4857,1.8555,91.115
1775311686.4293983,1781,772,-2.4857,1.8555,-2.4857,1.8555,91.187
1775311686.4949732,1781,772,-2.4857,1.8555,-2.4857,1.8555,91.252
1775311686.5617282,1781,772,-2.4857,1.8555,-2.4857,1.8555,91.319
1775311686.6303828,1781,772,-2.4857,1.8555,-2.4857,1.8555,91.388
1775311686.695838,1781,772,-2.4857,1.8555,-2.4857,1.8555,91.453
1775311686.7635012,1781,772,-2.4857,1.8555,-2.4857,1.8555,91.521
1775311686.8305247,1781,772,-2.4857,1.8555,-2.4857,1.8555,91.588
1775311686.8956423,1781,772,-2.4857,1.8555,-2.4857,1.8555,91.653
1775311686.964055,1781,772,-2.4857,1.8555,-2.4857,1.8555,91.721
1775311687.0332816,1781,772,-2.4857,1.8555,-2.4857,1.8555,91.790
1775311687.101176,1781,772,-2.4857,1.8555,-2.4857,1.8555,91.858
1775311687.1786692,1781,772,-2.4857,1.8555,-2.4857,1.8555,91.936
1775311687.2489963,1781,772,-2.4857,1.8555,-2.4857,1.8555,92.006
1775311687.3153684,1781,772,-2.4857,1.8555,-2.4857,1.8555,92.073
1775311687.3830707,1781,772,-2.4857,1.8555,-2.4857,1.8555,92.140
1775311687.4570394,1781,772,-2.4857,1.8555,-2.4857,1.8555,92.214
1775311687.530035,1781,772,-2.4857,1.8555,-2.4857,1.8555,92.287
1775311687.6002297,1781,772,-2.4857,1.8555,-2.4857,1.8555,92.357
1775311687.6751294,1781,772,-2.4857,1.8555,-2.4857,1.8555,92.432
1775311687.7486844,1781,772,-2.4857,1.8555,-2.4857,1.8555,92.506
1775311687.8203037,1781,772,-2.4857,1.8555,-2.4857,1.8555,92.577
1775311687.892694,1781,772,-2.4857,1.8555,-2.4857,1.8555,92.650
1775311687.9658716,1781,772,-2.4857,1.8555,-2.4857,1.8555,92.723
1775311688.034666,1781,772,-2.4857,1.8555,-2.4857,1.8555,92.792
1775311688.102925,1781,772,-2.4857,1.8555,-2.4857,1.8555,92.860
1775311688.1787102,1781,772,-2.4857,1.8555,-2.4857,1.8555,92.936
1775311688.2478104,1781,772,-2.4857,1.8555,-2.4857,1.8555,93.005
1775311688.3210077,1781,772,-2.4857,1.8555,-2.4857,1.8555,93.078
1775311688.3880363,1781,772,-2.4857,1.8555,-2.4857,1.8555,93.145
1775311688.4587257,1781,772,-2.4857,1.8555,-2.4857,1.8555,93.216
1775311688.532972,1781,772,-2.4857,1.8555,-2.4857,1.8555,93.290
1775311688.6020386,1781,772,-2.4857,1.8555,-2.4857,1.8555,93.359
1775311688.6694403,1781,772,-2.4857,1.8555,-2.4857,1.8555,93.427
1775311688.7447035,1781,772,-2.4857,1.8555,-2.4857,1.8555,93.502
1775311688.8165643,1781,772,-2.4857,1.8555,-2.4857,1.8555,93.574
1775311688.8917785,1781,772,-2.4857,1.8555,-2.4857,1.8555,93.649
1775311688.9605598,1781,772,-2.4857,1.8555,-2.4857,1.8555,93.718
1775311689.028378,1781,772,-2.4857,1.8555,-2.4857,1.8555,93.786
1775311689.0952485,1781,772,-2.4857,1.8555,-2.4857,1.8555,93.852
1775311689.1628935,1781,772,-2.4857,1.8555,-2.4857,1.8555,93.920
1775311689.2321854,1781,772,-2.4857,1.8555,-2.4857,1.8555,93.989
1775311689.300136,1781,772,-2.4857,1.8555,-2.4857,1.8555,94.057
1775311689.369728,1781,772,-2.4857,1.8555,-2.4857,1.8555,94.127
1775311689.4440649,1781,772,-2.4857,1.8555,-2.4857,1.8555,94.201
1775311689.5165474,1781,772,-2.4857,1.8555,-2.4857,1.8555,94.274
1775311689.5867987,1781,772,-2.4857,1.8555,-2.4857,1.8555,94.344
1775311689.6536844,1781,772,-2.4857,1.8555,-2.4857,1.8555,94.411
1775311689.7199652,1781,772,-2.4857,1.8555,-2.4857,1.8555,94.477
1775311689.7863834,1781,772,-2.4857,1.8555,-2.4857,1.8555,94.544
1775311689.853225,1781,772,-2.4857,1.8555,-2.4857,1.8555,94.610
1775311689.924834,1781,772,-2.4857,1.8555,-2.4857,1.8555,94.682
1775311690.010618,1781,772,-2.4857,1.8555,-2.4857,1.8555,94.768
1775311690.0811694,1781,772,-2.4857,1.8555,-2.4857,1.8555,94.838
1775311690.1570237,1781,772,-2.4857,1.8555,-2.4857,1.8555,94.914
1775311690.2361643,1781,772,-2.4857,1.8555,-2.4857,1.8555,94.993
1775311690.3047051,1781,772,-2.4857,1.8555,-2.4857,1.8555,95.062
1775311690.376637,1781,772,-2.4857,1.8555,-2.4857,1.8555,95.134
1775311690.4462943,1781,772,-2.4857,1.8555,-2.4857,1.8555,95.203
1775311690.5175495,1781,772,-2.4857,1.8555,-2.4857,1.8555,95.275
1775311690.5876956,1781,772,-2.4857,1.8555,-2.4857,1.8555,95.345
1775311690.6616337,1781,772,-2.4857,1.8555,-2.4857,1.8555,95.419
1775311690.7330768,1781,772,-2.4857,1.8555,-2.4857,1.8555,95.490
1775311690.8076816,1781,772,-2.4857,1.8555,-2.4982,1.8565,95.565
1775311690.8792498,1781,772,-2.4857,1.8555,-2.4480,1.8525,95.636
1775311690.9625235,1780,772,-2.3392,1.8438,-2.3769,1.8468,95.720
1775311691.074117,1780,772,-2.3392,1.8438,-2.3267,1.8428,95.831
1775311691.1872985,1780,772,-2.3392,1.8438,-2.3392,1.8438,95.944
1775311691.3056402,1780,772,-2.3392,1.8438,-2.3392,1.8438,96.063
1775311691.4165552,1780,772,-2.3392,1.8438,-2.3392,1.8438,96.174
1775311691.489798,1780,772,-2.3392,1.8438,-2.3392,1.8438,96.247
1775311691.5630252,1780,772,-2.3392,1.8438,-2.3392,1.8438,96.320
1775311691.6386995,1780,772,-2.3392,1.8438,-2.3392,1.8438,96.396
1775311691.7137675,1780,772,-2.3392,1.8438,-2.3392,1.8438,96.471
1775311691.785975,1780,772,-2.3392,1.8438,-2.3392,1.8438,96.543
1775311691.863691,1780,772,-2.3392,1.8438,-2.3392,1.8438,96.621
1775311691.9397402,1780,772,-2.3392,1.8438,-2.3392,1.8438,96.697
1775311692.0164914,1780,772,-2.3392,1.8438,-2.3392,1.8438,96.774
1775311692.098056,1780,772,-2.3392,1.8438,-2.3392,1.8438,96.855
1775311692.1740406,1780,772,-2.3392,1.8438,-2.3392,1.8438,96.931
1775311692.2503982,1780,772,-2.3392,1.8438,-2.3392,1.8438,97.008
1775311692.3381174,1780,772,-2.3392,1.8438,-2.3392,1.8438,97.095
1775311692.450028,1780,772,-2.3392,1.8438,-2.3392,1.8438,97.207
1775311692.5454526,1780,772,-2.3392,1.8438,-2.3392,1.8438,97.303
1775311692.6343303,1780,772,-2.3392,1.8438,-2.3392,1.8438,97.391
1775311692.7124612,1780,772,-2.3392,1.8438,-2.3392,1.8438,97.470
1775311692.798519,1780,772,-2.3392,1.8438,-2.3392,1.8438,97.556
1775311692.8864942,1780,772,-2.3392,1.8438,-2.3392,1.8438,97.644
1775311692.9689202,1780,772,-2.3392,1.8438,-2.3392,1.8438,97.726
1775311693.0412083,1780,772,-2.3392,1.8438,-2.3392,1.8438,97.798
1775311693.1184967,1780,772,-2.3392,1.8438,-2.3392,1.8438,97.876
1775311693.191187,1780,772,-2.3392,1.8438,-2.3392,1.8438,97.948
1775311693.268335,1780,772,-2.3392,1.8438,-2.3392,1.8438,98.025
1775311693.3395402,1780,772,-2.3392,1.8438,-2.3392,1.8438,98.097
1775311693.412395,1780,772,-2.3392,1.8438,-2.3392,1.8438,98.170
1775311693.4877512,1780,772,-2.3392,1.8438,-2.3392,1.8438,98.245
1775311693.5597246,1780,772,-2.3392,1.8438,-2.3392,1.8438,98.317
1775311693.6329901,1780,772,-2.3392,1.8438,-2.3392,1.8438,98.390
1775311693.701673,1780,772,-2.3392,1.8438,-2.3392,1.8438,98.459
1775311693.7738812,1780,772,-2.3392,1.8438,-2.3392,1.8438,98.531
1775311693.849404,1780,772,-2.3392,1.8438,-2.3392,1.8438,98.607
1775311693.921346,1780,772,-2.3392,1.8438,-2.3392,1.8438,98.678
1775311694.0000904,1780,772,-2.3392,1.8438,-2.3392,1.8438,98.757
1775311694.0726464,1780,772,-2.3392,1.8438,-2.3392,1.8438,98.830
1775311694.1462524,1780,772,-2.3392,1.8438,-2.3392,1.8438,98.903
1775311694.225068,1780,772,-2.3392,1.8438,-2.3392,1.8438,98.982
1775311694.3039906,1780,772,-2.3392,1.8438,-2.3392,1.8438,99.061
1775311694.3771946,1780,772,-2.3392,1.8438,-2.3392,1.8438,99.134
1775311694.4561598,1780,772,-2.3392,1.8438,-2.3392,1.8438,99.213
1775311694.5327406,1780,772,-2.3392,1.8438,-2.3392,1.8438,99.290
1775311694.6032758,1780,772,-2.3392,1.8438,-2.3392,1.8438,99.360
1775311694.6758833,1780,772,-2.3392,1.8438,-2.3392,1.8438,99.433
1775311694.7480729,1780,772,-2.3392,1.8438,-2.3392,1.8438,99.505
1775311694.8206487,1780,772,-2.3392,1.8438,-2.3392,1.8438,99.578
1775311694.8934572,1780,772,-2.3392,1.8438,-2.3392,1.8438,99.651
1775311694.9677136,1780,772,-2.3392,1.8438,-2.3392,1.8438,99.725
1775311695.0406744,1780,772,-2.3392,1.8438,-2.3392,1.8438,99.798
1775311695.1128101,1780,772,-2.3392,1.8438,-2.3392,1.8438,99.870
1775311695.185934,1780,772,-2.3392,1.8438,-2.3392,1.8438,99.943
1775311695.2782474,1780,772,-2.3392,1.8438,-2.3392,1.8438,100.035
1775311695.3512976,1780,772,-2.3392,1.8438,-2.3392,1.8438,100.108
1775311695.4296744,1780,772,-2.3392,1.8438,-2.3392,1.8438,100.187
1775311695.5010383,1780,772,-2.3392,1.8438,-2.3392,1.8438,100.258
1775311695.5789196,1780,772,-2.3392,1.8438,-2.3392,1.8438,100.336
1775311695.6513922,1780,772,-2.3392,1.8438,-2.3392,1.8438,100.409
1775311695.7372828,1780,772,-2.3392,1.8438,-2.3392,1.8438,100.494
1775311695.8170588,1780,772,-2.3392,1.8438,-2.3392,1.8438,100.574
1775311695.8948064,1780,772,-2.3392,1.8438,-2.3392,1.8438,100.652
1775311695.9763167,1780,772,-2.3392,1.8438,-2.3392,1.8438,100.733
1775311696.0619893,1780,772,-2.3392,1.8438,-2.3392,1.8438,100.819
1775311696.1395028,1780,772,-2.3392,1.8438,-2.3392,1.8438,100.897
1775311696.2245505,1780,772,-2.3392,1.8438,-2.3392,1.8438,100.982
1775311696.3138714,1780,772,-2.3392,1.8438,-2.3392,1.8438,101.071
1775311696.3926682,1780,772,-2.3392,1.8438,-2.3392,1.8438,101.150
1775311696.4700007,1780,772,-2.3392,1.8438,-2.3392,1.8438,101.227
1775311696.5452592,1780,772,-2.3392,1.8438,-2.3392,1.8438,101.302
1775311696.621884,1780,772,-2.3392,1.8438,-2.3392,1.8438,101.379
1775311696.7047167,1780,772,-2.3392,1.8438,-2.3392,1.8438,101.462
1775311696.784028,1780,772,-2.3392,1.8438,-2.3392,1.8438,101.541
1775311696.8676286,1780,772,-2.3392,1.8438,-2.3392,1.8438,101.625
1775311696.9551497,1780,772,-2.3392,1.8438,-2.3392,1.8438,101.712
1775311697.0351126,1780,772,-2.3392,1.8438,-2.3392,1.8438,101.792
1775311697.121658,1780,772,-2.3392,1.8438,-2.3392,1.8438,101.879
1775311697.1989675,1780,772,-2.3392,1.8438,-2.3636,1.8528,101.956
1775311697.2736273,1780,772,-2.3392,1.8438,-2.2663,1.8171,102.031
1775311697.3463066,1776,774,-2.0555,1.7398,-2.1285,1.7665,102.103
1775311697.416855,1776,774,-2.0555,1.7398,-2.0312,1.7308,102.174
1775311697.4944723,1776,774,-2.0555,1.7398,-2.0555,1.7398,102.252
1775311697.575088,1776,774,-2.0555,1.7398,-2.0555,1.7398,102.332
1775311697.6580534,1776,774,-2.0555,1.7398,-2.0555,1.7398,102.415
1775311697.7382054,1776,774,-2.0555,1.7398,-2.0555,1.7398,102.495
1775311697.8123279,1776,774,-2.0555,1.7398,-2.0555,1.7398,102.569
1775311697.886144,1776,774,-2.0555,1.7398,-2.0555,1.7398,102.643
1775311697.9572716,1776,774,-2.0555,1.7398,-2.0555,1.7398,102.714
1775311698.0331664,1776,774,-2.0555,1.7398,-2.0555,1.7398,102.790
1775311698.102015,1776,774,-2.0555,1.7398,-2.0555,1.7398,102.859
1775311698.1777625,1776,774,-2.0555,1.7398,-2.0555,1.7398,102.935
1775311698.2455328,1776,774,-2.0555,1.7398,-2.0555,1.7398,103.003
1775311698.3168097,1776,774,-2.0555,1.7398,-2.0555,1.7398,103.074
1775311698.3891017,1776,774,-2.0555,1.7398,-2.0555,1.7398,103.146
1775311698.4672103,1776,774,-2.0555,1.7398,-2.0555,1.7398,103.224
1775311698.542601,1776,774,-2.0555,1.7398,-2.0555,1.7398,103.300
1775311698.6129923,1776,774,-2.0555,1.7398,-2.0555,1.7398,103.370
1775311698.6820068,1776,774,-2.0555,1.7398,-2.0555,1.7398,103.439
1775311698.7561707,1776,774,-2.0555,1.7398,-2.0555,1.7398,103.513
1775311698.8283966,1776,774,-2.0555,1.7398,-2.0555,1.7398,103.586
1775311698.8954587,1776,774,-2.0555,1.7398,-2.0555,1.7398,103.653
1775311698.9695761,1776,774,-2.0555,1.7398,-2.0555,1.7398,103.727
1775311699.0392728,1776,774,-2.0555,1.7398,-2.0555,1.7398,103.796
1775311699.1212723,1776,774,-2.0555,1.7398,-2.0555,1.7398,103.878
1775311699.1914608,1776,774,-2.0555,1.7398,-2.0555,1.7398,103.949
1775311699.264483,1776,774,-2.0555,1.7398,-2.0555,1.7398,104.022
1775311699.333959,1776,774,-2.0555,1.7398,-2.0555,1.7398,104.091
1775311699.4090757,1776,774,-2.0555,1.7398,-2.0555,1.7398,104.166
1775311699.4769475,1776,774,-2.0555,1.7398,-2.0555,1.7398,104.234
1775311699.5467649,1776,774,-2.0555,1.7398,-2.0555,1.7398,104.304
1775311699.6173742,1776,774,-2.0555,1.7398,-2.0555,1.7398,104.375
1775311699.6848679,1776,774,-2.0555,1.7398,-2.0555,1.7398,104.442
1775311699.7584267,1776,774,-2.0555,1.7398,-2.0555,1.7398,104.516
1775311699.833197,1776,774,-2.0555,1.7398,-2.0555,1.7398,104.590
1775311699.9089382,1776,774,-2.0555,1.7398,-2.0555,1.7398,104.666
1775311699.9805734,1776,774,-2.0555,1.7398,-2.0555,1.7398,104.738
1775311700.0497975,1776,774,-2.0555,1.7398,-2.0555,1.7398,104.807
1775311700.1243393,1776,774,-2.0555,1.7398,-2.0555,1.7398,104.881
1775311700.1958978,1776,774,-2.0555,1.7398,-2.0555,1.7398,104.953
1775311700.2646966,1776,774,-2.0555,1.7398,-2.0555,1.7398,105.022
1775311700.3313382,1776,774,-2.0555,1.7398,-2.0555,1.7398,105.088
1775311700.400531,1776,774,-2.0555,1.7398,-2.0555,1.7398,105.158
1775311700.4774034,1776,774,-2.0555,1.7398,-2.0555,1.7398,105.235
1775311700.5460987,1776,774,-2.0555,1.7398,-2.0555,1.7398,105.303
1775311700.6141803,1776,774,-2.0555,1.7398,-2.0555,1.7398,105.371
1775311700.6891081,1776,774,-2.0555,1.7398,-2.0555,1.7398,105.446
1775311700.7576072,1776,774,-2.0555,1.7398,-2.0555,1.7398,105.515
1775311700.8265507,1776,774,-2.0555,1.7398,-2.0555,1.7398,105.584
1775311700.9019885,1776,774,-2.0555,1.7398,-2.0555,1.7398,105.659
1775311700.9759011,1776,774,-2.0555,1.7398,-2.0555,1.7398,105.733
1775311701.045846,1776,774,-2.0555,1.7398,-2.0555,1.7398,105.803
1775311701.1143684,1776,774,-2.0555,1.7398,-2.0555,1.7398,105.872
1775311701.1834705,1776,774,-2.0555,1.7398,-2.0555,1.7398,105.941
1775311701.2553315,1776,774,-2.0555,1.7398,-2.0555,1.7398,106.012
1775311701.3263392,1776,774,-2.0555,1.7398,-2.0555,1.7398,106.083
1775311701.394582,1776,774,-2.0555,1.7398,-2.0555,1.7398,106.152
1775311701.4622295,1776,774,-2.0555,1.7398,-2.0555,1.7398,106.219
1775311701.536523,1776,774,-2.0555,1.7398,-2.0555,1.7398,106.294
1775311701.6116562,1776,774,-2.0555,1.7398,-2.0555,1.7398,106.369
1775311701.6853077,1776,774,-2.0555,1.7398,-2.0555,1.7398,106.442
1775311701.7527006,1776,774,-2.0555,1.7398,-2.0555,1.7398,106.510
1775311701.8201241,1776,774,-2.0555,1.7398,-2.0555,1.7398,106.577
1775311701.895838,1776,774,-2.0555,1.7398,-2.0555,1.7398,106.653
1775311701.9627233,1776,774,-2.0555,1.7398,-2.0555,1.7398,106.720
1775311702.0317059,1776,774,-2.0555,1.7398,-2.0555,1.7398,106.789
1775311702.0992756,1776,774,-2.0555,1.7398,-2.0555,1.7398,106.856
1775311702.1666276,1776,774,-2.0555,1.7398,-2.0555,1.7398,106.924
1775311702.235248,1776,774,-2.0555,1.7398,-2.0555,1.7398,106.992
1775311702.3004444,1776,774,-2.0555,1.7398,-2.0555,1.7398,107.058
1775311702.3667443,1776,774,-2.0555,1.7398,-2.0555,1.7398,107.124
1775311702.4339814,1776,774,-2.0555,1.7398,-2.0555,1.7398,107.191
1775311702.5023813,1776,774,-2.0555,1.7398,-2.0555,1.7398,107.260
1775311702.5756829,1776,774,-2.0555,1.7398,-2.0555,1.7398,107.333
1775311702.643158,1776,774,-2.0555,1.7398,-2.0555,1.7398,107.400
1775311702.7115657,1776,774,-2.0555,1.7398,-2.0555,1.7398,107.469
1775311702.7851148,1776,774,-2.0555,1.7398,-2.0555,1.7398,107.542
1775311702.8564427,1776,774,-2.0555,1.7398,-2.0555,1.7398,107.614
1775311702.9240563,1776,774,-2.0555,1.7398,-2.3740,1.8489,107.681
1775311702.9948363,1776,774,-2.0555,1.7398,-1.1005,1.4126,107.752
1775311703.070281,745,409,1.6596,0.4665,0.7046,0.7930,107.827
1775311703.1431258,744,408,1.6629,0.4632,1.9819,0.3549,107.900
1775311703.2179492,742,408,1.6694,0.4634,1.6685,0.4631,107.975
1775311703.2929604,741,408,1.6726,0.4635,1.6726,0.4635,108.050
1775311703.3606837,740,408,1.6759,0.4636,1.6767,0.4639,108.118
1775311703.4342582,738,408,1.6824,0.4638,1.6815,0.4629,108.191
1775311703.5058806,737,407,1.6856,0.4605,1.6859,0.4616,108.263
1775311703.5742729,736,407,1.6889,0.4606,1.6886,0.4591,108.331
1775311703.6419582,735,406,1.6922,0.4573,1.6930,0.4590,108.399
1775311703.7120438,733,407,1.6986,0.4608,1.6978,0.4597,108.469
1775311703.7831056,732,407,1.7018,0.4609,1.7021,0.4615,108.540
1775311703.8567283,731,407,1.7051,0.4610,1.7048,0.4602,108.614
1775311703.9250996,730,406,1.7083,0.4578,1.7092,0.4586,108.682
1775311703.9924157,728,406,1.7148,0.4579,1.7140,0.4576,108.750
1775311704.0585847,727,406,1.7180,0.4580,1.7180,0.4578,108.816
1775311704.1295307,726,406,1.7213,0.4581,1.7221,0.4593,108.887
1775311704.2055767,724,407,1.7277,0.4617,1.7269,0.4600,108.963
1775311704.274741,723,406,1.7309,0.4584,1.7312,0.4599,109.032
1775311704.3429182,722,406,1.7342,0.4585,1.7339,0.4574,109.100
1775311704.4138482,721,405,1.7374,0.4552,2.1032,0.3360,109.171
1775311704.482568,719,405,1.7439,0.4554,0.6485,0.8154,109.240
1775311704.5534718,1786,772,-2.5107,1.8566,-1.4161,1.4963,109.311
1775311704.6219757,1786,772,-2.5107,1.8566,-2.8753,1.9767,109.379
1775311704.6919882,1786,772,-2.5107,1.8566,-2.5107,1.8566,109.449
1775311704.761796,1786,772,-2.5107,1.8566,-2.5107,1.8566,109.519
1775311704.830562,1786,772,-2.5107,1.8566,-2.5107,1.8566,109.588
1775311704.8993387,1786,772,-2.5107,1.8566,-2.5107,1.8566,109.656
1775311704.9707232,1786,772,-2.5107,1.8566,-2.5107,1.8566,109.728
1775311705.043513,1786,772,-2.5107,1.8566,-2.5107,1.8566,109.801
1775311705.1130502,1786,772,-2.5107,1.8566,-2.5107,1.8566,109.870
1775311705.1812098,1786,772,-2.5107,1.8566,-2.5107,1.8566,109.938
1775311705.2488496,1786,772,-2.5107,1.8566,-2.5107,1.8566,110.006
1775311705.3238144,1786,772,-2.5107,1.8566,-2.5107,1.8566,110.081
1775311705.391558,1786,772,-2.5107,1.8566,-2.5107,1.8566,110.149
1775311705.462154,1786,772,-2.5107,1.8566,-2.5107,1.8566,110.219
1775311705.5377553,1786,772,-2.5107,1.8566,-2.5107,1.8566,110.295
1775311705.6042278,1786,772,-2.5107,1.8566,-2.5107,1.8566,110.361
1775311705.6723664,1786,772,-2.5107,1.8566,-2.5107,1.8566,110.430
1775311705.7411149,1786,772,-2.5107,1.8566,-2.5107,1.8566,110.498
1775311705.8109033,1786,772,-2.5107,1.8566,-2.5107,1.8566,110.568
1775311705.8808541,1786,772,-2.5107,1.8566,-2.5107,1.8566,110.638
1775311705.9494,1786,772,-2.5107,1.8566,-2.5107,1.8566,110.707
1775311706.0162017,1786,772,-2.5107,1.8566,-2.5107,1.8566,110.773
1775311706.0832298,1786,772,-2.5107,1.8566,-2.5107,1.8566,110.840
1775311706.1524727,1786,772,-2.5107,1.8566,-2.5107,1.8566,110.910
1775311706.2219415,1786,772,-2.5107,1.8566,-2.5107,1.8566,110.979
1775311706.2890115,1786,772,-2.5107,1.8566,-2.5107,1.8566,111.046
1775311706.3640296,1786,772,-2.5107,1.8566,-2.5107,1.8566,111.121
1775311706.4328716,1786,772,-2.5107,1.8566,-2.5107,1.8566,111.190
1775311706.5050166,1786,772,-2.5107,1.8566,-2.5107,1.8566,111.262
1775311706.5728593,1786,772,-2.5107,1.8566,-2.5107,1.8566,111.330
1775311706.6439664,1786,772,-2.5107,1.8566,-2.5107,1.8566,111.401
1775311706.71279,1786,772,-2.5107,1.8566,-2.5107,1.8566,111.470
1775311706.7876399,1786,772,-2.5107,1.8566,-2.5107,1.8566,111.545
1775311706.8544855,1786,772,-2.5107,1.8566,-2.5107,1.8566,111.612
1775311706.929988,1786,772,-2.5107,1.8566,-2.5107,1.8566,111.687
1775311707.0048144,1786,772,-2.5107,1.8566,-2.5107,1.8566,111.762
1775311707.0731,1786,772,-2.5107,1.8566,-2.5107,1.8566,111.830
1775311707.1488705,1786,772,-2.5107,1.8566,-2.5107,1.8566,111.906
1775311707.2168958,1786,772,-2.5107,1.8566,-2.5107,1.8566,111.974
1775311707.286857,1786,772,-2.5107,1.8566,-2.5107,1.8566,112.044
1775311707.3549736,1786,772,-2.5107,1.8566,-2.5107,1.8566,112.112
1775311707.4280658,1786,772,-2.5107,1.8566,-2.5107,1.8566,112.185
1775311707.4933984,1786,772,-2.5107,1.8566,-2.5107,1.8566,112.251
1775311707.5684536,1786,772,-2.5107,1.8566,-2.5107,1.8566,112.326
1775311707.6396205,1786,772,-2.5107,1.8566,-2.5107,1.8566,112.397
1775311707.7131984,1786,772,-2.5107,1.8566,-2.5107,1.8566,112.470
1775311707.7808423,1786,772,-2.5107,1.8566,-2.5107,1.8566,112.538
1775311707.847964,1786,772,-2.5107,1.8566,-2.5107,1.8566,112.605
1775311707.9197462,1786,772,-2.5107,1.8566,-2.5107,1.8566,112.677
1775311707.9877126,1786,772,-2.5107,1.8566,-2.5107,1.8566,112.745
1775311708.0644958,1786,772,-2.5107,1.8566,-2.5107,1.8566,112.822
1775311708.1314507,1786,772,-2.5107,1.8566,-2.5107,1.8566,112.889
1775311708.2047682,1786,772,-2.5107,1.8566,-2.5107,1.8566,112.962
1775311708.2728133,1786,772,-2.5107,1.8566,-2.5107,1.8566,113.030
1775311708.34111,1786,772,-2.5107,1.8566,-2.5107,1.8566,113.098
1775311708.4088624,1786,772,-2.5107,1.8566,-2.5107,1.8566,113.166
1775311708.479811,1786,772,-2.5107,1.8566,-2.5107,1.8566,113.237
1775311708.5479531,1786,772,-2.5107,1.8566,-2.5611,1.8635,113.305
1775311708.6152418,1786,772,-2.5107,1.8566,-2.3592,1.8359,113.372
1775311708.6874237,1777,773,-1.9217,1.7760,-2.0732,1.7967,113.445
1775311708.7619183,1777,773,-1.9217,1.7760,-1.8712,1.7691,113.519
1775311708.8418088,1777,773,-1.9217,1.7760,-1.9217,1.7760,113.599
1775311708.9189436,1777,773,-1.9217,1.7760,-1.9217,1.7760,113.676
1775311708.9917445,1777,773,-1.9217,1.7760,-1.9217,1.7760,113.749
1775311709.074995,1777,773,-1.9217,1.7760,-1.9217,1.7760,113.832
1775311709.1515265,1777,773,-1.9217,1.7760,-1.9217,1.7760,113.909
1775311709.2260234,1777,773,-1.9217,1.7760,-1.9217,1.7760,113.983
1775311709.2957664,1777,773,-1.9217,1.7760,-1.9217,1.7760,114.053
1775311709.366764,1777,773,-1.9217,1.7760,-1.9217,1.7760,114.124
1775311709.4417353,1777,773,-1.9217,1.7760,-1.9217,1.7760,114.199
1775311709.515553,1777,773,-1.9217,1.7760,-1.9217,1.7760,114.273
1775311709.5883381,1777,773,-1.9217,1.7760,-1.9217,1.7760,114.345
1775311709.671277,1777,773,-1.9217,1.7760,-1.9217,1.7760,114.428
1775311709.747217,1777,773,-1.9217,1.7760,-1.9217,1.7760,114.504
1775311709.8260005,1777,773,-1.9217,1.7760,-1.9217,1.7760,114.583
1775311709.8995273,1777,773,-1.9217,1.7760,-1.9217,1.7760,114.657
1775311709.9768972,1777,773,-1.9217,1.7760,-1.9217,1.7760,114.734
1775311710.0632646,1777,773,-1.9217,1.7760,-1.9217,1.7760,114.820
1775311710.138105,1777,773,-1.9217,1.7760,-1.9217,1.7760,114.895
1775311710.2182844,1777,773,-1.9217,1.7760,-1.9217,1.7760,114.975
1775311710.2931921,1777,773,-1.9217,1.7760,-1.9217,1.7760,115.050
1775311710.371058,1777,773,-1.9217,1.7760,-1.9217,1.7760,115.128
1775311710.4494886,1777,773,-1.9217,1.7760,-1.9217,1.7760,115.207
1775311710.5227237,1777,773,-1.9217,1.7760,-1.9217,1.7760,115.280
1775311710.5958269,1777,773,-1.9217,1.7760,-1.9217,1.7760,115.353
1775311710.6687074,1777,773,-1.9217,1.7760,-1.9217,1.7760,115.426
1775311710.7428062,1777,773,-1.9217,1.7760,-1.9217,1.7760,115.500
1775311710.8175619,1777,773,-1.9217,1.7760,-1.9217,1.7760,115.575
1775311710.8897552,1777,773,-1.9217,1.7760,-1.9217,1.7760,115.647
1775311710.9601507,1777,773,-1.9217,1.7760,-1.9217,1.7760,115.717
1775311711.0306435,1777,773,-1.9217,1.7760,-1.9217,1.7760,115.788
1775311711.104134,1777,773,-1.9217,1.7760,-1.9217,1.7760,115.861
1775311711.1769886,1777,773,-1.9217,1.7760,-1.9217,1.7760,115.934
1775311711.256021,1777,773,-1.9217,1.7760,-1.9217,1.7760,116.013
1775311711.3277807,1777,773,-1.9217,1.7760,-1.9217,1.7760,116.085
1775311711.3980281,1777,773,-1.9217,1.7760,-1.9217,1.7760,116.155
1775311711.4811954,1777,773,-1.9217,1.7760,-1.9217,1.7760,116.238
1775311711.554862,1777,773,-1.9217,1.7760,-1.9217,1.7760,116.312
1775311711.628743,1777,773,-1.9217,1.7760,-1.9217,1.7760,116.386
1775311711.7055864,1777,773,-1.9217,1.7760,-1.9217,1.7760,116.463
1775311711.778416,1777,773,-1.9217,1.7760,-1.9217,1.7760,116.536
1775311711.8587484,1777,773,-1.9217,1.7760,-1.9217,1.7760,116.616
1775311711.9428678,1777,773,-1.9217,1.7760,-1.9217,1.7760,116.700
1775311712.0127673,1777,773,-1.9217,1.7760,-1.9217,1.7760,116.770
1775311712.0921743,1777,773,-1.9217,1.7760,-1.9217,1.7760,116.849
1775311712.1644967,1777,773,-1.9217,1.7760,-1.9217,1.7760,116.922
1775311712.2404659,1777,773,-1.9217,1.7760,-1.9217,1.7760,116.998
1775311712.3178253,1777,773,-1.9217,1.7760,-1.9217,1.7760,117.075
1775311712.394037,1777,773,-1.9217,1.7760,-1.9217,1.7760,117.151
1775311712.4669218,1777,773,-1.9217,1.7760,-1.9217,1.7760,117.224
1775311712.5367842,1777,773,-1.9217,1.7760,-1.9217,1.7760,117.294
1775311712.6088731,1777,773,-1.9217,1.7760,-1.9217,1.7760,117.366
1775311712.6809294,1777,773,-1.9217,1.7760,-1.9217,1.7760,117.438
1775311712.753276,1777,773,-1.9217,1.7760,-1.9217,1.7760,117.510
1775311712.826412,1777,773,-1.9217,1.7760,-1.9217,1.7760,117.584
1775311712.902187,1777,773,-1.9217,1.7760,-1.9217,1.7760,117.659
1775311712.9803474,1777,773,-1.9217,1.7760,-1.9217,1.7760,117.737
1775311713.0586083,1777,773,-1.9217,1.7760,-1.9217,1.7760,117.816
1775311713.1315825,1777,773,-1.9217,1.7760,-1.9217,1.7760,117.889
1775311713.2128825,1777,773,-1.9217,1.7760,-1.9217,1.7760,117.970
1775311713.2850807,1777,773,-1.9217,1.7760,-1.9217,1.7760,118.042
1775311713.3613844,1777,773,-1.9217,1.7760,-1.9217,1.7760,118.119
1775311713.4410446,1777,773,-1.9217,1.7760,-1.9217,1.7760,118.198
1775311713.5160553,1777,773,-1.9217,1.7760,-1.9217,1.7760,118.273
1775311713.5901978,1777,773,-1.9217,1.7760,-1.9217,1.7760,118.347
1775311713.6629639,1777,773,-1.9217,1.7760,-1.9217,1.7760,118.420
1775311713.7390642,1777,773,-1.9217,1.7760,-1.9217,1.7760,118.496
1775311713.8124495,1777,773,-1.9217,1.7760,-1.9217,1.7760,118.570
1775311713.8966517,1777,773,-1.9217,1.7760,-1.9217,1.7760,118.654
1775311713.972953,1777,773,-1.9217,1.7760,-1.9217,1.7760,118.730
1775311714.0575647,1777,773,-1.9217,1.7760,-1.9217,1.7760,118.815
1775311714.1400154,1777,773,-1.9217,1.7760,-1.9217,1.7760,118.897
1775311714.2137222,1777,773,-1.9217,1.7760,-1.9217,1.7760,118.971
1775311714.288969,1777,773,-1.9217,1.7760,-1.9217,1.7760,119.046
1775311714.3667562,1777,773,-1.9217,1.7760,-1.9217,1.7760,119.124
1775311714.449855,1777,773,-1.9217,1.7760,-1.9217,1.7760,119.207
1775311714.5290968,1777,773,-1.9217,1.7760,-1.9217,1.7760,119.286
1775311714.6025512,1777,773,-1.9217,1.7760,-1.8875,1.7695,119.360
1775311714.678811,1777,773,-1.9217,1.7760,-2.0244,1.7953,119.436
1775311714.755528,1776,774,-2.3212,1.8510,-2.2185,1.8317,119.513
1775311714.835174,1776,774,-2.3212,1.8510,-2.3554,1.8574,119.592
1775311714.9135191,1776,774,-2.3212,1.8510,-2.3212,1.8510,119.671
1775311714.9877772,1776,774,-2.3212,1.8510,-2.3212,1.8510,119.745
1775311715.0641613,1776,774,-2.3212,1.8510,-2.3212,1.8510,119.821
1775311715.1434102,1776,774,-2.3212,1.8510,-2.3212,1.8510,119.901
1775311715.2193902,1776,774,-2.3212,1.8510,-2.3212,1.8510,119.977
1775311715.2935853,1776,774,-2.3212,1.8510,-2.3212,1.8510,120.051
1775311715.3715463,1776,774,-2.3212,1.8510,-2.3212,1.8510,120.129
1775311715.462923,1776,774,-2.3212,1.8510,-2.3212,1.8510,120.220
1775311715.564384,1776,774,-2.3212,1.8510,-2.3212,1.8510,120.322
1775311715.649846,1776,774,-2.3212,1.8510,-2.3212,1.8510,120.407
1775311715.7348936,1776,774,-2.3212,1.8510,-2.3212,1.8510,120.492
1775311715.808008,1776,774,-2.3212,1.8510,-2.3212,1.8510,120.565
1775311715.881564,1776,774,-2.3212,1.8510,-2.3212,1.8510,120.639
1775311715.9554417,1776,774,-2.3212,1.8510,-2.3212,1.8510,120.713
1775311716.0276403,1776,774,-2.3212,1.8510,-2.3212,1.8510,120.785
1775311716.0992055,1776,774,-2.3212,1.8510,-2.3212,1.8510,120.856
1775311716.1749125,1776,774,-2.3212,1.8510,-2.3212,1.8510,120.932
