timestamp,preprocessing_time,detection_time,matching_time,pose_estimation_time,fps,detected_keypoints,raw_matches,good_matches,inliners,match_ratio,inliner_ratio,cpu_usage,memory_usage,cpu_temperature,tracking_ok
1.783178840030408382e+09,6.327425000563380308e-03,2.902030299992475193e-02,1.800676699895120692e-02,2.973073900102463085e-02,1.203583298561108705e+01,1.172000000000000000e+03,1.165000000000000000e+03,6.780000000000000000e+02,6.520000000000000000e+02,5.819742489270386399e-01,9.616519174041298079e-01,3.600000000000000000e+01,3.370000000000000284e+01,5.210000000000000142e+01,1.000000000000000000e+00
1.783178840148124218e+09,8.470028998999623582e-03,2.849166099986177869e-02,1.934249199985060841e-02,2.852380900003481656e-02,1.178856163191196060e+01,1.169000000000000000e+03,1.172000000000000000e+03,7.010000000000000000e+02,6.810000000000000000e+02,5.981228668941979132e-01,9.714693295292439190e-01,4.470000000000000284e+01,3.389999999999999858e+01,5.300000000000000000e+01,1.000000000000000000e+00
1.783178840265140295e+09,9.252167999875382520e-03,2.903259899903787300e-02,1.750986600018222816e-02,2.967627700127195567e-02,1.169988713113854750e+01,1.166000000000000000e+03,1.169000000000000000e+03,7.190000000000000000e+02,6.900000000000000000e+02,6.150556030795552021e-01,9.596662030598053228e-01,4.129999999999999716e+01,3.389999999999999858e+01,5.210000000000000142e+01,1.000000000000000000e+00
1.783178840381172657e+09,9.213039000314893201e-03,2.866291800091858022e-02,1.876290699874516577e-02,2.993625500130292494e-02,1.155066272545576389e+01,1.170000000000000000e+03,1.166000000000000000e+03,6.870000000000000000e+02,6.570000000000000000e+02,5.891938250428816470e-01,9.563318777292576511e-01,3.860000000000000142e+01,3.400000000000000000e+01,5.250000000000000000e+01,1.000000000000000000e+00
1.783178840500713825e+09,8.428250999713782221e-03,2.880784300032246392e-02,1.799512000070535578e-02,3.126540599987492897e-02,1.156114539496308957e+01,1.168000000000000000e+03,1.170000000000000000e+03,7.160000000000000000e+02,6.850000000000000000e+02,6.119658119658120121e-01,9.567039106145250882e-01,3.720000000000000284e+01,3.410000000000000142e+01,5.350000000000000000e+01,1.000000000000000000e+00
1.783178840615922928e+09,6.160982000437797979e-03,2.866256699962832499e-02,1.912882800024817698e-02,2.896261900059471373e-02,1.206054451222595247e+01,1.169000000000000000e+03,1.168000000000000000e+03,7.180000000000000000e+02,6.920000000000000000e+02,6.147260273972602329e-01,9.637883008356545878e-01,4.220000000000000284e+01,3.410000000000000142e+01,5.250000000000000000e+01,1.000000000000000000e+00
1.783178840733319521e+09,6.671236000329372473e-03,2.830129299945838284e-02,1.783486200110928621e-02,3.003684699979203288e-02,1.207084553052056997e+01,1.172000000000000000e+03,1.169000000000000000e+03,7.010000000000000000e+02,6.830000000000000000e+02,5.996578272027374146e-01,9.743223965763195826e-01,4.260000000000000142e+01,3.400000000000000000e+01,5.250000000000000000e+01,1.000000000000000000e+00
1.783178840853833437e+09,9.153390999927069061e-03,2.967779500067990739e-02,1.977528399947914295e-02,2.922992999992857222e-02,1.138480174506050702e+01,1.177000000000000000e+03,1.172000000000000000e+03,6.730000000000000000e+02,6.490000000000000000e+02,5.742320819112628483e-01,9.643387815750371628e-01,3.860000000000000142e+01,3.410000000000000142e+01,5.350000000000000000e+01,1.000000000000000000e+00
1.783178840974914551e+09,6.037556999217486009e-03,2.993071899982169271e-02,1.942002800024056341e-02,3.260970500014082063e-02,1.136389347180098852e+01,1.172000000000000000e+03,1.177000000000000000e+03,7.470000000000000000e+02,7.140000000000000000e+02,6.346644010195412466e-01,9.558232931726907688e-01,4.039999999999999858e+01,3.410000000000000142e+01,5.400000000000000000e+01,1.000000000000000000e+00
1.783178841098078251e+09,8.884134998879744671e-03,2.917483900091610849e-02,1.934271400023135357e-02,3.435316600007354282e-02,1.089860597455587410e+01,1.169000000000000000e+03,1.172000000000000000e+03,7.680000000000000000e+02,7.460000000000000000e+02,6.552901023890784771e-01,9.713541666666666297e-01,3.910000000000000142e+01,3.410000000000000142e+01,5.300000000000000000e+01,1.000000000000000000e+00
1.783178841213471889e+09,7.388596999589935876e-03,2.883282400034659076e-02,2.012966800066351425e-02,3.080161499929090496e-02,1.147411329889720122e+01,1.174000000000000000e+03,1.169000000000000000e+03,7.390000000000000000e+02,7.140000000000000000e+02,6.321642429426860277e-01,9.661705006765899384e-01,4.000000000000000000e+01,3.410000000000000142e+01,5.300000000000000000e+01,1.000000000000000000e+00
1.783178841328959942e+09,8.527064999725553207e-03,2.936242900068464223e-02,1.732446099958906416e-02,3.048539700102992356e-02,1.166869966517355728e+01,1.170000000000000000e+03,1.174000000000000000e+03,7.310000000000000000e+02,7.110000000000000000e+02,6.226575809199318412e-01,9.726402188782489189e-01,3.810000000000000142e+01,3.410000000000000142e+01,5.300000000000000000e+01,1.000000000000000000e+00
1.783178841448368788e+09,8.720137000636896119e-03,2.850640199903864413e-02,1.991270800135680474e-02,3.079911499844456557e-02,1.137160139514479873e+01,1.170000000000000000e+03,1.170000000000000000e+03,7.210000000000000000e+02,6.990000000000000000e+02,6.162393162393162704e-01,9.694868238557559081e-01,4.000000000000000000e+01,3.410000000000000142e+01,5.300000000000000000e+01,1.000000000000000000e+00
1.783178841567102432e+09,8.309198001370532438e-03,2.807988799941085745e-02,1.737899699946865439e-02,3.077278300042962655e-02,1.182859896410288059e+01,1.171000000000000000e+03,1.170000000000000000e+03,7.170000000000000000e+02,6.900000000000000000e+02,6.128205128205128638e-01,9.623430962343095807e-01,4.260000000000000142e+01,3.410000000000000142e+01,5.300000000000000000e+01,1.000000000000000000e+00
1.783178841685755730e+09,6.632736000028671697e-03,2.892056400014553219e-02,1.923471600093762390e-02,3.115579599943885114e-02,1.163550902296016964e+01,1.166000000000000000e+03,1.171000000000000000e+03,7.170000000000000000e+02,6.930000000000000000e+02,6.122971818958155010e-01,9.665271966527196890e-01,4.000000000000000000e+01,3.410000000000000142e+01,5.300000000000000000e+01,1.000000000000000000e+00
1.783178841804454803e+09,7.480170001144870184e-03,2.954774099998758174e-02,1.887659099884331226e-02,2.896393300034105778e-02,1.178294379996835062e+01,1.173000000000000000e+03,1.166000000000000000e+03,6.380000000000000000e+02,6.160000000000000000e+02,5.471698113207547065e-01,9.655172413793103869e-01,4.000000000000000000e+01,3.410000000000000142e+01,5.500000000000000000e+01,1.000000000000000000e+00
1.783178841925771713e+09,1.117644099940662272e-02,2.753757999926165212e-02,1.950332400156185031e-02,3.065282099851174280e-02,1.125237011500751549e+01,1.173000000000000000e+03,1.173000000000000000e+03,7.090000000000000000e+02,6.890000000000000000e+02,6.044330775788576693e-01,9.717912552891396771e-01,3.910000000000000142e+01,3.410000000000000142e+01,5.350000000000000000e+01,1.000000000000000000e+00
1.783178842046819210e+09,9.461293999265762977e-03,2.886410199971578550e-02,1.883183099926100112e-02,3.137729400077660102e-02,1.129502920122060239e+01,1.167000000000000000e+03,1.173000000000000000e+03,7.460000000000000000e+02,7.250000000000000000e+02,6.359761295822676797e-01,9.718498659517426086e-01,4.129999999999999716e+01,3.410000000000000142e+01,5.350000000000000000e+01,1.000000000000000000e+00
1.783178842164326191e+09,8.483547000651014969e-03,2.828645999943546485e-02,1.816015499935019761e-02,3.162853100002394058e-02,1.155285466251473281e+01,1.175000000000000000e+03,1.167000000000000000e+03,7.530000000000000000e+02,7.260000000000000000e+02,6.452442159383033893e-01,9.641434262948207490e-01,4.000000000000000000e+01,3.410000000000000142e+01,5.500000000000000000e+01,1.000000000000000000e+00
1.783178842283248425e+09,9.200463999150088057e-03,2.821199800018803217e-02,1.875331399969581980e-02,3.072017200065602083e-02,1.150934095814398361e+01,1.177000000000000000e+03,1.175000000000000000e+03,7.300000000000000000e+02,7.120000000000000000e+02,6.212765957446808596e-01,9.753424657534246478e-01,4.000000000000000000e+01,3.410000000000000142e+01,5.350000000000000000e+01,1.000000000000000000e+00
1.783178842403442383e+09,7.229728998936479911e-03,2.876504700179793872e-02,1.825307899889594410e-02,3.209669200077769347e-02,1.158150728378103622e+01,1.172000000000000000e+03,1.177000000000000000e+03,7.380000000000000000e+02,7.030000000000000000e+02,6.270178419711129880e-01,9.525745257452574721e-01,4.379999999999999716e+01,3.410000000000000142e+01,5.450000000000000000e+01,1.000000000000000000e+00
1.783178842518609762e+09,8.746506999159464613e-03,2.834192200134566519e-02,1.875044400003389455e-02,2.946361300018907059e-02,1.172298776839240730e+01,1.175000000000000000e+03,1.172000000000000000e+03,6.700000000000000000e+02,6.320000000000000000e+02,5.716723549488054168e-01,9.432835820895522083e-01,4.370000000000000284e+01,3.410000000000000142e+01,5.400000000000000000e+01,1.000000000000000000e+00
1.783178842640470266e+09,7.956183000715100206e-03,2.804879699942830484e-02,1.761112399981357157e-02,3.210822900109633338e-02,1.166529927958392854e+01,1.169000000000000000e+03,1.175000000000000000e+03,7.430000000000000000e+02,7.160000000000000000e+02,6.323404255319149403e-01,9.636608344549124627e-01,4.000000000000000000e+01,3.410000000000000142e+01,5.450000000000000000e+01,1.000000000000000000e+00
1.783178842762965202e+09,7.506893000027048402e-03,3.037180499995884020e-02,1.963222999984282069e-02,3.078681900115043391e-02,1.132531728118624414e+01,1.170000000000000000e+03,1.169000000000000000e+03,6.930000000000000000e+02,6.650000000000000000e+02,5.928143712574850399e-01,9.595959595959595578e-01,4.370000000000000284e+01,3.410000000000000142e+01,5.400000000000000000e+01,1.000000000000000000e+00
1.783178842887051105e+09,8.388289001231896691e-03,2.978964599969913252e-02,1.987661599923740141e-02,3.255081600036646705e-02,1.103687378689273935e+01,1.171000000000000000e+03,1.170000000000000000e+03,7.290000000000000000e+02,7.090000000000000000e+02,6.230769230769230838e-01,9.725651577503429124e-01,3.829999999999999716e+01,3.410000000000000142e+01,5.350000000000000000e+01,1.000000000000000000e+00
1.783178842994482279e+09,8.232772999690496363e-03,2.658818399868323468e-02,1.546068600146099925e-02,2.430597099919395987e-02,1.340705173935477212e+01,9.840000000000000000e+02,1.171000000000000000e+03,2.470000000000000000e+02,1.870000000000000000e+02,2.109308283518360472e-01,7.570850202429150189e-01,4.320000000000000284e+01,3.400000000000000000e+01,5.450000000000000000e+01,1.000000000000000000e+00
1.783178843100693941e+09,6.765789999917615205e-03,2.940870600104972254e-02,1.542761299970152322e-02,2.067005100070673507e-02,1.383658659130938418e+01,1.166000000000000000e+03,9.840000000000000000e+02,2.920000000000000000e+02,2.440000000000000000e+02,2.967479674796748013e-01,8.356164383561643927e-01,4.150000000000000000e+01,3.410000000000000142e+01,5.400000000000000000e+01,1.000000000000000000e+00
1.783178843211772442e+09,7.889776999945752323e-03,2.764711500094563235e-02,1.579655299974547233e-02,2.738406400021631271e-02,1.270365402428018520e+01,9.250000000000000000e+02,1.166000000000000000e+03,1.980000000000000000e+02,1.410000000000000000e+02,1.698113207547169712e-01,7.121212121212121549e-01,4.570000000000000284e+01,3.410000000000000142e+01,5.400000000000000000e+01,1.000000000000000000e+00
1.783178843316793919e+09,9.378796001328737475e-03,2.535010599967790768e-02,1.381652099917118903e-02,2.613187400129390880e-02,1.339095066577318605e+01,9.220000000000000000e+02,9.250000000000000000e+02,1.460000000000000000e+02,1.100000000000000000e+02,1.578378378378378355e-01,7.534246575342465890e-01,4.150000000000000000e+01,3.410000000000000142e+01,5.350000000000000000e+01,1.000000000000000000e+00
1.783178843426710606e+09,8.334215999639127403e-03,2.795587100081320386e-02,1.329450899902440142e-02,2.663764600038120989e-02,1.311953012352829617e+01,1.170000000000000000e+03,9.220000000000000000e+02,2.080000000000000000e+02,1.520000000000000000e+02,2.255965292841648484e-01,7.307692307692307265e-01,4.289999999999999858e+01,3.400000000000000000e+01,5.550000000000000000e+01,1.000000000000000000e+00
1.783178843536174774e+09,8.329438000146183185e-03,2.808594300040567759e-02,1.715836999937891960e-02,2.490951899926585611e-02,1.274156899948531851e+01,1.166000000000000000e+03,1.170000000000000000e+03,4.520000000000000000e+02,3.780000000000000000e+02,3.863247863247863401e-01,8.362831858407079322e-01,4.320000000000000284e+01,3.410000000000000142e+01,5.400000000000000000e+01,1.000000000000000000e+00
1.783178843645884514e+09,8.483640000122250058e-03,2.910393099955399521e-02,1.807497100162436254e-02,2.348999799869488925e-02,1.263383335519058370e+01,1.173000000000000000e+03,1.166000000000000000e+03,4.330000000000000000e+02,3.550000000000000000e+02,3.713550600343052954e-01,8.198614318706697324e-01,4.320000000000000284e+01,3.400000000000000000e+01,5.450000000000000000e+01,1.000000000000000000e+00
1.783178843752524614e+09,7.858184000724577345e-03,2.769655999873066321e-02,1.719216600031359121e-02,2.072162400145316496e-02,1.361126928139558423e+01,1.182000000000000000e+03,1.173000000000000000e+03,3.990000000000000000e+02,3.460000000000000000e+02,3.401534526854220197e-01,8.671679197994986987e-01,4.250000000000000000e+01,3.400000000000000000e+01,5.400000000000000000e+01,1.000000000000000000e+00
1.783178843862316370e+09,8.223883000027853996e-03,2.813470299952314235e-02,1.660167299996828660e-02,2.006672400057141203e-02,1.369356858133873622e+01,1.173000000000000000e+03,1.182000000000000000e+03,3.650000000000000000e+02,3.110000000000000000e+02,3.087986463620981392e-01,8.520547945205479978e-01,4.150000000000000000e+01,3.410000000000000142e+01,5.450000000000000000e+01,1.000000000000000000e+00
1.783178843970772982e+09,7.182692999776918441e-03,2.966748000108054839e-02,2.011540899911778979e-02,2.043570199930400122e-02,1.291968231443436643e+01,1.158000000000000000e+03,1.173000000000000000e+03,3.920000000000000000e+02,3.310000000000000000e+02,3.341858482523444307e-01,8.443877551020407823e-01,4.050000000000000000e+01,3.410000000000000142e+01,5.450000000000000000e+01,1.000000000000000000e+00
1.783178844084561348e+09,8.385751998503110372e-03,2.891671200086420868e-02,1.871057400057907216e-02,2.669010899990098551e-02,1.209143831010258197e+01,1.164000000000000000e+03,1.158000000000000000e+03,4.250000000000000000e+02,3.560000000000000000e+02,3.670120898100172613e-01,8.376470588235294112e-01,4.350000000000000000e+01,3.410000000000000142e+01,5.400000000000000000e+01,1.000000000000000000e+00
1.783178844197546244e+09,8.130348000122467056e-03,2.800433400079782587e-02,1.875890599876584020e-02,2.196364700103003997e-02,1.301113681738201677e+01,1.157000000000000000e+03,1.164000000000000000e+03,3.730000000000000000e+02,3.150000000000000000e+02,3.204467353951890307e-01,8.445040214477211871e-01,3.810000000000000142e+01,3.410000000000000142e+01,5.500000000000000000e+01,1.000000000000000000e+00
1.783178844304027081e+09,7.349116000114008784e-03,2.835556999889377039e-02,1.901903399993898347e-02,1.886284900137980003e-02,1.358943640918442952e+01,1.162000000000000000e+03,1.157000000000000000e+03,4.070000000000000000e+02,3.560000000000000000e+02,3.517718236819360467e-01,8.746928746928747112e-01,4.250000000000000000e+01,3.410000000000000142e+01,5.350000000000000000e+01,1.000000000000000000e+00
1.783178844409403563e+09,9.860160000243922696e-03,2.781735499956994317e-02,1.863148200027353596e-02,1.826272700054687448e-02,1.340990855986505537e+01,1.163000000000000000e+03,1.162000000000000000e+03,4.070000000000000000e+02,3.630000000000000000e+02,3.502581755593803803e-01,8.918918918918918859e-01,4.000000000000000000e+01,3.410000000000000142e+01,5.450000000000000000e+01,1.000000000000000000e+00
1.783178844516584396e+09,1.107592400148860179e-02,2.769917099976737518e-02,1.675602300019818358e-02,2.045088599879818503e-02,1.316101112569601206e+01,1.163000000000000000e+03,1.163000000000000000e+03,4.170000000000000000e+02,3.710000000000000000e+02,3.585554600171969031e-01,8.896882494004796360e-01,4.250000000000000000e+01,3.410000000000000142e+01,5.450000000000000000e+01,1.000000000000000000e+00
1.783178844626358986e+09,7.607854000525549054e-03,2.678705099970102310e-02,1.638600899968878366e-02,2.471824299936997704e-02,1.324518100260994835e+01,1.098000000000000000e+03,1.163000000000000000e+03,3.330000000000000000e+02,2.590000000000000000e+02,2.863284608770421125e-01,7.777777777777777901e-01,4.320000000000000284e+01,3.410000000000000142e+01,5.550000000000000000e+01,1.000000000000000000e+00
1.783178844733108521e+09,9.029189001012127846e-03,2.800755599855619948e-02,1.574366400018334389e-02,2.376390300014463719e-02,1.306432801958367129e+01,1.161000000000000000e+03,1.098000000000000000e+03,3.160000000000000000e+02,2.430000000000000000e+02,2.877959927140255059e-01,7.689873417721518889e-01,4.289999999999999858e+01,3.410000000000000142e+01,5.400000000000000000e+01,1.000000000000000000e+00
1.783178844846802950e+09,8.218310000302153639e-03,2.826003399968612939e-02,2.023531499980890658e-02,2.580039699932967778e-02,1.211914731243585486e+01,1.161000000000000000e+03,1.161000000000000000e+03,4.840000000000000000e+02,4.040000000000000000e+02,4.168819982773471211e-01,8.347107438016528880e-01,4.089999999999999858e+01,3.410000000000000142e+01,5.400000000000000000e+01,1.000000000000000000e+00
1.783178844952261925e+09,7.611242999701062217e-03,2.711140000064915512e-02,1.737583000067388639e-02,1.988165299917454831e-02,1.389272366649150037e+01,1.161000000000000000e+03,1.161000000000000000e+03,3.880000000000000000e+02,3.310000000000000000e+02,3.341946597760551141e-01,8.530927835051546060e-01,4.250000000000000000e+01,3.410000000000000142e+01,5.400000000000000000e+01,1.000000000000000000e+00
1.783178845059443712e+09,7.565501999124535359e-03,2.784594699915032834e-02,1.930158499999379274e-02,1.911590300005627796e-02,1.354482457227697090e+01,1.153000000000000000e+03,1.161000000000000000e+03,4.070000000000000000e+02,3.560000000000000000e+02,3.505598621877691889e-01,8.746928746928747112e-01,4.150000000000000000e+01,3.410000000000000142e+01,5.600000000000000000e+01,1.000000000000000000e+00
1.783178845238585234e+09,7.415189998937421478e-03,2.782465000018419232e-02,9.455206100028590299e-02,1.845224399949074723e-02,6.745628975818450890e+00,1.162000000000000000e+03,1.153000000000000000e+03,3.620000000000000000e+02,3.060000000000000000e+02,3.139635732870771911e-01,8.453038674033148681e-01,4.510000000000000142e+01,3.410000000000000142e+01,5.350000000000000000e+01,1.000000000000000000e+00
1.783178845348059654e+09,8.708822999324183911e-03,2.788066799985244870e-02,1.938719600002514198e-02,2.266052699997089803e-02,1.271662548994323316e+01,1.174000000000000000e+03,1.162000000000000000e+03,4.310000000000000000e+02,3.560000000000000000e+02,3.709122203098106918e-01,8.259860788863109260e-01,4.439999999999999858e+01,3.400000000000000000e+01,5.500000000000000000e+01,1.000000000000000000e+00
1.783178845457497120e+09,7.861369000238482840e-03,2.876315799949225038e-02,1.727225800095766317e-02,2.104808299918659031e-02,1.334314178792960348e+01,1.168000000000000000e+03,1.174000000000000000e+03,3.740000000000000000e+02,3.190000000000000000e+02,3.185689948892674872e-01,8.529411764705882026e-01,4.289999999999999858e+01,3.410000000000000142e+01,5.400000000000000000e+01,1.000000000000000000e+00
1.783178845565916061e+09,7.041490000119665638e-03,2.798718600024585612e-02,1.728918300068471581e-02,2.019216799999412615e-02,1.379119607810374859e+01,1.183000000000000000e+03,1.168000000000000000e+03,3.520000000000000000e+02,3.010000000000000000e+02,3.013698630136986134e-01,8.551136363636363535e-01,4.289999999999999858e+01,3.410000000000000142e+01,5.400000000000000000e+01,1.000000000000000000e+00
1.783178845677443266e+09,7.712704998994013295e-03,2.853417900041677058e-02,2.005829900008393452e-02,2.079916000002413057e-02,1.296943805106075942e+01,1.190000000000000000e+03,1.183000000000000000e+03,4.620000000000000000e+02,4.020000000000000000e+02,3.905325443786982209e-01,8.701298701298700866e-01,4.220000000000000284e+01,3.410000000000000142e+01,5.350000000000000000e+01,1.000000000000000000e+00
1.783178845786015749e+09,8.851857999616186135e-03,2.779042800102615729e-02,1.823509799942257814e-02,2.363153400074224919e-02,1.273740646877490690e+01,1.195000000000000000e+03,1.190000000000000000e+03,4.300000000000000000e+02,3.550000000000000000e+02,3.613445378151260434e-01,8.255813953488372325e-01,4.189999999999999858e+01,3.410000000000000142e+01,5.450000000000000000e+01,1.000000000000000000e+00
1.783178845893350124e+09,6.622865999815985560e-03,2.715193699987139553e-02,1.741605200004414655e-02,2.261665700098092202e-02,1.354875639203699400e+01,1.185000000000000000e+03,1.195000000000000000e+03,3.480000000000000000e+02,2.960000000000000000e+02,2.912133891213389281e-01,8.505747126436781214e-01,4.520000000000000284e+01,3.410000000000000142e+01,5.450000000000000000e+01,1.000000000000000000e+00
1.783178846005833149e+09,7.127692999347345904e-03,2.706399400085501838e-02,1.822343099956924561e-02,2.681212599964055698e-02,1.262192081309075498e+01,1.200000000000000000e+03,1.185000000000000000e+03,4.410000000000000000e+02,3.400000000000000000e+02,3.721518987341772000e-01,7.709750566893424084e-01,3.900000000000000000e+01,3.410000000000000142e+01,5.400000000000000000e+01,1.000000000000000000e+00
1.783178846119497538e+09,1.171960099964053370e-02,2.623652100010076538e-02,1.749071799895318691e-02,2.671110899973427877e-02,1.217167677858078711e+01,1.166000000000000000e+03,1.200000000000000000e+03,3.800000000000000000e+02,2.860000000000000000e+02,3.166666666666666519e-01,7.526315789473684292e-01,4.470000000000000284e+01,3.410000000000000142e+01,5.400000000000000000e+01,1.000000000000000000e+00
1.783178846225769281e+09,7.572002999950200319e-03,2.785426100126642268e-02,1.726386900008947123e-02,2.250560299944481812e-02,1.329862640070460778e+01,1.210000000000000000e+03,1.166000000000000000e+03,3.100000000000000000e+02,2.430000000000000000e+02,2.658662092624357043e-01,7.838709677419354316e-01,4.670000000000000284e+01,3.410000000000000142e+01,5.500000000000000000e+01,1.000000000000000000e+00
1.783178846330079794e+09,7.613687001139624044e-03,2.735330399991653394e-02,1.741397799924015999e-02,2.122176699958799873e-02,1.358645146019533456e+01,1.205000000000000000e+03,1.210000000000000000e+03,4.680000000000000000e+02,4.110000000000000000e+02,3.867768595041322088e-01,8.782051282051281937e-01,4.250000000000000000e+01,3.410000000000000142e+01,5.450000000000000000e+01,1.000000000000000000e+00
1.783178846441906214e+09,9.818735001317691058e-03,2.741434099880279973e-02,1.920982699994056020e-02,2.288565400158404373e-02,1.260580095991488037e+01,1.214000000000000000e+03,1.205000000000000000e+03,4.370000000000000000e+02,3.550000000000000000e+02,3.626556016597510257e-01,8.123569794050343740e-01,4.789999999999999858e+01,3.410000000000000142e+01,5.500000000000000000e+01,1.000000000000000000e+00
1.783178846554219961e+09,1.012587900004291441e-02,2.822662799917452503e-02,1.866820400027791038e-02,2.226345700000820216e-02,1.261285859752304717e+01,1.221000000000000000e+03,1.214000000000000000e+03,4.460000000000000000e+02,3.830000000000000000e+02,3.673805601317957081e-01,8.587443946188341171e-01,4.439999999999999858e+01,3.410000000000000142e+01,5.450000000000000000e+01,1.000000000000000000e+00
1.783178846661820173e+09,7.561947000795044005e-03,2.892537899970193394e-02,1.781404699977429118e-02,2.032244400106719695e-02,1.340054744160384992e+01,1.215000000000000000e+03,1.221000000000000000e+03,4.360000000000000000e+02,3.810000000000000000e+02,3.570843570843570958e-01,8.738532110091743466e-01,4.779999999999999716e+01,3.400000000000000000e+01,5.550000000000000000e+01,1.000000000000000000e+00
1.783178846773221970e+09,8.088163000138592906e-03,2.870186300060595386e-02,1.932641799976408947e-02,2.271969299908960238e-02,1.268453831020533329e+01,1.208000000000000000e+03,1.215000000000000000e+03,3.980000000000000000e+02,3.440000000000000000e+02,3.275720164609053353e-01,8.643216080402009727e-01,4.320000000000000284e+01,3.410000000000000142e+01,5.500000000000000000e+01,1.000000000000000000e+00
1.783178846891387701e+09,9.710754000479937531e-03,2.834662599889270496e-02,1.925636400119401515e-02,2.945801999885588884e-02,1.152448623732778898e+01,1.219000000000000000e+03,1.208000000000000000e+03,5.480000000000000000e+02,4.540000000000000000e+02,4.536423841059602502e-01,8.284671532846715758e-01,4.489999999999999858e+01,3.410000000000000142e+01,5.400000000000000000e+01,1.000000000000000000e+00
1.783178846999284267e+09,7.802778000041143969e-03,2.841988399995898362e-02,1.806615600071381778e-02,2.359368199904565699e-02,1.283985490967915410e+01,1.194000000000000000e+03,1.219000000000000000e+03,4.980000000000000000e+02,4.360000000000000000e+02,4.085315832649712986e-01,8.755020080321285203e-01,4.550000000000000000e+01,3.410000000000000142e+01,5.500000000000000000e+01,1.000000000000000000e+00
1.783178847110642195e+09,7.557058999736909755e-03,2.780250199975853320e-02,1.989255999978922773e-02,2.335453699924983084e-02,1.272156869992670813e+01,1.208000000000000000e+03,1.194000000000000000e+03,4.860000000000000000e+02,4.180000000000000000e+02,4.070351758793969710e-01,8.600823045267489420e-01,4.900000000000000000e+01,3.410000000000000142e+01,5.500000000000000000e+01,1.000000000000000000e+00
1.783178847224068403e+09,9.928178000336629339e-03,2.861091900012979750e-02,1.801448999867716338e-02,2.466702099991380237e-02,1.231214619830973866e+01,1.219000000000000000e+03,1.208000000000000000e+03,4.870000000000000000e+02,4.100000000000000000e+02,4.031456953642383878e-01,8.418891170431211934e-01,5.089999999999999858e+01,3.410000000000000142e+01,5.550000000000000000e+01,1.000000000000000000e+00
1.783178847335021019e+09,7.425523001074907370e-03,2.736452699900837615e-02,1.828744900012679864e-02,2.335920400037139188e-02,1.308272022136267054e+01,1.204000000000000000e+03,1.219000000000000000e+03,4.770000000000000000e+02,4.060000000000000000e+02,3.913043478260869734e-01,8.511530398322850743e-01,5.100000000000000000e+01,3.410000000000000142e+01,5.450000000000000000e+01,1.000000000000000000e+00
1.783178847443820477e+09,7.830888000171398744e-03,2.831023799990362022e-02,1.998770600039279088e-02,2.195459100039443001e-02,1.280681560270427077e+01,1.181000000000000000e+03,1.204000000000000000e+03,4.640000000000000000e+02,4.120000000000000000e+02,3.853820598006644782e-01,8.879310344827586743e-01,5.450000000000000000e+01,3.410000000000000142e+01,5.500000000000000000e+01,1.000000000000000000e+00
1.783178847555402994e+09,1.056780100043397397e-02,2.713523300008091610e-02,1.816713500011246651e-02,2.326031600023270585e-02,1.263735461736562193e+01,1.206000000000000000e+03,1.181000000000000000e+03,4.740000000000000000e+02,4.110000000000000000e+02,4.013547840812870526e-01,8.670886075949366667e-01,5.100000000000000000e+01,3.410000000000000142e+01,5.450000000000000000e+01,1.000000000000000000e+00
1.783178847664229870e+09,6.454255999415181577e-03,2.787918700050795451e-02,1.748456999848713167e-02,2.418684199983545113e-02,1.315705424374641908e+01,1.182000000000000000e+03,1.206000000000000000e+03,3.510000000000000000e+02,2.860000000000000000e+02,2.910447761194029925e-01,8.148148148148147696e-01,5.279999999999999716e+01,3.400000000000000000e+01,5.500000000000000000e+01,1.000000000000000000e+00
1.783178847772627831e+09,7.647223001185921021e-03,2.855782799997541588e-02,1.899466299983032513e-02,2.204718199936905876e-02,1.294550398497993093e+01,1.186000000000000000e+03,1.182000000000000000e+03,4.390000000000000000e+02,3.740000000000000000e+02,3.714043993231810337e-01,8.519362186788155267e-01,5.210000000000000142e+01,3.410000000000000142e+01,5.400000000000000000e+01,1.000000000000000000e+00
1.783178847884692192e+09,6.950269000299158506e-03,2.864575199964747299e-02,2.051268200011691079e-02,2.448896799978683703e-02,1.240730640965861653e+01,1.192000000000000000e+03,1.186000000000000000e+03,4.260000000000000000e+02,3.570000000000000000e+02,3.591905564924114946e-01,8.380281690140845008e-01,5.279999999999999716e+01,3.410000000000000142e+01,5.450000000000000000e+01,1.000000000000000000e+00
1.783178847995112658e+09,8.182440000382484868e-03,2.867006599990418181e-02,1.800426800036802888e-02,2.310079900053096935e-02,1.282749015268588266e+01,1.179000000000000000e+03,1.192000000000000000e+03,4.730000000000000000e+02,4.250000000000000000e+02,3.968120805369127480e-01,8.985200845665961555e-01,5.189999999999999858e+01,3.410000000000000142e+01,5.500000000000000000e+01,1.000000000000000000e+00
1.783178848097205400e+09,8.999948000564472750e-03,2.625757699934183620e-02,1.813269200101785827e-02,1.748247700015781447e-02,1.410980652132023394e+01,1.106000000000000000e+03,1.179000000000000000e+03,2.660000000000000000e+02,2.190000000000000000e+02,2.256149279050042311e-01,8.233082706766917669e-01,5.400000000000000000e+01,3.410000000000000142e+01,5.600000000000000000e+01,1.000000000000000000e+00
1.783178848208690643e+09,8.481306998874060810e-03,2.800200000092445407e-02,1.822478299982321914e-02,2.628815100069914479e-02,1.234625196984188911e+01,1.142000000000000000e+03,1.106000000000000000e+03,3.600000000000000000e+02,2.760000000000000000e+02,3.254972875226039841e-01,7.666666666666667185e-01,5.100000000000000000e+01,3.410000000000000142e+01,5.500000000000000000e+01,1.000000000000000000e+00
1.783178848316416979e+09,9.449055000004591420e-03,2.730386000075668562e-02,1.789652799925534055e-02,2.321709500029101036e-02,1.284248697426421160e+01,1.139000000000000000e+03,1.142000000000000000e+03,3.980000000000000000e+02,3.200000000000000000e+02,3.485113835376532632e-01,8.040201005025126024e-01,5.470000000000000284e+01,3.410000000000000142e+01,5.600000000000000000e+01,1.000000000000000000e+00
1.783178848422038794e+09,8.927616001528804190e-03,2.711378899948613252e-02,1.715170299939927645e-02,2.145478199963690713e-02,1.339622593484310364e+01,1.153000000000000000e+03,1.139000000000000000e+03,4.220000000000000000e+02,3.590000000000000000e+02,3.705004389815627630e-01,8.507109004739336067e-01,5.110000000000000142e+01,3.410000000000000142e+01,5.639999999999999858e+01,1.000000000000000000e+00
1.783178848526489019e+09,7.386855999357067049e-03,2.729371300119964872e-02,1.685298399934254121e-02,1.868305599964514840e-02,1.424164473688110455e+01,1.138000000000000000e+03,1.153000000000000000e+03,3.560000000000000000e+02,3.030000000000000000e+02,3.087597571552471720e-01,8.511235955056180025e-01,5.000000000000000000e+01,3.410000000000000142e+01,5.450000000000000000e+01,1.000000000000000000e+00
1.783178848630108833e+09,8.435715000814525411e-03,2.808203600034175906e-02,1.620688199909636751e-02,1.764334600011352450e-02,1.421100924320700187e+01,1.110000000000000000e+03,1.138000000000000000e+03,2.910000000000000000e+02,2.460000000000000000e+02,2.557117750439367176e-01,8.453608247422680355e-01,4.770000000000000284e+01,3.410000000000000142e+01,5.500000000000000000e+01,1.000000000000000000e+00
1.783178848736261606e+09,9.861586000624811277e-03,2.742148899960739072e-02,1.745282900083111599e-02,1.616701199964154512e-02,1.410379228958733933e+01,1.125000000000000000e+03,1.110000000000000000e+03,3.900000000000000000e+02,3.530000000000000000e+02,3.513513513513513709e-01,9.051282051282051322e-01,4.000000000000000000e+01,3.410000000000000142e+01,5.500000000000000000e+01,1.000000000000000000e+00
1.783178848841126919e+09,9.140686999671743251e-03,2.694082800007890910e-02,1.785245499922893941e-02,1.443597599973145407e-02,1.462630963638398462e+01,1.101000000000000000e+03,1.125000000000000000e+03,3.320000000000000000e+02,3.040000000000000000e+02,2.951111111111111018e-01,9.156626506024095891e-01,4.889999999999999858e+01,3.410000000000000142e+01,5.550000000000000000e+01,1.000000000000000000e+00
1.783178848948295593e+09,1.164671399965300225e-02,2.651018399956228677e-02,1.681850400018447544e-02,2.135370900032285135e-02,1.310116136428778866e+01,1.116000000000000000e+03,1.101000000000000000e+03,3.140000000000000000e+02,2.540000000000000000e+02,2.851952770208900922e-01,8.089171974522293418e-01,4.420000000000000284e+01,3.410000000000000142e+01,5.639999999999999858e+01,1.000000000000000000e+00
1.783178849050461292e+09,8.839561000058893114e-03,2.664040599847794510e-02,1.715668500037281774e-02,1.646030400115705561e-02,1.447241756929255274e+01,1.103000000000000000e+03,1.116000000000000000e+03,3.030000000000000000e+02,2.660000000000000000e+02,2.715053763440860024e-01,8.778877887788778533e-01,4.360000000000000142e+01,3.410000000000000142e+01,5.639999999999999858e+01,1.000000000000000000e+00
1.783178849159165621e+09,8.753674001127365045e-03,2.885221199903753586e-02,1.685698500114085618e-02,2.101545400000759400e-02,1.324883666910466928e+01,1.114000000000000000e+03,1.103000000000000000e+03,2.970000000000000000e+02,2.360000000000000000e+02,2.692656391659111748e-01,7.946127946127946595e-01,4.050000000000000000e+01,3.410000000000000142e+01,5.600000000000000000e+01,1.000000000000000000e+00
1.783178849263419151e+09,7.853480999983730726e-03,2.679716199963877443e-02,1.745588499943551142e-02,1.842437400046037510e-02,1.417818249377880235e+01,1.067000000000000000e+03,1.114000000000000000e+03,2.970000000000000000e+02,2.630000000000000000e+02,2.666068222621185146e-01,8.855218855218854879e-01,3.950000000000000000e+01,3.400000000000000000e+01,5.550000000000000000e+01,1.000000000000000000e+00
1.783178849365242958e+09,7.641205000254558399e-03,2.652407400091760792e-02,1.811493299828725867e-02,1.627741700031037908e-02,1.458626872879979075e+01,1.085000000000000000e+03,1.067000000000000000e+03,3.140000000000000000e+02,2.750000000000000000e+02,2.942830365510777924e-01,8.757961783439490722e-01,3.779999999999999716e+01,3.410000000000000142e+01,5.639999999999999858e+01,1.000000000000000000e+00
1.783178849466161013e+09,7.724647999566514045e-03,2.668388699930801522e-02,1.819850600077188574e-02,1.640326800043112598e-02,1.449058864522511314e+01,1.099000000000000000e+03,1.085000000000000000e+03,2.490000000000000000e+02,2.100000000000000000e+02,2.294930875576036977e-01,8.433734939759036653e-01,4.360000000000000142e+01,3.410000000000000142e+01,5.600000000000000000e+01,1.000000000000000000e+00
1.783178849565136433e+09,7.832073999452404678e-03,2.650101800099946558e-02,1.762745699852530379e-02,1.673313500032236334e-02,1.455737910358974041e+01,1.068000000000000000e+03,1.099000000000000000e+03,3.330000000000000000e+02,2.970000000000000000e+02,3.030027297543221310e-01,8.918918918918918859e-01,4.210000000000000142e+01,3.410000000000000142e+01,5.600000000000000000e+01,1.000000000000000000e+00
1.783178849670269966e+09,8.624304999102605507e-03,2.651201800108538009e-02,1.855659499960893299e-02,1.863424099974508863e-02,1.382606497797504019e+01,1.073000000000000000e+03,1.068000000000000000e+03,3.200000000000000000e+02,2.750000000000000000e+02,2.996254681647940177e-01,8.593750000000000000e-01,4.250000000000000000e+01,3.400000000000000000e+01,5.550000000000000000e+01,1.000000000000000000e+00
1.783178849770645618e+09,7.506391999413608573e-03,2.529058800064376555e-02,1.736542300022847485e-02,1.672206100010953378e-02,1.495115517400406446e+01,1.060000000000000000e+03,1.073000000000000000e+03,2.250000000000000000e+02,1.870000000000000000e+02,2.096924510717614043e-01,8.311111111111111338e-01,4.360000000000000142e+01,3.410000000000000142e+01,5.600000000000000000e+01,1.000000000000000000e+00
1.783178849870590687e+09,8.590638999521615915e-03,2.663386799940781202e-02,1.758281000002170913e-02,1.625702899946190882e-02,1.447925098752079620e+01,1.075000000000000000e+03,1.060000000000000000e+03,2.430000000000000000e+02,2.040000000000000000e+02,2.292452830188679291e-01,8.395061728395061262e-01,3.889999999999999858e+01,3.410000000000000142e+01,5.500000000000000000e+01,1.000000000000000000e+00
1.783178849975298405e+09,7.308377000299515203e-03,2.897628499886195641e-02,1.789021300101012457e-02,1.637306500015256461e-02,1.417475832739276420e+01,1.027000000000000000e+03,1.075000000000000000e+03,2.660000000000000000e+02,2.250000000000000000e+02,2.474418604651162923e-01,8.458646616541353191e-01,4.389999999999999858e+01,3.400000000000000000e+01,5.500000000000000000e+01,1.000000000000000000e+00
1.783178850074831009e+09,7.904256999609060585e-03,2.569680600026913453e-02,1.823182000043743756e-02,1.510646899987477809e-02,1.493889573351644451e+01,1.080000000000000000e+03,1.027000000000000000e+03,2.360000000000000000e+02,1.990000000000000000e+02,2.297955209347614380e-01,8.432203389830508211e-01,4.210000000000000142e+01,3.410000000000000142e+01,5.550000000000000000e+01,1.000000000000000000e+00
1.783178850177237511e+09,1.254685099956986960e-02,2.527892199941561557e-02,1.880096100103401113e-02,1.388346500061743427e-02,1.418234545035062055e+01,1.078000000000000000e+03,1.080000000000000000e+03,2.310000000000000000e+02,2.040000000000000000e+02,2.138888888888888784e-01,8.831168831168830780e-01,4.360000000000000142e+01,3.410000000000000142e+01,5.550000000000000000e+01,1.000000000000000000e+00
1.783178850279767990e+09,9.811328000068897381e-03,2.627755799949227367e-02,1.929349300007743295e-02,1.642724900011671707e-02,1.392570923781149972e+01,1.097000000000000000e+03,1.078000000000000000e+03,2.670000000000000000e+02,2.390000000000000000e+02,2.476808905380333825e-01,8.951310861423220633e-01,4.210000000000000142e+01,3.410000000000000142e+01,5.500000000000000000e+01,1.000000000000000000e+00
1.783178850383905649e+09,7.921277001514681615e-03,2.705749300002935342e-02,2.010751999841886573e-02,1.663359800113539677e-02,1.394313387640379887e+01,1.089000000000000000e+03,1.097000000000000000e+03,2.640000000000000000e+02,2.340000000000000000e+02,2.406563354603463989e-01,8.863636363636363535e-01,4.289999999999999858e+01,3.400000000000000000e+01,5.500000000000000000e+01,1.000000000000000000e+00
1.783178850482941866e+09,6.225203000212786719e-03,2.608741199946962297e-02,1.817919200038886629e-02,1.743932899989886209e-02,1.472079018375961823e+01,1.087000000000000000e+03,1.089000000000000000e+03,3.000000000000000000e+02,2.710000000000000000e+02,2.754820936639118534e-01,9.033333333333333215e-01,4.050000000000000000e+01,3.410000000000000142e+01,5.689999999999999858e+01,1.000000000000000000e+00
1.783178850582299709e+09,6.941695000932668336e-03,2.525288499964517541e-02,1.927239999895391520e-02,1.507548800145741552e-02,1.502799685736234991e+01,1.067000000000000000e+03,1.087000000000000000e+03,2.600000000000000000e+02,2.330000000000000000e+02,2.391904323827046819e-01,8.961538461538461897e-01,3.889999999999999858e+01,3.410000000000000142e+01,5.639999999999999858e+01,1.000000000000000000e+00
1.783178850680136919e+09,6.698420000248006545e-03,2.577562000078614801e-02,1.712118499926873483e-02,1.645473099961236585e-02,1.514005550588531790e+01,1.087000000000000000e+03,1.067000000000000000e+03,2.770000000000000000e+02,2.510000000000000000e+02,2.596063730084348653e-01,9.061371841155234641e-01,4.210000000000000142e+01,3.410000000000000142e+01,5.500000000000000000e+01,1.000000000000000000e+00
1.783178850782850027e+09,6.878435999169596471e-03,2.572786100063240156e-02,1.836994800032698549e-02,2.078280899877427146e-02,1.393552373217299767e+01,1.079000000000000000e+03,1.087000000000000000e+03,3.000000000000000000e+02,2.530000000000000000e+02,2.759889604415823317e-01,8.433333333333333792e-01,3.779999999999999716e+01,3.410000000000000142e+01,5.550000000000000000e+01,1.000000000000000000e+00
1.783178850884824514e+09,8.272734999991371296e-03,2.553978899959474802e-02,1.710403700053575449e-02,1.778530699994007591e-02,1.455564497895600518e+01,1.069000000000000000e+03,1.079000000000000000e+03,2.360000000000000000e+02,2.000000000000000000e+02,2.187210379981464337e-01,8.474576271186440302e-01,4.100000000000000000e+01,3.410000000000000142e+01,5.550000000000000000e+01,1.000000000000000000e+00
1.783178850984277010e+09,8.007090000319294631e-03,2.596821000042837113e-02,1.751408800009812694e-02,1.791012099965882953e-02,1.440932384684059819e+01,1.081000000000000000e+03,1.069000000000000000e+03,2.860000000000000000e+02,2.560000000000000000e+02,2.675397567820392841e-01,8.951048951048951041e-01,3.779999999999999716e+01,3.410000000000000142e+01,5.550000000000000000e+01,1.000000000000000000e+00
1.783178851088439703e+09,9.131818000241764821e-03,2.572623100058990531e-02,1.782784399983938783e-02,1.789002800069283694e-02,1.416913850802846397e+01,1.079000000000000000e+03,1.081000000000000000e+03,2.840000000000000000e+02,2.470000000000000000e+02,2.627197039777983134e-01,8.697183098591548811e-01,4.360000000000000142e+01,3.400000000000000000e+01,5.550000000000000000e+01,1.000000000000000000e+00
1.783178851186785936e+09,6.558014998518046923e-03,2.540873500038287602e-02,1.815437699951871764e-02,1.585912600057781674e-02,1.515604979591688739e+01,1.069000000000000000e+03,1.079000000000000000e+03,2.360000000000000000e+02,2.030000000000000000e+02,2.187210379981464337e-01,8.601694915254237683e-01,4.050000000000000000e+01,3.410000000000000142e+01,5.550000000000000000e+01,1.000000000000000000e+00
1.783178851286463022e+09,7.036619999780668877e-03,2.638774099978036247e-02,1.980800599994836375e-02,1.526648499930161051e-02,1.459878480908494502e+01,1.093000000000000000e+03,1.069000000000000000e+03,2.350000000000000000e+02,2.040000000000000000e+02,2.198316183348924258e-01,8.680851063829787551e-01,4.389999999999999858e+01,3.410000000000000142e+01,5.550000000000000000e+01,1.000000000000000000e+00
1.783178851385117531e+09,7.035508000626577996e-03,2.631287300027906895e-02,1.786826900024607312e-02,1.658224699895072263e-02,1.474950248819665966e+01,1.060000000000000000e+03,1.093000000000000000e+03,2.470000000000000000e+02,2.120000000000000000e+02,2.259835315645013776e-01,8.582995951417003999e-01,3.710000000000000142e+01,3.410000000000000142e+01,5.550000000000000000e+01,1.000000000000000000e+00
1.783178851485081911e+09,6.648624001172720455e-03,2.578993399947648868e-02,1.835626399952161592e-02,1.466256599996995647e-02,1.527711432661885738e+01,1.069000000000000000e+03,1.060000000000000000e+03,2.220000000000000000e+02,1.950000000000000000e+02,2.094339622641509524e-01,8.783783783783783994e-01,4.360000000000000142e+01,3.400000000000000000e+01,5.450000000000000000e+01,1.000000000000000000e+00
1.783178851591622829e+09,7.793000000674510375e-03,2.646233300038147718e-02,1.990320799995970447e-02,1.570810900011565536e-02,1.431298051336091071e+01,1.083000000000000000e+03,1.069000000000000000e+03,2.290000000000000000e+02,1.970000000000000000e+02,2.142188961646398493e-01,8.602620087336244614e-01,4.150000000000000000e+01,3.410000000000000142e+01,5.550000000000000000e+01,1.000000000000000000e+00
1.783178851695737362e+09,8.860043000822770409e-03,2.616902199952164665e-02,1.896529300029214937e-02,1.729077600066375453e-02,1.402817030521060460e+01,1.056000000000000000e+03,1.083000000000000000e+03,2.740000000000000000e+02,2.410000000000000000e+02,2.530009233610341912e-01,8.795620437956204185e-01,3.850000000000000000e+01,3.410000000000000142e+01,5.550000000000000000e+01,1.000000000000000000e+00
1.783178851799009085e+09,6.710901998303597793e-03,2.577156400002422743e-02,2.091738100170914549e-02,1.859677799984638114e-02,1.388953996109706779e+01,1.100000000000000000e+03,1.056000000000000000e+03,2.530000000000000000e+02,2.040000000000000000e+02,2.395833333333333426e-01,8.063241106719367668e-01,3.950000000000000000e+01,3.410000000000000142e+01,5.639999999999999858e+01,1.000000000000000000e+00
1.783178851897455454e+09,7.983646000866428949e-03,2.582765499937522691e-02,2.096871399953670334e-02,1.173534200097492430e-02,1.503412211992901248e+01,1.045000000000000000e+03,1.100000000000000000e+03,2.160000000000000000e+02,1.980000000000000000e+02,1.963636363636363513e-01,9.166666666666666297e-01,4.210000000000000142e+01,3.400000000000000000e+01,5.639999999999999858e+01,1.000000000000000000e+00
1.783178851993656158e+09,7.846943999538780190e-03,2.609200500046426896e-02,1.908517999981995672e-02,1.187950699932116549e-02,1.540745729581600187e+01,1.104000000000000000e+03,1.045000000000000000e+03,2.140000000000000000e+02,1.920000000000000000e+02,2.047846889952153193e-01,8.971962616822429792e-01,4.170000000000000284e+01,3.410000000000000142e+01,5.550000000000000000e+01,1.000000000000000000e+00
1.783178852094734907e+09,8.421603000897448510e-03,2.498029599883011542e-02,1.820583900007477496e-02,1.688055900012841448e-02,1.460103468481645983e+01,1.076000000000000000e+03,1.104000000000000000e+03,2.670000000000000000e+02,2.260000000000000000e+02,2.418478260869565133e-01,8.464419475655430292e-01,4.320000000000000284e+01,3.410000000000000142e+01,5.600000000000000000e+01,1.000000000000000000e+00
1.783178852199993610e+09,6.752178998794988729e-03,2.696432700031436980e-02,2.092349200029275380e-02,1.671011600046767853e-02,1.401539456547784823e+01,1.092000000000000000e+03,1.076000000000000000e+03,3.050000000000000000e+02,2.760000000000000000e+02,2.834572490706319670e-01,9.049180327868852070e-01,4.289999999999999858e+01,3.400000000000000000e+01,5.600000000000000000e+01,1.000000000000000000e+00
1.783178852305896997e+09,8.220290999815915711e-03,2.643926000018836930e-02,2.098586200008867308e-02,1.656319199901190586e-02,1.384876497769755410e+01,1.076000000000000000e+03,1.092000000000000000e+03,2.580000000000000000e+02,2.190000000000000000e+02,2.362637362637362570e-01,8.488372093023255349e-01,4.050000000000000000e+01,3.400000000000000000e+01,5.550000000000000000e+01,1.000000000000000000e+00
1.783178852405149937e+09,7.106267001290689223e-03,2.608685699851776008e-02,1.849622400004591327e-02,1.629675100048189051e-02,1.470888923918188240e+01,1.095000000000000000e+03,1.076000000000000000e+03,2.460000000000000000e+02,2.030000000000000000e+02,2.286245353159851168e-01,8.252032520325203180e-01,4.320000000000000284e+01,3.410000000000000142e+01,5.450000000000000000e+01,1.000000000000000000e+00
1.783178852508817196e+09,1.100690600105735939e-02,2.503918399997928645e-02,2.014274199973442592e-02,1.451879100022779312e-02,1.414274667366308336e+01,1.076000000000000000e+03,1.095000000000000000e+03,3.080000000000000000e+02,2.750000000000000000e+02,2.812785388127853614e-01,8.928571428571429047e-01,4.250000000000000000e+01,3.410000000000000142e+01,5.550000000000000000e+01,1.000000000000000000e+00
1.783178852608258009e+09,7.671076000406173989e-03,2.533108799980254844e-02,1.756054999896150548e-02,1.769658600096590817e-02,1.465001838574385573e+01,1.028000000000000000e+03,1.076000000000000000e+03,2.320000000000000000e+02,1.880000000000000000e+02,2.156133828996282531e-01,8.103448275862068506e-01,4.050000000000000000e+01,3.410000000000000142e+01,5.639999999999999858e+01,1.000000000000000000e+00
1.783178852710296154e+09,9.863327000857680105e-03,2.514444199914578348e-02,1.855765000073006377e-02,1.760805000049003866e-02,1.405017928777377278e+01,1.022000000000000000e+03,1.028000000000000000e+03,2.310000000000000000e+02,1.880000000000000000e+02,2.247081712062256875e-01,8.138528138528138278e-01,4.360000000000000142e+01,3.410000000000000142e+01,5.639999999999999858e+01,1.000000000000000000e+00
1.783178852806056261e+09,8.354438001333619468e-03,2.534627299974090420e-02,1.725131300008797552e-02,1.360309799929382280e-02,1.549063759794197637e+01,1.008000000000000000e+03,1.022000000000000000e+03,2.090000000000000000e+02,1.790000000000000000e+02,2.045009784735812020e-01,8.564593301435406980e-01,4.629999999999999716e+01,3.410000000000000142e+01,5.550000000000000000e+01,1.000000000000000000e+00
1.783178852910520315e+09,8.949375000156578608e-03,2.629453899862710387e-02,1.990439300061552785e-02,1.648086000022885855e-02,1.396079337353165783e+01,9.970000000000000000e+02,1.008000000000000000e+03,2.540000000000000000e+02,2.210000000000000000e+02,2.519841269841269771e-01,8.700787401574803237e-01,4.500000000000000000e+01,3.410000000000000142e+01,5.600000000000000000e+01,1.000000000000000000e+00
1.783178853007590294e+09,8.364567000171518885e-03,2.492159299981722143e-02,1.799832299911940936e-02,1.438753200091014151e-02,1.522718619186150235e+01,9.780000000000000000e+02,9.970000000000000000e+02,1.810000000000000000e+02,1.510000000000000000e+02,1.815446339017051103e-01,8.342541436464088189e-01,3.889999999999999858e+01,3.410000000000000142e+01,5.639999999999999858e+01,1.000000000000000000e+00
1.783178853110764265e+09,1.211861499905353412e-02,2.343590700002096128e-02,1.713657400068768766e-02,2.106224999988626223e-02,1.355870688232594468e+01,9.020000000000000000e+02,9.780000000000000000e+02,1.420000000000000000e+02,1.070000000000000000e+02,1.451942740286298605e-01,7.535211267605633756e-01,4.250000000000000000e+01,3.400000000000000000e+01,5.689999999999999858e+01,1.000000000000000000e+00
1.783178853215594053e+09,8.858024000801378861e-03,2.387816000009479467e-02,1.669991299968387466e-02,2.503605399942898657e-02,1.342783828010928104e+01,9.250000000000000000e+02,9.020000000000000000e+02,1.110000000000000000e+02,7.800000000000000000e+01,1.230598669623059888e-01,7.027027027027027417e-01,4.389999999999999858e+01,3.410000000000000142e+01,5.689999999999999858e+01,1.000000000000000000e+00
1.783178853316340685e+09,9.463128000788856298e-03,2.433032199951412622e-02,1.679661500020301901e-02,1.716803700037417002e-02,1.475838269476630416e+01,9.560000000000000000e+02,9.250000000000000000e+02,2.300000000000000000e+02,1.920000000000000000e+02,2.486486486486486625e-01,8.347826086956521285e-01,4.620000000000000284e+01,3.410000000000000142e+01,5.550000000000000000e+01,1.000000000000000000e+00
1.783178853415949106e+09,6.920326000908971764e-03,2.498510999976133462e-02,1.618389999930514023e-02,1.962547100083611440e-02,1.476781880199429686e+01,9.230000000000000000e+02,9.560000000000000000e+02,1.530000000000000000e+02,1.220000000000000000e+02,1.600418410041840878e-01,7.973856209150327334e-01,4.250000000000000000e+01,3.410000000000000142e+01,5.639999999999999858e+01,1.000000000000000000e+00
1.783178853515900373e+09,7.332450000831158832e-03,2.542449399879842531e-02,1.694274300098186359e-02,1.371981800002686214e-02,1.576801963354862401e+01,9.710000000000000000e+02,9.230000000000000000e+02,1.320000000000000000e+02,1.130000000000000000e+02,1.430119176598049768e-01,8.560606060606060774e-01,4.320000000000000284e+01,3.410000000000000142e+01,5.639999999999999858e+01,1.000000000000000000e+00
1.783178853618802786e+09,8.272217000921955332e-03,2.502018399900407530e-02,1.732459000049857423e-02,1.980252400062454399e-02,1.420060902130753711e+01,9.390000000000000000e+02,9.710000000000000000e+02,1.780000000000000000e+02,1.380000000000000000e+02,1.833161688980432524e-01,7.752808988764045006e-01,4.000000000000000000e+01,3.410000000000000142e+01,5.639999999999999858e+01,1.000000000000000000e+00
1.783178853718335390e+09,6.985787000303389505e-03,2.577352700063784141e-02,1.631008399999700487e-02,1.729264599998714402e-02,1.506885472041903284e+01,9.880000000000000000e+02,9.390000000000000000e+02,2.390000000000000000e+02,2.060000000000000000e+02,2.545260915867944562e-01,8.619246861924686476e-01,4.210000000000000142e+01,3.410000000000000142e+01,5.639999999999999858e+01,1.000000000000000000e+00
1.783178853818220377e+09,7.295080000403686427e-03,2.512899800058221444e-02,1.620673299839836545e-02,1.871727700017800089e-02,1.484823147475990091e+01,9.280000000000000000e+02,9.880000000000000000e+02,1.550000000000000000e+02,1.220000000000000000e+02,1.568825910931174183e-01,7.870967741935483986e-01,3.950000000000000000e+01,3.410000000000000142e+01,5.639999999999999858e+01,1.000000000000000000e+00
1.783178853920322895e+09,8.475177000946132466e-03,2.496611099923029542e-02,1.831635599955916405e-02,1.682035500016354490e-02,1.458193611046409721e+01,9.600000000000000000e+02,9.280000000000000000e+02,1.420000000000000000e+02,1.140000000000000000e+02,1.530172413793103314e-01,8.028169014084507449e-01,4.520000000000000284e+01,3.410000000000000142e+01,5.550000000000000000e+01,1.000000000000000000e+00
1.783178854029611826e+09,8.285437999802525155e-03,2.511705299912136979e-02,1.828506099991500378e-02,2.457687400055874605e-02,1.311227334232999020e+01,9.320000000000000000e+02,9.600000000000000000e+02,1.430000000000000000e+02,1.030000000000000000e+02,1.489583333333333315e-01,7.202797202797203147e-01,4.150000000000000000e+01,3.410000000000000142e+01,5.550000000000000000e+01,1.000000000000000000e+00
1.783178854128655672e+09,8.428473998719709925e-03,2.458367100007308181e-02,1.911481000024650712e-02,1.550979700004972983e-02,1.478486134303830291e+01,9.730000000000000000e+02,9.320000000000000000e+02,1.610000000000000000e+02,1.330000000000000000e+02,1.727467811158798217e-01,8.260869565217391353e-01,4.389999999999999858e+01,3.410000000000000142e+01,5.600000000000000000e+01,1.000000000000000000e+00
1.783178854232664108e+09,1.049069000146118924e-02,2.575508199879550375e-02,1.948169500064977910e-02,1.304436300051747821e-02,1.454083743270019902e+01,9.430000000000000000e+02,9.730000000000000000e+02,1.840000000000000000e+02,1.620000000000000000e+02,1.891058581706063779e-01,8.804347826086956763e-01,4.210000000000000142e+01,3.410000000000000142e+01,5.600000000000000000e+01,1.000000000000000000e+00
1.783178854330844402e+09,8.468918000289704651e-03,2.444880199982435443e-02,1.850050199936958961e-02,1.465234399984183256e-02,1.513533272910374450e+01,9.570000000000000000e+02,9.430000000000000000e+02,1.570000000000000000e+02,1.290000000000000000e+02,1.664899257688229051e-01,8.216560509554140523e-01,3.950000000000000000e+01,3.410000000000000142e+01,5.689999999999999858e+01,1.000000000000000000e+00
1.783178854431123495e+09,8.684970998729113489e-03,2.431510000133130234e-02,1.894047799942200072e-02,1.594399600071483292e-02,1.473089346031698810e+01,9.240000000000000000e+02,9.570000000000000000e+02,1.340000000000000000e+02,1.060000000000000000e+02,1.400208986415882872e-01,7.910447761194029370e-01,4.210000000000000142e+01,3.410000000000000142e+01,5.550000000000000000e+01,1.000000000000000000e+00
1.783178854532732248e+09,7.654112998352502473e-03,2.445085700128402095e-02,1.776127099947188981e-02,1.886175700019521173e-02,1.455011100439928917e+01,9.390000000000000000e+02,9.240000000000000000e+02,1.960000000000000000e+02,1.590000000000000000e+02,2.121212121212121271e-01,8.112244897959183243e-01,4.210000000000000142e+01,3.410000000000000142e+01,5.600000000000000000e+01,1.000000000000000000e+00
1.783178854632196665e+09,8.206328000596840866e-03,2.569399099957081489e-02,1.936301100067794323e-02,1.301434499873721506e-02,1.508803680886957110e+01,9.620000000000000000e+02,9.390000000000000000e+02,1.550000000000000000e+02,1.350000000000000000e+02,1.650692225772097954e-01,8.709677419354838745e-01,3.950000000000000000e+01,3.410000000000000142e+01,5.550000000000000000e+01,1.000000000000000000e+00
1.783178854731833696e+09,9.223817000020062551e-03,2.394036300029256381e-02,1.915673499934200663e-02,1.669050599957699887e-02,1.449035515456396617e+01,9.210000000000000000e+02,9.620000000000000000e+02,1.410000000000000000e+02,1.100000000000000000e+02,1.465696465696465778e-01,7.801418439716312214e-01,4.210000000000000142e+01,3.410000000000000142e+01,5.639999999999999858e+01,1.000000000000000000e+00
1.783178854829536915e+09,1.145482699939748272e-02,2.321479800048109610e-02,1.782363999882363714e-02,1.524044800135015976e-02,1.476369677237724609e+01,9.040000000000000000e+02,9.210000000000000000e+02,1.290000000000000000e+02,1.070000000000000000e+02,1.400651465798045670e-01,8.294573643410853014e-01,4.620000000000000284e+01,3.410000000000000142e+01,5.600000000000000000e+01,1.000000000000000000e+00
1.783178854929312706e+09,8.104181000817334279e-03,2.337670399901981000e-02,1.626776900047843810e-02,2.042305400027544238e-02,1.466884180151875228e+01,9.170000000000000000e+02,9.040000000000000000e+02,1.510000000000000000e+02,1.140000000000000000e+02,1.670353982300885054e-01,7.549668874172185129e-01,4.360000000000000142e+01,3.410000000000000142e+01,5.689999999999999858e+01,1.000000000000000000e+00
1.783178855027107477e+09,7.549261999884038232e-03,2.536319899991212878e-02,1.783708400034811348e-02,1.558270300120057072e-02,1.507562354859020459e+01,9.760000000000000000e+02,9.170000000000000000e+02,2.240000000000000000e+02,1.900000000000000000e+02,2.442748091603053340e-01,8.482142857142856984e-01,4.620000000000000284e+01,3.410000000000000142e+01,5.600000000000000000e+01,1.000000000000000000e+00
1.783178855129056454e+09,8.119291998809785582e-03,2.386927200132049620e-02,1.694289099941670429e-02,1.961591500003123656e-02,1.458845175250564807e+01,9.520000000000000000e+02,9.760000000000000000e+02,1.860000000000000000e+02,1.430000000000000000e+02,1.905737704918032682e-01,7.688172043010752521e-01,3.950000000000000000e+01,3.410000000000000142e+01,5.689999999999999858e+01,1.000000000000000000e+00
1.783178855227331877e+09,9.725162000904674642e-03,2.414030599902616814e-02,1.794332400095299818e-02,1.504520999878877774e-02,1.495796766220363239e+01,9.420000000000000000e+02,9.520000000000000000e+02,2.190000000000000000e+02,1.870000000000000000e+02,2.300420168067226767e-01,8.538812785388127935e-01,3.889999999999999858e+01,3.410000000000000142e+01,5.500000000000000000e+01,1.000000000000000000e+00
1.783178855327528238e+09,7.830517999536823481e-03,2.389505000064673368e-02,2.139022699884662870e-02,1.433036700109369121e-02,1.482664054328492931e+01,9.480000000000000000e+02,9.420000000000000000e+02,1.830000000000000000e+02,1.560000000000000000e+02,1.942675159235668914e-01,8.524590163934425702e-01,4.100000000000000000e+01,3.400000000000000000e+01,5.600000000000000000e+01,1.000000000000000000e+00
1.783178855427702188e+09,8.451324998532072641e-03,2.490622200093639549e-02,1.672817200051213149e-02,1.603884599899174646e-02,1.512297283188995145e+01,9.330000000000000000e+02,9.480000000000000000e+02,1.750000000000000000e+02,1.450000000000000000e+02,1.845991561181434537e-01,8.285714285714286254e-01,3.889999999999999858e+01,3.410000000000000142e+01,5.600000000000000000e+01,1.000000000000000000e+00
1.783178855524609089e+09,8.401437000429723412e-03,2.467489199989358895e-02,1.659604399901581928e-02,1.618769600099767558e-02,1.518370714119485676e+01,9.420000000000000000e+02,9.330000000000000000e+02,1.670000000000000000e+02,1.370000000000000000e+02,1.789924973204715941e-01,8.203592814371257758e-01,4.210000000000000142e+01,3.410000000000000142e+01,5.639999999999999858e+01,1.000000000000000000e+00
1.783178855625241756e+09,6.985749998420942575e-03,2.549280800121778157e-02,1.824354199925437570e-02,1.783154800068587065e-02,1.458711577254271852e+01,9.190000000000000000e+02,9.420000000000000000e+02,2.160000000000000000e+02,1.770000000000000000e+02,2.292993630573248454e-01,8.194444444444444198e-01,4.500000000000000000e+01,3.410000000000000142e+01,5.600000000000000000e+01,1.000000000000000000e+00
1.783178855721339941e+09,7.335394999245181680e-03,2.457452199996623676e-02,1.761599500059674028e-02,1.699977899988880381e-02,1.503178674242639801e+01,9.090000000000000000e+02,9.190000000000000000e+02,1.400000000000000000e+02,1.110000000000000000e+02,1.523394994559303661e-01,7.928571428571428159e-01,4.470000000000000284e+01,3.410000000000000142e+01,5.550000000000000000e+01,1.000000000000000000e+00
1.783178855821623087e+09,8.601953999459510669e-03,2.313870599937217776e-02,1.659085800019965973e-02,1.903281100021558814e-02,1.484465168518458711e+01,8.710000000000000000e+02,9.090000000000000000e+02,1.200000000000000000e+02,9.100000000000000000e+01,1.320132013201320009e-01,7.583333333333333037e-01,4.500000000000000000e+01,3.410000000000000142e+01,5.600000000000000000e+01,1.000000000000000000e+00
1.783178855919515371e+09,6.782790000215754844e-03,2.527094000106444582e-02,1.662367300014011562e-02,1.569825799924728926e-02,1.553382108169156517e+01,9.130000000000000000e+02,8.710000000000000000e+02,1.030000000000000000e+02,8.300000000000000000e+01,1.182548794489093058e-01,8.058252427184465772e-01,4.210000000000000142e+01,3.410000000000000142e+01,5.639999999999999858e+01,1.000000000000000000e+00
1.783178856019715786e+09,6.901122000272152945e-03,2.474852100021962542e-02,1.845714999944902956e-02,1.819469200017920230e-02,1.464097010479703265e+01,9.390000000000000000e+02,9.130000000000000000e+02,1.330000000000000000e+02,1.020000000000000000e+02,1.456736035049288058e-01,7.669172932330826642e-01,4.210000000000000142e+01,3.410000000000000142e+01,5.639999999999999858e+01,1.000000000000000000e+00
1.783178856116648197e+09,7.359152999924845062e-03,2.447502399991208222e-02,1.658961700013605878e-02,1.477693600099883042e-02,1.582260204881531251e+01,9.350000000000000000e+02,9.390000000000000000e+02,1.410000000000000000e+02,1.170000000000000000e+02,1.501597444089456945e-01,8.297872340425531679e-01,4.620000000000000284e+01,3.410000000000000142e+01,5.639999999999999858e+01,1.000000000000000000e+00
1.783178856210340023e+09,7.608113999594934285e-03,2.443409800071094651e-02,1.842716999999538530e-02,9.003356000903295353e-03,1.681442680476130036e+01,9.330000000000000000e+02,9.350000000000000000e+02,1.110000000000000000e+02,1.020000000000000000e+02,1.187165775401069490e-01,9.189189189189189699e-01,4.289999999999999858e+01,3.410000000000000142e+01,5.600000000000000000e+01,1.000000000000000000e+00
1.783178856308586359e+09,9.463627999139134772e-03,2.387906799958727788e-02,1.847729899964178912e-02,1.377024300018092617e-02,1.524617123697767695e+01,9.290000000000000000e+02,9.330000000000000000e+02,1.790000000000000000e+02,1.510000000000000000e+02,1.918542336548767491e-01,8.435754189944134618e-01,4.360000000000000142e+01,3.410000000000000142e+01,5.689999999999999858e+01,1.000000000000000000e+00
1.783178856401814938e+09,8.842060999086243100e-03,2.398080800048774108e-02,1.676170800055842847e-02,1.313549199949193280e-02,1.594386001083623405e+01,9.180000000000000000e+02,9.290000000000000000e+02,1.520000000000000000e+02,1.290000000000000000e+02,1.636167922497308858e-01,8.486842105263158187e-01,4.120000000000000284e+01,3.410000000000000142e+01,5.600000000000000000e+01,1.000000000000000000e+00
1.783178856500608683e+09,8.679601000039838254e-03,2.494840699910128023e-02,1.795980499991856050e-02,1.392429699990316294e-02,1.526435341520570077e+01,9.360000000000000000e+02,9.180000000000000000e+02,1.170000000000000000e+02,9.600000000000000000e+01,1.274509803921568540e-01,8.205128205128204844e-01,4.470000000000000284e+01,3.410000000000000142e+01,5.689999999999999858e+01,1.000000000000000000e+00
1.783178856595487118e+09,6.460016000346513465e-03,2.594654299900867045e-02,1.787004700054239947e-02,9.254278998923837207e-03,1.679800325528165317e+01,9.480000000000000000e+02,9.360000000000000000e+02,7.100000000000000000e+01,6.400000000000000000e+01,7.585470085470084889e-02,9.014084507042253724e-01,4.000000000000000000e+01,3.410000000000000142e+01,5.600000000000000000e+01,1.000000000000000000e+00
1.783178856699218273e+09,7.636038000782718882e-03,2.489885299837624189e-02,1.644771100109210238e-02,2.367677399888634682e-02,1.376284872047169294e+01,8.970000000000000000e+02,9.480000000000000000e+02,1.770000000000000000e+02,1.300000000000000000e+02,1.867088607594936667e-01,7.344632768361581965e-01,4.389999999999999858e+01,3.410000000000000142e+01,5.739999999999999858e+01,1.000000000000000000e+00
1.783178856803218365e+09,8.740193001358420588e-03,2.475905699975555763e-02,1.828524600023229141e-02,2.197251599864102900e-02,1.355803296370211086e+01,9.740000000000000000e+02,8.970000000000000000e+02,1.440000000000000000e+02,1.090000000000000000e+02,1.605351170568561914e-01,7.569444444444444198e-01,4.250000000000000000e+01,3.410000000000000142e+01,5.639999999999999858e+01,1.000000000000000000e+00
1.783178856904798508e+09,1.064807699913217220e-02,2.414628699989407323e-02,1.731018300051800907e-02,1.578048000010312535e-02,1.473078886755387629e+01,9.290000000000000000e+02,9.740000000000000000e+02,1.960000000000000000e+02,1.610000000000000000e+02,2.012320328542094583e-01,8.214285714285713969e-01,4.210000000000000142e+01,3.400000000000000000e+01,5.739999999999999858e+01,1.000000000000000000e+00
1.783178856998876572e+09,6.948492000447004102e-03,2.560484299829113297e-02,1.654897000116761774e-02,1.369492999947397038e-02,1.592426800335838699e+01,1.000000000000000000e+03,9.290000000000000000e+02,1.480000000000000000e+02,1.230000000000000000e+02,1.593110871905274450e-01,8.310810810810810301e-01,4.320000000000000284e+01,3.410000000000000142e+01,5.639999999999999858e+01,1.000000000000000000e+00
1.783178857095444918e+09,8.033127000089734793e-03,2.572871299889811780e-02,1.879309100149839651e-02,1.429673699931299780e-02,1.495848989142653807e+01,9.860000000000000000e+02,1.000000000000000000e+03,2.600000000000000000e+02,2.300000000000000000e+02,2.600000000000000089e-01,8.846153846153845812e-01,4.320000000000000284e+01,3.410000000000000142e+01,5.600000000000000000e+01,1.000000000000000000e+00
1.783178857196895599e+09,8.030126000448944978e-03,2.571288000035565346e-02,1.728671999990183394e-02,1.691365099941322114e-02,1.471813801657575738e+01,9.920000000000000000e+02,9.860000000000000000e+02,2.440000000000000000e+02,2.040000000000000000e+02,2.474645030425963455e-01,8.360655737704918433e-01,4.470000000000000284e+01,3.410000000000000142e+01,5.639999999999999858e+01,1.000000000000000000e+00
1.783178857292948961e+09,6.839308000053279102e-03,2.528347699990263209e-02,1.704187200084561482e-02,1.546596399930422194e-02,1.547254203233423731e+01,9.730000000000000000e+02,9.920000000000000000e+02,2.220000000000000000e+02,1.880000000000000000e+02,2.237903225806451568e-01,8.468468468468468568e-01,3.820000000000000284e+01,3.410000000000000142e+01,5.689999999999999858e+01,1.000000000000000000e+00
1.783178857392147541e+09,8.087199999863514677e-03,2.540266100004373584e-02,1.728025699958379846e-02,1.628112199978204444e-02,1.491396728846239128e+01,1.061000000000000000e+03,9.730000000000000000e+02,2.210000000000000000e+02,1.910000000000000000e+02,2.271325796505652694e-01,8.642533936651584092e-01,4.210000000000000142e+01,3.410000000000000142e+01,5.689999999999999858e+01,1.000000000000000000e+00
1.783178857495223761e+09,7.933367998703033663e-03,2.590100700035691261e-02,1.833454100051312707e-02,2.139813500070886221e-02,1.359304180884140223e+01,1.077000000000000000e+03,1.061000000000000000e+03,3.200000000000000000e+02,2.550000000000000000e+02,3.016022620169651058e-01,7.968750000000000000e-01,4.150000000000000000e+01,3.410000000000000142e+01,5.600000000000000000e+01,1.000000000000000000e+00
1.783178857599089622e+09,9.012669999719946645e-03,2.600598700155387633e-02,1.954900899909262080e-02,1.643593399967357982e-02,1.408379293443482183e+01,1.080000000000000000e+03,1.077000000000000000e+03,2.970000000000000000e+02,2.590000000000000000e+02,2.757660167130919215e-01,8.720538720538720812e-01,4.500000000000000000e+01,3.400000000000000000e+01,5.639999999999999858e+01,1.000000000000000000e+00
1.783178857701066017e+09,8.495344000039040111e-03,2.859377099957782775e-02,1.883349800118594430e-02,1.388559399856603704e-02,1.432496325265940662e+01,1.082000000000000000e+03,1.080000000000000000e+03,2.740000000000000000e+02,2.440000000000000000e+02,2.537037037037037090e-01,8.905109489051095117e-01,4.100000000000000000e+01,3.410000000000000142e+01,5.500000000000000000e+01,1.000000000000000000e+00
1.783178857804571629e+09,9.641699998610420153e-03,2.600428400000964757e-02,1.922319700133812148e-02,1.474178799981018528e-02,1.436555207273910284e+01,1.099000000000000000e+03,1.082000000000000000e+03,2.180000000000000000e+02,1.900000000000000000e+02,2.014787430683918634e-01,8.715596330275229286e-01,3.710000000000000142e+01,3.410000000000000142e+01,5.689999999999999858e+01,1.000000000000000000e+00
1.783178857917109728e+09,9.509887000604066998e-03,2.647494499979075044e-02,1.928249299999151845e-02,2.352371999950264581e-02,1.269179765291105078e+01,1.114000000000000000e+03,1.099000000000000000e+03,4.110000000000000000e+02,3.580000000000000000e+02,3.739763421292083834e-01,8.710462287104623336e-01,4.189999999999999858e+01,3.410000000000000142e+01,5.639999999999999858e+01,1.000000000000000000e+00
1.783178858025760651e+09,7.196210999609320424e-03,2.610893100063549355e-02,1.863577799849736039e-02,2.152274400032183621e-02,1.361217159019921574e+01,1.107000000000000000e+03,1.114000000000000000e+03,3.550000000000000000e+02,3.070000000000000000e+02,3.186714542190305366e-01,8.647887323943661553e-01,4.050000000000000000e+01,3.400000000000000000e+01,5.550000000000000000e+01,1.000000000000000000e+00
1.783178858128596067e+09,7.322895000470452942e-03,2.647209199858480133e-02,2.070853199984412640e-02,1.636584200059587602e-02,1.411047010861466866e+01,1.134000000000000000e+03,1.107000000000000000e+03,3.060000000000000000e+02,2.620000000000000000e+02,2.764227642276422814e-01,8.562091503267973414e-01,4.210000000000000142e+01,3.410000000000000142e+01,5.689999999999999858e+01,1.000000000000000000e+00
1.783178858236920118e+09,8.261753999249776825e-03,2.638874100011889823e-02,2.018287200007762294e-02,2.219243900071887765e-02,1.298266194056905576e+01,1.117000000000000000e+03,1.134000000000000000e+03,3.940000000000000000e+02,3.400000000000000000e+02,3.474426807760140901e-01,8.629441624365482566e-01,4.320000000000000284e+01,3.410000000000000142e+01,5.639999999999999858e+01,1.000000000000000000e+00
1.783178858346853018e+09,8.562156999687431380e-03,2.641561200107389595e-02,1.902929199968639296e-02,2.427121199980319943e-02,1.277493692274987325e+01,1.115000000000000000e+03,1.117000000000000000e+03,2.930000000000000000e+02,2.350000000000000000e+02,2.623097582811101391e-01,8.020477815699659230e-01,4.550000000000000000e+01,3.410000000000000142e+01,5.550000000000000000e+01,1.000000000000000000e+00
1.783178858453421354e+09,9.082225000383914448e-03,2.646701900084735826e-02,1.966200700007902924e-02,1.855774199975712691e-02,1.355583097068344323e+01,1.134000000000000000e+03,1.115000000000000000e+03,2.850000000000000000e+02,2.350000000000000000e+02,2.556053811659192987e-01,8.245614035087719396e-01,3.850000000000000000e+01,3.410000000000000142e+01,5.639999999999999858e+01,1.000000000000000000e+00
1.783178858568118095e+09,7.719463001194526441e-03,2.648716699877695646e-02,2.089397400050074793e-02,2.329129700046905782e-02,1.275641982438967226e+01,1.142000000000000000e+03,1.134000000000000000e+03,2.950000000000000000e+02,2.250000000000000000e+02,2.601410934744268211e-01,7.627118644067796271e-01,4.320000000000000284e+01,3.410000000000000142e+01,5.600000000000000000e+01,1.000000000000000000e+00
1.783178858679457903e+09,1.015541599917924032e-02,2.637979700011783279e-02,2.023559299959742930e-02,2.276404400072351564e-02,1.257310474596736860e+01,1.142000000000000000e+03,1.142000000000000000e+03,3.670000000000000000e+02,2.940000000000000000e+02,3.213660245183888042e-01,8.010899182561307397e-01,4.089999999999999858e+01,3.410000000000000142e+01,5.600000000000000000e+01,1.000000000000000000e+00
1.783178858788800001e+09,8.351919999768142588e-03,2.626279899959627073e-02,1.969687600103497971e-02,2.184642599968356080e-02,1.313059329625845706e+01,1.132000000000000000e+03,1.142000000000000000e+03,3.860000000000000000e+02,3.160000000000000000e+02,3.380035026269702092e-01,8.186528497409326643e-01,4.000000000000000000e+01,3.410000000000000142e+01,5.550000000000000000e+01,1.000000000000000000e+00
1.783178858894938707e+09,7.341319998886319809e-03,2.634064999983820599e-02,1.892786700045689940e-02,2.016968600037216675e-02,1.374012852497169668e+01,1.145000000000000000e+03,1.132000000000000000e+03,3.380000000000000000e+02,2.810000000000000000e+02,2.985865724381625563e-01,8.313609467455621571e-01,4.289999999999999858e+01,3.410000000000000142e+01,5.639999999999999858e+01,1.000000000000000000e+00
1.783178859002909660e+09,9.138318000623257831e-03,2.675882999938039575e-02,1.980128300056094304e-02,1.988150400029553566e-02,1.323102487437465413e+01,1.155000000000000000e+03,1.145000000000000000e+03,3.090000000000000000e+02,2.480000000000000000e+02,2.698689956331877804e-01,8.025889967637540590e-01,4.050000000000000000e+01,3.410000000000000142e+01,5.600000000000000000e+01,1.000000000000000000e+00
1.783178859110646486e+09,7.076620000589173287e-03,2.663742400000046473e-02,2.063714299947605468e-02,2.051334899988432880e-02,1.335745939840818153e+01,1.146000000000000000e+03,1.155000000000000000e+03,4.120000000000000000e+02,3.470000000000000000e+02,3.567099567099566992e-01,8.422330097087378231e-01,4.420000000000000284e+01,3.410000000000000142e+01,5.550000000000000000e+01,1.000000000000000000e+00
1.783178859218504429e+09,1.085081500059459358e-02,2.641303800010064151e-02,1.971085799959837459e-02,1.925303099960729014e-02,1.311858352043669385e+01,1.137000000000000000e+03,1.146000000000000000e+03,3.710000000000000000e+02,3.160000000000000000e+02,3.237347294938918152e-01,8.517520215633422875e-01,3.950000000000000000e+01,3.410000000000000142e+01,5.550000000000000000e+01,1.000000000000000000e+00
1.783178859327674389e+09,7.322782999835908413e-03,2.700306800034013577e-02,2.054797799974039663e-02,2.202101600050809793e-02,1.300477294667124895e+01,1.160000000000000000e+03,1.137000000000000000e+03,3.310000000000000000e+02,2.690000000000000000e+02,2.911169744942831983e-01,8.126888217522658664e-01,3.900000000000000000e+01,3.400000000000000000e+01,5.639999999999999858e+01,1.000000000000000000e+00
1.783178859433429718e+09,1.019319300030474551e-02,2.655462899929261766e-02,1.852246499947796110e-02,1.599686500048846938e-02,1.403170986832925138e+01,1.142000000000000000e+03,1.160000000000000000e+03,2.770000000000000000e+02,2.370000000000000000e+02,2.387931034482758674e-01,8.555956678700360474e-01,4.100000000000000000e+01,3.400000000000000000e+01,5.600000000000000000e+01,1.000000000000000000e+00
1.783178859547247410e+09,7.837203000235604122e-03,2.761278300022240728e-02,1.948252699912700336e-02,2.427021199946466368e-02,1.262582821502667407e+01,1.159000000000000000e+03,1.142000000000000000e+03,4.100000000000000000e+02,3.350000000000000000e+02,3.590192644483362616e-01,8.170731707317072656e-01,4.089999999999999858e+01,3.410000000000000142e+01,5.689999999999999858e+01,1.000000000000000000e+00
1.783178859654520750e+09,1.074746400081494357e-02,2.643544499915151391e-02,1.780778900138102472e-02,2.084808499967039097e-02,1.318586560106823491e+01,1.177000000000000000e+03,1.159000000000000000e+03,3.850000000000000000e+02,3.240000000000000000e+02,3.321829163071613467e-01,8.415584415584415057e-01,4.250000000000000000e+01,3.410000000000000142e+01,5.689999999999999858e+01,1.000000000000000000e+00
1.783178859767408133e+09,7.331337999858078547e-03,2.701001300010830164e-02,1.800306299992371351e-02,2.757022799960395787e-02,1.251335143322460297e+01,1.154000000000000000e+03,1.177000000000000000e+03,4.020000000000000000e+02,3.210000000000000000e+02,3.415463041631265906e-01,7.985074626865671377e-01,4.320000000000000284e+01,3.410000000000000142e+01,5.689999999999999858e+01,1.000000000000000000e+00
1.783178859872938395e+09,9.391943998707574792e-03,2.695314300035533961e-02,1.856742699965252541e-02,1.917329000025347341e-02,1.349786255966011339e+01,1.148000000000000000e+03,1.154000000000000000e+03,3.110000000000000000e+02,2.700000000000000000e+02,2.694974003466204526e-01,8.681672025723472519e-01,4.289999999999999858e+01,3.410000000000000142e+01,5.739999999999999858e+01,1.000000000000000000e+00
1.783178859986330032e+09,1.218885500020405743e-02,2.760139400015759747e-02,1.868718500008981209e-02,2.253160299915180076e-02,1.234430178456383054e+01,1.178000000000000000e+03,1.148000000000000000e+03,4.310000000000000000e+02,3.690000000000000000e+02,3.754355400696864353e-01,8.561484918793503818e-01,4.289999999999999858e+01,3.410000000000000142e+01,5.639999999999999858e+01,1.000000000000000000e+00
1.783178860093305111e+09,6.711530999382375740e-03,2.842381000118621159e-02,2.022637099980784114e-02,2.081234499928541481e-02,1.312782907183792602e+01,1.186000000000000000e+03,1.178000000000000000e+03,4.140000000000000000e+02,3.680000000000000000e+02,3.514431239388794426e-01,8.888888888888888395e-01,4.050000000000000000e+01,3.410000000000000142e+01,5.689999999999999858e+01,1.000000000000000000e+00
1.783178860201079845e+09,8.039940999879036099e-03,2.787172399985138327e-02,1.917121699989365879e-02,2.125087700005678926e-02,1.310036362815803024e+01,1.181000000000000000e+03,1.186000000000000000e+03,3.600000000000000000e+02,2.940000000000000000e+02,3.035413153456998359e-01,8.166666666666666519e-01,3.510000000000000142e+01,3.410000000000000142e+01,5.600000000000000000e+01,1.000000000000000000e+00
1.783178860310333490e+09,6.449386000895174220e-03,2.913700600038282573e-02,1.990537399979075417e-02,2.147124499970232137e-02,1.299325464267479369e+01,1.176000000000000000e+03,1.181000000000000000e+03,3.170000000000000000e+02,2.560000000000000000e+02,2.684165961049957416e-01,8.075709779179810477e-01,4.420000000000000284e+01,3.410000000000000142e+01,5.639999999999999858e+01,1.000000000000000000e+00
1.783178860423546791e+09,7.622799001183011569e-03,2.841758799877425190e-02,1.866374100063694641e-02,2.180127800056652632e-02,1.307097174263512862e+01,1.193000000000000000e+03,1.176000000000000000e+03,4.110000000000000000e+02,3.400000000000000000e+02,3.494897959183673741e-01,8.272506082725060716e-01,4.189999999999999858e+01,3.410000000000000142e+01,5.789999999999999858e+01,1.000000000000000000e+00
1.783178860529600859e+09,8.135403999403933994e-03,2.848179099964909256e-02,1.801269300085550640e-02,2.067588399950182065e-02,1.327919458826914401e+01,1.189000000000000000e+03,1.193000000000000000e+03,4.570000000000000000e+02,3.940000000000000000e+02,3.830678960603520755e-01,8.621444201312910005e-01,3.589999999999999858e+01,3.410000000000000142e+01,5.739999999999999858e+01,1.000000000000000000e+00
1.783178860642157555e+09,7.939146000353503041e-03,2.753728400057298131e-02,1.932588099953136407e-02,2.110132300003897399e-02,1.317459978258029807e+01,1.188000000000000000e+03,1.189000000000000000e+03,4.370000000000000000e+02,3.620000000000000000e+02,3.675357443229604892e-01,8.283752860411899288e-01,4.289999999999999858e+01,3.400000000000000000e+01,5.639999999999999858e+01,1.000000000000000000e+00
1.783178860743477821e+09,9.264668000469100662e-03,2.694556799906422384e-02,1.738229300099192187e-02,1.568129599945677910e-02,1.443546678706220554e+01,1.178000000000000000e+03,1.188000000000000000e+03,2.890000000000000000e+02,2.520000000000000000e+02,2.432659932659932689e-01,8.719723183391003829e-01,4.100000000000000000e+01,3.410000000000000142e+01,5.739999999999999858e+01,1.000000000000000000e+00
1.783178860860823154e+09,8.823042999210883863e-03,2.719708400036324747e-02,1.808232199982739985e-02,2.814692500032833777e-02,1.215814724624268095e+01,1.184000000000000000e+03,1.178000000000000000e+03,4.340000000000000000e+02,3.370000000000000000e+02,3.684210526315789269e-01,7.764976958525345863e-01,4.220000000000000284e+01,3.410000000000000142e+01,5.689999999999999858e+01,1.000000000000000000e+00
1.783178860970646858e+09,6.295202998444437981e-03,2.771298500010743737e-02,1.889247899998736102e-02,2.238249299989547580e-02,1.328318311851936073e+01,1.203000000000000000e+03,1.184000000000000000e+03,4.520000000000000000e+02,3.880000000000000000e+02,3.817567567567567433e-01,8.584070796460177011e-01,4.289999999999999858e+01,3.410000000000000142e+01,5.739999999999999858e+01,1.000000000000000000e+00
1.783178861084419012e+09,8.243734999268781394e-03,2.828460900127538480e-02,1.875694299997121561e-02,2.220405099978961516e-02,1.290500120153386732e+01,1.198000000000000000e+03,1.203000000000000000e+03,4.010000000000000000e+02,3.300000000000000000e+02,3.333333333333333148e-01,8.229426433915212336e-01,4.570000000000000284e+01,3.400000000000000000e+01,5.689999999999999858e+01,1.000000000000000000e+00
1.783178861194761038e+09,7.947776000946760178e-03,2.792489000057685189e-02,1.830459699885977898e-02,2.046666400019603316e-02,1.339693716800614531e+01,1.209000000000000000e+03,1.198000000000000000e+03,3.580000000000000000e+02,3.020000000000000000e+02,2.988313856427379234e-01,8.435754189944134618e-01,4.350000000000000000e+01,3.410000000000000142e+01,5.639999999999999858e+01,1.000000000000000000e+00
1.783178861307732105e+09,6.142222999187652022e-03,2.798301999973773491e-02,1.935526899978867732e-02,2.410378800050239079e-02,1.288920567705192077e+01,1.198000000000000000e+03,1.209000000000000000e+03,4.740000000000000000e+02,3.990000000000000000e+02,3.920595533498759111e-01,8.417721518987342222e-01,4.189999999999999858e+01,3.410000000000000142e+01,5.689999999999999858e+01,1.000000000000000000e+00
1.783178861427058935e+09,8.991578000859590247e-03,2.782481800022651441e-02,1.933749199997691903e-02,2.957824099939898588e-02,1.166423850263430495e+01,1.224000000000000000e+03,1.198000000000000000e+03,4.910000000000000000e+02,3.830000000000000000e+02,4.098497495826377568e-01,7.800407331975559577e-01,4.129999999999999716e+01,3.410000000000000142e+01,5.639999999999999858e+01,1.000000000000000000e+00
1.783178861546228647e+09,7.425818999763578176e-03,2.922407900041434914e-02,2.039820199934183620e-02,2.870430599978135433e-02,1.166148037884966193e+01,1.201000000000000000e+03,1.224000000000000000e+03,3.560000000000000000e+02,2.830000000000000000e+02,2.908496732026144005e-01,7.949438202247190999e-01,3.779999999999999716e+01,3.410000000000000142e+01,5.639999999999999858e+01,1.000000000000000000e+00
1.783178861663947821e+09,7.916886999737471342e-03,2.912256099989463110e-02,1.876620300026843324e-02,2.469403999930364080e-02,1.242240793209859717e+01,1.227000000000000000e+03,1.201000000000000000e+03,3.650000000000000000e+02,2.870000000000000000e+02,3.039134054954205078e-01,7.863013698630136883e-01,4.470000000000000284e+01,3.410000000000000142e+01,5.689999999999999858e+01,1.000000000000000000e+00
1.783178861779063225e+09,6.101909000790328719e-03,2.794770499895093963e-02,1.959043399983784184e-02,2.625822499976493418e-02,1.251591508127102870e+01,1.214000000000000000e+03,1.227000000000000000e+03,4.490000000000000000e+02,3.480000000000000000e+02,3.659331703341483499e-01,7.750556792873051215e-01,4.350000000000000000e+01,3.410000000000000142e+01,5.839999999999999858e+01,1.000000000000000000e+00
1.783178861892739058e+09,7.984183001099154353e-03,2.778472499994677491e-02,1.958104499863111414e-02,2.200236800126731396e-02,1.292786030283165566e+01,1.217000000000000000e+03,1.214000000000000000e+03,4.410000000000000000e+02,3.700000000000000000e+02,3.632619439868204347e-01,8.390022675736961144e-01,3.860000000000000142e+01,3.410000000000000142e+01,5.689999999999999858e+01,1.000000000000000000e+00
1.783178862005676270e+09,6.700198000544332899e-03,2.924615199844993185e-02,2.006235400040168315e-02,2.264234200083592441e-02,1.271438907496604465e+01,1.250000000000000000e+03,1.217000000000000000e+03,4.230000000000000000e+02,3.390000000000000000e+02,3.475760065735414850e-01,8.014184397163121032e-01,4.050000000000000000e+01,3.410000000000000142e+01,5.739999999999999858e+01,1.000000000000000000e+00
1.783178862118145227e+09,6.981510001423885114e-03,2.810660999966785312e-02,1.918630900036077946e-02,2.245993699943937827e-02,1.303197057741217080e+01,1.224000000000000000e+03,1.250000000000000000e+03,4.350000000000000000e+02,3.610000000000000000e+02,3.479999999999999760e-01,8.298850574712643979e-01,4.320000000000000284e+01,3.410000000000000142e+01,5.739999999999999858e+01,1.000000000000000000e+00
1.783178862234019995e+09,7.066989999657380395e-03,2.844157000072300434e-02,1.841828099895792548e-02,2.707082600136345718e-02,1.234603460851947609e+01,1.234000000000000000e+03,1.224000000000000000e+03,5.620000000000000000e+02,4.900000000000000000e+02,4.591503267973855995e-01,8.718861209964412495e-01,3.720000000000000284e+01,3.410000000000000142e+01,5.689999999999999858e+01,1.000000000000000000e+00
1.783178862352231503e+09,6.716252999467542395e-03,2.906482099933782592e-02,1.985530099955212791e-02,2.371008900081505999e-02,1.260295606884798580e+01,1.231000000000000000e+03,1.234000000000000000e+03,4.780000000000000000e+02,4.100000000000000000e+02,3.873581847649918974e-01,8.577405857740585393e-01,4.320000000000000284e+01,3.400000000000000000e+01,5.739999999999999858e+01,1.000000000000000000e+00
1.783178862477927685e+09,7.865739999033394270e-03,3.001542099991638679e-02,2.031472199996642303e-02,2.882886100087489467e-02,1.149098467905174736e+01,1.230000000000000000e+03,1.231000000000000000e+03,6.180000000000000000e+02,5.550000000000000000e+02,5.020308692120227789e-01,8.980582524271845113e-01,3.960000000000000142e+01,3.410000000000000142e+01,5.600000000000000000e+01,1.000000000000000000e+00
1.783178862600164890e+09,7.837684999685734510e-03,2.787711300152295735e-02,1.902258799964329228e-02,2.919115300028352067e-02,1.191489822057394043e+01,1.223000000000000000e+03,1.230000000000000000e+03,5.490000000000000000e+02,4.560000000000000000e+02,4.463414634146341542e-01,8.306010928961748974e-01,4.129999999999999716e+01,3.410000000000000142e+01,5.639999999999999858e+01,1.000000000000000000e+00
1.783178862724859953e+09,8.698119001564919017e-03,2.936770599990268238e-02,2.075895699999819044e-02,2.891074899889645167e-02,1.139789078151098423e+01,1.222000000000000000e+03,1.223000000000000000e+03,4.720000000000000000e+02,3.840000000000000000e+02,3.859362224039247780e-01,8.135593220338983578e-01,3.960000000000000142e+01,3.410000000000000142e+01,5.689999999999999858e+01,1.000000000000000000e+00
1.783178862840826988e+09,9.670848001405829564e-03,2.825729399955889676e-02,1.956017500015150290e-02,2.504781300012837164e-02,1.211590608845993344e+01,1.240000000000000000e+03,1.222000000000000000e+03,4.220000000000000000e+02,3.430000000000000000e+02,3.453355155482815131e-01,8.127962085308056972e-01,4.000000000000000000e+01,3.400000000000000000e+01,5.739999999999999858e+01,1.000000000000000000e+00
1.783178862956188917e+09,8.816007000859826803e-03,2.835042199876625091e-02,1.912895799978286959e-02,2.359618199989199638e-02,1.251696533846706672e+01,1.234000000000000000e+03,1.240000000000000000e+03,5.050000000000000000e+02,4.420000000000000000e+02,4.072580645161290591e-01,8.752475247524752477e-01,4.189999999999999858e+01,3.400000000000000000e+01,5.639999999999999858e+01,1.000000000000000000e+00
1.783178863071880102e+09,7.163414999013184570e-03,2.820949800116068218e-02,2.006115099902672227e-02,2.473103900047135539e-02,1.247425578688637415e+01,1.235000000000000000e+03,1.234000000000000000e+03,4.740000000000000000e+02,3.850000000000000000e+02,3.841166936790924025e-01,8.122362869198311852e-01,4.220000000000000284e+01,3.400000000000000000e+01,5.739999999999999858e+01,1.000000000000000000e+00
1.783178863200430632e+09,9.563035000610398129e-03,2.963948099932167679e-02,2.051958900119643658e-02,3.055280399894400034e-02,1.107727508204075662e+01,1.241000000000000000e+03,1.235000000000000000e+03,6.660000000000000000e+02,6.220000000000000000e+02,5.392712550607287048e-01,9.339339339339339796e-01,3.879999999999999716e+01,3.410000000000000142e+01,5.689999999999999858e+01,1.000000000000000000e+00
1.783178863313892365e+09,7.690520000323886052e-03,2.977425700009916909e-02,2.053368199995020404e-02,2.444395000020449515e-02,1.212967951959036128e+01,1.227000000000000000e+03,1.241000000000000000e+03,5.020000000000000000e+02,4.230000000000000000e+02,4.045124899274778474e-01,8.426294820717131762e-01,4.439999999999999858e+01,3.400000000000000000e+01,5.689999999999999858e+01,1.000000000000000000e+00
1.783178863430944920e+09,6.935749999684048817e-03,3.072333899945078883e-02,1.965856199967674911e-02,2.509835000091698021e-02,1.213356615062278365e+01,1.238000000000000000e+03,1.227000000000000000e+03,4.580000000000000000e+02,3.710000000000000000e+02,3.732681336593317023e-01,8.100436681222706881e-01,3.860000000000000142e+01,3.400000000000000000e+01,5.689999999999999858e+01,1.000000000000000000e+00
1.783178863546437979e+09,9.616033999918727204e-03,3.186710299996775575e-02,1.970061700012593064e-02,2.401108499907422811e-02,1.173780022062980599e+01,1.235000000000000000e+03,1.238000000000000000e+03,4.980000000000000000e+02,4.090000000000000000e+02,4.022617124394184396e-01,8.212851405622489942e-01,4.089999999999999858e+01,3.400000000000000000e+01,5.739999999999999858e+01,1.000000000000000000e+00
1.783178863660035133e+09,8.042960000238963403e-03,2.889652699923317414e-02,1.802600799965148326e-02,2.312646600148582365e-02,1.280541539982836063e+01,1.221000000000000000e+03,1.235000000000000000e+03,4.070000000000000000e+02,3.250000000000000000e+02,3.295546558704453566e-01,7.985257985257985247e-01,4.350000000000000000e+01,3.410000000000000142e+01,5.639999999999999858e+01,1.000000000000000000e+00
1.783178863769255161e+09,9.505924001132370904e-03,2.823455299949273467e-02,1.902586600044742227e-02,2.225954999994428363e-02,1.265408035296903577e+01,1.213000000000000000e+03,1.221000000000000000e+03,4.000000000000000000e+02,3.170000000000000000e+02,3.276003276003275899e-01,7.924999999999999822e-01,4.150000000000000000e+01,3.400000000000000000e+01,5.739999999999999858e+01,1.000000000000000000e+00
1.783178863885087013e+09,6.384090000210562721e-03,3.286640599981183186e-02,1.855253900066600181e-02,2.355575699948531110e-02,1.229123460925851674e+01,1.227000000000000000e+03,1.213000000000000000e+03,3.690000000000000000e+02,2.940000000000000000e+02,3.042044517724649677e-01,7.967479674796748013e-01,4.889999999999999858e+01,3.400000000000000000e+01,5.739999999999999858e+01,1.000000000000000000e+00
1.783178863998367548e+09,8.154291001119418070e-03,2.816709099897707347e-02,1.955275000000256114e-02,2.102921200093987864e-02,1.300333571952983469e+01,1.212000000000000000e+03,1.227000000000000000e+03,3.700000000000000000e+02,2.940000000000000000e+02,3.015484922575387139e-01,7.945945945945945832e-01,3.810000000000000142e+01,3.410000000000000142e+01,5.739999999999999858e+01,1.000000000000000000e+00
1.783178864114458561e+09,7.638187000338803045e-03,3.082122599880676717e-02,2.062655100053234491e-02,2.329766799994104076e-02,1.213833349814712292e+01,1.218000000000000000e+03,1.212000000000000000e+03,4.730000000000000000e+02,3.990000000000000000e+02,3.902640264026402406e-01,8.435517970401691379e-01,4.470000000000000284e+01,3.410000000000000142e+01,5.739999999999999858e+01,1.000000000000000000e+00
1.783178864227098227e+09,7.383467000181553885e-03,2.931629999875440262e-02,1.850937300150690135e-02,1.981948599859606475e-02,1.332824620849126873e+01,1.211000000000000000e+03,1.218000000000000000e+03,4.370000000000000000e+02,3.730000000000000000e+02,3.587848932676518943e-01,8.535469107551487689e-01,3.810000000000000142e+01,3.410000000000000142e+01,5.739999999999999858e+01,1.000000000000000000e+00
1.783178864342967033e+09,9.433499000806477852e-03,3.001401300025463570e-02,1.978369099924748298e-02,2.357862700046098325e-02,1.207586104198869492e+01,1.225000000000000000e+03,1.211000000000000000e+03,4.360000000000000000e+02,3.660000000000000000e+02,3.600330305532617459e-01,8.394495412844036331e-01,4.260000000000000142e+01,3.410000000000000142e+01,5.639999999999999858e+01,1.000000000000000000e+00
1.783178864454107046e+09,6.812567999077145942e-03,2.865595500043127686e-02,1.817095099977450445e-02,2.192257299975608476e-02,1.323415708963942983e+01,1.221000000000000000e+03,1.225000000000000000e+03,3.240000000000000000e+02,2.610000000000000000e+02,2.644897959183673541e-01,8.055555555555555802e-01,4.189999999999999858e+01,3.410000000000000142e+01,5.839999999999999858e+01,1.000000000000000000e+00
1.783178864565540075e+09,8.499788000335684046e-03,2.869149199977982789e-02,1.772610400075791404e-02,2.491766700040898286e-02,1.252582653180664707e+01,1.217000000000000000e+03,1.221000000000000000e+03,4.760000000000000000e+02,3.860000000000000000e+02,3.898443898443898492e-01,8.109243697478991653e-01,4.320000000000000284e+01,3.410000000000000142e+01,5.600000000000000000e+01,1.000000000000000000e+00
1.783178864676331758e+09,9.226965001289499924e-03,2.948075999847787898e-02,1.967506300024979282e-02,2.246328799992625136e-02,1.236918412713932902e+01,1.210000000000000000e+03,1.217000000000000000e+03,4.360000000000000000e+02,3.700000000000000000e+02,3.582580115036976265e-01,8.486238532110091937e-01,4.050000000000000000e+01,3.400000000000000000e+01,5.689999999999999858e+01,1.000000000000000000e+00
1.783178864785568953e+09,8.046441000260529108e-03,2.886998999929346610e-02,1.868761100013216492e-02,2.188988800116931088e-02,1.290423649941306117e+01,1.234000000000000000e+03,1.210000000000000000e+03,4.590000000000000000e+02,3.940000000000000000e+02,3.793388429752065916e-01,8.583877995642701375e-01,4.439999999999999858e+01,3.400000000000000000e+01,5.600000000000000000e+01,1.000000000000000000e+00
1.783178864897760868e+09,6.325165999442106113e-03,2.894452600048680324e-02,1.939386199956061319e-02,2.345866500036208890e-02,1.280045565528418372e+01,1.242000000000000000e+03,1.234000000000000000e+03,3.820000000000000000e+02,3.070000000000000000e+02,3.095623987034035740e-01,8.036649214659685736e-01,4.439999999999999858e+01,3.400000000000000000e+01,5.739999999999999858e+01,1.000000000000000000e+00
1.783178865016566277e+09,8.010756000658147968e-03,2.969140599998354446e-02,2.136243200038734358e-02,2.646268499847792555e-02,1.169217601329003742e+01,1.244000000000000000e+03,1.242000000000000000e+03,5.060000000000000000e+02,4.160000000000000000e+02,4.074074074074073848e-01,8.221343873517786838e-01,4.129999999999999716e+01,3.410000000000000142e+01,5.789999999999999858e+01,1.000000000000000000e+00
1.783178865130009890e+09,7.500355000956915319e-03,2.832764499908080325e-02,1.903979200142202899e-02,2.413469499879283831e-02,1.265782936677427450e+01,1.244000000000000000e+03,1.244000000000000000e+03,4.540000000000000000e+02,3.680000000000000000e+02,3.649517684887459978e-01,8.105726872246695747e-01,3.950000000000000000e+01,3.410000000000000142e+01,5.689999999999999858e+01,1.000000000000000000e+00
1.783178865242298365e+09,1.015199100038444158e-02,2.818058999946515542e-02,1.992461500049103051e-02,2.273076699930243194e-02,1.234751391394308051e+01,1.252000000000000000e+03,1.244000000000000000e+03,4.890000000000000000e+02,4.160000000000000000e+02,3.930868167202572483e-01,8.507157464212679043e-01,3.900000000000000000e+01,3.410000000000000142e+01,5.689999999999999858e+01,1.000000000000000000e+00
1.783178865360523224e+09,1.080883500071649905e-02,2.834244100085925311e-02,1.834359599888557568e-02,2.778752199992595706e-02,1.172574963122469072e+01,1.249000000000000000e+03,1.252000000000000000e+03,4.490000000000000000e+02,3.480000000000000000e+02,3.586261980830671159e-01,7.750556792873051215e-01,4.350000000000000000e+01,3.400000000000000000e+01,5.739999999999999858e+01,1.000000000000000000e+00
1.783178865479065418e+09,7.373800999630475417e-03,2.801777800050331280e-02,2.027433300099801272e-02,2.922461599882808514e-02,1.177987725556934429e+01,1.245000000000000000e+03,1.249000000000000000e+03,4.060000000000000000e+02,3.020000000000000000e+02,3.250600480384307489e-01,7.438423645320196842e-01,4.260000000000000142e+01,3.400000000000000000e+01,5.600000000000000000e+01,1.000000000000000000e+00
1.783178865595804453e+09,1.175748999958159402e-02,2.724713899988273624e-02,1.898508900012529921e-02,2.695475300060934387e-02,1.177239658126374877e+01,1.239000000000000000e+03,1.245000000000000000e+03,4.570000000000000000e+02,3.650000000000000000e+02,3.670682730923695014e-01,7.986870897155361471e-01,3.950000000000000000e+01,3.400000000000000000e+01,5.739999999999999858e+01,1.000000000000000000e+00
1.783178865712181330e+09,1.085296400015067775e-02,2.830164499937382061e-02,2.008066800044616684e-02,2.710969600047974382e-02,1.158145014411879714e+01,1.265000000000000000e+03,1.239000000000000000e+03,3.630000000000000000e+02,2.690000000000000000e+02,2.929782082324455250e-01,7.410468319559229133e-01,3.860000000000000142e+01,3.400000000000000000e+01,5.600000000000000000e+01,1.000000000000000000e+00
1.783178865825092316e+09,1.010428799963847268e-02,2.849710500049695838e-02,1.901438499953655992e-02,2.167242799987434410e-02,1.261221624822387533e+01,1.261000000000000000e+03,1.265000000000000000e+03,4.340000000000000000e+02,3.580000000000000000e+02,3.430830039525691877e-01,8.248847926267280917e-01,4.550000000000000000e+01,3.400000000000000000e+01,5.739999999999999858e+01,1.000000000000000000e+00
1.783178865937061787e+09,7.250228998600505292e-03,2.926550300071539823e-02,2.028603700091480277e-02,2.208245999827340711e-02,1.267680514465018149e+01,1.275000000000000000e+03,1.261000000000000000e+03,3.810000000000000000e+02,3.020000000000000000e+02,3.021411578112608853e-01,7.926509186351705649e-01,4.189999999999999858e+01,3.400000000000000000e+01,5.689999999999999858e+01,1.000000000000000000e+00
1.783178866052296877e+09,8.400863000133540481e-03,3.049371199995221104e-02,2.058360699993500020e-02,2.437096900030155666e-02,1.192617919287168604e+01,1.273000000000000000e+03,1.275000000000000000e+03,5.280000000000000000e+02,4.390000000000000000e+02,4.141176470588235348e-01,8.314393939393939226e-01,4.350000000000000000e+01,3.400000000000000000e+01,5.739999999999999858e+01,1.000000000000000000e+00
1.783178866166712523e+09,7.413948998873820528e-03,2.907115400012116879e-02,1.988448600059200544e-02,2.553502999944612384e-02,1.220932362815587879e+01,1.272000000000000000e+03,1.273000000000000000e+03,5.550000000000000000e+02,5.070000000000000000e+02,4.359780047132757463e-01,9.135135135135135087e-01,3.810000000000000142e+01,3.400000000000000000e+01,5.639999999999999858e+01,1.000000000000000000e+00
1.783178866285767317e+09,7.618242998432833701e-03,3.018901100040238816e-02,2.174331599962897599e-02,2.800351800033240579e-02,1.142151123787326306e+01,1.275000000000000000e+03,1.272000000000000000e+03,4.990000000000000000e+02,4.120000000000000000e+02,3.922955974842767257e-01,8.256513026052104687e-01,4.289999999999999858e+01,3.400000000000000000e+01,5.889999999999999858e+01,1.000000000000000000e+00
1.783178866406028986e+09,7.399264000923722051e-03,3.047258200058422517e-02,2.223690299979352858e-02,2.595524699972884264e-02,1.161926062540749882e+01,1.272000000000000000e+03,1.275000000000000000e+03,4.460000000000000000e+02,3.630000000000000000e+02,3.498039215686274406e-01,8.139013452914798386e-01,4.039999999999999858e+01,3.410000000000000142e+01,5.739999999999999858e+01,1.000000000000000000e+00
1.783178866522966385e+09,8.124977999614202417e-03,3.159445699930074625e-02,1.967211800001678057e-02,2.732452700001886114e-02,1.153188658910898212e+01,1.274000000000000000e+03,1.272000000000000000e+03,5.540000000000000000e+02,4.750000000000000000e+02,4.355345911949685678e-01,8.574007220216606218e-01,4.089999999999999858e+01,3.410000000000000142e+01,5.689999999999999858e+01,1.000000000000000000e+00
1.783178866640549660e+09,9.748290998686570674e-03,2.970505499979481101e-02,2.177372200094396248e-02,2.281354399929114152e-02,1.189900901739354921e+01,1.273000000000000000e+03,1.274000000000000000e+03,5.150000000000000000e+02,4.310000000000000000e+02,4.042386185243327934e-01,8.368932038834951959e-01,4.000000000000000000e+01,3.400000000000000000e+01,5.789999999999999858e+01,1.000000000000000000e+00
1.783178866769599676e+09,8.251031000327202491e-03,3.112474099907558411e-02,2.008022399968467653e-02,3.447464600139937829e-02,1.064615314771102028e+01,1.280000000000000000e+03,1.273000000000000000e+03,5.640000000000000000e+02,4.290000000000000000e+02,4.430479183032207113e-01,7.606382978723403854e-01,4.120000000000000284e+01,3.410000000000000142e+01,5.689999999999999858e+01,1.000000000000000000e+00
1.783178866886868477e+09,7.055674999719485641e-03,3.075913500106253196e-02,2.070858699880773202e-02,2.643250000073749106e-02,1.177081327263424804e+01,1.274000000000000000e+03,1.280000000000000000e+03,4.530000000000000000e+02,3.640000000000000000e+02,3.539062499999999778e-01,8.035320088300220709e-01,4.260000000000000142e+01,3.410000000000000142e+01,5.689999999999999858e+01,1.000000000000000000e+00
1.783178867003151178e+09,8.252476000052411109e-03,2.940176199990673922e-02,2.202812700124923140e-02,2.237541899921779986e-02,1.218653430849176189e+01,1.278000000000000000e+03,1.274000000000000000e+03,5.990000000000000000e+02,5.260000000000000000e+02,4.701726844583987708e-01,8.781302170283806774e-01,3.750000000000000000e+01,3.400000000000000000e+01,5.689999999999999858e+01,1.000000000000000000e+00
1.783178867121850014e+09,7.104693999281153083e-03,3.156540199961455073e-02,2.151055900139908772e-02,2.560899199852428865e-02,1.165641816912669348e+01,1.288000000000000000e+03,1.278000000000000000e+03,6.040000000000000000e+02,5.470000000000000000e+02,4.726134585289514800e-01,9.056291390728476998e-01,4.000000000000000000e+01,3.410000000000000142e+01,5.689999999999999858e+01,1.000000000000000000e+00
1.783178867235076904e+09,8.032126999751199037e-03,2.990897700146888383e-02,1.912214299954939634e-02,2.356923899969842751e-02,1.240194925894008904e+01,1.267000000000000000e+03,1.288000000000000000e+03,5.230000000000000000e+02,4.400000000000000000e+02,4.060559006211180155e-01,8.413001912045888764e-01,4.189999999999999858e+01,3.410000000000000142e+01,5.600000000000000000e+01,1.000000000000000000e+00
1.783178867355146170e+09,9.376277999763260596e-03,2.990362599848594982e-02,2.111723000052734278e-02,2.747789600107353181e-02,1.137979696850977973e+01,1.276000000000000000e+03,1.267000000000000000e+03,5.130000000000000000e+02,4.130000000000000000e+02,4.048934490923440932e-01,8.050682261208577106e-01,4.170000000000000284e+01,3.410000000000000142e+01,5.689999999999999858e+01,1.000000000000000000e+00
1.783178867476161242e+09,6.447071000366122462e-03,3.174236400082008913e-02,2.147948499987251125e-02,2.857378999942739028e-02,1.133238088443216718e+01,1.266000000000000000e+03,1.276000000000000000e+03,5.850000000000000000e+02,4.740000000000000000e+02,4.584639498432601656e-01,8.102564102564102644e-01,4.379999999999999716e+01,3.410000000000000142e+01,5.639999999999999858e+01,1.000000000000000000e+00
1.783178867598807335e+09,1.008175100105290767e-02,3.080955899895343464e-02,2.188635099992097821e-02,2.498383300007844809e-02,1.139451887635292771e+01,1.274000000000000000e+03,1.266000000000000000e+03,5.490000000000000000e+02,4.670000000000000000e+02,4.336492890995260474e-01,8.506375227686703289e-01,3.639999999999999858e+01,3.410000000000000142e+01,5.789999999999999858e+01,1.000000000000000000e+00
1.783178867713433266e+09,7.281153999429079704e-03,3.185395500076992903e-02,2.174894499876245391e-02,2.143356000124185812e-02,1.214806833440932898e+01,1.284000000000000000e+03,1.274000000000000000e+03,4.260000000000000000e+02,3.600000000000000000e+02,3.343799058084772624e-01,8.450704225352112520e-01,3.950000000000000000e+01,3.410000000000000142e+01,5.689999999999999858e+01,1.000000000000000000e+00
1.783178867840841055e+09,8.934264000345137902e-03,3.209413699914875906e-02,2.116982200095662847e-02,2.999697700033721048e-02,1.084655166420221128e+01,1.275000000000000000e+03,1.284000000000000000e+03,7.010000000000000000e+02,6.420000000000000000e+02,5.459501557632399082e-01,9.158345221112695889e-01,3.879999999999999716e+01,3.410000000000000142e+01,5.789999999999999858e+01,1.000000000000000000e+00
1.783178867956915617e+09,8.211772999857203104e-03,2.955755600123666227e-02,2.114774899928306695e-02,2.585743300005560741e-02,1.179599844574624257e+01,1.289000000000000000e+03,1.275000000000000000e+03,5.840000000000000000e+02,4.810000000000000000e+02,4.580392156862745368e-01,8.236301369863013866e-01,4.089999999999999858e+01,3.410000000000000142e+01,5.689999999999999858e+01,1.000000000000000000e+00
1.783178868074901342e+09,7.224320999739575200e-03,2.986727499956032261e-02,2.131552399987413082e-02,2.476657600163889583e-02,1.202303189688992724e+01,1.286000000000000000e+03,1.289000000000000000e+03,4.890000000000000000e+02,4.020000000000000000e+02,3.793638479441427402e-01,8.220858895705521752e-01,4.089999999999999858e+01,3.400000000000000000e+01,5.789999999999999858e+01,1.000000000000000000e+00
1.783178868197654247e+09,8.825802999126608483e-03,3.018327000063436572e-02,1.992144900032144506e-02,2.801386999999522232e-02,1.150160438178815525e+01,1.281000000000000000e+03,1.286000000000000000e+03,4.750000000000000000e+02,3.810000000000000000e+02,3.693623639191290775e-01,8.021052631578947656e-01,4.489999999999999858e+01,3.410000000000000142e+01,5.689999999999999858e+01,1.000000000000000000e+00
1.783178868320223331e+09,8.095515000604791567e-03,3.081856000062543899e-02,2.140392999899631832e-02,2.974042500136420131e-02,1.110390221084618645e+01,1.287000000000000000e+03,1.281000000000000000e+03,5.750000000000000000e+02,4.460000000000000000e+02,4.488680718188914898e-01,7.756521739130435300e-01,3.829999999999999716e+01,3.410000000000000142e+01,5.839999999999999858e+01,1.000000000000000000e+00
1.783178868440831661e+09,7.078563001414295286e-03,3.054884099947230425e-02,2.010450200032209978e-02,2.898798800015356392e-02,1.153137940856213639e+01,1.290000000000000000e+03,1.287000000000000000e+03,5.730000000000000000e+02,4.610000000000000000e+02,4.452214452214452445e-01,8.045375218150087049e-01,3.779999999999999716e+01,3.410000000000000142e+01,5.689999999999999858e+01,1.000000000000000000e+00
1.783178868563678503e+09,9.217963999617495574e-03,2.957268600039242301e-02,2.006670599985227454e-02,2.679886599980818573e-02,1.167457514065759483e+01,1.291000000000000000e+03,1.290000000000000000e+03,6.130000000000000000e+02,5.110000000000000000e+02,4.751937984496124034e-01,8.336052202283850132e-01,4.129999999999999716e+01,3.410000000000000142e+01,5.789999999999999858e+01,1.000000000000000000e+00
1.783178868678959846e+09,7.458447998942574486e-03,3.021119600089150481e-02,2.007889100059401244e-02,2.390025299973785877e-02,1.224757922919771325e+01,1.280000000000000000e+03,1.291000000000000000e+03,4.220000000000000000e+02,3.410000000000000000e+02,3.268783888458559050e-01,8.080568720379146530e-01,4.129999999999999716e+01,3.410000000000000142e+01,5.789999999999999858e+01,1.000000000000000000e+00
1.783178868800461769e+09,9.961436999219586141e-03,2.957064899965189397e-02,2.052123700013908092e-02,3.075044900106149726e-02,1.101275836866343383e+01,1.281000000000000000e+03,1.280000000000000000e+03,6.870000000000000000e+02,5.840000000000000000e+02,5.367187500000000222e-01,8.500727802037845171e-01,4.379999999999999716e+01,3.410000000000000142e+01,5.739999999999999858e+01,1.000000000000000000e+00
1.783178868913955927e+09,7.564298999568563886e-03,3.027578799992625136e-02,2.088841800105001312e-02,2.495936999912373722e-02,1.194916228908859779e+01,1.286000000000000000e+03,1.281000000000000000e+03,5.400000000000000000e+02,4.590000000000000000e+02,4.215456674473068155e-01,8.499999999999999778e-01,4.220000000000000284e+01,3.410000000000000142e+01,5.789999999999999858e+01,1.000000000000000000e+00
1.783178869038453579e+09,7.762944000205607153e-03,3.128114700120931957e-02,2.071749399874533992e-02,3.049486000054457691e-02,1.107954118946509148e+01,1.277000000000000000e+03,1.286000000000000000e+03,6.360000000000000000e+02,5.560000000000000000e+02,4.945567651632970518e-01,8.742138364779874493e-01,3.910000000000000142e+01,3.410000000000000142e+01,5.639999999999999858e+01,1.000000000000000000e+00
1.783178869156875849e+09,1.046069000040006358e-02,3.094996499930857681e-02,1.975752500038652215e-02,2.346251699964341242e-02,1.181604353327125523e+01,1.280000000000000000e+03,1.277000000000000000e+03,4.550000000000000000e+02,3.770000000000000000e+02,3.563038371182458697e-01,8.285714285714286254e-01,4.220000000000000284e+01,3.410000000000000142e+01,5.739999999999999858e+01,1.000000000000000000e+00
1.783178869287546873e+09,9.568811999997706152e-03,3.152892199977941345e-02,2.205775600123160984e-02,3.546750399982556701e-02,1.013962322003264838e+01,1.273000000000000000e+03,1.280000000000000000e+03,6.320000000000000000e+02,5.220000000000000000e+02,4.937500000000000222e-01,8.259493670886075556e-01,4.150000000000000000e+01,3.410000000000000142e+01,5.839999999999999858e+01,1.000000000000000000e+00
1.783178869411331415e+09,8.417992999966372736e-03,3.142201499940711074e-02,2.296543100055714604e-02,2.665105300002323929e-02,1.117861854006655697e+01,1.275000000000000000e+03,1.273000000000000000e+03,5.940000000000000000e+02,4.970000000000000000e+02,4.666142969363707982e-01,8.367003367003367220e-01,3.910000000000000142e+01,3.410000000000000142e+01,5.839999999999999858e+01,1.000000000000000000e+00
1.783178869527182817e+09,9.800234998692758381e-03,3.149414400104433298e-02,1.962395199916500133e-02,2.248032500028784852e-02,1.199060090380488930e+01,1.260000000000000000e+03,1.275000000000000000e+03,3.790000000000000000e+02,3.120000000000000000e+02,2.972549019607843013e-01,8.232189973614775225e-01,4.039999999999999858e+01,3.410000000000000142e+01,5.639999999999999858e+01,1.000000000000000000e+00
1.783178869651273251e+09,9.948955999789177440e-03,3.146579300118901301e-02,2.211397799874248449e-02,2.801674100010131951e-02,1.092353364780378300e+01,1.266000000000000000e+03,1.260000000000000000e+03,6.550000000000000000e+02,5.620000000000000000e+02,5.198412698412698818e-01,8.580152671755725269e-01,4.400000000000000000e+01,3.410000000000000142e+01,5.789999999999999858e+01,1.000000000000000000e+00
1.783178869774337530e+09,8.527898999091121368e-03,3.163079099977039732e-02,2.009474199985561427e-02,2.868306700111133978e-02,1.124397757102996209e+01,1.267000000000000000e+03,1.266000000000000000e+03,6.170000000000000000e+02,5.190000000000000000e+02,4.873617693522906968e-01,8.411669367909238026e-01,3.910000000000000142e+01,3.410000000000000142e+01,5.689999999999999858e+01,1.000000000000000000e+00
1.783178869897109747e+09,1.004562100024486426e-02,3.174714099986886140e-02,2.079623500139859971e-02,2.736363700023503043e-02,1.111696184439217916e+01,1.266000000000000000e+03,1.267000000000000000e+03,5.360000000000000000e+02,4.470000000000000000e+02,4.230465666929755231e-01,8.339552238805970630e-01,4.510000000000000142e+01,3.410000000000000142e+01,5.739999999999999858e+01,1.000000000000000000e+00
1.783178870008641481e+09,7.115934000466950238e-03,2.979321999919193331e-02,2.011877900076797232e-02,2.322576100050355308e-02,1.246048561937107380e+01,1.255000000000000000e+03,1.266000000000000000e+03,4.660000000000000000e+02,3.860000000000000000e+02,3.680884676145339540e-01,8.283261802575107025e-01,4.670000000000000284e+01,3.410000000000000142e+01,5.639999999999999858e+01,1.000000000000000000e+00
1.783178870135952473e+09,1.082827800019003917e-02,2.976262799893447664e-02,1.951558300061151385e-02,3.534235699953569565e-02,1.047681603198880040e+01,1.268000000000000000e+03,1.255000000000000000e+03,6.050000000000000000e+02,4.470000000000000000e+02,4.820717131474103745e-01,7.388429752066115741e-01,3.829999999999999716e+01,3.410000000000000142e+01,5.839999999999999858e+01,1.000000000000000000e+00
1.783178870254142761e+09,7.894166001278790645e-03,3.001027299978886731e-02,1.980663399990589824e-02,2.776324399928853381e-02,1.169942077451094065e+01,1.240000000000000000e+03,1.268000000000000000e+03,4.450000000000000000e+02,3.390000000000000000e+02,3.509463722397476171e-01,7.617977528089887596e-01,4.379999999999999716e+01,3.410000000000000142e+01,5.789999999999999858e+01,1.000000000000000000e+00
1.783178870364330292e+09,6.772531000024173409e-03,3.022706599949742667e-02,1.842065200071374420e-02,2.310953999949560966e-02,1.273402122605252451e+01,1.250000000000000000e+03,1.240000000000000000e+03,5.140000000000000000e+02,4.450000000000000000e+02,4.145161290322580405e-01,8.657587548638132624e-01,4.189999999999999858e+01,3.410000000000000142e+01,5.839999999999999858e+01,1.000000000000000000e+00
1.783178870489473581e+09,9.185965000142459758e-03,3.366643300068972167e-02,2.077456799997889902e-02,2.999199499936366919e-02,1.068159686153890853e+01,1.265000000000000000e+03,1.250000000000000000e+03,4.510000000000000000e+02,3.480000000000000000e+02,3.608000000000000096e-01,7.716186252771618515e-01,4.039999999999999858e+01,3.410000000000000142e+01,5.739999999999999858e+01,1.000000000000000000e+00
1.783178870609340906e+09,7.932036000056541525e-03,3.121242500128573738e-02,2.118396999867400154e-02,2.586604499992972706e-02,1.160167155028155683e+01,1.241000000000000000e+03,1.265000000000000000e+03,6.090000000000000000e+02,5.160000000000000000e+02,4.814229249011857670e-01,8.472906403940886344e-01,3.860000000000000142e+01,3.410000000000000142e+01,5.789999999999999858e+01,1.000000000000000000e+00
1.783178870723398209e+09,8.842191000439925119e-03,3.016871500039997045e-02,1.899714499995752703e-02,2.495336999891151208e-02,1.205379546239339916e+01,1.238000000000000000e+03,1.241000000000000000e+03,6.010000000000000000e+02,5.010000000000000000e+02,4.842868654311039411e-01,8.336106489184692547e-01,4.129999999999999716e+01,3.410000000000000142e+01,5.739999999999999858e+01,1.000000000000000000e+00
1.783178870837945938e+09,6.983657998716807924e-03,3.061235800123540685e-02,2.025129599860520102e-02,2.382258800025738310e-02,1.224441318055381522e+01,1.262000000000000000e+03,1.238000000000000000e+03,5.100000000000000000e+02,4.130000000000000000e+02,4.119547657512116490e-01,8.098039215686274606e-01,4.439999999999999858e+01,3.410000000000000142e+01,5.689999999999999858e+01,1.000000000000000000e+00
1.783178870960067987e+09,8.798357999694417231e-03,3.064894999988609925e-02,1.912827299929631408e-02,2.407301000130246393e-02,1.209941981948404433e+01,1.258000000000000000e+03,1.262000000000000000e+03,4.450000000000000000e+02,3.580000000000000000e+02,3.526148969889065232e-01,8.044943820224719211e-01,3.860000000000000142e+01,3.410000000000000142e+01,5.739999999999999858e+01,1.000000000000000000e+00
1.783178871083658934e+09,7.242468998811091296e-03,3.209169300134817604e-02,2.125113599868200254e-02,3.046052700119616929e-02,1.098348002228096476e+01,1.258000000000000000e+03,1.258000000000000000e+03,6.150000000000000000e+02,5.350000000000000000e+02,4.888712241653417889e-01,8.699186991869918284e-01,4.310000000000000142e+01,3.410000000000000142e+01,5.739999999999999858e+01,1.000000000000000000e+00
1.783178871203708172e+09,8.785803000137093477e-03,3.156582799965690356e-02,2.162827999927685596e-02,2.482227899963618256e-02,1.152044666171320664e+01,1.250000000000000000e+03,1.258000000000000000e+03,5.870000000000000000e+02,5.070000000000000000e+02,4.666136724960254223e-01,8.637137989778534974e-01,3.779999999999999716e+01,3.410000000000000142e+01,5.689999999999999858e+01,1.000000000000000000e+00
1.783178871325258493e+09,8.346733999132993631e-03,3.197150900086853653e-02,1.992637399962404743e-02,2.771870799915632233e-02,1.136837426295388198e+01,1.242000000000000000e+03,1.250000000000000000e+03,6.400000000000000000e+02,5.330000000000000000e+02,5.120000000000000107e-01,8.328124999999999556e-01,4.289999999999999858e+01,3.410000000000000142e+01,5.689999999999999858e+01,1.000000000000000000e+00
1.783178871439911842e+09,7.032027999230194837e-03,3.252057600002444815e-02,2.122174800024367869e-02,1.945737900132371578e-02,1.246389660955656353e+01,1.238000000000000000e+03,1.242000000000000000e+03,4.720000000000000000e+02,4.200000000000000000e+02,3.800322061191626632e-01,8.898305084745762317e-01,3.810000000000000142e+01,3.410000000000000142e+01,5.839999999999999858e+01,1.000000000000000000e+00
1.783178871564415932e+09,9.659200000896817073e-03,3.123664699887740426e-02,1.955524900040472858e-02,3.223200600041309372e-02,1.078945329207488335e+01,1.221000000000000000e+03,1.238000000000000000e+03,6.010000000000000000e+02,4.590000000000000000e+02,4.854604200323101582e-01,7.637271214642262773e-01,4.310000000000000142e+01,3.410000000000000142e+01,5.689999999999999858e+01,1.000000000000000000e+00
1.783178871691822529e+09,9.567461000187904574e-03,3.090698400046676397e-02,2.042271999926015269e-02,3.473143900009745266e-02,1.045712222255039592e+01,1.225000000000000000e+03,1.221000000000000000e+03,5.020000000000000000e+02,3.660000000000000000e+02,4.111384111384111528e-01,7.290836653386454369e-01,3.829999999999999716e+01,3.410000000000000142e+01,5.839999999999999858e+01,1.000000000000000000e+00
1.783178871807102680e+09,8.498029001202667132e-03,2.965244299957703333e-02,2.006790999985241797e-02,2.408675100014079362e-02,1.214991050425262209e+01,1.215000000000000000e+03,1.225000000000000000e+03,5.650000000000000000e+02,4.790000000000000000e+02,4.612244897959183465e-01,8.477876106194690564e-01,3.660000000000000142e+01,3.410000000000000142e+01,5.889999999999999858e+01,1.000000000000000000e+00
1.783178871921166182e+09,8.749414999329019338e-03,3.023049200055538677e-02,1.825959800044074655e-02,2.405637999981991015e-02,1.230074560352243651e+01,1.212000000000000000e+03,1.215000000000000000e+03,4.750000000000000000e+02,4.020000000000000000e+02,3.909465020576131655e-01,8.463157894736842435e-01,4.320000000000000284e+01,3.410000000000000142e+01,5.789999999999999858e+01,1.000000000000000000e+00
1.783178872042233229e+09,9.581645001162542030e-03,2.963059299872838892e-02,2.017763000003469642e-02,2.841507000084675383e-02,1.138888111271376857e+01,1.226000000000000000e+03,1.212000000000000000e+03,6.280000000000000000e+02,5.170000000000000000e+02,5.181518151815182049e-01,8.232484076433120856e-01,4.039999999999999858e+01,3.410000000000000142e+01,5.839999999999999858e+01,1.000000000000000000e+00
1.783178872159032822e+09,9.381461999510065652e-03,3.086250399974233005e-02,1.830007799981103744e-02,2.716788100042322185e-02,1.166698799503090456e+01,1.217000000000000000e+03,1.226000000000000000e+03,6.090000000000000000e+02,5.050000000000000000e+02,4.967373572593801190e-01,8.292282430213464561e-01,4.470000000000000284e+01,3.410000000000000142e+01,5.689999999999999858e+01,1.000000000000000000e+00
1.783178872279924393e+09,7.173433999923872761e-03,3.116857300119590946e-02,2.029636999941430986e-02,3.210811899953114334e-02,1.101970923482578435e+01,1.229000000000000000e+03,1.217000000000000000e+03,6.160000000000000000e+02,4.910000000000000000e+02,5.061626951520131756e-01,7.970779220779220520e-01,4.170000000000000284e+01,3.410000000000000142e+01,5.739999999999999858e+01,1.000000000000000000e+00
1.783178872396791220e+09,8.304233999297139235e-03,3.038084299987531267e-02,1.938895400053297635e-02,2.439982099895132706e-02,1.212505510251039276e+01,1.233000000000000000e+03,1.229000000000000000e+03,4.630000000000000000e+02,3.740000000000000000e+02,3.767290480065093594e-01,8.077753779697623981e-01,4.220000000000000284e+01,3.410000000000000142e+01,5.739999999999999858e+01,1.000000000000000000e+00
1.783178872509838820e+09,8.140551000906270929e-03,2.980088699951011222e-02,1.911905000088154338e-02,2.463526299834484234e-02,1.224053867874196655e+01,1.226000000000000000e+03,1.233000000000000000e+03,3.680000000000000000e+02,2.820000000000000000e+02,2.984590429845904169e-01,7.663043478260869179e-01,3.950000000000000000e+01,3.410000000000000142e+01,5.889999999999999858e+01,1.000000000000000000e+00
1.783178872632458925e+09,9.633570000005420297e-03,3.071661700050754007e-02,1.958745199954137206e-02,2.857112300080189016e-02,1.129831643098031435e+01,1.226000000000000000e+03,1.226000000000000000e+03,6.760000000000000000e+02,5.790000000000000000e+02,5.513866231647635008e-01,8.565088757396449592e-01,4.170000000000000284e+01,3.410000000000000142e+01,5.839999999999999858e+01,1.000000000000000000e+00
1.783178872754956722e+09,1.167045399961352814e-02,3.121631400063051842e-02,1.971283999955630861e-02,2.767318900077953003e-02,1.107753424316271307e+01,1.227000000000000000e+03,1.226000000000000000e+03,6.450000000000000000e+02,5.520000000000000000e+02,5.261011419249592702e-01,8.558139534883720811e-01,3.910000000000000142e+01,3.410000000000000142e+01,5.839999999999999858e+01,1.000000000000000000e+00
1.783178872864808083e+09,7.567242999357404187e-03,2.955148200089752208e-02,1.803561899941996671e-02,2.332420399943657685e-02,1.274233565090070108e+01,1.222000000000000000e+03,1.227000000000000000e+03,5.290000000000000000e+02,4.520000000000000000e+02,4.311328443357783091e-01,8.544423440453686736e-01,4.320000000000000284e+01,3.410000000000000142e+01,5.839999999999999858e+01,1.000000000000000000e+00
1.783178872987517118e+09,8.760562999668763950e-03,3.057532100137905218e-02,2.027133299998240545e-02,3.063291400030720979e-02,1.108154419661889811e+01,1.227000000000000000e+03,1.222000000000000000e+03,5.490000000000000000e+02,4.590000000000000000e+02,4.492635024549918032e-01,8.360655737704918433e-01,4.170000000000000284e+01,3.410000000000000142e+01,5.789999999999999858e+01,1.000000000000000000e+00
1.783178873101115465e+09,7.401986000331817195e-03,2.921041199988394510e-02,1.996124400102416985e-02,2.542056799939018674e-02,1.219598310651831419e+01,1.203000000000000000e+03,1.227000000000000000e+03,6.490000000000000000e+02,5.670000000000000000e+02,5.289323553382233589e-01,8.736517719568567264e-01,4.189999999999999858e+01,3.410000000000000142e+01,5.739999999999999858e+01,1.000000000000000000e+00
1.783178873216473818e+09,7.951331001095240936e-03,2.924155999971844722e-02,2.003624300050432794e-02,2.678966299936291762e-02,1.190209852673676671e+01,1.209000000000000000e+03,1.203000000000000000e+03,4.850000000000000000e+02,3.780000000000000000e+02,4.031587697423109073e-01,7.793814432989690788e-01,3.950000000000000000e+01,3.410000000000000142e+01,5.889999999999999858e+01,1.000000000000000000e+00
1.783178873333484888e+09,7.480150999981560744e-03,3.148795900051482022e-02,1.843213299980561715e-02,2.467720700042264070e-02,1.218361437875045183e+01,1.208000000000000000e+03,1.209000000000000000e+03,3.520000000000000000e+02,2.730000000000000000e+02,2.911497105045492417e-01,7.755681818181817677e-01,4.260000000000000142e+01,3.410000000000000142e+01,5.739999999999999858e+01,1.000000000000000000e+00
1.783178873447217464e+09,7.922590999442036264e-03,2.938926200113201048e-02,1.972313499936717562e-02,2.536914300071657635e-02,1.213531394429749355e+01,1.197000000000000000e+03,1.208000000000000000e+03,4.700000000000000000e+02,3.780000000000000000e+02,3.890728476821191939e-01,8.042553191489362208e-01,4.350000000000000000e+01,3.410000000000000142e+01,5.789999999999999858e+01,1.000000000000000000e+00
1.783178873564089060e+09,9.563239000272005796e-03,2.896784000040497631e-02,1.757199499843409285e-02,2.711510400149563793e-02,1.201660531419841149e+01,1.194000000000000000e+03,1.197000000000000000e+03,5.660000000000000000e+02,4.590000000000000000e+02,4.728487886382622962e-01,8.109540636042402717e-01,4.470000000000000284e+01,3.410000000000000142e+01,5.839999999999999858e+01,1.000000000000000000e+00
1.783178873677309752e+09,1.003756499994779006e-02,2.878567700099665672e-02,1.990328200008661952e-02,2.419176799958222546e-02,1.206006510593107350e+01,1.188000000000000000e+03,1.194000000000000000e+03,5.120000000000000000e+02,4.260000000000000000e+02,4.288107202680067065e-01,8.320312500000000000e-01,4.439999999999999858e+01,3.410000000000000142e+01,5.689999999999999858e+01,1.000000000000000000e+00
1.783178873792342424e+09,1.067046500065771397e-02,2.871310299997276161e-02,1.782576999903540127e-02,2.687186600087443367e-02,1.189326451597403356e+01,1.184000000000000000e+03,1.188000000000000000e+03,5.630000000000000000e+02,4.780000000000000000e+02,4.739057239057238857e-01,8.490230905861456678e-01,4.220000000000000284e+01,3.410000000000000142e+01,5.789999999999999858e+01,1.000000000000000000e+00
1.783178873910877943e+09,1.031363699985377025e-02,3.069328299898188561e-02,1.732970100056263618e-02,2.832529300030728336e-02,1.153909432468105223e+01,1.120000000000000000e+03,1.184000000000000000e+03,2.970000000000000000e+02,2.140000000000000000e+02,2.508445945945945721e-01,7.205387205387205896e-01,4.579999999999999716e+01,3.410000000000000142e+01,5.739999999999999858e+01,1.000000000000000000e+00
1.783178874029634714e+09,8.174180000423802994e-03,2.819488800014369190e-02,1.604801199937355705e-02,3.227156100001593586e-02,1.180795899181459241e+01,1.111000000000000000e+03,1.120000000000000000e+03,4.350000000000000000e+02,3.160000000000000000e+02,3.883928571428571508e-01,7.264367816091954477e-01,4.000000000000000000e+01,3.410000000000000142e+01,5.789999999999999858e+01,1.000000000000000000e+00
1.783178874149063110e+09,8.273216000816319138e-03,2.950655700078641530e-02,1.798808199964696541e-02,3.335486299874901306e-02,1.122048364817615251e+01,1.145000000000000000e+03,1.111000000000000000e+03,4.290000000000000000e+02,3.050000000000000000e+02,3.861386138613861485e-01,7.109557109557109733e-01,4.289999999999999858e+01,3.410000000000000142e+01,5.689999999999999858e+01,1.000000000000000000e+00
1.783178874265024662e+09,7.528836998972110450e-03,2.891037800145568326e-02,1.698037200003454927e-02,2.804872299930138979e-02,1.227471147987358613e+01,1.157000000000000000e+03,1.145000000000000000e+03,4.520000000000000000e+02,3.700000000000000000e+02,3.947598253275109159e-01,8.185840707964602281e-01,4.570000000000000284e+01,3.410000000000000142e+01,5.889999999999999858e+01,1.000000000000000000e+00
1.783178874384282112e+09,7.817925999916042201e-03,2.917889400123385713e-02,1.874459200007549953e-02,3.102548300012131222e-02,1.152513294367026653e+01,1.121000000000000000e+03,1.157000000000000000e+03,5.140000000000000000e+02,3.920000000000000000e+02,4.442523768366464787e-01,7.626459143968871146e-01,4.370000000000000284e+01,3.410000000000000142e+01,5.689999999999999858e+01,1.000000000000000000e+00
1.783178874498922348e+09,8.325529999638092704e-03,2.912733900120656472e-02,1.749264399950334337e-02,2.360234899970237166e-02,1.273109126763194077e+01,1.084000000000000000e+03,1.121000000000000000e+03,4.620000000000000000e+02,3.920000000000000000e+02,4.121320249776984634e-01,8.484848484848485084e-01,3.950000000000000000e+01,3.410000000000000142e+01,5.839999999999999858e+01,1.000000000000000000e+00
1.783178874610806704e+09,9.354444000564399175e-03,2.941531699980259873e-02,1.878666599986900110e-02,2.347490600004675798e-02,1.234090521498036530e+01,1.117000000000000000e+03,1.084000000000000000e+03,5.410000000000000000e+02,4.740000000000000000e+02,4.990774907749077616e-01,8.761552680221811329e-01,4.350000000000000000e+01,3.410000000000000142e+01,5.739999999999999858e+01,1.000000000000000000e+00
1.783178874723262548e+09,8.385862998693482950e-03,3.088631799982977100e-02,1.715448100003413856e-02,2.349561000119138043e-02,1.251215681159744086e+01,1.129000000000000000e+03,1.117000000000000000e+03,5.040000000000000000e+02,4.500000000000000000e+02,4.512085944494180767e-01,8.928571428571429047e-01,4.570000000000000284e+01,3.410000000000000142e+01,5.739999999999999858e+01,1.000000000000000000e+00
1.783178874831129551e+09,7.498502998714684509e-03,2.918813399992359336e-02,1.652373000069928821e-02,2.106108299994957633e-02,1.346412383236893895e+01,1.144000000000000000e+03,1.129000000000000000e+03,4.660000000000000000e+02,4.060000000000000000e+02,4.127546501328609452e-01,8.712446351931329991e-01,4.550000000000000000e+01,3.410000000000000142e+01,5.839999999999999858e+01,1.000000000000000000e+00
1.783178874937513828e+09,8.783803001279011369e-03,2.870784399965486955e-02,1.852898299875960220e-02,1.933023300080094486e-02,1.327124813412473259e+01,1.142000000000000000e+03,1.144000000000000000e+03,3.600000000000000000e+02,3.020000000000000000e+02,3.146853146853146876e-01,8.388888888888889062e-01,4.679999999999999716e+01,3.420000000000000284e+01,5.789999999999999858e+01,1.000000000000000000e+00
1.783178875058592081e+09,9.741292000398971140e-03,2.870682499997201376e-02,1.819987700037017930e-02,2.945124200050486252e-02,1.161450491831922882e+01,1.157000000000000000e+03,1.142000000000000000e+03,5.140000000000000000e+02,3.970000000000000000e+02,4.500875656742556741e-01,7.723735408560311599e-01,4.800000000000000000e+01,3.410000000000000142e+01,5.739999999999999858e+01,1.000000000000000000e+00
1.783178875174397469e+09,7.466170000043348409e-03,2.993282900024496485e-02,1.933675200052675791e-02,2.497468500041577499e-02,1.223833880882653169e+01,1.171000000000000000e+03,1.157000000000000000e+03,5.760000000000000000e+02,4.920000000000000000e+02,4.978392394122730935e-01,8.541666666666666297e-01,4.689999999999999858e+01,3.410000000000000142e+01,5.789999999999999858e+01,1.000000000000000000e+00
1.783178875291611195e+09,1.048028299919678830e-02,2.922539300016069319e-02,1.576157199997396674e-02,2.907778400003735442e-02,1.182801610397954306e+01,1.122000000000000000e+03,1.171000000000000000e+03,3.290000000000000000e+02,2.400000000000000000e+02,2.809564474807856316e-01,7.294832826747720267e-01,5.260000000000000142e+01,3.410000000000000142e+01,5.789999999999999858e+01,1.000000000000000000e+00
1.783178875408035994e+09,9.633014999053557403e-03,2.913811700091173407e-02,1.891420100037066732e-02,2.659477599991078023e-02,1.186519585537166854e+01,1.158000000000000000e+03,1.122000000000000000e+03,5.180000000000000000e+02,4.300000000000000000e+02,4.616755793226381410e-01,8.301158301158301223e-01,5.279999999999999716e+01,3.400000000000000000e+01,5.889999999999999858e+01,1.000000000000000000e+00
1.783178875523701429e+09,8.157180000125663355e-03,2.840034799919521902e-02,1.805115599927376024e-02,2.785824300008243881e-02,1.212607328045631938e+01,1.154000000000000000e+03,1.158000000000000000e+03,6.040000000000000000e+02,5.210000000000000000e+02,5.215889464594127833e-01,8.625827814569536622e-01,5.089999999999999858e+01,3.410000000000000142e+01,5.839999999999999858e+01,1.000000000000000000e+00
1.783178875636520386e+09,6.686845999865909107e-03,2.842879200034076348e-02,1.787308399980247486e-02,2.577943399955984205e-02,1.269548572402116271e+01,1.138000000000000000e+03,1.154000000000000000e+03,4.770000000000000000e+02,3.860000000000000000e+02,4.133448873483535624e-01,8.092243186582809278e-01,5.289999999999999858e+01,3.410000000000000142e+01,5.739999999999999858e+01,1.000000000000000000e+00
1.783178875752573252e+09,9.892177999063278548e-03,2.939141000024392270e-02,1.819196900032693520e-02,2.593906199945195112e-02,1.198830627052263154e+01,1.126000000000000000e+03,1.138000000000000000e+03,6.060000000000000000e+02,5.180000000000000000e+02,5.325131810193322046e-01,8.547854785478548045e-01,5.260000000000000142e+01,3.410000000000000142e+01,5.789999999999999858e+01,1.000000000000000000e+00
1.783178875865217209e+09,6.672884001091006212e-03,2.686316200015426148e-02,1.551314899916178547e-02,2.776802100015629549e-02,1.301791515059158577e+01,1.026000000000000000e+03,1.126000000000000000e+03,3.770000000000000000e+02,2.840000000000000000e+02,3.348134991119005588e-01,7.533156498673739820e-01,5.189999999999999858e+01,3.410000000000000142e+01,5.639999999999999858e+01,1.000000000000000000e+00
1.783178875979182243e+09,8.330548998856102116e-03,2.772237400131416507e-02,1.568838799903460313e-02,2.834136700039380230e-02,1.248709489966121566e+01,1.032000000000000000e+03,1.026000000000000000e+03,3.260000000000000000e+02,2.390000000000000000e+02,3.177387914230019317e-01,7.331288343558282072e-01,5.370000000000000284e+01,3.410000000000000142e+01,5.739999999999999858e+01,1.000000000000000000e+00
1.783178876099231005e+09,8.848838999256258830e-03,2.693625400024757255e-02,1.370646699979261030e-02,3.674132199921587016e-02,1.159650445194736790e+01,1.073000000000000000e+03,1.032000000000000000e+03,2.360000000000000000e+02,1.610000000000000000e+02,2.286821705426356488e-01,6.822033898305084332e-01,5.329999999999999716e+01,3.410000000000000142e+01,5.789999999999999858e+01,1.000000000000000000e+00
1.783178876213928699e+09,9.454332001041620970e-03,2.730598999914946035e-02,1.654117399993992876e-02,3.102098300041689072e-02,1.185923388226646402e+01,1.097000000000000000e+03,1.073000000000000000e+03,2.810000000000000000e+02,1.980000000000000000e+02,2.618825722273998013e-01,7.046263345195729055e-01,5.279999999999999716e+01,3.410000000000000142e+01,5.839999999999999858e+01,1.000000000000000000e+00
1.783178876328357697e+09,7.524243999796453863e-03,2.780291099952592049e-02,1.598582800033909734e-02,2.935150300072564278e-02,1.239702934442799176e+01,1.131000000000000000e+03,1.097000000000000000e+03,4.300000000000000000e+02,3.190000000000000000e+02,3.919781221513217728e-01,7.418604651162791219e-01,5.000000000000000000e+01,3.410000000000000142e+01,5.739999999999999858e+01,1.000000000000000000e+00
1.783178876441822529e+09,8.203494999179383740e-03,2.815274000022327527e-02,1.862526000149955507e-02,2.340629599893873092e-02,1.275708866450936263e+01,1.155000000000000000e+03,1.131000000000000000e+03,4.610000000000000000e+02,3.790000000000000000e+02,4.076038903625110454e-01,8.221258134490239122e-01,5.189999999999999858e+01,3.410000000000000142e+01,5.839999999999999858e+01,1.000000000000000000e+00
1.783178876558462381e+09,9.245723000276484527e-03,2.910183899984986056e-02,1.742431200000282843e-02,2.856430800056841690e-02,1.185730698588807819e+01,1.160000000000000000e+03,1.155000000000000000e+03,6.040000000000000000e+02,4.980000000000000000e+02,5.229437229437229329e-01,8.245033112582781376e-01,5.000000000000000000e+01,3.410000000000000142e+01,5.789999999999999858e+01,1.000000000000000000e+00
1.783178876671741962e+09,7.928868999442784116e-03,2.931800300029863138e-02,1.897858899974380620e-02,2.168746499955886975e-02,1.283484078126226358e+01,1.150000000000000000e+03,1.160000000000000000e+03,4.950000000000000000e+02,4.240000000000000000e+02,4.267241379310344751e-01,8.565656565656565302e-01,4.420000000000000284e+01,3.410000000000000142e+01,5.789999999999999858e+01,1.000000000000000000e+00
1.783178876780391216e+09,8.805877001577755436e-03,2.801540799919166602e-02,1.783119500032626092e-02,2.242612199916038662e-02,1.297376929587640682e+01,1.134000000000000000e+03,1.150000000000000000e+03,5.230000000000000000e+02,4.740000000000000000e+02,4.547826086956521796e-01,9.063097514340344718e-01,4.220000000000000284e+01,3.410000000000000142e+01,5.739999999999999858e+01,1.000000000000000000e+00
1.783178876888093710e+09,8.663008000439731404e-03,2.776535600060014986e-02,1.657085799888591282e-02,2.026909199958026875e-02,1.364846473752271017e+01,1.158000000000000000e+03,1.134000000000000000e+03,3.900000000000000000e+02,3.310000000000000000e+02,3.439153439153438963e-01,8.487179487179487003e-01,4.250000000000000000e+01,3.410000000000000142e+01,5.789999999999999858e+01,1.000000000000000000e+00
1.783178876999804974e+09,6.686365000859950669e-03,2.914731999953801278e-02,1.849976199991942849e-02,2.405599099984101485e-02,1.275682063185577597e+01,1.138000000000000000e+03,1.158000000000000000e+03,5.140000000000000000e+02,4.380000000000000000e+02,4.438687392055267744e-01,8.521400778210116433e-01,3.900000000000000000e+01,3.410000000000000142e+01,5.839999999999999858e+01,1.000000000000000000e+00
1.783178877117876291e+09,7.808518999809166417e-03,3.024199199899157975e-02,1.945991700085869525e-02,2.877084299871057738e-02,1.159000080120390841e+01,1.150000000000000000e+03,1.138000000000000000e+03,5.150000000000000000e+02,4.080000000000000000e+02,4.525483304042179356e-01,7.922330097087378897e-01,4.260000000000000142e+01,3.410000000000000142e+01,5.889999999999999858e+01,1.000000000000000000e+00
1.783178877231961966e+09,8.457695999823044986e-03,2.795424200121487956e-02,1.658932099962839857e-02,2.877665800042450428e-02,1.222824005148799564e+01,1.138000000000000000e+03,1.150000000000000000e+03,5.370000000000000000e+02,4.270000000000000000e+02,4.669565217391304368e-01,7.951582867783985042e-01,4.089999999999999858e+01,3.410000000000000142e+01,5.839999999999999858e+01,1.000000000000000000e+00
1.783178877343324661e+09,9.802660999412182719e-03,2.795140899979742244e-02,1.867583300008845981e-02,2.401177000137977302e-02,1.243136750762970344e+01,1.126000000000000000e+03,1.138000000000000000e+03,4.170000000000000000e+02,3.340000000000000000e+02,3.664323374340949235e-01,8.009592326139088891e-01,4.050000000000000000e+01,3.410000000000000142e+01,5.889999999999999858e+01,1.000000000000000000e+00
1.783178877460069895e+09,9.530441999231697991e-03,2.822568299961858429e-02,1.742469999953755178e-02,2.960440700007893611e-02,1.179450685489760353e+01,1.138000000000000000e+03,1.126000000000000000e+03,5.760000000000000000e+02,4.640000000000000000e+02,5.115452930728241476e-01,8.055555555555555802e-01,4.129999999999999716e+01,3.410000000000000142e+01,5.789999999999999858e+01,1.000000000000000000e+00
1.783178877570843458e+09,8.883987000444903970e-03,2.861441899949568324e-02,1.834678200066264253e-02,2.263587899869889952e-02,1.274192666122763384e+01,1.130000000000000000e+03,1.138000000000000000e+03,4.980000000000000000e+02,4.310000000000000000e+02,4.376098418277680202e-01,8.654618473895582254e-01,3.850000000000000000e+01,3.410000000000000142e+01,5.889999999999999858e+01,1.000000000000000000e+00
1.783178877683218002e+09,8.505157999024959281e-03,2.824727500046719797e-02,1.660846999948262237e-02,2.741765500104520470e-02,1.237952279365710595e+01,1.106000000000000000e+03,1.130000000000000000e+03,3.870000000000000000e+02,2.950000000000000000e+02,3.424778761061946786e-01,7.622739018087855145e-01,4.050000000000000000e+01,3.410000000000000142e+01,5.839999999999999858e+01,1.000000000000000000e+00
1.783178877797332287e+09,8.076793001237092540e-03,2.841264299968315754e-02,1.674144999924465083e-02,2.755237600104010198e-02,1.237880193529550077e+01,1.096000000000000000e+03,1.106000000000000000e+03,5.450000000000000000e+02,4.450000000000000000e+02,4.927667269439421349e-01,8.165137614678898981e-01,4.220000000000000284e+01,3.410000000000000142e+01,5.939999999999999858e+01,1.000000000000000000e+00
1.783178877908688545e+09,7.633613000507466495e-03,2.827275600066059269e-02,1.827322799908870365e-02,2.313118799975200091e-02,1.293480592649378202e+01,1.094000000000000000e+03,1.096000000000000000e+03,5.420000000000000000e+02,5.050000000000000000e+02,4.945255474452554534e-01,9.317343173431734682e-01,4.150000000000000000e+01,3.410000000000000142e+01,5.889999999999999858e+01,1.000000000000000000e+00
1.783178878023854494e+09,1.169556499917234760e-02,2.771363399915571790e-02,1.583275600023625884e-02,2.546290100144688040e-02,1.239082813058809229e+01,1.074000000000000000e+03,1.094000000000000000e+03,5.010000000000000000e+02,4.110000000000000000e+02,4.579524680073125964e-01,8.203592814371257758e-01,4.189999999999999858e+01,3.410000000000000142e+01,5.789999999999999858e+01,1.000000000000000000e+00
1.783178878126727343e+09,7.818870000846800394e-03,2.857821599900489673e-02,1.545926099970529322e-02,2.078530800099542830e-02,1.376620618008214869e+01,1.091000000000000000e+03,1.074000000000000000e+03,3.600000000000000000e+02,2.970000000000000000e+02,3.351955307262569628e-01,8.249999999999999556e-01,4.150000000000000000e+01,3.410000000000000142e+01,5.839999999999999858e+01,1.000000000000000000e+00
1.783178878238445520e+09,7.261709999511367641e-03,2.781837300062761642e-02,1.691835400015406776e-02,2.792018699983600527e-02,1.251272794684734713e+01,1.068000000000000000e+03,1.091000000000000000e+03,5.750000000000000000e+02,4.730000000000000000e+02,5.270394133822181582e-01,8.226086956521738713e-01,4.220000000000000284e+01,3.410000000000000142e+01,5.739999999999999858e+01,1.000000000000000000e+00
1.783178878346457958e+09,1.057250399935583118e-02,2.638638999997056089e-02,1.578834899919456802e-02,2.429056300024967641e-02,1.298063966172606065e+01,1.012000000000000000e+03,1.068000000000000000e+03,3.940000000000000000e+02,3.130000000000000000e+02,3.689138576779026346e-01,7.944162436548223294e-01,4.520000000000000284e+01,3.410000000000000142e+01,5.789999999999999858e+01,1.000000000000000000e+00
1.783178878461144924e+09,1.113453499965544324e-02,2.613070799998240545e-02,1.404172199909226038e-02,2.975073800007521641e-02,1.233689042501905853e+01,9.640000000000000000e+02,1.012000000000000000e+03,3.160000000000000000e+02,2.250000000000000000e+02,3.122529644268774440e-01,7.120253164556962222e-01,3.810000000000000142e+01,3.410000000000000142e+01,5.839999999999999858e+01,1.000000000000000000e+00
1.783178878571055174e+09,7.071044999975129031e-03,2.970488799837767147e-02,1.640810100070666522e-02,2.661531299963826314e-02,1.253143086517135707e+01,1.136000000000000000e+03,9.640000000000000000e+02,2.870000000000000000e+02,2.100000000000000000e+02,2.977178423236514493e-01,7.317073170731707155e-01,4.289999999999999858e+01,3.410000000000000142e+01,5.839999999999999858e+01,1.000000000000000000e+00
1.783178878689890623e+09,8.971134000603342429e-03,2.747880299830285367e-02,1.789497200115874875e-02,3.124388799915323034e-02,1.168377211808613936e+01,1.123000000000000000e+03,1.136000000000000000e+03,5.120000000000000000e+02,3.890000000000000000e+02,4.507042253521126862e-01,7.597656250000000000e-01,4.350000000000000000e+01,3.410000000000000142e+01,6.029999999999999716e+01,1.000000000000000000e+00
1.783178878804874659e+09,6.306721999862929806e-03,2.787000199896283448e-02,1.714255499973660335e-02,3.234843000063847285e-02,1.195204233463057442e+01,1.130000000000000000e+03,1.123000000000000000e+03,5.030000000000000000e+02,3.730000000000000000e+02,4.479073909171861212e-01,7.415506958250497327e-01,3.660000000000000142e+01,3.410000000000000142e+01,5.889999999999999858e+01,1.000000000000000000e+00
1.783178878916839600e+09,7.450836999851162545e-03,2.827355299996270332e-02,1.854346499931125436e-02,2.532125400102813728e-02,1.256453316996015523e+01,1.136000000000000000e+03,1.130000000000000000e+03,4.160000000000000000e+02,3.250000000000000000e+02,3.681415929203539772e-01,7.812500000000000000e-01,4.289999999999999858e+01,3.410000000000000142e+01,5.839999999999999858e+01,1.000000000000000000e+00
1.783178879025313377e+09,7.875221999711357057e-03,2.760583800045424141e-02,1.624436199927004054e-02,2.561671399962506257e-02,1.292956274199803168e+01,1.131000000000000000e+03,1.136000000000000000e+03,4.750000000000000000e+02,3.780000000000000000e+02,4.181338028169014343e-01,7.957894736842104910e-01,3.750000000000000000e+01,3.410000000000000142e+01,5.839999999999999858e+01,1.000000000000000000e+00
1.783178879141555786e+09,7.411263999529182911e-03,2.883182400000805501e-02,1.779725100095674861e-02,3.091266999945219140e-02,1.177121342459610354e+01,1.187000000000000000e+03,1.131000000000000000e+03,4.480000000000000000e+02,3.330000000000000000e+02,3.961096374889478411e-01,7.433035714285713969e-01,4.350000000000000000e+01,3.410000000000000142e+01,5.839999999999999858e+01,1.000000000000000000e+00
1.783178879254215479e+09,1.053756000146677252e-02,2.821634999963862356e-02,1.826531900042027701e-02,2.388538299965148326e-02,1.236023479088497545e+01,1.199000000000000000e+03,1.187000000000000000e+03,4.390000000000000000e+02,3.700000000000000000e+02,3.698399326032013601e-01,8.428246013667426428e-01,3.750000000000000000e+01,3.410000000000000142e+01,5.839999999999999858e+01,1.000000000000000000e+00
1.783178879377132654e+09,9.399443000802421011e-03,2.911298799881478772e-02,2.114011900084733497e-02,3.079583699945942499e-02,1.105602911416032974e+01,1.205000000000000000e+03,1.199000000000000000e+03,6.260000000000000000e+02,5.050000000000000000e+02,5.221017514595496234e-01,8.067092651757188371e-01,4.079999999999999716e+01,3.410000000000000142e+01,5.789999999999999858e+01,1.000000000000000000e+00
1.783178879493570566e+09,1.045520899970142636e-02,2.993388499999127816e-02,1.998000300045532640e-02,2.454389299964532256e-02,1.177676112927402130e+01,1.213000000000000000e+03,1.205000000000000000e+03,5.730000000000000000e+02,4.960000000000000000e+02,4.755186721991701004e-01,8.656195462478184499e-01,3.660000000000000142e+01,3.410000000000000142e+01,5.739999999999999858e+01,1.000000000000000000e+00
1.783178879608362198e+09,8.218975999625399709e-03,2.913124699989566579e-02,2.070375300172599964e-02,2.557988199987448752e-02,1.195687995149751082e+01,1.207000000000000000e+03,1.213000000000000000e+03,5.540000000000000000e+02,4.430000000000000000e+02,4.567188788128606625e-01,7.996389891696751295e-01,4.320000000000000284e+01,3.410000000000000142e+01,5.789999999999999858e+01,1.000000000000000000e+00
1.783178879719157457e+09,8.980967000752571039e-03,2.768259699951158836e-02,1.937130700025591068e-02,2.243082600034540519e-02,1.274442257218425034e+01,1.203000000000000000e+03,1.207000000000000000e+03,4.480000000000000000e+02,3.700000000000000000e+02,3.711681855840928135e-01,8.258928571428570953e-01,4.000000000000000000e+01,3.410000000000000142e+01,5.939999999999999858e+01,1.000000000000000000e+00
1.783178879845543861e+09,7.293358001334127039e-03,2.870471399910456967e-02,1.858990900109347422e-02,4.032587199981207959e-02,1.053586982698760721e+01,1.207000000000000000e+03,1.203000000000000000e+03,5.440000000000000000e+02,3.810000000000000000e+02,4.522028262676641708e-01,7.003676470588234837e-01,4.229999999999999716e+01,3.410000000000000142e+01,5.839999999999999858e+01,1.000000000000000000e+00
1.783178879965298414e+09,8.834506001221598126e-03,2.881121300015365705e-02,1.847013199949287809e-02,2.800546400067105424e-02,1.188759353062541635e+01,1.220000000000000000e+03,1.207000000000000000e+03,5.080000000000000000e+02,3.940000000000000000e+02,4.208782104391052270e-01,7.755905511811023167e-01,3.660000000000000142e+01,3.410000000000000142e+01,5.889999999999999858e+01,1.000000000000000000e+00
1.783178880078338623e+09,9.425277001355425455e-03,2.891743399959523231e-02,1.987276399995607790e-02,2.448274599919386674e-02,1.209215854835357895e+01,1.226000000000000000e+03,1.220000000000000000e+03,5.910000000000000000e+02,4.980000000000000000e+02,4.844262295081967484e-01,8.426395939086294140e-01,4.089999999999999858e+01,3.410000000000000142e+01,5.789999999999999858e+01,1.000000000000000000e+00
1.783178880197556734e+09,7.715760000792215578e-03,2.897676699831208680e-02,1.876435100166418124e-02,2.871745499942335300e-02,1.188010601756382201e+01,1.235000000000000000e+03,1.226000000000000000e+03,4.680000000000000000e+02,3.600000000000000000e+02,3.817292006525285220e-01,7.692307692307692735e-01,4.260000000000000142e+01,3.410000000000000142e+01,5.889999999999999858e+01,1.000000000000000000e+00
1.783178880309824228e+09,7.143673999962629750e-03,2.928280000014638063e-02,2.020279700082028285e-02,2.476811300039116759e-02,1.228540710821588000e+01,1.247000000000000000e+03,1.235000000000000000e+03,5.780000000000000000e+02,5.100000000000000000e+02,4.680161943319838258e-01,8.823529411764705621e-01,4.439999999999999858e+01,3.410000000000000142e+01,5.839999999999999858e+01,1.000000000000000000e+00
1.783178880432601452e+09,1.050270799896679819e-02,2.816372100096486975e-02,1.930354799878841732e-02,3.201504600110638421e-02,1.111296043122563226e+01,1.225000000000000000e+03,1.247000000000000000e+03,6.670000000000000000e+02,5.330000000000000000e+02,5.348837209302325091e-01,7.991004497751124092e-01,4.039999999999999858e+01,3.410000000000000142e+01,5.789999999999999858e+01,1.000000000000000000e+00
1.783178880549876690e+09,7.933573000627802685e-03,2.873467699828324839e-02,2.045123800053261220e-02,2.412436099984915927e-02,1.230862412745492129e+01,1.240000000000000000e+03,1.225000000000000000e+03,5.610000000000000000e+02,4.900000000000000000e+02,4.579591836734693833e-01,8.734402852049910626e-01,4.320000000000000284e+01,3.410000000000000142e+01,5.789999999999999858e+01,1.000000000000000000e+00
1.783178880667983294e+09,8.529620999979670160e-03,2.883354599907761440e-02,1.915866100171115249e-02,2.946229799999855459e-02,1.163005366817451680e+01,1.245000000000000000e+03,1.240000000000000000e+03,5.060000000000000000e+02,3.870000000000000000e+02,4.080645161290322731e-01,7.648221343873518041e-01,3.779999999999999716e+01,3.410000000000000142e+01,5.739999999999999858e+01,1.000000000000000000e+00
1.783178880798654556e+09,8.054551999521208927e-03,2.837577399986912496e-02,2.032185099960770458e-02,4.170791100114001893e-02,1.015639961644760980e+01,1.250000000000000000e+03,1.245000000000000000e+03,4.020000000000000000e+02,2.680000000000000000e+02,3.228915662650602147e-01,6.666666666666666297e-01,4.310000000000000142e+01,3.410000000000000142e+01,5.689999999999999858e+01,1.000000000000000000e+00
1.783178880924768686e+09,7.738408001387142576e-03,2.957461099867941812e-02,2.049716400142642669e-02,3.506311999990430195e-02,1.076735690109950028e+01,1.213000000000000000e+03,1.250000000000000000e+03,4.930000000000000000e+02,3.510000000000000000e+02,3.943999999999999728e-01,7.119675456389452650e-01,4.510000000000000142e+01,3.410000000000000142e+01,5.889999999999999858e+01,1.000000000000000000e+00
1.783178881045183182e+09,6.892529001561342739e-03,3.028560299935634248e-02,2.124700700005632825e-02,3.087822499946923926e-02,1.119778645735043732e+01,1.249000000000000000e+03,1.213000000000000000e+03,4.650000000000000000e+02,3.590000000000000000e+02,3.833470733718054579e-01,7.720430107526882191e-01,4.129999999999999716e+01,3.410000000000000142e+01,5.739999999999999858e+01,1.000000000000000000e+00
1.783178881172745466e+09,1.052465300017502159e-02,2.888213799997174647e-02,1.981574599994928576e-02,3.400668799986306112e-02,1.072625027184810875e+01,1.236000000000000000e+03,1.249000000000000000e+03,5.250000000000000000e+02,3.920000000000000000e+02,4.203362690152121495e-01,7.466666666666667007e-01,3.879999999999999716e+01,3.410000000000000142e+01,5.789999999999999858e+01,1.000000000000000000e+00
1.783178881307535887e+09,1.234955700056161731e-02,3.098888999920745846e-02,2.042731300025479868e-02,3.716518800138146617e-02,9.907763870265799966e+00,1.258000000000000000e+03,1.236000000000000000e+03,4.470000000000000000e+02,3.150000000000000000e+02,3.616504854368932098e-01,7.046979865771811902e-01,3.920000000000000284e+01,3.410000000000000142e+01,5.789999999999999858e+01,1.000000000000000000e+00
1.783178881433193207e+09,8.814562001134618185e-03,3.032014000018534716e-02,2.105845299956854433e-02,3.239568899880396202e-02,1.080043725357799467e+01,1.240000000000000000e+03,1.258000000000000000e+03,7.460000000000000000e+02,6.960000000000000000e+02,5.930047694753577403e-01,9.329758713136728776e-01,3.960000000000000142e+01,3.410000000000000142e+01,5.939999999999999858e+01,1.000000000000000000e+00
1.783178881562333584e+09,9.184001999528845772e-03,3.036804600014875177e-02,2.293900500080781057e-02,3.399361499941733200e-02,1.036434099561816424e+01,1.258000000000000000e+03,1.240000000000000000e+03,7.140000000000000000e+02,6.330000000000000000e+02,5.758064516129032251e-01,8.865546218487394547e-01,3.750000000000000000e+01,3.410000000000000142e+01,5.789999999999999858e+01,1.000000000000000000e+00
1.783178881689218998e+09,9.244409000530140474e-03,2.965299900097306818e-02,2.177314899927296210e-02,3.400783600045542698e-02,1.056207196067419218e+01,1.259000000000000000e+03,1.258000000000000000e+03,6.460000000000000000e+02,5.370000000000000000e+02,5.135135135135134865e-01,8.312693498452012886e-01,4.529999999999999716e+01,3.410000000000000142e+01,5.939999999999999858e+01,1.000000000000000000e+00
1.783178881810653210e+09,7.374912000159383751e-03,2.902278500005195383e-02,2.258645400070236064e-02,3.048815599868248682e-02,1.117664262311368972e+01,1.265000000000000000e+03,1.259000000000000000e+03,6.330000000000000000e+02,5.190000000000000000e+02,5.027799841143765214e-01,8.199052132701422080e-01,4.260000000000000142e+01,3.410000000000000142e+01,5.889999999999999858e+01,1.000000000000000000e+00
1.783178881925467730e+09,8.708545001354650594e-03,2.975171999969461467e-02,1.947439799914718606e-02,2.563838100104476325e-02,1.196558067198256126e+01,1.250000000000000000e+03,1.265000000000000000e+03,5.330000000000000000e+02,4.480000000000000000e+02,4.213438735177865713e-01,8.405253283302064338e-01,3.950000000000000000e+01,3.410000000000000142e+01,5.889999999999999858e+01,1.000000000000000000e+00
1.783178882047304869e+09,7.218470000225352123e-03,2.985964499930560123e-02,2.108799000052385963e-02,3.086713300035626162e-02,1.123176043530375523e+01,1.262000000000000000e+03,1.250000000000000000e+03,6.350000000000000000e+02,5.120000000000000000e+02,5.080000000000000071e-01,8.062992125984251857e-01,4.260000000000000142e+01,3.410000000000000142e+01,5.839999999999999858e+01,1.000000000000000000e+00
1.783178882168197870e+09,7.080731000314699486e-03,2.924057800009904895e-02,2.033964700058277231e-02,3.028984399861656129e-02,1.150075674984531382e+01,1.263000000000000000e+03,1.262000000000000000e+03,6.230000000000000000e+02,5.120000000000000000e+02,4.936608557844691103e-01,8.218298555377206993e-01,4.260000000000000142e+01,3.410000000000000142e+01,5.889999999999999858e+01,1.000000000000000000e+00
1.783178882287247658e+09,7.210302999737905338e-03,2.859392000027582981e-02,2.049183000053744763e-02,2.933783699882042129e-02,1.167761969014064682e+01,1.264000000000000000e+03,1.263000000000000000e+03,4.400000000000000000e+02,3.270000000000000000e+02,3.483768804433887700e-01,7.431818181818181657e-01,4.220000000000000284e+01,3.410000000000000142e+01,5.939999999999999858e+01,1.000000000000000000e+00
1.783178882410555124e+09,7.036602000880520791e-03,2.847477300019818358e-02,2.136037499985832255e-02,3.479862399944977369e-02,1.090864972358223994e+01,1.269000000000000000e+03,1.264000000000000000e+03,4.660000000000000000e+02,3.290000000000000000e+02,3.686708860759493889e-01,7.060085836909871793e-01,3.960000000000000142e+01,3.410000000000000142e+01,5.889999999999999858e+01,1.000000000000000000e+00
1.783178882532783270e+09,1.064463299917406403e-02,2.906319100111431908e-02,1.968060000035620760e-02,2.896765500008768868e-02,1.131784039434018041e+01,1.266000000000000000e+03,1.269000000000000000e+03,4.550000000000000000e+02,3.390000000000000000e+02,3.585500394011032488e-01,7.450549450549450725e-01,3.779999999999999716e+01,3.410000000000000142e+01,5.839999999999999858e+01,1.000000000000000000e+00
1.783178882728935957e+09,7.615298000018810853e-03,3.140966400133038405e-02,1.009021889985888265e-01,2.287308000086341053e-02,6.142497426770096247e+00,1.277000000000000000e+03,1.266000000000000000e+03,4.390000000000000000e+02,3.660000000000000000e+02,3.467614533965244772e-01,8.337129840546697590e-01,3.970000000000000284e+01,3.410000000000000142e+01,5.839999999999999858e+01,1.000000000000000000e+00
1.783178882855256319e+09,8.238383999923826195e-03,3.107820399964111857e-02,2.289596900118340272e-02,3.037273100017046090e-02,1.080085207479266174e+01,1.291000000000000000e+03,1.277000000000000000e+03,6.260000000000000000e+02,5.100000000000000000e+02,4.902114330462020164e-01,8.146964856230032304e-01,3.960000000000000142e+01,3.410000000000000142e+01,5.889999999999999858e+01,1.000000000000000000e+00
1.783178882973667622e+09,8.526083000106154941e-03,2.970581400040828157e-02,2.262028699988150038e-02,2.592869099862582516e-02,1.152327629804691966e+01,1.286000000000000000e+03,1.291000000000000000e+03,5.720000000000000000e+02,4.740000000000000000e+02,4.430673896204492812e-01,8.286713286713286442e-01,3.910000000000000142e+01,3.410000000000000142e+01,5.889999999999999858e+01,1.000000000000000000e+00
1.783178883093934536e+09,9.085335999770904891e-03,2.982571999928040896e-02,2.229430899933504406e-02,2.696651200130872894e-02,1.134148476847621367e+01,1.290000000000000000e+03,1.286000000000000000e+03,5.420000000000000000e+02,4.620000000000000000e+02,4.214618973561430892e-01,8.523985239852398532e-01,4.000000000000000000e+01,3.410000000000000142e+01,5.789999999999999858e+01,1.000000000000000000e+00
1.783178883214008570e+09,8.940857000197866000e-03,2.984045999983209185e-02,2.218405100029485766e-02,2.622418799910519738e-02,1.146926358939753499e+01,1.290000000000000000e+03,1.290000000000000000e+03,5.880000000000000000e+02,4.990000000000000000e+02,4.558139534883721145e-01,8.486394557823129237e-01,4.260000000000000142e+01,3.410000000000000142e+01,5.839999999999999858e+01,1.000000000000000000e+00
1.783178883332055569e+09,7.753574998787371442e-03,2.924018900012015365e-02,2.021163000063097570e-02,2.744754400009696838e-02,1.181293908552005867e+01,1.270000000000000000e+03,1.290000000000000000e+03,5.520000000000000000e+02,4.490000000000000000e+02,4.279069767441860406e-01,8.134057971014492239e-01,3.910000000000000142e+01,3.420000000000000284e+01,5.839999999999999858e+01,1.000000000000000000e+00
1.783178883455247164e+09,9.065393000128096901e-03,2.886023099927115254e-02,2.157257600083539728e-02,3.161149499828752596e-02,1.097578034934943325e+01,1.280000000000000000e+03,1.270000000000000000e+03,5.910000000000000000e+02,4.780000000000000000e+02,4.653543307086613900e-01,8.087986463620980837e-01,4.289999999999999858e+01,3.410000000000000142e+01,5.789999999999999858e+01,1.000000000000000000e+00
1.783178883577304840e+09,8.169996001015533693e-03,2.942505699866160285e-02,2.275552600076480303e-02,3.023965899956237990e-02,1.103871699729889500e+01,1.282000000000000000e+03,1.280000000000000000e+03,6.530000000000000000e+02,5.280000000000000000e+02,5.101562499999999778e-01,8.085758039816233200e-01,4.129999999999999716e+01,3.410000000000000142e+01,5.839999999999999858e+01,1.000000000000000000e+00
1.783178883696508646e+09,9.589830000550136901e-03,3.002417999960016459e-02,2.057166300073731691e-02,2.720954699907451868e-02,1.144227338749685963e+01,1.274000000000000000e+03,1.282000000000000000e+03,5.520000000000000000e+02,4.380000000000000000e+02,4.305772230889235441e-01,7.934782608695651884e-01,4.039999999999999858e+01,3.410000000000000142e+01,5.839999999999999858e+01,1.000000000000000000e+00
1.783178883811420918e+09,7.855407000533887185e-03,2.953314899968972895e-02,2.121302600062335841e-02,2.571123099914984778e-02,1.186059347824200394e+01,1.280000000000000000e+03,1.274000000000000000e+03,5.110000000000000000e+02,4.280000000000000000e+02,4.010989010989011172e-01,8.375733855185909515e-01,4.320000000000000284e+01,3.410000000000000142e+01,5.739999999999999858e+01,1.000000000000000000e+00
1.783178883935474873e+09,9.680052000476280227e-03,2.928522599904681556e-02,1.982717100145237055e-02,3.125744399949326180e-02,1.110495489422508086e+01,1.267000000000000000e+03,1.280000000000000000e+03,6.470000000000000000e+02,5.340000000000000000e+02,5.054687500000000222e-01,8.253477588871716009e-01,4.039999999999999858e+01,3.410000000000000142e+01,5.839999999999999858e+01,1.000000000000000000e+00
1.783178884055274487e+09,1.015830500000447500e-02,2.807207400110200979e-02,2.050218200020026416e-02,2.698406799936492462e-02,1.166634772807227449e+01,1.264000000000000000e+03,1.267000000000000000e+03,4.780000000000000000e+02,3.840000000000000000e+02,3.772691397000789149e-01,8.033472803347280200e-01,4.260000000000000142e+01,3.410000000000000142e+01,5.789999999999999858e+01,1.000000000000000000e+00
1.783178884168781281e+09,7.970589998876675963e-03,2.910252400033641607e-02,2.039172100012365263e-02,2.371829200092179235e-02,1.231783052649370624e+01,1.261000000000000000e+03,1.264000000000000000e+03,4.010000000000000000e+02,3.200000000000000000e+02,3.172468354430380000e-01,7.980049875311721053e-01,4.570000000000000284e+01,3.410000000000000142e+01,5.789999999999999858e+01,1.000000000000000000e+00
1.783178884290431499e+09,8.662694001031923108e-03,3.038769399972807150e-02,2.094697299980907701e-02,2.796190899971406907e-02,1.136889835484970490e+01,1.262000000000000000e+03,1.261000000000000000e+03,6.150000000000000000e+02,5.210000000000000000e+02,4.877081681205392427e-01,8.471544715447154594e-01,4.129999999999999716e+01,3.410000000000000142e+01,5.889999999999999858e+01,1.000000000000000000e+00
1.783178884408878803e+09,8.351938000487280078e-03,2.933644699987780768e-02,2.104330499969364610e-02,2.772828200068033766e-02,1.156604584594882645e+01,1.257000000000000000e+03,1.262000000000000000e+03,4.850000000000000000e+02,3.720000000000000000e+02,3.843106180665610272e-01,7.670103092783505661e-01,4.039999999999999858e+01,3.410000000000000142e+01,5.889999999999999858e+01,1.000000000000000000e+00
1.783178884522116661e+09,1.066105900099501014e-02,2.907832099845109042e-02,1.872075900064373855e-02,2.395195600001898129e-02,1.213414123253000199e+01,1.256000000000000000e+03,1.257000000000000000e+03,4.770000000000000000e+02,3.900000000000000000e+02,3.794749403341288740e-01,8.176100628930818015e-01,4.189999999999999858e+01,3.410000000000000142e+01,5.789999999999999858e+01,1.000000000000000000e+00
1.783178884627279758e+09,8.757524999964516610e-03,2.861601199947472196e-02,1.873311000053945463e-02,1.856592799958889373e-02,1.339179745717608938e+01,1.223000000000000000e+03,1.256000000000000000e+03,2.920000000000000000e+02,2.560000000000000000e+02,2.324840764331210230e-01,8.767123287671232390e-01,4.650000000000000000e+01,3.410000000000000142e+01,5.839999999999999858e+01,1.000000000000000000e+00
1.783178884745814323e+09,8.431436999671859667e-03,2.774576299998443574e-02,2.028370299922244158e-02,2.948166800160834100e-02,1.163567703826701383e+01,1.231000000000000000e+03,1.223000000000000000e+03,4.410000000000000000e+02,3.600000000000000000e+02,3.605887162714636052e-01,8.163265306122449161e-01,3.950000000000000000e+01,3.410000000000000142e+01,5.989999999999999858e+01,1.000000000000000000e+00
1.783178884858816862e+09,8.476992001305916347e-03,2.864680799939378630e-02,1.831542999934754334e-02,2.440243199998803902e-02,1.252478937624768029e+01,1.229000000000000000e+03,1.231000000000000000e+03,4.360000000000000000e+02,3.490000000000000000e+02,3.541835905767668491e-01,8.004587155963303058e-01,4.220000000000000284e+01,3.410000000000000142e+01,5.789999999999999858e+01,1.000000000000000000e+00
1.783178884971283197e+09,7.907831999546033330e-03,2.789094600120733958e-02,2.054107099866087083e-02,2.403171400146675296e-02,1.244221168112704845e+01,1.241000000000000000e+03,1.229000000000000000e+03,3.930000000000000000e+02,3.110000000000000000e+02,3.197721724979658009e-01,7.913486005089058750e-01,4.420000000000000284e+01,3.410000000000000142e+01,5.939999999999999858e+01,1.000000000000000000e+00
1.783178885088503361e+09,1.065102200118417386e-02,2.758270899903436657e-02,1.961317399945983198e-02,2.836714400109485723e-02,1.159903764630090883e+01,1.225000000000000000e+03,1.241000000000000000e+03,4.600000000000000000e+02,3.510000000000000000e+02,3.706688154713940198e-01,7.630434782608696009e-01,4.260000000000000142e+01,3.410000000000000142e+01,5.739999999999999858e+01,1.000000000000000000e+00
1.783178885198495388e+09,8.242993999374448322e-03,2.849792099914338905e-02,2.124091400037286803e-02,2.022981499976594932e-02,1.278581997352179123e+01,1.236000000000000000e+03,1.225000000000000000e+03,4.590000000000000000e+02,3.900000000000000000e+02,3.746938775510204045e-01,8.496732026143790639e-01,4.550000000000000000e+01,3.410000000000000142e+01,5.789999999999999858e+01,1.000000000000000000e+00
1.783178885310870409e+09,6.908102999659604393e-03,3.000129100109916180e-02,2.064632899964635726e-02,2.013468699988152366e-02,1.287160152709080130e+01,1.229000000000000000e+03,1.236000000000000000e+03,3.890000000000000000e+02,3.250000000000000000e+02,3.147249190938511409e-01,8.354755784061697055e-01,4.189999999999999858e+01,3.410000000000000142e+01,5.839999999999999858e+01,1.000000000000000000e+00
1.783178885421850204e+09,9.324684999228338711e-03,2.913695000097504817e-02,1.870157399935123976e-02,2.270602700082235970e-02,1.252046532654049571e+01,1.224000000000000000e+03,1.229000000000000000e+03,4.750000000000000000e+02,4.010000000000000000e+02,3.864930838079739805e-01,8.442105263157895223e-01,4.189999999999999858e+01,3.410000000000000142e+01,5.939999999999999858e+01,1.000000000000000000e+00
1.783178885534538746e+09,8.187199000531109050e-03,2.859686400006467011e-02,1.914184700035548303e-02,2.413682400037941989e-02,1.249020549289984849e+01,1.234000000000000000e+03,1.224000000000000000e+03,5.050000000000000000e+02,4.370000000000000000e+02,4.125816993464052063e-01,8.653465346534653380e-01,3.900000000000000000e+01,3.410000000000000142e+01,5.789999999999999858e+01,1.000000000000000000e+00
1.783178885650031328e+09,9.370943998874281533e-03,2.838006999991193879e-02,2.035923900075431447e-02,2.628222500061383471e-02,1.184939728867981401e+01,1.238000000000000000e+03,1.234000000000000000e+03,5.070000000000000000e+02,4.210000000000000000e+02,4.108589951377633609e-01,8.303747534516765505e-01,4.470000000000000284e+01,3.410000000000000142e+01,5.889999999999999858e+01,1.000000000000000000e+00
1.783178885763579607e+09,7.621613000083016232e-03,3.098377999958756845e-02,2.067045799958577845e-02,2.197277600134839304e-02,1.230790029218040438e+01,1.234000000000000000e+03,1.238000000000000000e+03,4.750000000000000000e+02,4.200000000000000000e+02,3.836833602584814318e-01,8.842105263157894468e-01,3.810000000000000142e+01,3.420000000000000284e+01,5.789999999999999858e+01,1.000000000000000000e+00
1.783178885879700661e+09,7.044750000204658136e-03,2.862991799884184729e-02,2.117750800061912742e-02,2.907537600003706757e-02,1.163771080087862764e+01,1.230000000000000000e+03,1.234000000000000000e+03,5.010000000000000000e+02,4.050000000000000000e+02,4.059967585089140907e-01,8.083832335329341756e-01,4.350000000000000000e+01,3.410000000000000142e+01,5.839999999999999858e+01,1.000000000000000000e+00
1.783178885995985508e+09,9.660347999670193531e-03,2.860830799909308553e-02,1.885053500154754147e-02,2.632509499926527496e-02,1.198404406030965497e+01,1.227000000000000000e+03,1.230000000000000000e+03,4.720000000000000000e+02,3.940000000000000000e+02,3.837398373983739730e-01,8.347457627118644030e-01,4.220000000000000284e+01,3.410000000000000142e+01,5.939999999999999858e+01,1.000000000000000000e+00
1.783178886106742382e+09,8.402362998822354712e-03,2.800207499967655167e-02,1.986402300099143758e-02,2.199149799889710266e-02,1.277792644921530218e+01,1.226000000000000000e+03,1.227000000000000000e+03,4.510000000000000000e+02,3.920000000000000000e+02,3.675631621841890517e-01,8.691796008869179246e-01,4.050000000000000000e+01,3.410000000000000142e+01,5.989999999999999858e+01,1.000000000000000000e+00
1.783178886217722654e+09,1.062554000054660719e-02,2.755563599930610508e-02,1.773821500137273688e-02,2.354483099952631164e-02,1.258427975284952360e+01,1.222000000000000000e+03,1.226000000000000000e+03,3.670000000000000000e+02,2.900000000000000000e+02,2.993474714518760127e-01,7.901907356948228989e-01,4.670000000000000284e+01,3.410000000000000142e+01,5.939999999999999858e+01,1.000000000000000000e+00
1.783178886332871199e+09,7.596890998684102669e-03,2.850960500109067652e-02,1.816409899947757367e-02,2.735223099989525508e-02,1.225147485104770873e+01,1.224000000000000000e+03,1.222000000000000000e+03,4.510000000000000000e+02,3.500000000000000000e+02,3.690671031096562915e-01,7.760532150776052740e-01,4.470000000000000284e+01,3.410000000000000142e+01,5.939999999999999858e+01,1.000000000000000000e+00
1.783178886448564529e+09,9.718699000586639158e-03,2.888012000039452687e-02,2.033029499943950213e-02,2.665646099922014400e-02,1.168421197151736024e+01,1.227000000000000000e+03,1.224000000000000000e+03,4.610000000000000000e+02,3.650000000000000000e+02,3.766339869281045694e-01,7.917570498915401656e-01,4.089999999999999858e+01,3.410000000000000142e+01,5.889999999999999858e+01,1.000000000000000000e+00
1.783178886564677954e+09,7.869906001360504888e-03,2.985540499867056496e-02,1.936438099983206484e-02,2.511303400024189614e-02,1.216504669198832111e+01,1.212000000000000000e+03,1.227000000000000000e+03,3.670000000000000000e+02,2.860000000000000000e+02,2.991035044824775779e-01,7.792915531335149470e-01,3.720000000000000284e+01,3.410000000000000142e+01,5.939999999999999858e+01,1.000000000000000000e+00
1.783178886675025702e+09,8.925875999921117909e-03,2.818597999976191204e-02,2.029353599937167019e-02,2.021090800008096267e-02,1.288389165692175453e+01,1.224000000000000000e+03,1.212000000000000000e+03,5.100000000000000000e+02,4.530000000000000000e+02,4.207920792079207772e-01,8.882352941176470118e-01,4.150000000000000000e+01,3.410000000000000142e+01,5.789999999999999858e+01,1.000000000000000000e+00
1.783178886791658640e+09,8.998541001346893609e-03,2.879187999860732816e-02,1.955367499977000989e-02,2.672484899994742591e-02,1.189499880132795262e+01,1.235000000000000000e+03,1.224000000000000000e+03,5.050000000000000000e+02,4.190000000000000000e+02,4.125816993464052063e-01,8.297029702970296627e-01,4.089999999999999858e+01,3.410000000000000142e+01,5.789999999999999858e+01,1.000000000000000000e+00
1.783178886900007486e+09,7.153118000132963061e-03,2.930442999968363438e-02,2.033642500100540929e-02,2.091300999927625526e-02,1.286885632915043765e+01,1.222000000000000000e+03,1.235000000000000000e+03,3.910000000000000000e+02,3.250000000000000000e+02,3.165991902834008331e-01,8.312020460358056084e-01,4.320000000000000284e+01,3.410000000000000142e+01,5.989999999999999858e+01,1.000000000000000000e+00
1.783178887019947052e+09,1.063818799957516603e-02,2.973399900110962335e-02,1.998876200013910420e-02,2.562595499875897076e-02,1.162967793333797850e+01,1.240000000000000000e+03,1.222000000000000000e+03,4.900000000000000000e+02,4.040000000000000000e+02,4.009819967266775587e-01,8.244897959183673519e-01,4.220000000000000284e+01,3.410000000000000142e+01,5.789999999999999858e+01,1.000000000000000000e+00
1.783178887136662722e+09,7.388653000816702843e-03,2.875269600008323323e-02,1.949400800003786571e-02,2.855667999938305002e-02,1.187760785495888527e+01,1.226000000000000000e+03,1.240000000000000000e+03,4.960000000000000000e+02,3.840000000000000000e+02,4.000000000000000222e-01,7.741935483870967527e-01,3.860000000000000142e+01,3.410000000000000142e+01,5.739999999999999858e+01,1.000000000000000000e+00
1.783178887256372213e+09,9.576700998877640814e-03,2.849555000102554914e-02,2.135721000013290904e-02,2.803872199910983909e-02,1.143272863013244844e+01,1.229000000000000000e+03,1.226000000000000000e+03,5.510000000000000000e+02,4.540000000000000000e+02,4.494290375203915389e-01,8.239564428312159405e-01,4.129999999999999716e+01,3.420000000000000284e+01,5.939999999999999858e+01,1.000000000000000000e+00
1.783178887368475676e+09,6.933140000910498202e-03,2.911041299921635073e-02,1.905116300076770131e-02,2.560234399970795494e-02,1.239202518645082840e+01,1.236000000000000000e+03,1.229000000000000000e+03,5.280000000000000000e+02,4.400000000000000000e+02,4.296175752644426638e-01,8.333333333333333703e-01,4.220000000000000284e+01,3.410000000000000142e+01,5.939999999999999858e+01,1.000000000000000000e+00
1.783178887482878685e+09,9.274018999349209480e-03,2.894365600150194950e-02,2.061416200012899935e-02,2.450200499879429117e-02,1.199992675247958118e+01,1.242000000000000000e+03,1.236000000000000000e+03,4.940000000000000000e+02,4.110000000000000000e+02,3.996763754045307704e-01,8.319838056680162186e-01,4.050000000000000000e+01,3.410000000000000142e+01,5.939999999999999858e+01,1.000000000000000000e+00
1.783178887604068041e+09,7.837795001250924543e-03,2.809735200025897939e-02,1.937750999968557153e-02,2.942413199889415409e-02,1.180124963195079602e+01,1.230000000000000000e+03,1.242000000000000000e+03,3.360000000000000000e+02,2.430000000000000000e+02,2.705314009661835550e-01,7.232142857142856984e-01,3.860000000000000142e+01,3.410000000000000142e+01,5.789999999999999858e+01,1.000000000000000000e+00
1.783178887726839781e+09,1.264079399879847188e-02,2.768257800016726833e-02,1.878736899925570469e-02,3.019440100069914479e-02,1.119756351781050618e+01,1.225000000000000000e+03,1.230000000000000000e+03,4.200000000000000000e+02,3.170000000000000000e+02,3.414634146341463672e-01,7.547619047619047450e-01,4.170000000000000284e+01,3.410000000000000142e+01,5.789999999999999858e+01,1.000000000000000000e+00
1.783178887841864109e+09,8.566176000385894440e-03,3.037951000078464858e-02,2.014990799943916500e-02,2.395421499932126608e-02,1.204096688531615023e+01,1.217000000000000000e+03,1.225000000000000000e+03,4.670000000000000000e+02,3.880000000000000000e+02,3.812244897959183865e-01,8.308351177730193271e-01,4.350000000000000000e+01,3.410000000000000142e+01,5.889999999999999858e+01,1.000000000000000000e+00
1.783178887957347155e+09,9.638515000915504061e-03,2.862130799985607155e-02,1.856661199963127729e-02,2.633559400055673905e-02,1.202471863677666164e+01,1.229000000000000000e+03,1.217000000000000000e+03,4.650000000000000000e+02,3.800000000000000000e+02,3.820870994248151131e-01,8.172043010752688685e-01,4.189999999999999858e+01,3.410000000000000142e+01,5.889999999999999858e+01,1.000000000000000000e+00
1.783178888069110632e+09,8.249512999100261368e-03,2.850721600043470971e-02,2.027107400135719217e-02,2.032573999895248562e-02,1.292765607390482785e+01,1.218000000000000000e+03,1.229000000000000000e+03,3.790000000000000000e+02,3.300000000000000000e+02,3.083807973962571225e-01,8.707124010554089244e-01,4.050000000000000000e+01,3.410000000000000142e+01,5.839999999999999858e+01,1.000000000000000000e+00
1.783178888178861141e+09,8.062218999839387834e-03,2.902659900064463727e-02,2.055047800058673602e-02,2.091252899845130742e-02,1.273044897436926881e+01,1.213000000000000000e+03,1.218000000000000000e+03,4.760000000000000000e+02,4.130000000000000000e+02,3.908045977011494476e-01,8.676470588235294379e-01,4.420000000000000284e+01,3.410000000000000142e+01,5.839999999999999858e+01,1.000000000000000000e+00
1.783178888291648626e+09,7.287301999895134941e-03,2.899039600015385076e-02,2.029733299968938809e-02,2.425548899918794632e-02,1.237156460224780297e+01,1.215000000000000000e+03,1.213000000000000000e+03,4.490000000000000000e+02,3.680000000000000000e+02,3.701566364385820429e-01,8.195991091314031030e-01,4.089999999999999858e+01,3.420000000000000284e+01,5.939999999999999858e+01,1.000000000000000000e+00
1.783178888404835224e+09,9.008874998471583240e-03,2.816501699999207631e-02,2.043203400171478279e-02,2.462042999832192436e-02,1.216155073220364891e+01,1.222000000000000000e+03,1.215000000000000000e+03,4.180000000000000000e+02,3.260000000000000000e+02,3.440329218106996101e-01,7.799043062200956555e-01,3.810000000000000142e+01,3.410000000000000142e+01,5.889999999999999858e+01,1.000000000000000000e+00
1.783178888518399954e+09,9.885159999612369575e-03,2.902160000121511985e-02,1.864577800006372854e-02,2.438837699992291164e-02,1.220391546750563450e+01,1.218000000000000000e+03,1.222000000000000000e+03,4.050000000000000000e+02,3.460000000000000000e+02,3.314238952536824878e-01,8.543209876543209624e-01,3.750000000000000000e+01,3.410000000000000142e+01,5.889999999999999858e+01,1.000000000000000000e+00
1.783178888632397175e+09,8.331826998983160593e-03,2.839884800050640479e-02,1.922108600047067739e-02,2.466176199959591031e-02,1.240486661283251202e+01,1.208000000000000000e+03,1.218000000000000000e+03,4.980000000000000000e+02,4.090000000000000000e+02,4.088669950738916259e-01,8.212851405622489942e-01,3.950000000000000000e+01,3.410000000000000142e+01,5.839999999999999858e+01,1.000000000000000000e+00
1.783178888744535208e+09,9.102464999159565195e-03,2.943418699942412786e-02,2.024440800050797407e-02,2.168827899913594592e-02,1.242709350479473507e+01,1.203000000000000000e+03,1.208000000000000000e+03,4.500000000000000000e+02,3.870000000000000000e+02,3.725165562913907435e-01,8.599999999999999867e-01,4.439999999999999858e+01,3.410000000000000142e+01,5.889999999999999858e+01,1.000000000000000000e+00
1.783178888855885029e+09,1.012869400074123405e-02,2.861343800032045692e-02,1.869344399892725050e-02,2.132519100086938124e-02,1.269667676025935776e+01,1.210000000000000000e+03,1.203000000000000000e+03,4.270000000000000000e+02,3.680000000000000000e+02,3.549459684123025816e-01,8.618266978922716204e-01,4.220000000000000284e+01,3.410000000000000142e+01,5.839999999999999858e+01,1.000000000000000000e+00
1.783178888963647127e+09,7.957146000990178436e-03,2.842301399869029410e-02,1.912814299976162147e-02,2.000109500113467220e-02,1.324338461806253164e+01,1.191000000000000000e+03,1.210000000000000000e+03,3.740000000000000000e+02,3.230000000000000000e+02,3.090909090909090828e-01,8.636363636363636465e-01,4.100000000000000000e+01,3.410000000000000142e+01,5.939999999999999858e+01,1.000000000000000000e+00
1.783178889075727463e+09,9.477294999669538811e-03,2.867012200113094877e-02,1.979087600011553150e-02,2.315322499998728745e-02,1.233174596619168817e+01,1.211000000000000000e+03,1.191000000000000000e+03,4.440000000000000000e+02,3.770000000000000000e+02,3.727959697732997624e-01,8.490990990990990861e-01,4.679999999999999716e+01,3.420000000000000284e+01,5.889999999999999858e+01,1.000000000000000000e+00
1.783178889189371824e+09,9.991065999201964587e-03,2.885437899931275751e-02,1.984578300107386895e-02,2.142515199921035673e-02,1.248184204047900536e+01,1.202000000000000000e+03,1.211000000000000000e+03,4.340000000000000000e+02,3.720000000000000000e+02,3.583815028901733979e-01,8.571428571428570953e-01,3.810000000000000142e+01,3.420000000000000284e+01,5.889999999999999858e+01,1.000000000000000000e+00
1.783178889295095921e+09,6.372869000188075006e-03,2.835153300111414865e-02,1.854137299960711971e-02,1.920847499968658667e-02,1.379800411859077336e+01,1.183000000000000000e+03,1.202000000000000000e+03,3.950000000000000000e+02,3.420000000000000000e+02,3.286189683860232802e-01,8.658227848101265334e-01,4.000000000000000000e+01,3.410000000000000142e+01,5.839999999999999858e+01,1.000000000000000000e+00
1.783178889399446249e+09,8.081607000349322334e-03,2.862617900063924026e-02,1.920919700023659971e-02,1.642700899901683442e-02,1.382284792905338833e+01,1.186000000000000000e+03,1.183000000000000000e+03,3.510000000000000000e+02,3.070000000000000000e+02,2.967032967032967039e-01,8.746438746438746081e-01,4.100000000000000000e+01,3.410000000000000142e+01,5.939999999999999858e+01,1.000000000000000000e+00
1.783178889508336067e+09,9.423203000551438890e-03,2.942263199838635046e-02,2.044146000116597861e-02,1.834357799998542760e-02,1.288147307062811286e+01,1.181000000000000000e+03,1.186000000000000000e+03,3.700000000000000000e+02,3.260000000000000000e+02,3.119730185497470720e-01,8.810810810810810745e-01,4.050000000000000000e+01,3.410000000000000142e+01,5.889999999999999858e+01,1.000000000000000000e+00
1.783178889621711254e+09,9.799198000109754503e-03,2.926233800098998472e-02,1.977770899975439534e-02,2.203514499888115097e-02,1.236485369476385721e+01,1.202000000000000000e+03,1.181000000000000000e+03,4.480000000000000000e+02,3.790000000000000000e+02,3.793395427603725722e-01,8.459821428571429047e-01,4.089999999999999858e+01,3.410000000000000142e+01,5.889999999999999858e+01,1.000000000000000000e+00
1.783178889734201193e+09,8.039663000090513378e-03,2.886969400060479529e-02,2.029768499960482586e-02,2.127713600020797458e-02,1.274142158937468849e+01,1.193000000000000000e+03,1.202000000000000000e+03,4.140000000000000000e+02,3.510000000000000000e+02,3.444259567387687460e-01,8.478260869565217295e-01,4.320000000000000284e+01,3.410000000000000142e+01,5.839999999999999858e+01,1.000000000000000000e+00
1.783178889844665766e+09,1.021347099958802573e-02,2.784765000069455709e-02,1.915658699908817653e-02,2.089038200028880965e-02,1.280277113426225633e+01,1.190000000000000000e+03,1.193000000000000000e+03,3.880000000000000000e+02,3.270000000000000000e+02,3.252305113160100514e-01,8.427835051546391787e-01,4.420000000000000284e+01,3.410000000000000142e+01,5.839999999999999858e+01,1.000000000000000000e+00
1.783178889950098753e+09,8.293864000734174624e-03,2.744580299986409955e-02,1.772616000016569160e-02,2.054797799974039663e-02,1.351099298290616879e+01,1.175000000000000000e+03,1.190000000000000000e+03,2.960000000000000000e+02,2.410000000000000000e+02,2.487394957983193322e-01,8.141891891891891442e-01,4.150000000000000000e+01,3.420000000000000284e+01,5.889999999999999858e+01,1.000000000000000000e+00
1.783178890061679363e+09,7.450170000083744526e-03,2.849762400001054630e-02,1.868898199973045848e-02,2.220199499970476609e-02,1.301426333336491048e+01,1.164000000000000000e+03,1.175000000000000000e+03,4.100000000000000000e+02,3.390000000000000000e+02,3.489361702127659615e-01,8.268292682926828840e-01,4.000000000000000000e+01,3.410000000000000142e+01,5.839999999999999858e+01,1.000000000000000000e+00
1.783178890169688463e+09,7.127304001187440008e-03,2.841092199923878070e-02,1.988094900116266217e-02,1.917942000000039116e-02,1.340507820527579241e+01,1.191000000000000000e+03,1.164000000000000000e+03,3.390000000000000000e+02,2.770000000000000000e+02,2.912371134020618757e-01,8.171091445427728361e-01,4.150000000000000000e+01,3.410000000000000142e+01,5.939999999999999858e+01,1.000000000000000000e+00
1.783178890281520367e+09,9.800716999961878173e-03,2.782331699927453883e-02,1.908931099933397491e-02,2.187229500123066828e-02,1.272497112707272571e+01,1.177000000000000000e+03,1.191000000000000000e+03,3.390000000000000000e+02,2.990000000000000000e+02,2.846347607052896467e-01,8.820058997050147509e-01,4.550000000000000000e+01,3.410000000000000142e+01,5.839999999999999858e+01,1.000000000000000000e+00
1.783178890389489889e+09,8.406603999901562929e-03,2.830627399998775218e-02,1.854689100036921445e-02,2.044692299932648893e-02,1.320887194497259820e+01,1.195000000000000000e+03,1.177000000000000000e+03,4.260000000000000000e+02,3.740000000000000000e+02,3.619371282922684840e-01,8.779342723004694982e-01,3.900000000000000000e+01,3.410000000000000142e+01,5.939999999999999858e+01,1.000000000000000000e+00
1.783178890493405104e+09,7.673631000216118991e-03,2.794594500119274016e-02,1.775689999885798898e-02,2.062586600004578941e-02,1.351308584255043321e+01,1.139000000000000000e+03,1.195000000000000000e+03,3.710000000000000000e+02,3.160000000000000000e+02,3.104602510460250930e-01,8.517520215633422875e-01,3.950000000000000000e+01,3.410000000000000142e+01,5.889999999999999858e+01,1.000000000000000000e+00
1.783178890601952553e+09,9.570404999976744875e-03,2.795472300022083800e-02,1.943258400024205912e-02,1.847315099985280540e-02,1.325717299556977125e+01,1.137000000000000000e+03,1.139000000000000000e+03,3.750000000000000000e+02,3.180000000000000000e+02,3.292361720807726044e-01,8.479999999999999760e-01,4.420000000000000284e+01,3.410000000000000142e+01,5.889999999999999858e+01,1.000000000000000000e+00
1.783178890706834316e+09,8.225253999626147561e-03,2.972799799863423686e-02,1.818095100134087261e-02,1.508909800031688064e-02,1.404034895828753271e+01,1.162000000000000000e+03,1.137000000000000000e+03,2.250000000000000000e+02,1.910000000000000000e+02,1.978891820580474803e-01,8.488888888888889150e-01,4.650000000000000000e+01,3.410000000000000142e+01,5.939999999999999858e+01,1.000000000000000000e+00
1.783178890818080425e+09,9.764254000401706435e-03,2.882682400013436563e-02,1.860101999955077190e-02,2.233860500018636230e-02,1.257376035009479054e+01,1.163000000000000000e+03,1.162000000000000000e+03,4.520000000000000000e+02,4.200000000000000000e+02,3.889845094664372005e-01,9.292035398230088505e-01,4.089999999999999858e+01,3.410000000000000142e+01,5.889999999999999858e+01,1.000000000000000000e+00
1.783178890924404383e+09,6.977824001296539791e-03,2.798211199842626229e-02,1.695190999998885673e-02,1.899994000086735468e-02,1.410202811690336944e+01,1.176000000000000000e+03,1.163000000000000000e+03,3.930000000000000000e+02,3.580000000000000000e+02,3.379191745485812803e-01,9.109414758269720469e-01,3.950000000000000000e+01,3.410000000000000142e+01,5.839999999999999858e+01,1.000000000000000000e+00
1.783178891028295517e+09,8.138569999573519453e-03,2.705230799983837642e-02,1.719818399942596443e-02,1.767075300085707568e-02,1.427351756501718327e+01,1.143000000000000000e+03,1.176000000000000000e+03,2.680000000000000000e+02,2.230000000000000000e+02,2.278911564625850372e-01,8.320895522388059851e-01,4.389999999999999858e+01,3.410000000000000142e+01,5.839999999999999858e+01,1.000000000000000000e+00
1.783178891132838249e+09,8.684470998559845611e-03,2.974423900013789535e-02,1.886746099989977665e-02,1.515991199994459748e-02,1.380146370899073993e+01,1.179000000000000000e+03,1.143000000000000000e+03,2.370000000000000000e+02,2.040000000000000000e+02,2.073490813648294073e-01,8.607594936708861111e-01,4.150000000000000000e+01,3.410000000000000142e+01,5.889999999999999858e+01,1.000000000000000000e+00
1.783178891238759518e+09,8.792820999588002451e-03,2.805375900061335415e-02,1.905090299987932667e-02,1.901905199883913156e-02,1.334818808710812021e+01,1.166000000000000000e+03,1.179000000000000000e+03,3.750000000000000000e+02,3.340000000000000000e+02,3.180661577608142609e-01,8.906666666666667176e-01,4.000000000000000000e+01,3.410000000000000142e+01,5.939999999999999858e+01,1.000000000000000000e+00
1.783178891346178532e+09,1.053474499894946348e-02,2.725695300068764482e-02,1.713157499943918083e-02,2.025064800000109244e-02,1.330248557890539018e+01,1.165000000000000000e+03,1.166000000000000000e+03,3.080000000000000000e+02,2.590000000000000000e+02,2.641509433962264120e-01,8.409090909090909394e-01,4.389999999999999858e+01,3.410000000000000142e+01,5.889999999999999858e+01,1.000000000000000000e+00
1.783178891448154449e+09,7.440448000124888495e-03,2.757374699831416365e-02,1.675507800064224284e-02,1.774327100065420382e-02,1.438589271029708172e+01,1.164000000000000000e+03,1.165000000000000000e+03,3.120000000000000000e+02,2.690000000000000000e+02,2.678111587982832664e-01,8.621794871794872250e-01,4.100000000000000000e+01,3.410000000000000142e+01,5.939999999999999858e+01,1.000000000000000000e+00
1.783178891554242849e+09,6.413238999812165275e-03,2.814735100037069060e-02,1.727020200087281410e-02,1.882836799995857291e-02,1.415244675970738975e+01,1.162000000000000000e+03,1.164000000000000000e+03,3.240000000000000000e+02,2.860000000000000000e+02,2.783505154639175361e-01,8.827160493827160836e-01,4.629999999999999716e+01,3.410000000000000142e+01,5.839999999999999858e+01,1.000000000000000000e+00
1.783178891661436081e+09,7.607706000271718949e-03,2.780976199937867932e-02,1.734246100022573955e-02,2.291026400052942336e-02,1.321524315386165860e+01,1.171000000000000000e+03,1.162000000000000000e+03,3.960000000000000000e+02,3.230000000000000000e+02,3.407917383820998070e-01,8.156565656565656353e-01,4.150000000000000000e+01,3.410000000000000142e+01,5.939999999999999858e+01,1.000000000000000000e+00
1.783178891773176908e+09,6.529440999656799249e-03,2.942207699925347697e-02,2.035503499973856378e-02,2.173466800013557076e-02,1.281374108710544490e+01,1.164000000000000000e+03,1.171000000000000000e+03,3.510000000000000000e+02,2.840000000000000000e+02,2.997438087105038229e-01,8.091168091168091658e-01,3.900000000000000000e+01,3.410000000000000142e+01,5.989999999999999858e+01,1.000000000000000000e+00
1.783178891880846262e+09,9.555868000461487100e-03,2.755104199968627654e-02,1.821133900011773221e-02,2.134583899896824732e-02,1.304391699031226892e+01,1.132000000000000000e+03,1.164000000000000000e+03,2.690000000000000000e+02,2.160000000000000000e+02,2.310996563573883278e-01,8.029739776951673180e-01,4.000000000000000000e+01,3.410000000000000142e+01,5.889999999999999858e+01,1.000000000000000000e+00
1.783178891988151312e+09,7.722816000750754029e-03,2.862506699966615997e-02,1.891645999967295211e-02,1.841900399995211046e-02,1.357158762073376401e+01,1.167000000000000000e+03,1.132000000000000000e+03,3.570000000000000000e+02,3.130000000000000000e+02,3.153710247349823526e-01,8.767507002801120386e-01,4.289999999999999858e+01,3.410000000000000142e+01,5.839999999999999858e+01,1.000000000000000000e+00
1.783178892089315414e+09,7.535355000072740950e-03,2.734545199928106740e-02,1.787325100121961441e-02,1.694798300013644621e-02,1.434678218375005265e+01,1.133000000000000000e+03,1.167000000000000000e+03,3.370000000000000000e+02,3.000000000000000000e+02,2.887746358183376216e-01,8.902077151335311411e-01,4.100000000000000000e+01,3.410000000000000142e+01,5.939999999999999858e+01,1.000000000000000000e+00
1.783178892191205740e+09,8.023737998883007094e-03,2.669907100062118843e-02,1.682785599950875621e-02,1.737129300090600736e-02,1.450916411865687117e+01,1.135000000000000000e+03,1.133000000000000000e+03,2.740000000000000000e+02,2.310000000000000000e+02,2.418358340688437913e-01,8.430656934306569594e-01,4.360000000000000142e+01,3.410000000000000142e+01,6.029999999999999716e+01,1.000000000000000000e+00
1.783178892296336889e+09,8.080848001554841176e-03,2.737734199945407454e-02,1.941008399990096223e-02,1.898368100046354812e-02,1.354060295331928643e+01,1.174000000000000000e+03,1.135000000000000000e+03,3.640000000000000000e+02,3.170000000000000000e+02,3.207048458149779901e-01,8.708791208791208938e-01,4.050000000000000000e+01,3.410000000000000142e+01,5.889999999999999858e+01,1.000000000000000000e+00
1.783178892407448530e+09,1.030293300027551595e-02,2.652672200019878801e-02,1.926536300015868619e-02,2.376516200092737563e-02,1.252188512448207902e+01,1.142000000000000000e+03,1.174000000000000000e+03,4.970000000000000000e+02,4.190000000000000000e+02,4.233390119250425854e-01,8.430583501006035929e-01,4.289999999999999858e+01,3.410000000000000142e+01,5.939999999999999858e+01,1.000000000000000000e+00
1.783178892515587091e+09,1.101399899926036596e-02,2.774311400025908370e-02,1.716059200043673627e-02,2.198568299900216516e-02,1.283641219831634395e+01,1.137000000000000000e+03,1.142000000000000000e+03,3.910000000000000000e+02,3.190000000000000000e+02,3.423817863397548011e-01,8.158567774936061889e-01,4.320000000000000284e+01,3.410000000000000142e+01,5.939999999999999858e+01,1.000000000000000000e+00
1.783178892622555017e+09,7.718482000200310722e-03,2.654318500026420224e-02,1.697718699870165437e-02,2.231910500086087268e-02,1.359472195251682258e+01,1.112000000000000000e+03,1.137000000000000000e+03,3.640000000000000000e+02,3.010000000000000000e+02,3.201407211961301846e-01,8.269230769230768718e-01,4.289999999999999858e+01,3.420000000000000284e+01,5.889999999999999858e+01,1.000000000000000000e+00
1.783178892731748819e+09,8.846524000546196476e-03,2.638096400005451869e-02,1.706583499981206842e-02,2.218562499911058694e-02,1.342661284644352904e+01,1.127000000000000000e+03,1.112000000000000000e+03,3.910000000000000000e+02,3.270000000000000000e+02,3.516187050359712019e-01,8.363171355498720816e-01,4.389999999999999858e+01,3.410000000000000142e+01,5.939999999999999858e+01,1.000000000000000000e+00
1.783178892843342543e+09,7.634630999746150337e-03,2.737197100032062735e-02,1.883336899845744483e-02,2.484981500128924381e-02,1.270812961675064834e+01,1.104000000000000000e+03,1.127000000000000000e+03,4.470000000000000000e+02,3.660000000000000000e+02,3.966282165039928809e-01,8.187919463087248717e-01,4.189999999999999858e+01,3.410000000000000142e+01,5.789999999999999858e+01,1.000000000000000000e+00
1.783178892955669165e+09,8.757470001000910997e-03,2.690317999986291397e-02,1.705601899993780535e-02,2.367103399956249632e-02,1.309111232203478004e+01,1.123000000000000000e+03,1.104000000000000000e+03,4.460000000000000000e+02,3.850000000000000000e+02,4.039855072463768293e-01,8.632286995515695560e-01,4.150000000000000000e+01,3.410000000000000142e+01,5.939999999999999858e+01,1.000000000000000000e+00
1.783178893061853886e+09,8.294050001495634206e-03,2.681677299915463664e-02,1.728281299983791541e-02,2.199631300027249381e-02,1.344267624097678038e+01,1.144000000000000000e+03,1.123000000000000000e+03,3.900000000000000000e+02,3.260000000000000000e+02,3.472840605520925994e-01,8.358974358974359253e-01,3.589999999999999858e+01,3.410000000000000142e+01,5.739999999999999858e+01,1.000000000000000000e+00
1.783178893170207500e+09,8.181995000995812006e-03,2.695180899900151417e-02,1.911377299984451383e-02,2.197888700175099075e-02,1.311880346409750686e+01,1.119000000000000000e+03,1.144000000000000000e+03,3.750000000000000000e+02,3.060000000000000000e+02,3.277972027972028135e-01,8.159999999999999476e-01,4.389999999999999858e+01,3.410000000000000142e+01,5.939999999999999858e+01,1.000000000000000000e+00
1.783178893279033661e+09,8.012016000066068955e-03,2.785409500029345509e-02,1.952593399983015843e-02,2.340062899929762352e-02,1.269153525626642498e+01,1.155000000000000000e+03,1.119000000000000000e+03,4.710000000000000000e+02,4.200000000000000000e+02,4.209115281501340511e-01,8.917197452229299603e-01,4.189999999999999858e+01,3.410000000000000142e+01,5.839999999999999858e+01,1.000000000000000000e+00
1.783178893390019417e+09,8.502195998516981490e-03,2.689392100000986829e-02,1.761384600104065612e-02,2.183870299995760433e-02,1.336029155157347326e+01,1.145000000000000000e+03,1.155000000000000000e+03,4.780000000000000000e+02,4.500000000000000000e+02,4.138528138528138611e-01,9.414225941422593724e-01,4.150000000000000000e+01,3.410000000000000142e+01,5.889999999999999858e+01,1.000000000000000000e+00
1.783178893500283718e+09,8.799820998319773935e-03,2.647263000108068809e-02,1.831930099979217630e-02,2.317335400039155502e-02,1.302675202461671411e+01,1.140000000000000000e+03,1.145000000000000000e+03,4.730000000000000000e+02,4.110000000000000000e+02,4.131004366812227047e-01,8.689217758985200435e-01,4.050000000000000000e+01,3.410000000000000142e+01,5.889999999999999858e+01,1.000000000000000000e+00
1.783178893607566595e+09,7.716351999988546595e-03,2.694023599906358868e-02,1.886086800004704855e-02,2.137880100053735077e-02,1.335180208010732628e+01,1.133000000000000000e+03,1.140000000000000000e+03,4.250000000000000000e+02,3.610000000000000000e+02,3.728070175438596423e-01,8.494117647058823106e-01,4.150000000000000000e+01,3.410000000000000142e+01,5.939999999999999858e+01,1.000000000000000000e+00
1.783178893712156057e+09,8.816265000859857537e-03,2.628155799902742729e-02,1.826789400001871400e-02,2.082930799952009693e-02,1.347799262831618528e+01,1.116000000000000000e+03,1.133000000000000000e+03,4.240000000000000000e+02,3.720000000000000000e+02,3.742277140335392716e-01,8.773584905660377631e-01,4.150000000000000000e+01,3.410000000000000142e+01,5.889999999999999858e+01,1.000000000000000000e+00
1.783178893819188595e+09,1.025817400113737676e-02,2.745093299927248154e-02,1.763695699992240407e-02,2.145600400035618804e-02,1.302048272959311603e+01,1.131000000000000000e+03,1.116000000000000000e+03,4.320000000000000000e+02,3.810000000000000000e+02,3.870967741935483764e-01,8.819444444444444198e-01,4.000000000000000000e+01,3.410000000000000142e+01,5.939999999999999858e+01,1.000000000000000000e+00
1.783178893928173542e+09,8.172550999006489292e-03,2.744680300020263530e-02,1.725201699991885107e-02,2.182038899991312064e-02,1.338835769853111124e+01,1.116000000000000000e+03,1.131000000000000000e+03,3.670000000000000000e+02,3.030000000000000000e+02,3.244916003536693072e-01,8.256130790190735480e-01,4.150000000000000000e+01,3.410000000000000142e+01,5.889999999999999858e+01,1.000000000000000000e+00
1.783178894037007809e+09,8.568250001189881004e-03,2.759567199973389506e-02,1.853507600026205182e-02,2.093245499963813927e-02,1.322201227562169734e+01,1.136000000000000000e+03,1.116000000000000000e+03,4.350000000000000000e+02,3.790000000000000000e+02,3.897849462365591267e-01,8.712643678160919558e-01,4.189999999999999858e+01,3.410000000000000142e+01,5.839999999999999858e+01,1.000000000000000000e+00
1.783178894146314383e+09,9.378721999382833019e-03,2.688566200049535837e-02,1.799272999960521702e-02,2.292217200010782108e-02,1.295684440518530245e+01,1.134000000000000000e+03,1.136000000000000000e+03,5.040000000000000000e+02,4.530000000000000000e+02,4.436619718309859350e-01,8.988095238095238360e-01,4.000000000000000000e+01,3.410000000000000142e+01,5.889999999999999858e+01,1.000000000000000000e+00
1.783178894254992723e+09,8.036459999857470393e-03,2.628194600038114004e-02,1.698441000007733237e-02,2.212173599946254399e-02,1.361942256049470856e+01,1.104000000000000000e+03,1.134000000000000000e+03,4.500000000000000000e+02,3.990000000000000000e+02,3.968253968253968034e-01,8.866666666666667140e-01,4.000000000000000000e+01,3.420000000000000284e+01,5.889999999999999858e+01,1.000000000000000000e+00
1.783178894360993385e+09,8.335141999850748107e-03,2.733956399970338680e-02,1.776236300065647811e-02,2.124135799931536894e-02,1.339074804034567379e+01,1.109000000000000000e+03,1.104000000000000000e+03,3.290000000000000000e+02,2.680000000000000000e+02,2.980072463768115854e-01,8.145896656534954428e-01,4.289999999999999858e+01,3.410000000000000142e+01,5.789999999999999858e+01,1.000000000000000000e+00
1.783178894463719130e+09,9.662034000939456746e-03,2.629024300040327944e-02,1.720257299894001335e-02,1.746099600131856278e-02,1.416112751771498424e+01,1.099000000000000000e+03,1.109000000000000000e+03,2.870000000000000000e+02,2.420000000000000000e+02,2.587917042380523114e-01,8.432055749128919420e-01,4.360000000000000142e+01,3.410000000000000142e+01,5.889999999999999858e+01,1.000000000000000000e+00
1.783178894572271347e+09,9.386166999320266768e-03,2.911445000063395128e-02,1.827265300016733818e-02,1.969459899919456802e-02,1.307738809890129517e+01,1.105000000000000000e+03,1.099000000000000000e+03,4.240000000000000000e+02,3.690000000000000000e+02,3.858052775250227495e-01,8.702830188679244738e-01,3.900000000000000000e+01,3.410000000000000142e+01,6.029999999999999716e+01,1.000000000000000000e+00
1.783178894680809975e+09,9.429591998923569918e-03,2.589396999974269420e-02,1.748571800089848693e-02,2.407147299891221337e-02,1.300715668094211175e+01,1.111000000000000000e+03,1.105000000000000000e+03,3.870000000000000000e+02,3.070000000000000000e+02,3.502262443438913797e-01,7.932816537467700657e-01,4.520000000000000284e+01,3.410000000000000142e+01,5.989999999999999858e+01,1.000000000000000000e+00
1.783178894789656878e+09,9.212465000018710271e-03,2.700145699964195956e-02,1.818409800034714863e-02,1.982622699870262295e-02,1.347268635837253825e+01,1.106000000000000000e+03,1.111000000000000000e+03,3.890000000000000000e+02,3.540000000000000000e+02,3.501350135013501230e-01,9.100257069408740351e-01,3.750000000000000000e+01,3.410000000000000142e+01,5.939999999999999858e+01,1.000000000000000000e+00
1.783178894890350342e+09,6.624605999604682438e-03,2.540136499919753987e-02,1.619691900123143569e-02,1.985122599944588728e-02,1.468987125749301548e+01,9.750000000000000000e+02,1.106000000000000000e+03,2.160000000000000000e+02,1.690000000000000000e+02,1.952983725135623849e-01,7.824074074074074403e-01,4.250000000000000000e+01,3.410000000000000142e+01,5.939999999999999858e+01,1.000000000000000000e+00
1.783178894993018150e+09,7.240155000545200892e-03,2.611731899924052414e-02,1.526624500002071727e-02,2.170807500078808516e-02,1.421832066435766961e+01,1.100000000000000000e+03,9.750000000000000000e+02,2.280000000000000000e+02,1.760000000000000000e+02,2.338461538461538425e-01,7.719298245614034659e-01,4.500000000000000000e+01,3.410000000000000142e+01,5.939999999999999858e+01,1.000000000000000000e+00
1.783178895100828648e+09,8.132421000482281670e-03,2.758426499894994777e-02,1.742627400017227046e-02,2.411693599970021751e-02,1.294332573278378895e+01,1.110000000000000000e+03,1.100000000000000000e+03,4.510000000000000000e+02,3.770000000000000000e+02,4.099999999999999756e-01,8.359201773835920335e-01,4.289999999999999858e+01,3.410000000000000142e+01,5.939999999999999858e+01,1.000000000000000000e+00
1.783178895212433338e+09,1.212642999962554313e-02,2.606493100029183552e-02,1.926384500075073447e-02,2.230464199965354055e-02,1.253763673165434334e+01,1.108000000000000000e+03,1.110000000000000000e+03,4.510000000000000000e+02,3.940000000000000000e+02,4.063063063063063196e-01,8.736141906873614582e-01,4.289999999999999858e+01,3.410000000000000142e+01,5.939999999999999858e+01,1.000000000000000000e+00
1.783178895315766811e+09,6.817715000579482876e-03,2.627433599991491064e-02,1.639950899880204815e-02,1.991904100032115821e-02,1.440702119846951312e+01,1.082000000000000000e+03,1.108000000000000000e+03,4.100000000000000000e+02,3.560000000000000000e+02,3.700361010830324759e-01,8.682926829268292623e-01,4.389999999999999858e+01,3.410000000000000142e+01,5.789999999999999858e+01,1.000000000000000000e+00
1.783178895421178579e+09,8.167531999788479879e-03,2.674271900104940869e-02,1.661613599935662933e-02,2.144783800031291321e-02,1.370346858761496200e+01,1.088000000000000000e+03,1.082000000000000000e+03,4.330000000000000000e+02,3.810000000000000000e+02,4.001848428835489968e-01,8.799076212471131919e-01,3.850000000000000000e+01,3.410000000000000142e+01,5.889999999999999858e+01,1.000000000000000000e+00
1.783178895525588036e+09,9.512923999864142388e-03,2.595926599860831629e-02,1.640373000009276439e-02,2.189505500064115040e-02,1.355546676739406031e+01,1.091000000000000000e+03,1.088000000000000000e+03,4.420000000000000000e+02,3.830000000000000000e+02,4.062500000000000000e-01,8.665158371040724283e-01,3.950000000000000000e+01,3.410000000000000142e+01,6.029999999999999716e+01,1.000000000000000000e+00
1.783178895629128218e+09,8.520343000782304443e-03,2.591226599906804040e-02,1.630899200063140597e-02,2.014094500009377953e-02,1.410784539245924485e+01,1.076000000000000000e+03,1.091000000000000000e+03,3.760000000000000000e+02,3.160000000000000000e+02,3.446379468377634980e-01,8.404255319148936643e-01,4.100000000000000000e+01,3.410000000000000142e+01,5.939999999999999858e+01,1.000000000000000000e+00
1.783178895726608992e+09,7.154396998885204084e-03,2.687860600053681992e-02,1.749455199933436234e-02,1.316732400118780788e-02,1.545717397509720392e+01,1.070000000000000000e+03,1.076000000000000000e+03,2.170000000000000000e+02,1.910000000000000000e+02,2.016728624535316095e-01,8.801843317972349867e-01,4.360000000000000142e+01,3.410000000000000142e+01,5.989999999999999858e+01,1.000000000000000000e+00
1.783178895828153849e+09,9.295482001107302494e-03,2.674240499982261099e-02,1.745219999975233804e-02,1.756725399900460616e-02,1.407314129590645457e+01,1.039000000000000000e+03,1.070000000000000000e+03,3.790000000000000000e+02,3.310000000000000000e+02,3.542056074766354867e-01,8.733509234828495948e-01,4.050000000000000000e+01,3.410000000000000142e+01,5.889999999999999858e+01,1.000000000000000000e+00
1.783178895933392525e+09,9.534738999718683772e-03,2.782029900117777288e-02,1.693992800028354395e-02,1.896647799912898336e-02,1.364974460503102272e+01,1.076000000000000000e+03,1.039000000000000000e+03,3.350000000000000000e+02,2.900000000000000000e+02,3.224254090471607159e-01,8.656716417910447214e-01,4.420000000000000284e+01,3.410000000000000142e+01,5.839999999999999858e+01,1.000000000000000000e+00
1.783178896035801888e+09,8.956153000326594338e-03,2.600815400001010858e-02,1.732127499963098671e-02,1.560809200054791290e-02,1.472891274071286460e+01,1.076000000000000000e+03,1.076000000000000000e+03,3.680000000000000000e+02,3.430000000000000000e+02,3.420074349442379091e-01,9.320652173913043237e-01,4.210000000000000142e+01,3.410000000000000142e+01,5.939999999999999858e+01,1.000000000000000000e+00
1.783178896135405064e+09,1.087946299958275631e-02,2.547719799986225553e-02,1.696283499950368423e-02,1.427225600127712823e-02,1.479470453727340917e+01,1.061000000000000000e+03,1.076000000000000000e+03,3.060000000000000000e+02,2.810000000000000000e+02,2.843866171003717747e-01,9.183006535947711990e-01,3.950000000000000000e+01,3.410000000000000142e+01,5.839999999999999858e+01,1.000000000000000000e+00
1.783178896238128901e+09,7.014193999566487037e-03,2.633079800034465734e-02,1.756551300059072673e-02,1.946149099967442453e-02,1.421019804522092578e+01,1.075000000000000000e+03,1.061000000000000000e+03,3.880000000000000000e+02,3.430000000000000000e+02,3.656927426955702276e-01,8.840206185567009989e-01,4.210000000000000142e+01,3.410000000000000142e+01,5.889999999999999858e+01,1.000000000000000000e+00
1.783178896340878963e+09,8.539138998457929119e-03,2.586695200079702772e-02,1.766888199927052483e-02,1.995552200060046744e-02,1.388300885634805759e+01,1.049000000000000000e+03,1.075000000000000000e+03,3.960000000000000000e+02,3.470000000000000000e+02,3.683720930232557977e-01,8.762626262626262985e-01,4.760000000000000142e+01,3.410000000000000142e+01,5.889999999999999858e+01,1.000000000000000000e+00
1.783178896441593170e+09,1.058072599880688358e-02,2.488442600042617414e-02,1.551561199994466733e-02,1.799602699975366704e-02,1.449763007988429386e+01,1.038000000000000000e+03,1.049000000000000000e+03,2.960000000000000000e+02,2.480000000000000000e+02,2.821734985700667386e-01,8.378378378378378288e-01,4.250000000000000000e+01,3.410000000000000142e+01,5.889999999999999858e+01,1.000000000000000000e+00
1.783178896543791056e+09,7.799666998835164122e-03,2.603389400064770598e-02,1.608434599984320812e-02,1.751190300092275720e-02,1.483023606319385657e+01,1.033000000000000000e+03,1.038000000000000000e+03,3.150000000000000000e+02,2.700000000000000000e+02,3.034682080924855363e-01,8.571428571428570953e-01,3.889999999999999858e+01,3.410000000000000142e+01,5.989999999999999858e+01,1.000000000000000000e+00
1.783178896646117926e+09,9.646959000747301616e-03,2.525416299977223389e-02,1.523431900022842456e-02,1.872316599838086404e-02,1.452251277770768212e+01,1.050000000000000000e+03,1.033000000000000000e+03,4.170000000000000000e+02,3.660000000000000000e+02,4.036786060019361133e-01,8.776978417266186883e-01,4.100000000000000000e+01,3.410000000000000142e+01,5.939999999999999858e+01,1.000000000000000000e+00
1.783178896749590635e+09,9.983269999793265015e-03,2.510183100093854591e-02,1.462771499973314349e-02,1.813411799957975745e-02,1.473905954245981142e+01,1.013000000000000000e+03,1.050000000000000000e+03,3.420000000000000000e+02,3.020000000000000000e+02,3.257142857142857340e-01,8.830409356725146264e-01,4.520000000000000284e+01,3.410000000000000142e+01,5.839999999999999858e+01,1.000000000000000000e+00
1.783178896845031738e+09,7.241617000545375049e-03,2.568256499944254756e-02,1.519655999982205685e-02,1.609345700126141310e-02,1.557287976111506644e+01,1.047000000000000000e+03,1.013000000000000000e+03,3.040000000000000000e+02,2.690000000000000000e+02,3.000987166831194375e-01,8.848684210526315264e-01,4.360000000000000142e+01,3.410000000000000142e+01,5.939999999999999858e+01,1.000000000000000000e+00
1.783178896942970037e+09,7.910479998827213421e-03,2.422456400017836131e-02,1.431981099995027762e-02,1.935164000133227091e-02,1.519606841232953798e+01,9.540000000000000000e+02,1.047000000000000000e+03,2.540000000000000000e+02,2.040000000000000000e+02,2.425978987583572166e-01,8.031496062992126150e-01,4.320000000000000284e+01,3.410000000000000142e+01,5.989999999999999858e+01,1.000000000000000000e+00
1.783178897044399500e+09,1.144119699893053621e-02,2.444202400147332810e-02,1.436155199917266145e-02,1.929980699969746638e-02,1.437926578908722242e+01,1.012000000000000000e+03,9.540000000000000000e+02,2.860000000000000000e+02,2.440000000000000000e+02,2.997903563941299865e-01,8.531468531468531236e-01,4.250000000000000000e+01,3.410000000000000142e+01,5.889999999999999858e+01,1.000000000000000000e+00
1.783178897147534609e+09,1.105842399920220487e-02,2.443278400096460246e-02,1.444912400074827019e-02,1.926723399992624763e-02,1.444928723526909486e+01,9.990000000000000000e+02,1.012000000000000000e+03,3.310000000000000000e+02,2.920000000000000000e+02,3.270750988142292481e-01,8.821752265861027009e-01,4.100000000000000000e+01,3.420000000000000284e+01,5.939999999999999858e+01,1.000000000000000000e+00
1.783178897250451565e+09,7.233062000523204915e-03,2.610872700097388588e-02,1.517183799842314329e-02,2.015542700064543169e-02,1.456260049820640390e+01,9.980000000000000000e+02,9.990000000000000000e+02,3.490000000000000000e+02,3.010000000000000000e+02,3.493493493493493585e-01,8.624641833810888780e-01,4.250000000000000000e+01,3.410000000000000142e+01,5.789999999999999858e+01,1.000000000000000000e+00
1.783178897345189810e+09,8.552749999580555595e-03,2.474607700060005300e-02,1.401529599934292492e-02,1.570164700024179183e-02,1.586904357438977620e+01,9.520000000000000000e+02,9.980000000000000000e+02,2.520000000000000000e+02,2.210000000000000000e+02,2.525050100200400549e-01,8.769841269841269771e-01,4.170000000000000284e+01,3.410000000000000142e+01,5.839999999999999858e+01,1.000000000000000000e+00
1.783178897440733433e+09,8.063645000220276415e-03,2.495144400018034503e-02,1.361770800031081308e-02,1.565509200008818880e-02,1.605448532678900975e+01,9.500000000000000000e+02,9.520000000000000000e+02,2.890000000000000000e+02,2.560000000000000000e+02,3.035714285714285476e-01,8.858131487889273625e-01,4.320000000000000284e+01,3.410000000000000142e+01,5.989999999999999858e+01,1.000000000000000000e+00
1.783178897541624069e+09,9.966456000256584957e-03,2.415876799932448193e-02,1.541079800153966062e-02,2.045470199846022297e-02,1.428760759791522084e+01,9.670000000000000000e+02,9.500000000000000000e+02,3.680000000000000000e+02,3.130000000000000000e+02,3.873684210526315841e-01,8.505434782608695121e-01,4.629999999999999716e+01,3.410000000000000142e+01,5.839999999999999858e+01,1.000000000000000000e+00
1.783178897642567158e+09,1.078505700024834368e-02,2.493246300036844332e-02,1.480723200074862689e-02,1.853646399831632152e-02,1.447990721745485132e+01,9.600000000000000000e+02,9.670000000000000000e+02,3.070000000000000000e+02,2.630000000000000000e+02,3.174767321613236604e-01,8.566775244299674741e-01,4.210000000000000142e+01,3.410000000000000142e+01,5.989999999999999858e+01,1.000000000000000000e+00
1.783178897741544247e+09,9.457664998990367167e-03,2.464844800124410540e-02,1.406566599871439394e-02,1.954778599974815734e-02,1.476678121041150682e+01,9.570000000000000000e+02,9.600000000000000000e+02,2.400000000000000000e+02,1.970000000000000000e+02,2.500000000000000000e-01,8.208333333333333037e-01,4.389999999999999858e+01,3.410000000000000142e+01,5.989999999999999858e+01,1.000000000000000000e+00
1.783178897834272861e+09,9.157427999525680207e-03,2.269309999974211678e-02,1.315445500040368643e-02,1.662095100073202047e-02,1.622693458882833895e+01,8.590000000000000000e+02,9.570000000000000000e+02,1.850000000000000000e+02,1.470000000000000000e+02,1.933124346917450276e-01,7.945945945945945832e-01,4.439999999999999858e+01,3.410000000000000142e+01,5.889999999999999858e+01,1.000000000000000000e+00
1.783178897934931040e+09,1.043854300041857641e-02,2.356707100079802331e-02,1.343000700035190675e-02,2.095425100014836062e-02,1.462204812980050406e+01,9.070000000000000000e+02,8.590000000000000000e+02,3.250000000000000000e+02,2.590000000000000000e+02,3.783469150174621487e-01,7.969230769230769562e-01,4.050000000000000000e+01,3.410000000000000142e+01,5.939999999999999858e+01,1.000000000000000000e+00
1.783178898035129070e+09,9.131410000918549486e-03,2.518521899946790654e-02,1.500039599886804353e-02,1.724175800154625904e-02,1.502431316972801589e+01,9.270000000000000000e+02,9.070000000000000000e+02,2.630000000000000000e+02,2.210000000000000000e+02,2.899669239250275421e-01,8.403041825095056705e-01,4.389999999999999858e+01,3.410000000000000142e+01,5.939999999999999858e+01,1.000000000000000000e+00
1.783178898136263847e+09,9.622996998587041162e-03,2.483357500022975728e-02,1.429547800034924876e-02,1.576947899957303889e-02,1.549870276663069291e+01,8.290000000000000000e+02,9.270000000000000000e+02,2.230000000000000000e+02,1.980000000000000000e+02,2.405609492988133868e-01,8.878923766816143592e-01,4.000000000000000000e+01,3.410000000000000142e+01,5.939999999999999858e+01,1.000000000000000000e+00
1.783178898234276295e+09,1.159986200036655646e-02,2.369503299996722490e-02,1.331226799993601162e-02,1.502639499994984362e-02,1.571497856518644554e+01,8.750000000000000000e+02,8.290000000000000000e+02,2.070000000000000000e+02,1.750000000000000000e+02,2.496984318455971186e-01,8.454106280193236511e-01,4.250000000000000000e+01,3.410000000000000142e+01,5.939999999999999858e+01,1.000000000000000000e+00
1.783178898331130028e+09,9.686459001386538148e-03,2.443194999978004489e-02,1.463728899943816941e-02,1.514581999981601257e-02,1.564908051156805691e+01,8.840000000000000000e+02,8.750000000000000000e+02,3.000000000000000000e+02,2.870000000000000000e+02,3.428571428571428603e-01,9.566666666666666652e-01,4.320000000000000284e+01,3.410000000000000142e+01,5.939999999999999858e+01,1.000000000000000000e+00
1.783178898427863836e+09,9.096447000047191978e-03,2.344566599822428543e-02,1.348002500162692741e-02,1.627615799952764064e-02,1.605180340741924994e+01,8.810000000000000000e+02,8.840000000000000000e+02,2.850000000000000000e+02,2.470000000000000000e+02,3.223981900452488891e-01,8.666666666666666963e-01,4.320000000000000284e+01,3.410000000000000142e+01,5.839999999999999858e+01,1.000000000000000000e+00
1.783178898519087076e+09,8.720785001059994102e-03,2.313003999915963504e-02,1.189574700038065203e-02,1.350854299926140811e-02,1.746568843678710081e+01,8.080000000000000000e+02,8.810000000000000000e+02,2.470000000000000000e+02,2.280000000000000000e+02,2.803632236095346397e-01,9.230769230769231282e-01,4.289999999999999858e+01,3.410000000000000142e+01,5.839999999999999858e+01,1.000000000000000000e+00
1.783178898612282515e+09,6.842103999588289298e-03,2.243195600021863356e-02,1.021473000037076417e-02,2.215386600073543377e-02,1.622253265636683395e+01,7.110000000000000000e+02,8.080000000000000000e+02,1.870000000000000000e+02,1.400000000000000000e+02,2.314356435643564469e-01,7.486631016042780695e-01,4.620000000000000284e+01,3.410000000000000142e+01,5.839999999999999858e+01,1.000000000000000000e+00
1.783178898703398466e+09,9.403609999935724773e-03,2.188868400116916746e-02,9.527960999548668042e-03,1.582288600002357271e-02,1.765438819835301132e+01,7.230000000000000000e+02,7.110000000000000000e+02,2.510000000000000000e+02,2.140000000000000000e+02,3.530239099859353025e-01,8.525896414342629681e-01,4.170000000000000284e+01,3.410000000000000142e+01,5.939999999999999858e+01,1.000000000000000000e+00
1.783178898791028500e+09,7.775222000418580137e-03,2.232390099925396498e-02,9.881715999654261395e-03,1.459947500006819610e-02,1.832162416674782435e+01,7.200000000000000000e+02,7.230000000000000000e+02,1.980000000000000000e+02,1.720000000000000000e+02,2.738589211618257524e-01,8.686868686868687295e-01,4.370000000000000284e+01,3.410000000000000142e+01,5.839999999999999858e+01,1.000000000000000000e+00
1.783178898875879765e+09,7.566836000478360802e-03,2.226256900030421093e-02,8.852154000123846345e-03,1.696503899984236341e-02,1.797055050852424074e+01,6.680000000000000000e+02,7.200000000000000000e+02,1.410000000000000000e+02,1.120000000000000000e+02,1.958333333333333315e-01,7.943262411347518093e-01,4.410000000000000142e+01,3.410000000000000142e+01,5.939999999999999858e+01,1.000000000000000000e+00
1.783178898967863321e+09,9.515387000647024252e-03,2.199142399877018761e-02,1.037935800013656262e-02,1.673654200021701399e-02,1.705823533142146786e+01,6.570000000000000000e+02,6.680000000000000000e+02,2.000000000000000000e+02,1.670000000000000000e+02,2.994011976047903922e-01,8.349999999999999645e-01,4.289999999999999858e+01,3.410000000000000142e+01,5.889999999999999858e+01,1.000000000000000000e+00
1.783178899053662300e+09,7.650519999515381642e-03,2.191010999922582414e-02,7.859573001042008400e-03,1.593884800058731344e-02,1.874096299038481561e+01,5.500000000000000000e+02,6.570000000000000000e+02,1.660000000000000000e+02,1.370000000000000000e+02,2.526636225266362112e-01,8.253012048192771566e-01,4.710000000000000142e+01,3.410000000000000142e+01,5.839999999999999858e+01,1.000000000000000000e+00
1.783178899133540154e+09,8.294031000332324766e-03,2.055581099921255372e-02,6.954231999770854600e-03,1.165612099975987803e-02,2.107028848110457986e+01,5.080000000000000000e+02,5.500000000000000000e+02,1.300000000000000000e+02,1.120000000000000000e+02,2.363636363636363591e-01,8.615384615384615863e-01,4.520000000000000284e+01,3.410000000000000142e+01,5.989999999999999858e+01,1.000000000000000000e+00
1.783178899216228008e+09,1.157128900013049133e-02,2.068679100011650007e-02,6.364016999214072712e-03,1.179423000030510593e-02,1.983484437501045861e+01,5.360000000000000000e+02,5.080000000000000000e+02,5.700000000000000000e+01,4.700000000000000000e+01,1.122047244094488139e-01,8.245614035087719396e-01,4.189999999999999858e+01,3.410000000000000142e+01,5.889999999999999858e+01,1.000000000000000000e+00
1.783178899299895525e+09,8.505528001478523947e-03,2.138726399971346837e-02,6.873381998957484029e-03,1.181954400090035051e-02,2.058218013734802199e+01,5.400000000000000000e+02,5.360000000000000000e+02,1.320000000000000000e+02,1.140000000000000000e+02,2.462686567164178997e-01,8.636363636363636465e-01,3.789999999999999858e+01,3.410000000000000142e+01,5.939999999999999858e+01,1.000000000000000000e+00
1.783178899423992872e+09,5.386306000218610279e-03,2.081008599998313002e-02,9.073151999473338947e-03,6.203499999173800461e-03,2.411204733435423364e+01,5.510000000000000000e+02,5.320000000000000000e+02,7.400000000000000000e+01,7.200000000000000000e+01,1.390977443609022479e-01,9.729729729729730270e-01,4.579999999999999716e+01,3.410000000000000142e+01,5.839999999999999858e+01,1.000000000000000000e+00
1.783178899503929615e+09,7.014102000539423898e-03,2.139846799946099054e-02,7.762982000713236630e-03,1.194343200040748343e-02,2.078181866800639099e+01,5.640000000000000000e+02,5.510000000000000000e+02,1.510000000000000000e+02,1.290000000000000000e+02,2.740471869328493515e-01,8.543046357615894371e-01,4.520000000000000284e+01,3.410000000000000142e+01,5.789999999999999858e+01,1.000000000000000000e+00
1.783178899588852406e+09,8.592526999564142898e-03,2.143915299893706106e-02,8.069459001490031369e-03,1.442508799846109468e-02,1.903810833451762363e+01,5.560000000000000000e+02,5.640000000000000000e+02,1.420000000000000000e+02,1.260000000000000000e+02,2.517730496453900457e-01,8.873239436619718701e-01,4.860000000000000142e+01,3.410000000000000142e+01,5.889999999999999858e+01,1.000000000000000000e+00
1.783178899669692755e+09,7.686835000640712678e-03,2.142717099923174828e-02,7.330357000682852231e-03,1.219896600014180876e-02,2.055780351681252682e+01,5.310000000000000000e+02,5.560000000000000000e+02,1.000000000000000000e+02,8.700000000000000000e+01,1.798561151079136611e-01,8.699999999999999956e-01,4.189999999999999858e+01,3.410000000000000142e+01,5.939999999999999858e+01,1.000000000000000000e+00
1.783178899759627342e+09,1.163289900068775751e-02,2.064086599966685753e-02,8.493399000144563615e-03,1.575392300037492532e-02,1.769251182279164070e+01,5.280000000000000000e+02,5.310000000000000000e+02,1.290000000000000000e+02,1.040000000000000000e+02,2.429378531073446423e-01,8.062015503875968880e-01,4.720000000000000284e+01,3.410000000000000142e+01,5.989999999999999858e+01,1.000000000000000000e+00
1.783178899841750383e+09,8.742784999412833713e-03,2.135685800021747127e-02,7.237728001200594008e-03,1.233357599994633347e-02,2.013249314502403919e+01,5.150000000000000000e+02,5.280000000000000000e+02,1.130000000000000000e+02,9.600000000000000000e+01,2.140151515151515194e-01,8.495575221238937935e-01,4.379999999999999716e+01,3.410000000000000142e+01,5.939999999999999858e+01,1.000000000000000000e+00
1.783178899922534943e+09,9.200649999911547638e-03,2.067793999958666973e-02,8.515343000908615068e-03,1.015002699932665564e-02,2.059988513515358122e+01,5.890000000000000000e+02,5.150000000000000000e+02,9.900000000000000000e+01,8.900000000000000000e+01,1.922330097087378564e-01,8.989898989898990056e-01,4.520000000000000284e+01,3.410000000000000142e+01,5.889999999999999858e+01,1.000000000000000000e+00
1.783178900003357410e+09,8.393325999350054190e-03,2.161281699954997748e-02,8.318735001012100838e-03,1.100655399932293221e-02,2.027105152786779030e+01,5.820000000000000000e+02,5.890000000000000000e+02,1.070000000000000000e+02,9.900000000000000000e+01,1.816638370118845436e-01,9.252336448598130758e-01,4.850000000000000000e+01,3.410000000000000142e+01,5.889999999999999858e+01,1.000000000000000000e+00
1.783178900084435701e+09,1.070176199937122874e-02,2.059092200033774134e-02,8.037681998757761903e-03,1.166763900073419791e-02,1.960861018025447677e+01,5.900000000000000000e+02,5.820000000000000000e+02,1.400000000000000000e+02,1.250000000000000000e+02,2.405498281786941639e-01,8.928571428571429047e-01,4.189999999999999858e+01,3.410000000000000142e+01,5.939999999999999858e+01,1.000000000000000000e+00
1.783178900166471481e+09,9.679274000518489629e-03,2.013381600045249797e-02,7.322394998482195660e-03,1.087770400044973940e-02,2.082761051347832648e+01,5.110000000000000000e+02,5.900000000000000000e+02,1.180000000000000000e+02,1.060000000000000000e+02,2.000000000000000111e-01,8.983050847457627608e-01,4.329999999999999716e+01,3.410000000000000142e+01,5.989999999999999858e+01,1.000000000000000000e+00
1.783178900249373913e+09,8.177681000233860686e-03,2.289765399837051518e-02,8.179476000805152580e-03,1.336521200028073508e-02,1.900417261326332508e+01,6.350000000000000000e+02,5.110000000000000000e+02,1.390000000000000000e+02,1.210000000000000000e+02,2.720156555772993978e-01,8.705035971223021862e-01,4.060000000000000142e+01,3.410000000000000142e+01,5.939999999999999858e+01,1.000000000000000000e+00
1.783178900333659649e+09,6.623403000048710965e-03,2.107973099919036031e-02,8.137050999721395783e-03,1.455721599995740689e-02,1.984229305835576440e+01,4.870000000000000000e+02,6.350000000000000000e+02,1.100000000000000000e+02,8.800000000000000000e+01,1.732283464566929110e-01,8.000000000000000444e-01,4.189999999999999858e+01,3.400000000000000000e+01,5.889999999999999858e+01,1.000000000000000000e+00
1.783178900418535471e+09,7.737222000287147239e-03,2.121535900005255826e-02,7.132601000193972141e-03,1.791900900025211740e-02,1.851708138698808170e+01,5.930000000000000000e+02,4.870000000000000000e+02,1.080000000000000000e+02,8.300000000000000000e+01,2.217659137577002171e-01,7.685185185185184897e-01,4.689999999999999858e+01,3.410000000000000142e+01,5.989999999999999858e+01,1.000000000000000000e+00
1.783178900499526262e+09,8.635100999526912346e-03,2.162085400050273165e-02,8.206143000279553235e-03,8.982929999547195621e-03,2.107702412996841090e+01,6.200000000000000000e+02,5.930000000000000000e+02,1.370000000000000000e+02,1.270000000000000000e+02,2.310286677908937603e-01,9.270072992700729708e-01,4.689999999999999858e+01,3.410000000000000142e+01,5.939999999999999858e+01,1.000000000000000000e+00
1.783178900582826138e+09,7.348930999796721153e-03,2.217784700042102486e-02,9.329390000857529230e-03,1.331971199942927342e-02,1.916594411038835943e+01,5.990000000000000000e+02,6.200000000000000000e+02,1.640000000000000000e+02,1.430000000000000000e+02,2.645161290322580738e-01,8.719512195121951192e-01,4.550000000000000000e+01,3.410000000000000142e+01,5.889999999999999858e+01,1.000000000000000000e+00
1.783178900662688732e+09,6.972380000661360100e-03,2.095756599919695873e-02,8.046663999266456813e-03,1.002778800102532841e-02,2.173705218350508872e+01,6.080000000000000000e+02,5.990000000000000000e+02,1.160000000000000000e+02,1.050000000000000000e+02,1.936560934891485841e-01,9.051724137931034253e-01,4.189999999999999858e+01,3.410000000000000142e+01,5.889999999999999858e+01,1.000000000000000000e+00
1.783178900753304482e+09,7.856350999645655975e-03,2.154018799956247676e-02,8.751729999858071096e-03,2.037646100143319927e-02,1.708679390731861147e+01,6.500000000000000000e+02,6.080000000000000000e+02,1.840000000000000000e+02,1.480000000000000000e+02,3.026315789473684181e-01,8.043478260869565410e-01,4.720000000000000284e+01,3.410000000000000142e+01,5.939999999999999858e+01,1.000000000000000000e+00
1.783178900841001749e+09,8.553268999094143510e-03,2.195398000003478955e-02,1.004826900134503376e-02,1.382527999885496683e-02,1.838884379762761512e+01,6.840000000000000000e+02,6.500000000000000000e+02,1.660000000000000000e+02,1.400000000000000000e+02,2.553846153846153766e-01,8.433734939759036653e-01,4.410000000000000142e+01,3.410000000000000142e+01,6.029999999999999716e+01,1.000000000000000000e+00
1.783178900924103022e+09,1.096642499942390714e-02,2.062069900057394989e-02,1.041417300075409003e-02,1.095168399842805229e-02,1.888467808857608077e+01,6.690000000000000000e+02,6.840000000000000000e+02,1.740000000000000000e+02,1.620000000000000000e+02,2.543859649122807154e-01,9.310344827586206629e-01,4.379999999999999716e+01,3.410000000000000142e+01,5.939999999999999858e+01,1.000000000000000000e+00
1.783178901010439157e+09,7.793777998813311569e-03,2.212825600145151839e-02,9.373609998874599114e-03,1.655274800032202620e-02,1.790561848243800824e+01,7.080000000000000000e+02,6.690000000000000000e+02,1.880000000000000000e+02,1.540000000000000000e+02,2.810164424514200454e-01,8.191489361702127825e-01,4.410000000000000142e+01,3.410000000000000142e+01,5.939999999999999858e+01,1.000000000000000000e+00
1.783178901088552713e+09,8.267383000202244148e-03,1.979378400028508622e-02,9.234797000317485072e-03,5.984207000437891111e-03,2.310526915365669254e+01,5.850000000000000000e+02,7.080000000000000000e+02,3.100000000000000000e+01,2.900000000000000000e+01,4.378531073446327582e-02,9.354838709677418818e-01,5.000000000000000000e+01,3.410000000000000142e+01,5.939999999999999858e+01,1.000000000000000000e+00
1.783178901170172215e+09,6.609459000173956156e-03,2.172492699901340529e-02,8.318049000081373379e-03,1.406833300097787287e-02,1.971578979236154083e+01,6.660000000000000000e+02,5.850000000000000000e+02,1.910000000000000000e+02,1.650000000000000000e+02,3.264957264957265015e-01,8.638743455497381873e-01,4.570000000000000284e+01,3.410000000000000142e+01,5.939999999999999858e+01,1.000000000000000000e+00
1.783178901252104282e+09,8.462085001156083308e-03,2.128321000054711476e-02,9.427350998521433212e-03,8.878987000571214594e-03,2.081094725716059912e+01,6.680000000000000000e+02,6.660000000000000000e+02,1.290000000000000000e+02,1.230000000000000000e+02,1.936936936936936859e-01,9.534883720930232842e-01,5.150000000000000000e+01,3.410000000000000142e+01,5.989999999999999858e+01,1.000000000000000000e+00
1.783178901330764294e+09,6.765160000213654712e-03,2.129700600016803946e-02,8.992115001092315651e-03,1.086985299843945540e-02,2.086631341114699367e+01,6.470000000000000000e+02,6.680000000000000000e+02,1.900000000000000000e+02,1.740000000000000000e+02,2.844311377245509198e-01,9.157894736842104866e-01,3.570000000000000284e+01,3.410000000000000142e+01,5.939999999999999858e+01,1.000000000000000000e+00
1.783178901420228958e+09,9.089113998925313354e-03,2.171263100171927363e-02,9.477423998760059476e-03,1.539766899986716453e-02,1.796079008676963440e+01,6.580000000000000000e+02,6.470000000000000000e+02,2.340000000000000000e+02,2.110000000000000000e+02,3.616692426584234843e-01,9.017094017094017255e-01,4.550000000000000000e+01,3.410000000000000142e+01,5.939999999999999858e+01,1.000000000000000000e+00
1.783178901506088495e+09,7.144969998989836313e-03,2.257384300173725933e-02,8.862412998496438377e-03,1.409505500123486854e-02,1.898387625336150464e+01,6.470000000000000000e+02,6.580000000000000000e+02,2.160000000000000000e+02,1.930000000000000000e+02,3.282674772036474065e-01,8.935185185185184897e-01,3.939999999999999858e+01,3.410000000000000142e+01,6.029999999999999716e+01,1.000000000000000000e+00
1.783178901600283623e+09,1.273394100098812487e-02,2.273424799932399765e-02,1.066246600021258928e-02,1.343730299959133845e-02,1.678754876905553317e+01,7.720000000000000000e+02,6.470000000000000000e+02,2.200000000000000000e+02,2.010000000000000000e+02,3.400309119010819225e-01,9.136363636363636909e-01,4.870000000000000284e+01,3.410000000000000142e+01,5.989999999999999858e+01,1.000000000000000000e+00
1.783178901692551613e+09,6.921825000972603448e-03,2.344916599940916058e-02,1.335980399926484097e-02,1.597323600071831606e-02,1.674928783274094002e+01,7.610000000000000000e+02,7.720000000000000000e+02,2.780000000000000000e+02,2.530000000000000000e+02,3.601036269430051839e-01,9.100719424460431695e-01,4.170000000000000284e+01,3.410000000000000142e+01,5.989999999999999858e+01,1.000000000000000000e+00
1.783178901786590815e+09,7.531244000347214751e-03,2.332342599947878625e-02,1.207424499989429023e-02,1.831185700029891450e-02,1.632899075798205857e+01,7.300000000000000000e+02,7.610000000000000000e+02,2.600000000000000000e+02,2.200000000000000000e+02,3.416557161629434902e-01,8.461538461538461453e-01,4.870000000000000284e+01,3.410000000000000142e+01,5.989999999999999858e+01,1.000000000000000000e+00
1.783178901876465082e+09,7.885777000410598703e-03,2.282467300028656609e-02,1.111238600060460158e-02,1.734568299980310258e-02,1.690087933384519303e+01,7.570000000000000000e+02,7.300000000000000000e+02,2.690000000000000000e+02,2.450000000000000000e+02,3.684931506849314919e-01,9.107806691449814585e-01,4.320000000000000284e+01,3.410000000000000142e+01,5.989999999999999858e+01,1.000000000000000000e+00
1.783178901970990181e+09,1.001145500049460679e-02,2.170788999865180813e-02,1.161504700030491222e-02,1.574762800009921193e-02,1.692562305770194442e+01,7.320000000000000000e+02,7.570000000000000000e+02,2.560000000000000000e+02,2.300000000000000000e+02,3.381770145310435960e-01,8.984375000000000000e-01,4.589999999999999858e+01,3.410000000000000142e+01,6.029999999999999716e+01,1.000000000000000000e+00
1.783178902065713644e+09,1.078851999955077190e-02,2.167526099947281182e-02,1.198863500030711293e-02,1.531167000030109193e-02,1.673245701450468204e+01,7.350000000000000000e+02,7.320000000000000000e+02,2.510000000000000000e+02,2.180000000000000000e+02,3.428961748633879703e-01,8.685258964143426352e-01,4.870000000000000284e+01,3.410000000000000142e+01,6.029999999999999716e+01,1.000000000000000000e+00
1.783178902156054974e+09,7.188229999883333221e-03,2.250184300100954715e-02,1.045093199900293257e-02,1.741294100065715611e-02,1.737500327067742845e+01,7.170000000000000000e+02,7.350000000000000000e+02,2.980000000000000000e+02,2.730000000000000000e+02,4.054421768707482943e-01,9.161073825503355250e-01,4.000000000000000000e+01,3.410000000000000142e+01,5.939999999999999858e+01,1.000000000000000000e+00
1.783178902243684053e+09,7.256451001012464985e-03,2.176059299927146640e-02,1.031043300099554472e-02,1.567923999937193003e-02,1.817959795688511448e+01,7.540000000000000000e+02,7.170000000000000000e+02,2.690000000000000000e+02,2.450000000000000000e+02,3.751743375174337314e-01,9.107806691449814585e-01,4.239999999999999858e+01,3.400000000000000000e+01,5.939999999999999858e+01,1.000000000000000000e+00
1.783178902336320877e+09,7.171062999987043440e-03,2.260319400011212565e-02,1.327182400018500630e-02,1.626415799910319038e-02,1.686049520067402341e+01,7.790000000000000000e+02,7.540000000000000000e+02,2.840000000000000000e+02,2.530000000000000000e+02,3.766578249336869910e-01,8.908450704225352457e-01,4.620000000000000284e+01,3.410000000000000142e+01,6.029999999999999716e+01,1.000000000000000000e+00
1.783178902431451559e+09,1.021848999880603515e-02,2.209155200034729205e-02,1.353643199945508968e-02,1.641365600153221749e-02,1.606164330202556911e+01,7.570000000000000000e+02,7.790000000000000000e+02,2.910000000000000000e+02,2.670000000000000000e+02,3.735558408215661208e-01,9.175257731958762486e-01,4.739999999999999858e+01,3.410000000000000142e+01,5.989999999999999858e+01,1.000000000000000000e+00
1.783178902523234367e+09,9.955955998520948924e-03,2.231464200121990871e-02,1.089975899958517402e-02,1.675617199907719623e-02,1.668710029954588947e+01,7.630000000000000000e+02,7.570000000000000000e+02,2.580000000000000000e+02,2.240000000000000000e+02,3.408190224570673554e-01,8.682170542635658794e-01,5.000000000000000000e+01,3.410000000000000142e+01,6.029999999999999716e+01,1.000000000000000000e+00
1.783178902613721132e+09,8.807784000964602455e-03,2.235988299980817828e-02,1.125714400041033514e-02,1.709964799920271616e-02,1.679981669373119502e+01,7.620000000000000000e+02,7.630000000000000000e+02,2.820000000000000000e+02,2.550000000000000000e+02,3.695937090432503402e-01,9.042553191489361986e-01,4.739999999999999858e+01,3.410000000000000142e+01,5.939999999999999858e+01,1.000000000000000000e+00
1.783178902705159187e+09,8.009868000954156741e-03,2.202020099866786040e-02,1.118801499978872016e-02,1.596631000029447023e-02,1.748728857745970089e+01,7.750000000000000000e+02,7.620000000000000000e+02,2.810000000000000000e+02,2.480000000000000000e+02,3.687664041994750397e-01,8.825622775800712194e-01,4.589999999999999858e+01,3.400000000000000000e+01,5.939999999999999858e+01,1.000000000000000000e+00
1.783178902797856331e+09,1.001804800034733489e-02,2.105854599903977942e-02,1.193522799985657912e-02,1.766616100030660164e-02,1.648044233783135581e+01,7.210000000000000000e+02,7.750000000000000000e+02,2.910000000000000000e+02,2.570000000000000000e+02,3.754838709677419395e-01,8.831615120274913799e-01,4.470000000000000284e+01,3.410000000000000142e+01,5.989999999999999858e+01,1.000000000000000000e+00
1.783178902889077425e+09,9.464388000196777284e-03,2.165514999978768174e-02,1.055576299950189423e-02,1.756375399963872042e-02,1.688075544106450465e+01,7.240000000000000000e+02,7.210000000000000000e+02,3.140000000000000000e+02,3.000000000000000000e+02,4.355062413314840231e-01,9.554140127388535131e-01,5.139999999999999858e+01,3.410000000000000142e+01,5.839999999999999858e+01,1.000000000000000000e+00
1.783178902972805023e+09,6.928787999640917405e-03,2.228408699920692015e-02,1.022050800020224415e-02,1.525341100023069885e-02,1.828595035234926414e+01,7.420000000000000000e+02,7.240000000000000000e+02,2.670000000000000000e+02,2.540000000000000000e+02,3.687845303867403057e-01,9.513108614232209659e-01,4.570000000000000284e+01,3.410000000000000142e+01,5.939999999999999858e+01,1.000000000000000000e+00
1.783178903063696146e+09,1.040707999891310465e-02,2.158650300043518655e-02,1.180023000051733106e-02,1.408848099890747108e-02,1.727644035706664738e+01,7.750000000000000000e+02,7.420000000000000000e+02,2.520000000000000000e+02,2.290000000000000000e+02,3.396226415094339424e-01,9.087301587301587213e-01,5.000000000000000000e+01,3.400000000000000000e+01,5.989999999999999858e+01,1.000000000000000000e+00
1.783178903159594774e+09,8.635100999526912346e-03,2.273967399924003985e-02,1.203265399999509100e-02,1.858976000039547216e-02,1.612976356095094843e+01,7.740000000000000000e+02,7.750000000000000000e+02,4.060000000000000000e+02,3.990000000000000000e+02,5.238709677419355337e-01,9.827586206896551380e-01,5.350000000000000000e+01,3.410000000000000142e+01,5.989999999999999858e+01,1.000000000000000000e+00
1.783178903248615742e+09,6.946084000446717255e-03,2.154046600116998889e-02,1.079931599997507874e-02,1.698446499904093798e-02,1.777135449920768551e+01,7.260000000000000000e+02,7.740000000000000000e+02,3.010000000000000000e+02,2.860000000000000000e+02,3.888888888888888951e-01,9.501661129568106379e-01,4.870000000000000284e+01,3.410000000000000142e+01,5.939999999999999858e+01,1.000000000000000000e+00
1.783178903332149744e+09,8.496361999277723953e-03,2.317689099982089829e-02,1.003808400128036737e-02,9.487405999607290141e-03,1.953172951922409339e+01,7.550000000000000000e+02,7.260000000000000000e+02,1.570000000000000000e+02,1.560000000000000000e+02,2.162534435261707910e-01,9.936305732484076447e-01,5.129999999999999716e+01,3.410000000000000142e+01,5.939999999999999858e+01,1.000000000000000000e+00
1.783178903429057598e+09,1.260153600014746189e-02,2.216966199921444058e-02,1.290682800026843324e-02,1.617978899957961403e-02,1.565979042678444344e+01,7.710000000000000000e+02,7.550000000000000000e+02,2.700000000000000000e+02,2.440000000000000000e+02,3.576158940397350938e-01,9.037037037037036757e-01,5.629999999999999716e+01,3.410000000000000142e+01,5.889999999999999858e+01,1.000000000000000000e+00
1.783178903522189617e+09,9.062318998985574581e-03,2.249512100024730898e-02,1.137606900010723621e-02,1.778643599936913233e-02,1.646905312613931827e+01,7.450000000000000000e+02,7.710000000000000000e+02,2.850000000000000000e+02,2.540000000000000000e+02,3.696498054474708361e-01,8.912280701754385914e-01,5.120000000000000284e+01,3.410000000000000142e+01,5.989999999999999858e+01,1.000000000000000000e+00
1.783178903613629103e+09,1.048031999926024582e-02,2.153657700000621844e-02,1.085864900051092263e-02,1.756142100020952057e-02,1.654616453536155518e+01,7.570000000000000000e+02,7.450000000000000000e+02,3.330000000000000000e+02,3.200000000000000000e+02,4.469798657718120904e-01,9.609609609609609526e-01,5.560000000000000142e+01,3.410000000000000142e+01,5.989999999999999858e+01,1.000000000000000000e+00
1.783178903696924686e+09,8.616619001259095967e-03,2.150861500012979377e-02,1.054563399884500541e-02,9.768383999471552670e-03,1.982582929671200844e+01,7.520000000000000000e+02,7.570000000000000000e+02,1.350000000000000000e+02,1.280000000000000000e+02,1.783355350066050116e-01,9.481481481481481843e-01,5.260000000000000142e+01,3.410000000000000142e+01,5.889999999999999858e+01,1.000000000000000000e+00
1.783178903787323952e+09,8.049829999436042272e-03,2.276091500061738770e-02,1.105640499918081332e-02,1.598897700023371726e-02,1.728425409480306030e+01,7.460000000000000000e+02,7.520000000000000000e+02,2.730000000000000000e+02,2.470000000000000000e+02,3.630319148936170248e-01,9.047619047619047672e-01,5.579999999999999716e+01,3.410000000000000142e+01,5.889999999999999858e+01,1.000000000000000000e+00
1.783178903874180317e+09,7.682204999582609162e-03,2.231573500102967955e-02,1.069646500036469661e-02,1.534976199945958797e-02,1.784307009134795763e+01,7.730000000000000000e+02,7.460000000000000000e+02,2.630000000000000000e+02,2.370000000000000000e+02,3.525469168900804418e-01,9.011406844106464309e-01,5.250000000000000000e+01,3.410000000000000142e+01,5.939999999999999858e+01,1.000000000000000000e+00
1.783178903972809315e+09,1.149156800056516659e-02,2.215618099944549613e-02,1.303275200007192325e-02,1.868548200036457274e-02,1.529847719100559011e+01,7.610000000000000000e+02,7.730000000000000000e+02,3.650000000000000000e+02,3.480000000000000000e+02,4.721862871927555161e-01,9.534246575342465446e-01,5.220000000000000284e+01,3.410000000000000142e+01,5.939999999999999858e+01,1.000000000000000000e+00
1.783178904066332817e+09,9.427646999029093422e-03,2.222649500072293449e-02,1.231514999926730525e-02,1.697865000096498989e-02,1.640744489781553739e+01,7.540000000000000000e+02,7.610000000000000000e+02,2.900000000000000000e+02,2.720000000000000000e+02,3.810775295663600404e-01,9.379310344827586077e-01,5.120000000000000284e+01,3.410000000000000142e+01,5.839999999999999858e+01,1.000000000000000000e+00
1.783178904154395580e+09,8.994023000923334621e-03,2.208334900024055969e-02,1.059441099823743571e-02,1.189815500038093887e-02,1.866718606252754142e+01,7.780000000000000000e+02,7.540000000000000000e+02,1.690000000000000000e+02,1.650000000000000000e+02,2.241379310344827624e-01,9.763313609467455523e-01,5.610000000000000142e+01,3.410000000000000142e+01,5.939999999999999858e+01,1.000000000000000000e+00
1.783178904242424011e+09,7.055267999021452852e-03,2.222444000108225737e-02,1.074731599874212407e-02,1.650845200128969736e-02,1.768800885301828529e+01,7.550000000000000000e+02,7.780000000000000000e+02,2.770000000000000000e+02,2.480000000000000000e+02,3.560411311053984784e-01,8.953068592057761288e-01,5.579999999999999716e+01,3.410000000000000142e+01,6.029999999999999716e+01,1.000000000000000000e+00
1.783178904333606958e+09,7.570447000034619123e-03,2.179072300168627407e-02,1.182946999870182481e-02,1.655404400116822217e-02,1.731761143540847314e+01,7.470000000000000000e+02,7.550000000000000000e+02,3.110000000000000000e+02,2.880000000000000000e+02,4.119205298013244865e-01,9.260450160771703798e-01,5.120000000000000284e+01,3.410000000000000142e+01,5.839999999999999858e+01,1.000000000000000000e+00
1.783178904424363375e+09,1.116853399980755057e-02,2.099210300002596341e-02,1.062218799961556215e-02,1.576479400137031917e-02,1.708011388107865969e+01,7.070000000000000000e+02,7.470000000000000000e+02,2.560000000000000000e+02,2.400000000000000000e+02,3.427041499330655827e-01,9.375000000000000000e-01,5.370000000000000284e+01,3.410000000000000142e+01,5.889999999999999858e+01,1.000000000000000000e+00
1.783178904513569117e+09,6.553645000167307444e-03,2.308403999995789491e-02,1.037796899981913157e-02,1.607149400115304161e-02,1.782939649526188219e+01,7.510000000000000000e+02,7.070000000000000000e+02,2.440000000000000000e+02,2.170000000000000000e+02,3.451202263083451016e-01,8.893442622950820109e-01,5.370000000000000284e+01,3.410000000000000142e+01,5.939999999999999858e+01,1.000000000000000000e+00
1.783178904607439041e+09,7.567520999145926908e-03,2.317926199975772761e-02,1.180597100028535351e-02,1.725131300008797552e-02,1.672127081277080762e+01,7.510000000000000000e+02,7.510000000000000000e+02,2.980000000000000000e+02,2.720000000000000000e+02,3.968042609853528746e-01,9.127516778523490082e-01,5.429999999999999716e+01,3.410000000000000142e+01,5.989999999999999858e+01,1.000000000000000000e+00
1.783178904696244001e+09,8.844043000863166526e-03,2.206264499909593724e-02,1.181297100083611440e-02,1.559144400016521104e-02,1.714939262911094531e+01,7.650000000000000000e+02,7.510000000000000000e+02,3.190000000000000000e+02,3.080000000000000000e+02,4.247669773635153190e-01,9.655172413793103869e-01,4.870000000000000284e+01,3.410000000000000142e+01,5.989999999999999858e+01,1.000000000000000000e+00
1.783178904791413307e+09,7.875332999901729636e-03,2.257586100131447893e-02,1.160391799930948764e-02,1.893369999925198499e-02,1.639644989319754487e+01,7.680000000000000000e+02,7.650000000000000000e+02,3.650000000000000000e+02,3.530000000000000000e+02,4.771241830065359735e-01,9.671232876712329007e-01,4.739999999999999858e+01,3.400000000000000000e+01,6.029999999999999716e+01,1.000000000000000000e+00
1.783178904881051302e+09,6.932918000529753044e-03,2.244067699939478189e-02,1.049704199976986274e-02,1.781612199920346029e-02,1.733500056779244147e+01,7.470000000000000000e+02,7.680000000000000000e+02,3.040000000000000000e+02,2.770000000000000000e+02,3.958333333333333148e-01,9.111842105263158187e-01,4.589999999999999858e+01,3.410000000000000142e+01,5.939999999999999858e+01,1.000000000000000000e+00
1.783178904962273598e+09,8.032460000322316773e-03,2.171509300023899414e-02,1.022856399868032895e-02,7.392764000542229041e-03,2.111090612430896840e+01,7.430000000000000000e+02,7.470000000000000000e+02,1.190000000000000000e+02,1.180000000000000000e+02,1.593038821954484707e-01,9.915966386554622147e-01,4.689999999999999858e+01,3.410000000000000142e+01,6.129999999999999716e+01,1.000000000000000000e+00
