timestamp,preprocessing_time,detection_time,matching_time,pose_estimation_time,fps,detected_keypoints,raw_matches,good_matches,inliners,match_ratio,inliner_ratio,cpu_usage,memory_usage,cpu_temperature,tracking_ok
1.783179156311229706e+09,9.168123000563355163e-03,3.064718399946286809e-02,2.028061100099876057e-02,3.277319299922965001e-02,1.076784292677527688e+01,1.223000000000000000e+03,1.229000000000000000e+03,8.040000000000000000e+02,7.840000000000000000e+02,6.541903986981285613e-01,9.751243781094527385e-01,3.700000000000000000e+01,3.379999999999999716e+01,5.300000000000000000e+01,1.000000000000000000e+00
1.783179156434833765e+09,7.392591000098036602e-03,2.965432599921768997e-02,2.149941099924035370e-02,3.263395400063018315e-02,1.096728347482983779e+01,1.231000000000000000e+03,1.223000000000000000e+03,7.870000000000000000e+02,7.700000000000000000e+02,6.434995911692559245e-01,9.783989834815756126e-01,4.600000000000000000e+01,3.389999999999999858e+01,5.300000000000000000e+01,1.000000000000000000e+00
1.783179156556065083e+09,7.763030998830799945e-03,2.920344199992541689e-02,1.859505900029034819e-02,3.271878600025956985e-02,1.132755321529154280e+01,1.225000000000000000e+03,1.231000000000000000e+03,7.660000000000000000e+02,7.440000000000000000e+02,6.222583265637693373e-01,9.712793733681461816e-01,3.960000000000000142e+01,3.400000000000000000e+01,5.450000000000000000e+01,1.000000000000000000e+00
1.783179156677150249e+09,1.207453200004238170e-02,2.811053000004903879e-02,1.875939000092330389e-02,3.170683600001211744e-02,1.103128286482452047e+01,1.221000000000000000e+03,1.225000000000000000e+03,7.340000000000000000e+02,7.160000000000000000e+02,5.991836734693877231e-01,9.754768392370571917e-01,4.370000000000000284e+01,3.400000000000000000e+01,5.500000000000000000e+01,1.000000000000000000e+00
1.783179156799932718e+09,7.108576000973698683e-03,2.936195899928861763e-02,1.957019499968737364e-02,3.446989300027780700e-02,1.104842687910220711e+01,1.218000000000000000e+03,1.221000000000000000e+03,8.120000000000000000e+02,7.910000000000000000e+02,6.650286650286649781e-01,9.741379310344827624e-01,3.860000000000000142e+01,3.410000000000000142e+01,5.400000000000000000e+01,1.000000000000000000e+00
1.783179156918654919e+09,7.791900001393514685e-03,2.867548699941835366e-02,1.907949700034805574e-02,3.076525599863089155e-02,1.158585570931764153e+01,1.222000000000000000e+03,1.218000000000000000e+03,7.300000000000000000e+02,7.170000000000000000e+02,5.993431855500821470e-01,9.821917808219178259e-01,4.039999999999999858e+01,3.410000000000000142e+01,5.350000000000000000e+01,1.000000000000000000e+00
1.783179157038875818e+09,8.154025999829173088e-03,2.842558100019232370e-02,1.968408299944712780e-02,3.173616899948683567e-02,1.136365457144504987e+01,1.221000000000000000e+03,1.222000000000000000e+03,7.540000000000000000e+02,7.390000000000000000e+02,6.170212765957446832e-01,9.801061007957559967e-01,4.260000000000000142e+01,3.410000000000000142e+01,5.350000000000000000e+01,1.000000000000000000e+00
1.783179157163933516e+09,8.309597998959361576e-03,2.974008400087768678e-02,2.063714399992022663e-02,3.378751299896975979e-02,1.081381073741728116e+01,1.230000000000000000e+03,1.221000000000000000e+03,7.770000000000000000e+02,7.580000000000000000e+02,6.363636363636363535e-01,9.755469755469755588e-01,3.829999999999999716e+01,3.410000000000000142e+01,5.450000000000000000e+01,1.000000000000000000e+00
1.783179157291962147e+09,1.011168499826453626e-02,2.837141600139148068e-02,1.898925800014694687e-02,3.844243599996843841e-02,1.042592021389800472e+01,1.219000000000000000e+03,1.230000000000000000e+03,7.830000000000000000e+02,7.460000000000000000e+02,6.365853658536585469e-01,9.527458492975734439e-01,4.200000000000000000e+01,3.410000000000000142e+01,5.400000000000000000e+01,1.000000000000000000e+00
1.783179157414184332e+09,8.808665999822551385e-03,2.954897400013578590e-02,1.953936199970485177e-02,3.367266299937909935e-02,1.092064713800644427e+01,1.230000000000000000e+03,1.219000000000000000e+03,7.780000000000000000e+02,7.440000000000000000e+02,6.382280557834290047e-01,9.562982005141388298e-01,4.039999999999999858e+01,3.410000000000000142e+01,5.350000000000000000e+01,1.000000000000000000e+00
1.783179157538237333e+09,9.266825998565764166e-03,2.921725700070965104e-02,2.113589700093143620e-02,3.254158499839832075e-02,1.085051018844064252e+01,1.225000000000000000e+03,1.230000000000000000e+03,7.310000000000000000e+02,7.000000000000000000e+02,5.943089430894309411e-01,9.575923392612859519e-01,4.200000000000000000e+01,3.410000000000000142e+01,5.450000000000000000e+01,1.000000000000000000e+00
1.783179157656039715e+09,9.356694999951287173e-03,2.847748900057922583e-02,1.807032500073546544e-02,2.999913599887804594e-02,1.164094957784763906e+01,1.225000000000000000e+03,1.225000000000000000e+03,7.090000000000000000e+02,6.850000000000000000e+02,5.787755102040815780e-01,9.661495063469676126e-01,4.089999999999999858e+01,3.410000000000000142e+01,5.400000000000000000e+01,1.000000000000000000e+00
1.783179157778519869e+09,6.573712000317755155e-03,3.140608099965902511e-02,2.054029399914725218e-02,3.495605399984924588e-02,1.069791702260134869e+01,1.227000000000000000e+03,1.225000000000000000e+03,8.170000000000000000e+02,7.940000000000000000e+02,6.669387755102040849e-01,9.718482252141983357e-01,4.079999999999999716e+01,3.410000000000000142e+01,5.500000000000000000e+01,1.000000000000000000e+00
1.783179157898369789e+09,7.240407001518178731e-03,2.943967999999586027e-02,1.985624699955224060e-02,3.156789399872650392e-02,1.135019309178161073e+01,1.218000000000000000e+03,1.227000000000000000e+03,7.610000000000000000e+02,7.400000000000000000e+02,6.202118989405053240e-01,9.724047306176084593e-01,4.689999999999999858e+01,3.410000000000000142e+01,5.450000000000000000e+01,1.000000000000000000e+00
1.783179158020243168e+09,7.613106001372216269e-03,2.860289499949431047e-02,1.918199600004300009e-02,3.288796900051238481e-02,1.132682854695041996e+01,1.227000000000000000e+03,1.218000000000000000e+03,7.390000000000000000e+02,7.150000000000000000e+02,6.067323481116584372e-01,9.675236806495264297e-01,4.039999999999999858e+01,3.410000000000000142e+01,5.550000000000000000e+01,1.000000000000000000e+00
1.783179158143848896e+09,1.194838499941397458e-02,2.862741299941262696e-02,1.956758300002547912e-02,3.036118700038059615e-02,1.104916604881731779e+01,1.222000000000000000e+03,1.227000000000000000e+03,7.180000000000000000e+02,7.020000000000000000e+02,5.851670741646292084e-01,9.777158774373259087e-01,3.910000000000000142e+01,3.410000000000000142e+01,5.400000000000000000e+01,1.000000000000000000e+00
1.783179158263359070e+09,7.431165000525652431e-03,2.906979599902115297e-02,1.961960100015858188e-02,3.110238100089190993e-02,1.146487341057905063e+01,1.227000000000000000e+03,1.222000000000000000e+03,7.420000000000000000e+02,7.080000000000000000e+02,6.072013093289688745e-01,9.541778975741239677e-01,4.129999999999999716e+01,3.410000000000000142e+01,5.450000000000000000e+01,1.000000000000000000e+00
1.783179158385114193e+09,1.081651099957525730e-02,2.827012100169667974e-02,1.892716499969537836e-02,3.183664999960456043e-02,1.112960517596128618e+01,1.223000000000000000e+03,1.227000000000000000e+03,7.790000000000000000e+02,7.640000000000000000e+02,6.348818255908720287e-01,9.807445442875480923e-01,4.039999999999999858e+01,3.410000000000000142e+01,5.450000000000000000e+01,1.000000000000000000e+00
1.783179158503379107e+09,6.782450998798594810e-03,2.924683000128425192e-02,2.078367899957811460e-02,3.216208999947411940e-02,1.123910579437405133e+01,1.228000000000000000e+03,1.223000000000000000e+03,7.810000000000000000e+02,7.570000000000000000e+02,6.385936222403925111e-01,9.692701664532650252e-01,4.260000000000000142e+01,3.410000000000000142e+01,5.500000000000000000e+01,1.000000000000000000e+00
1.783179158623277426e+09,7.441867999659734778e-03,2.887279799870157149e-02,1.850291200025822036e-02,3.277965600136667490e-02,1.141588557465361831e+01,1.222000000000000000e+03,1.228000000000000000e+03,7.570000000000000000e+02,7.320000000000000000e+02,6.164495114006515175e-01,9.669749009247027294e-01,3.910000000000000142e+01,3.410000000000000142e+01,5.500000000000000000e+01,1.000000000000000000e+00
1.783179158748520851e+09,9.191049000946804881e-03,2.931014500063611194e-02,1.977654399888706394e-02,3.387484599988965783e-02,1.085156765648695654e+01,1.227000000000000000e+03,1.222000000000000000e+03,8.020000000000000000e+02,7.810000000000000000e+02,6.563011456628478069e-01,9.738154613466334375e-01,4.379999999999999716e+01,3.410000000000000142e+01,5.400000000000000000e+01,1.000000000000000000e+00
1.783179158867025375e+09,7.519385000705369748e-03,2.971397299916134216e-02,1.954588000080548227e-02,3.244782699948700611e-02,1.120736180214171362e+01,1.225000000000000000e+03,1.227000000000000000e+03,7.760000000000000000e+02,7.530000000000000000e+02,6.324368378158109483e-01,9.703608247422680355e-01,4.289999999999999858e+01,3.410000000000000142e+01,5.400000000000000000e+01,1.000000000000000000e+00
1.783179158989998102e+09,7.817104000423569232e-03,2.848965499833866488e-02,1.882403700074064545e-02,3.283458199985034298e-02,1.136810893948926804e+01,1.221000000000000000e+03,1.225000000000000000e+03,7.980000000000000000e+02,7.680000000000000000e+02,6.514285714285714679e-01,9.624060150375939315e-01,4.470000000000000284e+01,3.410000000000000142e+01,5.500000000000000000e+01,1.000000000000000000e+00
1.783179159101869822e+09,1.137629900040337816e-02,2.610140799879445694e-02,1.753235000069253147e-02,2.839619400037918240e-02,1.198950903568088933e+01,1.143000000000000000e+03,1.221000000000000000e+03,2.680000000000000000e+02,1.910000000000000000e+02,2.194922194922195036e-01,7.126865671641791078e-01,4.220000000000000284e+01,3.410000000000000142e+01,5.400000000000000000e+01,1.000000000000000000e+00
1.783179159210307837e+09,8.588668999436777085e-03,2.604853800039563794e-02,1.632019899989245459e-02,2.353495900024427101e-02,1.342419454665473744e+01,1.097000000000000000e+03,1.143000000000000000e+03,3.660000000000000000e+02,2.930000000000000000e+02,3.202099737532808632e-01,8.005464480874316946e-01,4.000000000000000000e+01,3.410000000000000142e+01,5.500000000000000000e+01,1.000000000000000000e+00
1.783179159317721367e+09,7.531089000622159801e-03,2.774866499930794816e-02,1.777701399987563491e-02,2.393237999967823271e-02,1.298884357061208839e+01,1.201000000000000000e+03,1.097000000000000000e+03,3.240000000000000000e+02,2.530000000000000000e+02,2.953509571558796676e-01,7.808641975308642236e-01,4.189999999999999858e+01,3.410000000000000142e+01,5.450000000000000000e+01,1.000000000000000000e+00
1.783179159429604769e+09,9.185344999423250556e-03,2.859230200010642875e-02,1.825874899986956734e-02,2.525125200008915272e-02,1.230199205673036289e+01,1.203000000000000000e+03,1.201000000000000000e+03,2.970000000000000000e+02,2.260000000000000000e+02,2.472939217318901040e-01,7.609427609427609207e-01,4.439999999999999858e+01,3.410000000000000142e+01,5.450000000000000000e+01,1.000000000000000000e+00
1.783179159543678522e+09,9.660284000347019173e-03,2.835349099950690288e-02,1.760642299996106885e-02,2.673478900032932870e-02,1.214255549573758763e+01,1.208000000000000000e+03,1.203000000000000000e+03,4.020000000000000000e+02,3.270000000000000000e+02,3.341645885286783080e-01,8.134328358208955390e-01,4.570000000000000284e+01,3.410000000000000142e+01,5.450000000000000000e+01,1.000000000000000000e+00
1.783179159658637047e+09,9.579358998962561600e-03,2.929416299957665615e-02,1.928034700176795013e-02,2.626914599932206329e-02,1.184511119396045942e+01,1.217000000000000000e+03,1.208000000000000000e+03,4.920000000000000000e+02,4.130000000000000000e+02,4.072847682119205559e-01,8.394308943089431319e-01,4.089999999999999858e+01,3.410000000000000142e+01,5.550000000000000000e+01,1.000000000000000000e+00
1.783179159772826672e+09,9.317751000708085485e-03,2.797058800024387892e-02,1.802041799965081736e-02,2.632149800047045574e-02,1.225035986947305844e+01,1.219000000000000000e+03,1.217000000000000000e+03,4.900000000000000000e+02,4.080000000000000000e+02,4.026294165981922912e-01,8.326530612244897878e-01,4.439999999999999858e+01,3.410000000000000142e+01,5.500000000000000000e+01,1.000000000000000000e+00
1.783179159885410547e+09,6.402398999853176065e-03,2.867935699941881467e-02,1.806597299946588464e-02,2.514436500132433139e-02,1.277268174739591799e+01,1.229000000000000000e+03,1.219000000000000000e+03,5.100000000000000000e+02,4.460000000000000000e+02,4.183757178014766431e-01,8.745098039215686292e-01,4.050000000000000000e+01,3.410000000000000142e+01,5.450000000000000000e+01,1.000000000000000000e+00
1.783179159999678373e+09,8.990162999907624908e-03,2.839345299980777781e-02,1.998418900075193960e-02,2.575694999904953875e-02,1.203011064520805995e+01,1.232000000000000000e+03,1.229000000000000000e+03,5.130000000000000000e+02,4.330000000000000000e+02,4.174125305126119012e-01,8.440545808966861685e-01,4.689999999999999858e+01,3.410000000000000142e+01,5.500000000000000000e+01,1.000000000000000000e+00
1.783179160108103991e+09,8.149950999722932465e-03,2.852767300100822467e-02,1.774942199881479610e-02,2.216090299953066278e-02,1.305688444551578975e+01,1.215000000000000000e+03,1.232000000000000000e+03,4.500000000000000000e+02,3.870000000000000000e+02,3.652597402597402843e-01,8.599999999999999867e-01,4.189999999999999858e+01,3.410000000000000142e+01,5.450000000000000000e+01,1.000000000000000000e+00
1.783179160211370468e+09,8.054951998929027468e-03,3.133815600085654296e-02,1.801323300060175825e-02,1.355656799933058210e-02,1.409186875363262104e+01,1.225000000000000000e+03,1.215000000000000000e+03,2.540000000000000000e+02,2.310000000000000000e+02,2.090534979423868400e-01,9.094488188976378451e-01,4.520000000000000284e+01,3.410000000000000142e+01,5.400000000000000000e+01,1.000000000000000000e+00
1.783179160321322203e+09,7.094668999343411997e-03,2.895581600023433566e-02,1.924843999950098805e-02,2.237789900027564727e-02,1.287385282395572084e+01,1.207000000000000000e+03,1.225000000000000000e+03,4.650000000000000000e+02,3.960000000000000000e+02,3.795918367346938771e-01,8.516129032258064058e-01,4.550000000000000000e+01,3.410000000000000142e+01,5.500000000000000000e+01,1.000000000000000000e+00
1.783179160429213285e+09,9.276233999116811901e-03,2.888607600107206963e-02,1.858335499855456874e-02,2.190203600002860185e-02,1.271492983648197495e+01,1.221000000000000000e+03,1.207000000000000000e+03,4.540000000000000000e+02,3.960000000000000000e+02,3.761391880695940104e-01,8.722466960352422971e-01,4.439999999999999858e+01,3.410000000000000142e+01,5.500000000000000000e+01,1.000000000000000000e+00
1.783179160539571762e+09,7.147391001126379706e-03,2.846980299909773748e-02,1.785806900079478510e-02,2.429024599950935226e-02,1.285917128110364516e+01,1.217000000000000000e+03,1.221000000000000000e+03,4.870000000000000000e+02,4.250000000000000000e+02,3.988533988533988772e-01,8.726899383983572900e-01,4.189999999999999858e+01,3.410000000000000142e+01,5.550000000000000000e+01,1.000000000000000000e+00
1.783179160651686192e+09,8.377023001230554655e-03,2.767451699946832377e-02,1.822717499999271240e-02,2.440424499945947900e-02,1.270923208783807823e+01,1.221000000000000000e+03,1.217000000000000000e+03,4.820000000000000000e+02,4.110000000000000000e+02,3.960558751027115632e-01,8.526970954356846155e-01,4.550000000000000000e+01,3.410000000000000142e+01,5.500000000000000000e+01,1.000000000000000000e+00
1.783179160760979891e+09,7.400128000881522894e-03,2.941493899925262667e-02,1.945262300068861805e-02,2.186507300029916223e-02,1.279872823626678446e+01,1.211000000000000000e+03,1.221000000000000000e+03,4.900000000000000000e+02,4.210000000000000000e+02,4.013104013104012990e-01,8.591836734693877320e-01,4.670000000000000284e+01,3.410000000000000142e+01,5.500000000000000000e+01,1.000000000000000000e+00
1.783179160876993418e+09,7.421368998620891944e-03,3.177498300101433415e-02,1.766349699937563855e-02,2.533367700016242452e-02,1.216640833744081185e+01,1.218000000000000000e+03,1.211000000000000000e+03,4.890000000000000000e+02,4.110000000000000000e+02,4.037985136251032170e-01,8.404907975460123026e-01,4.579999999999999716e+01,3.410000000000000142e+01,5.500000000000000000e+01,1.000000000000000000e+00
1.783179160991567850e+09,6.976669999858131632e-03,2.877620700019178912e-02,1.960306500041042455e-02,2.580928200040943921e-02,1.232054752894273797e+01,1.222000000000000000e+03,1.218000000000000000e+03,5.170000000000000000e+02,4.400000000000000000e+02,4.244663382594416889e-01,8.510638297872340496e-01,4.350000000000000000e+01,3.410000000000000142e+01,5.550000000000000000e+01,1.000000000000000000e+00
1.783179161106827974e+09,8.530724000593181700e-03,2.883935399950132705e-02,1.997939399916504044e-02,2.621199900022475049e-02,1.196723786739191731e+01,1.196000000000000000e+03,1.222000000000000000e+03,4.270000000000000000e+02,3.490000000000000000e+02,3.494271685761047297e-01,8.173302107728337429e-01,4.789999999999999858e+01,3.410000000000000142e+01,5.500000000000000000e+01,1.000000000000000000e+00
1.783179161223227024e+09,8.037305000470951200e-03,3.065144299944222439e-02,1.981013600016012788e-02,2.722315299979527481e-02,1.166561172597348772e+01,1.216000000000000000e+03,1.196000000000000000e+03,4.370000000000000000e+02,3.480000000000000000e+02,3.653846153846153633e-01,7.963386727688787081e-01,4.289999999999999858e+01,3.410000000000000142e+01,5.639999999999999858e+01,1.000000000000000000e+00
1.783179161339965582e+09,9.484544998485944234e-03,2.978689800147549249e-02,1.898247999997693114e-02,2.751561199875141028e-02,1.165915146928657187e+01,1.204000000000000000e+03,1.216000000000000000e+03,5.890000000000000000e+02,5.470000000000000000e+02,4.843750000000000000e-01,9.286926994906621324e-01,4.900000000000000000e+01,3.410000000000000142e+01,5.600000000000000000e+01,1.000000000000000000e+00
1.783179161535303831e+09,7.821567000064533204e-03,2.958430800026690122e-02,9.870285199940553866e-02,2.733761400122602936e-02,6.118215885873567572e+00,1.195000000000000000e+03,1.204000000000000000e+03,4.610000000000000000e+02,3.950000000000000000e+02,3.828903654485049657e-01,8.568329718004338291e-01,5.060000000000000142e+01,3.410000000000000142e+01,5.550000000000000000e+01,1.000000000000000000e+00
1.783179161651324749e+09,9.312215001045842655e-03,2.784812599929864518e-02,1.744850000068254303e-02,2.790951399947516620e-02,1.211851593495670265e+01,1.207000000000000000e+03,1.195000000000000000e+03,5.060000000000000000e+02,4.100000000000000000e+02,4.234309623430962399e-01,8.102766798418972183e-01,5.000000000000000000e+01,3.410000000000000142e+01,5.450000000000000000e+01,1.000000000000000000e+00
1.783179161764225960e+09,6.638544999077566899e-03,2.832878700064611621e-02,1.945340000020223670e-02,2.605861200026993174e-02,1.242554859788079824e+01,1.209000000000000000e+03,1.207000000000000000e+03,4.900000000000000000e+02,4.060000000000000000e+02,4.059652029826014696e-01,8.285714285714286254e-01,5.370000000000000284e+01,3.410000000000000142e+01,5.500000000000000000e+01,1.000000000000000000e+00
1.783179161875918150e+09,8.728648001124383882e-03,2.832389799914381001e-02,1.680450800085964147e-02,2.245976899939705618e-02,1.310327082133807153e+01,1.201000000000000000e+03,1.209000000000000000e+03,4.780000000000000000e+02,4.210000000000000000e+02,3.953680727874276379e-01,8.807531380753138572e-01,5.189999999999999858e+01,3.410000000000000142e+01,5.550000000000000000e+01,1.000000000000000000e+00
1.783179161989015579e+09,7.064409001031890512e-03,2.882105899880116340e-02,1.799451100123405922e-02,2.512271699924895074e-02,1.265779588073803552e+01,1.195000000000000000e+03,1.201000000000000000e+03,5.180000000000000000e+02,4.590000000000000000e+02,4.313072439633638400e-01,8.861003861003861060e-01,5.089999999999999858e+01,3.410000000000000142e+01,5.639999999999999858e+01,1.000000000000000000e+00
1.783179162095474720e+09,6.865616000141017139e-03,2.842108200093207415e-02,1.929956899948592763e-02,2.212205099931452423e-02,1.303639587041458192e+01,1.190000000000000000e+03,1.195000000000000000e+03,4.000000000000000000e+02,3.300000000000000000e+02,3.347280334728033324e-01,8.249999999999999556e-01,5.489999999999999858e+01,3.410000000000000142e+01,5.600000000000000000e+01,1.000000000000000000e+00
1.783179162209043503e+09,1.182346000132383779e-02,2.893729799870925490e-02,1.757377600006293505e-02,2.289533700059109833e-02,1.231074218979790125e+01,1.202000000000000000e+03,1.190000000000000000e+03,4.330000000000000000e+02,3.680000000000000000e+02,3.638655462184873790e-01,8.498845265588914621e-01,5.000000000000000000e+01,3.400000000000000000e+01,5.600000000000000000e+01,1.000000000000000000e+00
1.783179162318294764e+09,7.268297000337042846e-03,2.830213900051603559e-02,1.824967399988963734e-02,2.259060100004717242e-02,1.308717046213144819e+01,1.198000000000000000e+03,1.202000000000000000e+03,4.670000000000000000e+02,4.150000000000000000e+02,3.885191347753743640e-01,8.886509635974304544e-01,5.279999999999999716e+01,3.410000000000000142e+01,5.600000000000000000e+01,1.000000000000000000e+00
1.783179162428866625e+09,9.027699999933247454e-03,2.815788199950475246e-02,1.888790700104436837e-02,2.194342399889137596e-02,1.281773350873325690e+01,1.198000000000000000e+03,1.198000000000000000e+03,4.440000000000000000e+02,3.780000000000000000e+02,3.706176961602671294e-01,8.513513513513513153e-01,5.289999999999999858e+01,3.410000000000000142e+01,5.550000000000000000e+01,1.000000000000000000e+00
1.783179162539840221e+09,1.104330300040601287e-02,2.843736000068020076e-02,1.701606099959462881e-02,2.276170900040597189e-02,1.261695395853066870e+01,1.202000000000000000e+03,1.198000000000000000e+03,4.160000000000000000e+02,3.370000000000000000e+02,3.472454090150250416e-01,8.100961538461538547e-01,5.370000000000000284e+01,3.410000000000000142e+01,5.600000000000000000e+01,1.000000000000000000e+00
1.783179162652218819e+09,8.121970000502187759e-03,2.870733800045854878e-02,1.758829399841488339e-02,2.374391900048067328e-02,1.279401919522316611e+01,1.196000000000000000e+03,1.202000000000000000e+03,5.010000000000000000e+02,4.400000000000000000e+02,4.168053244592346274e-01,8.782435129740518986e-01,5.100000000000000000e+01,3.410000000000000142e+01,5.500000000000000000e+01,1.000000000000000000e+00
1.783179162761611700e+09,8.443245000307797454e-03,2.849711799899523612e-02,1.867076100097619928e-02,1.991822799936926458e-02,1.323988586589030803e+01,1.204000000000000000e+03,1.196000000000000000e+03,4.540000000000000000e+02,3.930000000000000000e+02,3.795986622073578842e-01,8.656387665198237436e-01,5.200000000000000000e+01,3.410000000000000142e+01,5.600000000000000000e+01,1.000000000000000000e+00
1.783179162875956535e+09,9.126643000854528509e-03,2.866433799863443710e-02,1.849878200118837412e-02,2.543004600011045113e-02,1.223693511068240269e+01,1.189000000000000000e+03,1.204000000000000000e+03,3.720000000000000000e+02,2.950000000000000000e+02,3.089700996677741118e-01,7.930107526881720048e-01,5.089999999999999858e+01,3.410000000000000142e+01,5.600000000000000000e+01,1.000000000000000000e+00
1.783179162985916615e+09,7.994008999958168715e-03,2.787058899957628455e-02,1.692472900140273850e-02,2.644681099991430528e-02,1.262050404310787677e+01,1.188000000000000000e+03,1.189000000000000000e+03,4.730000000000000000e+02,4.000000000000000000e+02,3.978132884777123568e-01,8.456659619450317411e-01,4.350000000000000000e+01,3.410000000000000142e+01,5.639999999999999858e+01,1.000000000000000000e+00
1.783179163099009991e+09,7.984047000718419440e-03,3.152259699891146738e-02,1.944056700085639022e-02,2.197296099984669127e-02,1.235785806283117161e+01,1.200000000000000000e+03,1.188000000000000000e+03,4.370000000000000000e+02,3.820000000000000000e+02,3.678451178451178638e-01,8.741418764302059108e-01,4.779999999999999716e+01,3.410000000000000142e+01,5.639999999999999858e+01,1.000000000000000000e+00
1.783179163208627462e+09,8.288819999506813474e-03,2.810738200059859082e-02,1.765170100043178536e-02,2.289818999997805804e-02,1.299611144640318194e+01,1.195000000000000000e+03,1.200000000000000000e+03,4.400000000000000000e+02,3.840000000000000000e+02,3.666666666666666408e-01,8.727272727272726849e-01,4.189999999999999858e+01,3.410000000000000142e+01,5.600000000000000000e+01,1.000000000000000000e+00
1.783179163316544294e+09,7.039001999146421440e-03,2.837167600046086591e-02,1.780630900066171307e-02,2.230932699967524968e-02,1.324041843218693515e+01,1.194000000000000000e+03,1.195000000000000000e+03,4.860000000000000000e+02,4.410000000000000000e+02,4.066945606694560844e-01,9.074074074074074403e-01,3.850000000000000000e+01,3.410000000000000142e+01,5.550000000000000000e+01,1.000000000000000000e+00
1.783179163426931143e+09,7.796158999553881586e-03,2.924888699999428354e-02,1.962465699944004882e-02,2.054633000079775229e-02,1.295067826137574230e+01,1.177000000000000000e+03,1.194000000000000000e+03,4.820000000000000000e+02,4.300000000000000000e+02,4.036850921273031911e-01,8.921161825726141581e-01,4.320000000000000284e+01,3.410000000000000142e+01,5.600000000000000000e+01,1.000000000000000000e+00
1.783179163541168451e+09,8.490150999932666309e-03,2.966319600091082975e-02,1.797458599867240991e-02,2.463861100113717839e-02,1.238136424398589952e+01,1.189000000000000000e+03,1.177000000000000000e+03,4.930000000000000000e+02,4.330000000000000000e+02,4.188615123194562306e-01,8.782961460446246926e-01,4.050000000000000000e+01,3.410000000000000142e+01,5.500000000000000000e+01,1.000000000000000000e+00
1.783179163654331207e+09,7.220371000585146248e-03,2.915034999932686333e-02,1.757538700076111127e-02,2.374856700043892488e-02,1.287089494853652383e+01,1.186000000000000000e+03,1.189000000000000000e+03,4.680000000000000000e+02,4.090000000000000000e+02,3.936080740117746113e-01,8.739316239316239354e-01,3.950000000000000000e+01,3.410000000000000142e+01,5.600000000000000000e+01,1.000000000000000000e+00
1.783179163764654398e+09,8.294543000374687836e-03,2.838293400054681115e-02,1.986009899883356411e-02,2.104749000136507675e-02,1.288907842116886826e+01,1.191000000000000000e+03,1.186000000000000000e+03,4.940000000000000000e+02,4.410000000000000000e+02,4.165261382799325673e-01,8.927125506072874916e-01,4.679999999999999716e+01,3.410000000000000142e+01,5.600000000000000000e+01,1.000000000000000000e+00
1.783179163873522997e+09,8.052989998759585433e-03,2.747761300088313874e-02,1.840415399965422694e-02,2.316640800017921720e-02,1.296997263279736501e+01,1.188000000000000000e+03,1.191000000000000000e+03,4.710000000000000000e+02,4.210000000000000000e+02,3.954659949622166271e-01,8.938428874734607454e-01,4.150000000000000000e+01,3.410000000000000142e+01,5.550000000000000000e+01,1.000000000000000000e+00
1.783179163980206490e+09,8.303357999466243200e-03,2.889735300050233491e-02,1.716180000039457809e-02,2.100267599962535314e-02,1.326872578449453677e+01,1.195000000000000000e+03,1.188000000000000000e+03,4.310000000000000000e+02,3.800000000000000000e+02,3.627946127946127808e-01,8.816705336426914341e-01,3.239999999999999858e+01,3.410000000000000142e+01,5.600000000000000000e+01,1.000000000000000000e+00
1.783179164092077971e+09,9.479880000071716495e-03,2.755416699983470608e-02,1.892838799903984182e-02,2.187292400049045682e-02,1.284763137030352453e+01,1.187000000000000000e+03,1.195000000000000000e+03,4.360000000000000000e+02,3.680000000000000000e+02,3.648535564853556679e-01,8.440366972477064689e-01,4.420000000000000284e+01,3.410000000000000142e+01,5.600000000000000000e+01,1.000000000000000000e+00
1.783179164207641602e+09,1.025388700145413168e-02,2.777759099990362301e-02,1.868064999871421605e-02,2.741787300146825146e-02,1.188636619630721647e+01,1.190000000000000000e+03,1.187000000000000000e+03,4.440000000000000000e+02,3.500000000000000000e+02,3.740522325189553632e-01,7.882882882882883413e-01,4.350000000000000000e+01,3.410000000000000142e+01,5.550000000000000000e+01,1.000000000000000000e+00
1.783179164316828489e+09,7.974972000738489442e-03,2.790197799913585186e-02,1.753699800065078307e-02,2.367886499996529892e-02,1.297137775986509389e+01,1.193000000000000000e+03,1.190000000000000000e+03,4.430000000000000000e+02,3.660000000000000000e+02,3.722689075630252198e-01,8.261851015801354725e-01,4.320000000000000284e+01,3.410000000000000142e+01,5.639999999999999858e+01,1.000000000000000000e+00
1.783179164425247192e+09,7.620440001119277440e-03,2.842343399970559403e-02,1.849255999877641443e-02,1.972698900135583244e-02,1.346557914502691133e+01,1.195000000000000000e+03,1.193000000000000000e+03,4.390000000000000000e+02,3.910000000000000000e+02,3.679798826487845620e-01,8.906605922551252830e-01,4.420000000000000284e+01,3.410000000000000142e+01,5.639999999999999858e+01,1.000000000000000000e+00
1.783179164530078888e+09,8.677833000547252595e-03,2.811967900015588384e-02,1.772875499955262057e-02,2.057005200003914069e-02,1.331623191805277528e+01,1.177000000000000000e+03,1.195000000000000000e+03,4.240000000000000000e+02,3.630000000000000000e+02,3.548117154811715745e-01,8.561320754716981174e-01,3.850000000000000000e+01,3.410000000000000142e+01,5.639999999999999858e+01,1.000000000000000000e+00
1.783179164642457247e+09,9.716025000670924783e-03,2.721265199943445623e-02,1.728729800015571527e-02,2.544665700042969547e-02,1.255293699047413547e+01,1.180000000000000000e+03,1.177000000000000000e+03,4.270000000000000000e+02,3.450000000000000000e+02,3.627867459643160375e-01,8.079625292740046927e-01,4.220000000000000284e+01,3.410000000000000142e+01,5.550000000000000000e+01,1.000000000000000000e+00
1.783179164757362366e+09,8.397856001465697773e-03,2.995695099889417179e-02,1.924736600085452665e-02,2.399026799866987858e-02,1.225603729641350448e+01,1.193000000000000000e+03,1.180000000000000000e+03,3.980000000000000000e+02,3.210000000000000000e+02,3.372881355932203506e-01,8.065326633165829096e-01,4.189999999999999858e+01,3.410000000000000142e+01,5.639999999999999858e+01,1.000000000000000000e+00
1.783179164865810156e+09,9.876281001197639853e-03,2.786673699847597163e-02,1.869352100038668141e-02,2.234475200020824559e-02,1.269336903855245779e+01,1.196000000000000000e+03,1.193000000000000000e+03,4.700000000000000000e+02,4.050000000000000000e+02,3.939647946353729835e-01,8.617021276595744350e-01,4.050000000000000000e+01,3.410000000000000142e+01,5.639999999999999858e+01,1.000000000000000000e+00
1.783179164979557514e+09,8.418337998591596261e-03,2.755792600146378390e-02,1.701124600003822707e-02,2.676726899881032296e-02,1.253843359046538097e+01,1.198000000000000000e+03,1.196000000000000000e+03,4.960000000000000000e+02,4.150000000000000000e+02,4.147157190635451518e-01,8.366935483870967527e-01,3.900000000000000000e+01,3.410000000000000142e+01,5.550000000000000000e+01,1.000000000000000000e+00
1.783179165093823195e+09,8.249524000348174013e-03,3.166841100028250366e-02,1.927323600102681667e-02,2.198683099959453102e-02,1.231860818629875531e+01,1.193000000000000000e+03,1.198000000000000000e+03,4.620000000000000000e+02,3.970000000000000000e+02,3.856427378964941699e-01,8.593073593073593530e-01,4.050000000000000000e+01,3.410000000000000142e+01,5.639999999999999858e+01,1.000000000000000000e+00
1.783179165201128006e+09,1.073845599967171438e-02,2.761712900064594578e-02,1.777049600059399381e-02,2.076093899995612446e-02,1.300609647751614695e+01,1.183000000000000000e+03,1.193000000000000000e+03,4.450000000000000000e+02,3.950000000000000000e+02,3.730092204526403998e-01,8.876404494382021948e-01,3.420000000000000284e+01,3.410000000000000142e+01,5.739999999999999858e+01,1.000000000000000000e+00
1.783179165313054800e+09,9.639284000513725914e-03,2.707993300100497436e-02,1.734166699861816596e-02,2.453766899998299778e-02,1.272288053443521960e+01,1.172000000000000000e+03,1.183000000000000000e+03,4.170000000000000000e+02,3.340000000000000000e+02,3.524936601859678942e-01,8.009592326139088891e-01,3.900000000000000000e+01,3.410000000000000142e+01,5.639999999999999858e+01,1.000000000000000000e+00
1.783179165426278353e+09,8.112026000162586570e-03,2.868959700026607607e-02,1.837780300047597848e-02,2.488273800008755643e-02,1.249029441656869466e+01,1.184000000000000000e+03,1.172000000000000000e+03,4.280000000000000000e+02,3.560000000000000000e+02,3.651877133105801976e-01,8.317757009345794206e-01,4.439999999999999858e+01,3.410000000000000142e+01,5.600000000000000000e+01,1.000000000000000000e+00
1.783179165544166803e+09,9.259623000616556965e-03,2.965701100038131699e-02,2.002294799967785366e-02,2.717215300071984529e-02,1.161281908887091241e+01,1.188000000000000000e+03,1.184000000000000000e+03,5.070000000000000000e+02,4.230000000000000000e+02,4.282094594594594850e-01,8.343195266272189770e-01,4.000000000000000000e+01,3.410000000000000142e+01,5.500000000000000000e+01,1.000000000000000000e+00
1.783179165649878740e+09,8.704628999112173915e-03,2.781579400107148103e-02,1.944497399927058723e-02,1.859341099952871446e-02,1.341223159058069747e+01,1.170000000000000000e+03,1.188000000000000000e+03,4.300000000000000000e+02,3.820000000000000000e+02,3.619528619528619706e-01,8.883720930232558155e-01,3.679999999999999716e+01,3.410000000000000142e+01,5.600000000000000000e+01,1.000000000000000000e+00
1.783179165757920742e+09,7.331239999984973110e-03,2.785369999946851749e-02,1.849172699985501822e-02,2.305685400096990634e-02,1.303211408735396937e+01,1.189000000000000000e+03,1.170000000000000000e+03,4.760000000000000000e+02,4.030000000000000000e+02,4.068376068376068355e-01,8.466386554621848637e-01,4.050000000000000000e+01,3.410000000000000142e+01,5.639999999999999858e+01,1.000000000000000000e+00
1.783179165871783018e+09,9.680413999376469292e-03,2.775375700002769008e-02,1.774092200139421038e-02,2.682761999858485069e-02,1.219471848458869268e+01,1.188000000000000000e+03,1.189000000000000000e+03,4.440000000000000000e+02,3.570000000000000000e+02,3.734230445752733663e-01,8.040540540540540571e-01,4.320000000000000284e+01,3.410000000000000142e+01,5.789999999999999858e+01,1.000000000000000000e+00
1.783179165984644175e+09,8.130711001285817474e-03,2.791953299856686499e-02,1.878361200033396017e-02,2.607942699978593737e-02,1.235891021750209973e+01,1.183000000000000000e+03,1.188000000000000000e+03,4.430000000000000000e+02,3.690000000000000000e+02,3.728956228956228913e-01,8.329571106094808552e-01,4.050000000000000000e+01,3.410000000000000142e+01,5.600000000000000000e+01,1.000000000000000000e+00
1.783179166096416712e+09,8.618760000899783336e-03,2.816523299952677917e-02,1.850952400127425790e-02,2.588605799974175170e-02,1.231836949112174828e+01,1.173000000000000000e+03,1.183000000000000000e+03,4.170000000000000000e+02,3.300000000000000000e+02,3.524936601859678942e-01,7.913669064748201087e-01,3.950000000000000000e+01,3.410000000000000142e+01,5.739999999999999858e+01,1.000000000000000000e+00
1.783179166209950686e+09,8.338264000485651195e-03,2.755075999994005542e-02,1.896175799993216060e-02,2.534802800073521212e-02,1.246901294403707894e+01,1.198000000000000000e+03,1.173000000000000000e+03,4.100000000000000000e+02,3.330000000000000000e+02,3.495311167945439057e-01,8.121951219512195674e-01,4.189999999999999858e+01,3.410000000000000142e+01,5.600000000000000000e+01,1.000000000000000000e+00
1.783179166320567846e+09,7.293905999176786281e-03,2.779057199950329959e-02,1.798132600015378557e-02,2.675334400009887759e-02,1.252832215163923912e+01,1.183000000000000000e+03,1.198000000000000000e+03,4.930000000000000000e+02,4.040000000000000000e+02,4.115191986644407551e-01,8.194726166328600847e-01,3.750000000000000000e+01,3.410000000000000142e+01,5.550000000000000000e+01,1.000000000000000000e+00
1.783179166437592506e+09,1.171438700112048537e-02,2.873404099955223501e-02,1.888235200021881610e-02,2.581939300034719054e-02,1.174395734915832179e+01,1.195000000000000000e+03,1.183000000000000000e+03,5.000000000000000000e+02,4.320000000000000000e+02,4.226542688081149635e-01,8.639999999999999902e-01,4.129999999999999716e+01,3.410000000000000142e+01,5.639999999999999858e+01,1.000000000000000000e+00
1.783179166546647787e+09,8.210469999539782293e-03,2.737753899964445736e-02,1.699470899984589778e-02,2.426626499982376117e-02,1.301253394615402570e+01,1.174000000000000000e+03,1.195000000000000000e+03,4.130000000000000000e+02,3.580000000000000000e+02,3.456066945606694474e-01,8.668280871670702714e-01,4.320000000000000284e+01,3.410000000000000142e+01,5.639999999999999858e+01,1.000000000000000000e+00
1.783179166659345865e+09,9.269825999581371434e-03,2.759748100106662605e-02,1.895844399950874504e-02,2.526014099930762313e-02,1.233260158261076711e+01,1.190000000000000000e+03,1.174000000000000000e+03,4.260000000000000000e+02,3.420000000000000000e+02,3.628620102214650811e-01,8.028169014084507449e-01,3.950000000000000000e+01,3.410000000000000142e+01,5.600000000000000000e+01,1.000000000000000000e+00
1.783179166766146421e+09,9.868911000012303703e-03,2.749224199942545965e-02,1.764503400045214221e-02,2.034794399878592230e-02,1.327067257955071788e+01,1.189000000000000000e+03,1.190000000000000000e+03,4.390000000000000000e+02,3.850000000000000000e+02,3.689075630252101057e-01,8.769931662870159572e-01,4.389999999999999858e+01,3.410000000000000142e+01,5.639999999999999858e+01,1.000000000000000000e+00
1.783179166877877235e+09,7.994027999302488752e-03,2.805195700057083741e-02,1.827130399942689110e-02,2.400845299962384161e-02,1.276719472397384614e+01,1.192000000000000000e+03,1.189000000000000000e+03,4.760000000000000000e+02,4.120000000000000000e+02,4.003364171572750263e-01,8.655462184873949916e-01,4.320000000000000284e+01,3.410000000000000142e+01,5.689999999999999858e+01,1.000000000000000000e+00
1.783179166989338160e+09,7.410850001178914681e-03,2.855756200005998835e-02,1.954369499981112313e-02,2.341020099993329495e-02,1.267068874857968730e+01,1.186000000000000000e+03,1.192000000000000000e+03,4.480000000000000000e+02,3.760000000000000000e+02,3.758389261744966570e-01,8.392857142857143016e-01,4.189999999999999858e+01,3.410000000000000142e+01,5.639999999999999858e+01,1.000000000000000000e+00
1.783179167097579718e+09,8.161803001712542027e-03,2.796118099831801374e-02,1.959982400148874149e-02,2.094149199911043979e-02,1.304388091969516239e+01,1.179000000000000000e+03,1.186000000000000000e+03,4.310000000000000000e+02,3.720000000000000000e+02,3.634064080944350850e-01,8.631090487238979314e-01,4.000000000000000000e+01,3.410000000000000142e+01,5.739999999999999858e+01,1.000000000000000000e+00
1.783179167210358620e+09,7.973899000717210583e-03,2.853950600001553539e-02,1.846920899879478384e-02,2.346953400046913885e-02,1.274662358511895022e+01,1.180000000000000000e+03,1.179000000000000000e+03,4.530000000000000000e+02,3.830000000000000000e+02,3.842239185750636055e-01,8.454746136865342043e-01,4.189999999999999858e+01,3.410000000000000142e+01,5.639999999999999858e+01,1.000000000000000000e+00
1.783179167318956137e+09,8.059619000050588511e-03,2.837169399936101399e-02,1.866639100080647040e-02,2.088199299942061771e-02,1.316141073851288645e+01,1.194000000000000000e+03,1.180000000000000000e+03,4.330000000000000000e+02,3.780000000000000000e+02,3.669491525423728695e-01,8.729792147806004765e-01,4.320000000000000284e+01,3.420000000000000284e+01,5.600000000000000000e+01,1.000000000000000000e+00
1.783179167425796509e+09,9.375214000101550482e-03,2.725293000003148336e-02,1.856707799925061408e-02,2.036200000111421105e-02,1.323500220790821125e+01,1.191000000000000000e+03,1.194000000000000000e+03,4.640000000000000000e+02,4.080000000000000000e+02,3.886097152428810708e-01,8.793103448275861878e-01,4.150000000000000000e+01,3.410000000000000142e+01,5.639999999999999858e+01,1.000000000000000000e+00
1.783179167532428026e+09,7.886158999099279754e-03,2.800666099938098341e-02,1.797193800121021923e-02,2.076680899881466758e-02,1.339915588292591764e+01,1.184000000000000000e+03,1.191000000000000000e+03,4.400000000000000000e+02,3.980000000000000000e+02,3.694374475230898236e-01,9.045454545454545414e-01,4.550000000000000000e+01,3.410000000000000142e+01,5.600000000000000000e+01,1.000000000000000000e+00
1.783179167639121294e+09,7.840881999072735198e-03,2.847065500100143254e-02,1.885651900010998361e-02,1.942676999897230417e-02,1.340575551461583004e+01,1.181000000000000000e+03,1.184000000000000000e+03,4.320000000000000000e+02,3.870000000000000000e+02,3.648648648648648574e-01,8.958333333333333703e-01,4.050000000000000000e+01,3.410000000000000142e+01,5.600000000000000000e+01,1.000000000000000000e+00
1.783179167753698349e+09,7.704698000452481210e-03,2.876802199898520485e-02,1.862065100067411549e-02,2.779507199920772109e-02,1.206440806239067065e+01,1.166000000000000000e+03,1.181000000000000000e+03,4.520000000000000000e+02,3.770000000000000000e+02,3.827265029635901761e-01,8.340707964601770108e-01,4.089999999999999858e+01,3.420000000000000284e+01,5.600000000000000000e+01,1.000000000000000000e+00
1.783179167863878489e+09,8.004638999409507960e-03,2.961295500062988140e-02,1.954256599856307730e-02,2.168240900027740281e-02,1.268350350194965337e+01,1.184000000000000000e+03,1.166000000000000000e+03,4.160000000000000000e+02,3.590000000000000000e+02,3.567753001715265881e-01,8.629807692307692735e-01,4.289999999999999858e+01,3.410000000000000142e+01,5.639999999999999858e+01,1.000000000000000000e+00
1.783179167980028629e+09,7.000872999924467877e-03,2.921779399912338704e-02,1.921464400038530584e-02,2.300157699937699363e-02,1.274942854530715763e+01,1.182000000000000000e+03,1.184000000000000000e+03,4.480000000000000000e+02,3.910000000000000000e+02,3.783783783783783994e-01,8.727678571428570953e-01,4.350000000000000000e+01,3.410000000000000142e+01,5.639999999999999858e+01,1.000000000000000000e+00
1.783179168088108063e+09,8.606316001532832161e-03,2.824152899847831577e-02,1.867652100008854177e-02,2.094330700128921308e-02,1.307742161817630766e+01,1.189000000000000000e+03,1.182000000000000000e+03,4.900000000000000000e+02,4.530000000000000000e+02,4.145516074450084631e-01,9.244897959183673297e-01,3.750000000000000000e+01,3.410000000000000142e+01,5.639999999999999858e+01,1.000000000000000000e+00
1.783179168196227312e+09,9.288604000175837427e-03,2.819021400136989541e-02,2.007291099835128989e-02,2.070208700024522841e-02,1.277892952847414065e+01,1.179000000000000000e+03,1.189000000000000000e+03,4.650000000000000000e+02,4.120000000000000000e+02,3.910849453322119418e-01,8.860215053763440540e-01,4.650000000000000000e+01,3.420000000000000284e+01,5.739999999999999858e+01,1.000000000000000000e+00
1.783179168307277203e+09,8.314598000652040355e-03,2.750024200031475630e-02,1.834574699933000375e-02,2.198283100005937740e-02,1.313311151852051495e+01,1.176000000000000000e+03,1.179000000000000000e+03,4.330000000000000000e+02,3.700000000000000000e+02,3.672603901611535271e-01,8.545034642032333094e-01,3.900000000000000000e+01,3.420000000000000284e+01,5.689999999999999858e+01,1.000000000000000000e+00
1.783179168416632652e+09,7.599847000165027566e-03,2.812373399865464307e-02,1.766307100115227513e-02,2.310366799974872265e-02,1.307354969888545249e+01,1.183000000000000000e+03,1.176000000000000000e+03,4.600000000000000000e+02,4.120000000000000000e+02,3.911564625850340038e-01,8.956521739130435256e-01,4.289999999999999858e+01,3.410000000000000142e+01,5.639999999999999858e+01,1.000000000000000000e+00
1.783179168524138451e+09,8.261171999038197100e-03,2.844624800127348863e-02,1.949334399978397414e-02,2.030348200059961528e-02,1.307116993207033140e+01,1.191000000000000000e+03,1.183000000000000000e+03,4.320000000000000000e+02,3.770000000000000000e+02,3.651732882502113364e-01,8.726851851851852304e-01,4.050000000000000000e+01,3.410000000000000142e+01,5.639999999999999858e+01,1.000000000000000000e+00
1.783179168636632919e+09,1.015083299898833502e-02,2.761536999969393946e-02,1.854670800094027072e-02,2.425819099880754948e-02,1.241139782374435896e+01,1.176000000000000000e+03,1.191000000000000000e+03,4.330000000000000000e+02,3.520000000000000000e+02,3.635600335852224863e-01,8.129330254041570170e-01,4.189999999999999858e+01,3.410000000000000142e+01,5.600000000000000000e+01,1.000000000000000000e+00
1.783179168748699665e+09,9.109421000175643712e-03,2.808162399924185593e-02,1.786671599984401837e-02,2.355503299986594357e-02,1.272057573746964465e+01,1.187000000000000000e+03,1.176000000000000000e+03,4.480000000000000000e+02,3.720000000000000000e+02,3.809523809523809312e-01,8.303571428571429047e-01,4.089999999999999858e+01,3.410000000000000142e+01,5.550000000000000000e+01,1.000000000000000000e+00
1.783179168855082035e+09,8.030749999306863174e-03,2.749659400069504045e-02,1.822372999959043227e-02,1.935606799997913186e-02,1.367855414189029162e+01,1.181000000000000000e+03,1.187000000000000000e+03,4.100000000000000000e+02,3.620000000000000000e+02,3.454085930918281422e-01,8.829268292682926900e-01,4.389999999999999858e+01,3.410000000000000142e+01,5.600000000000000000e+01,1.000000000000000000e+00
1.783179168966643810e+09,1.147972400030994322e-02,2.756738899915944785e-02,1.803073300106916577e-02,2.158739199876436032e-02,1.271209527146998930e+01,1.182000000000000000e+03,1.181000000000000000e+03,4.300000000000000000e+02,3.740000000000000000e+02,3.640982218458932995e-01,8.697674418604650626e-01,4.439999999999999858e+01,3.420000000000000284e+01,5.600000000000000000e+01,1.000000000000000000e+00
1.783179169080105543e+09,7.286685000508441590e-03,2.848872999857121613e-02,1.743005500065919477e-02,2.617203699992387556e-02,1.259802729763544882e+01,1.173000000000000000e+03,1.182000000000000000e+03,4.260000000000000000e+02,3.400000000000000000e+02,3.604060913705584013e-01,7.981220657276995034e-01,4.050000000000000000e+01,3.420000000000000284e+01,5.639999999999999858e+01,1.000000000000000000e+00
1.783179169189070225e+09,7.372998001301311888e-03,2.771520199894439429e-02,1.854026399996655528e-02,2.346046000093338080e-02,1.297203214284244943e+01,1.162000000000000000e+03,1.173000000000000000e+03,4.210000000000000000e+02,3.540000000000000000e+02,3.589087809036657917e-01,8.408551068883610702e-01,4.320000000000000284e+01,3.410000000000000142e+01,5.689999999999999858e+01,1.000000000000000000e+00
1.783179169295174837e+09,1.041708899902005214e-02,2.732811399982892908e-02,1.973891499983437825e-02,1.786886500121909194e-02,1.327087475755663881e+01,1.175000000000000000e+03,1.162000000000000000e+03,3.690000000000000000e+02,3.280000000000000000e+02,3.175559380378657481e-01,8.888888888888888395e-01,4.650000000000000000e+01,3.410000000000000142e+01,5.639999999999999858e+01,1.000000000000000000e+00
1.783179169405928612e+09,9.255753000616095960e-03,2.739261299939244054e-02,1.799521499924594536e-02,2.279648700096004177e-02,1.291321180137948410e+01,1.182000000000000000e+03,1.175000000000000000e+03,4.540000000000000000e+02,3.880000000000000000e+02,3.863829787234042690e-01,8.546255506607929320e-01,4.050000000000000000e+01,3.410000000000000142e+01,5.550000000000000000e+01,1.000000000000000000e+00
1.783179169520858765e+09,9.185179000269272365e-03,3.054042499934439547e-02,1.953441799923893996e-02,2.360410599976603407e-02,1.206794814780009695e+01,1.162000000000000000e+03,1.182000000000000000e+03,4.330000000000000000e+02,3.610000000000000000e+02,3.663282571912013785e-01,8.337182448036951632e-01,4.189999999999999858e+01,3.410000000000000142e+01,5.639999999999999858e+01,1.000000000000000000e+00
1.783179169631483793e+09,8.236060999479377642e-03,2.879011500044725835e-02,1.926862400068785064e-02,2.335442499861528631e-02,1.255504997078967477e+01,1.184000000000000000e+03,1.162000000000000000e+03,4.420000000000000000e+02,3.740000000000000000e+02,3.803786574870912096e-01,8.461538461538461453e-01,4.050000000000000000e+01,3.410000000000000142e+01,5.689999999999999858e+01,1.000000000000000000e+00
1.783179169748891830e+09,8.949479000875726342e-03,2.866833799998858012e-02,1.859300299838650972e-02,2.515910500005702488e-02,1.228955292767575180e+01,1.163000000000000000e+03,1.184000000000000000e+03,4.490000000000000000e+02,3.670000000000000000e+02,3.792229729729729715e-01,8.173719376391982427e-01,4.089999999999999858e+01,3.410000000000000142e+01,5.689999999999999858e+01,1.000000000000000000e+00
1.783179169857375145e+09,7.045780999760609120e-03,2.859804299987445120e-02,1.833456200074579101e-02,2.301746599914622493e-02,1.298771263685921973e+01,1.164000000000000000e+03,1.163000000000000000e+03,4.470000000000000000e+02,3.780000000000000000e+02,3.843508168529664593e-01,8.456375838926174504e-01,4.220000000000000284e+01,3.410000000000000142e+01,5.639999999999999858e+01,1.000000000000000000e+00
1.783179169963566065e+09,9.368547000121907331e-03,2.712708000035490841e-02,1.814180600013060030e-02,2.075993899961758871e-02,1.326306174168797014e+01,1.168000000000000000e+03,1.164000000000000000e+03,4.410000000000000000e+02,3.910000000000000000e+02,3.788659793814432852e-01,8.866213151927437863e-01,4.250000000000000000e+01,3.410000000000000142e+01,5.739999999999999858e+01,1.000000000000000000e+00
1.783179170075776100e+09,8.518038999682175927e-03,2.769340600025316235e-02,1.850617200034321286e-02,2.439087399943673518e-02,1.264086809598730632e+01,1.179000000000000000e+03,1.168000000000000000e+03,4.330000000000000000e+02,3.570000000000000000e+02,3.707191780821917915e-01,8.244803695150115797e-01,4.320000000000000284e+01,3.410000000000000142e+01,5.689999999999999858e+01,1.000000000000000000e+00
1.783179170180315971e+09,7.750586000838666223e-03,2.798256899950501975e-02,1.776258800055074971e-02,2.018987199880939443e-02,1.357116989529122364e+01,1.168000000000000000e+03,1.179000000000000000e+03,4.390000000000000000e+02,3.910000000000000000e+02,3.723494486853265450e-01,8.906605922551252830e-01,4.650000000000000000e+01,3.410000000000000142e+01,5.639999999999999858e+01,1.000000000000000000e+00
1.783179170291181564e+09,8.594834998802980408e-03,2.710108000064792577e-02,1.873852099924988579e-02,2.151959600087138824e-02,1.316585800218785707e+01,1.151000000000000000e+03,1.168000000000000000e+03,4.330000000000000000e+02,3.760000000000000000e+02,3.707191780821917915e-01,8.683602771362586292e-01,4.289999999999999858e+01,3.410000000000000142e+01,5.739999999999999858e+01,1.000000000000000000e+00
1.783179170404426813e+09,8.996200000183307566e-03,2.870983800130488817e-02,2.052345999982208014e-02,2.223471700017398689e-02,1.242788486759677902e+01,1.190000000000000000e+03,1.151000000000000000e+03,4.230000000000000000e+02,3.630000000000000000e+02,3.675065160729800162e-01,8.581560283687943436e-01,4.089999999999999858e+01,3.410000000000000142e+01,5.639999999999999858e+01,1.000000000000000000e+00
1.783179170509974003e+09,7.920603000457049347e-03,2.854108000065025408e-02,1.839478399961080868e-02,2.093960300044273026e-02,1.319329616937507055e+01,1.175000000000000000e+03,1.190000000000000000e+03,4.270000000000000000e+02,3.840000000000000000e+02,3.588235294117647078e-01,8.992974238875878212e-01,4.189999999999999858e+01,3.410000000000000142e+01,5.689999999999999858e+01,1.000000000000000000e+00
1.783179170620521545e+09,6.698211000184528530e-03,3.115617699950234964e-02,1.862368799993419088e-02,2.284069000052113552e-02,1.260735700298473105e+01,1.167000000000000000e+03,1.175000000000000000e+03,4.830000000000000000e+02,4.510000000000000000e+02,4.110638297872340474e-01,9.337474120082815965e-01,4.050000000000000000e+01,3.410000000000000142e+01,5.600000000000000000e+01,1.000000000000000000e+00
1.783179170730271339e+09,6.847190999906160869e-03,2.927412600001844112e-02,1.991143200029910076e-02,2.153737299886415713e-02,1.289156152173847225e+01,1.154000000000000000e+03,1.167000000000000000e+03,4.110000000000000000e+02,3.570000000000000000e+02,3.521850899742930419e-01,8.686131386861314363e-01,4.550000000000000000e+01,3.410000000000000142e+01,5.739999999999999858e+01,1.000000000000000000e+00
1.783179170841277361e+09,9.985835999032133259e-03,2.838224900006025564e-02,1.758070200048678089e-02,2.367405000040889718e-02,1.255921087062182728e+01,1.125000000000000000e+03,1.154000000000000000e+03,3.730000000000000000e+02,3.020000000000000000e+02,3.232235701906412406e-01,8.096514745308310834e-01,3.660000000000000142e+01,3.410000000000000142e+01,5.639999999999999858e+01,1.000000000000000000e+00
1.783179170953580379e+09,9.711949998745694757e-03,2.837439700124377850e-02,1.950169599876971915e-02,2.264784100043470971e-02,1.246325147997430349e+01,1.149000000000000000e+03,1.125000000000000000e+03,3.320000000000000000e+02,2.660000000000000000e+02,2.951111111111111018e-01,8.012048192771084043e-01,3.950000000000000000e+01,3.410000000000000142e+01,5.689999999999999858e+01,1.000000000000000000e+00
1.783179171059519053e+09,8.197135999580495991e-03,2.913566499955777545e-02,2.006072599942854140e-02,1.630277300137095153e-02,1.356920225304180150e+01,1.146000000000000000e+03,1.149000000000000000e+03,3.780000000000000000e+02,3.420000000000000000e+02,3.289817232375978895e-01,9.047619047619047672e-01,4.000000000000000000e+01,3.410000000000000142e+01,5.739999999999999858e+01,1.000000000000000000e+00
1.783179171172122955e+09,1.064051200046378653e-02,2.813002999937452842e-02,1.699295000071288086e-02,2.251156499914941378e-02,1.277546179243056734e+01,1.108000000000000000e+03,1.146000000000000000e+03,3.970000000000000000e+02,3.390000000000000000e+02,3.464223385689354506e-01,8.539042821158689955e-01,4.420000000000000284e+01,3.410000000000000142e+01,5.739999999999999858e+01,1.000000000000000000e+00
1.783179171284242630e+09,6.158643998787738383e-03,2.853402500113588758e-02,1.772318099938274827e-02,2.582780000011553057e-02,1.278058986265835451e+01,1.155000000000000000e+03,1.108000000000000000e+03,3.630000000000000000e+02,2.840000000000000000e+02,3.276173285198555885e-01,7.823691460055096636e-01,4.220000000000000284e+01,3.410000000000000142e+01,5.689999999999999858e+01,1.000000000000000000e+00
1.783179171393233776e+09,7.693698000366566703e-03,2.909433199965860695e-02,2.119839700026204810e-02,1.766818199939734768e-02,1.321796534569585013e+01,1.159000000000000000e+03,1.155000000000000000e+03,3.990000000000000000e+02,3.640000000000000000e+02,3.454545454545454586e-01,9.122807017543859143e-01,4.320000000000000284e+01,3.410000000000000142e+01,5.839999999999999858e+01,1.000000000000000000e+00
1.783179171506723881e+09,9.666617999755544588e-03,2.764285100056440569e-02,2.029088899871567264e-02,2.372529000058420934e-02,1.229624386152661941e+01,1.125000000000000000e+03,1.159000000000000000e+03,3.970000000000000000e+02,3.350000000000000000e+02,3.425366695427092267e-01,8.438287153652392902e-01,4.189999999999999858e+01,3.410000000000000142e+01,5.639999999999999858e+01,1.000000000000000000e+00
1.783179171628309250e+09,8.104823000394389965e-03,2.790603299945360050e-02,1.735755600020638667e-02,3.416560099867638201e-02,1.142413064067450001e+01,1.131000000000000000e+03,1.125000000000000000e+03,3.950000000000000000e+02,3.060000000000000000e+02,3.511111111111110961e-01,7.746835443037974889e-01,4.039999999999999858e+01,3.410000000000000142e+01,5.689999999999999858e+01,1.000000000000000000e+00
1.783179171739655733e+09,1.177318300142360386e-02,2.728444899912574328e-02,1.800788100081263110e-02,2.162937199864245486e-02,1.270730619912518655e+01,1.150000000000000000e+03,1.131000000000000000e+03,3.470000000000000000e+02,2.870000000000000000e+02,3.068081343943412920e-01,8.270893371757924717e-01,4.220000000000000284e+01,3.410000000000000142e+01,5.689999999999999858e+01,1.000000000000000000e+00
1.783179171847094059e+09,7.393776000753859989e-03,2.873063299921341240e-02,2.013870600057998672e-02,1.842598800067207776e-02,1.338883397734304737e+01,1.140000000000000000e+03,1.150000000000000000e+03,3.980000000000000000e+02,3.630000000000000000e+02,3.460869565217391530e-01,9.120603015075376963e-01,4.189999999999999858e+01,3.410000000000000142e+01,5.639999999999999858e+01,1.000000000000000000e+00
1.783179171951909542e+09,7.537589001003652811e-03,2.869931900022493210e-02,1.834693199998582713e-02,2.010818799863045570e-02,1.338830966006274359e+01,1.124000000000000000e+03,1.140000000000000000e+03,3.870000000000000000e+02,3.400000000000000000e+02,3.394736842105263164e-01,8.785529715762273595e-01,4.000000000000000000e+01,3.410000000000000142e+01,5.689999999999999858e+01,1.000000000000000000e+00
1.783179172061261415e+09,9.340566000901162624e-03,2.745694599980197381e-02,1.939371600019512698e-02,2.122680299908097368e-02,1.291688754006503004e+01,1.138000000000000000e+03,1.124000000000000000e+03,3.720000000000000000e+02,3.110000000000000000e+02,3.309608540925266795e-01,8.360215053763441206e-01,4.389999999999999858e+01,3.410000000000000142e+01,5.689999999999999858e+01,1.000000000000000000e+00
1.783179172166907310e+09,1.001496500066423323e-02,2.722904199981712736e-02,1.718026200069289189e-02,2.095349199953489006e-02,1.326651238673157351e+01,1.137000000000000000e+03,1.138000000000000000e+03,4.010000000000000000e+02,3.430000000000000000e+02,3.523725834797891143e-01,8.553615960099750781e-01,4.000000000000000000e+01,3.410000000000000142e+01,5.639999999999999858e+01,1.000000000000000000e+00
1.783179172278252125e+09,8.586649999415385537e-03,2.772220199949515518e-02,1.675006400000711437e-02,2.454028000101970974e-02,1.288673145532083986e+01,1.142000000000000000e+03,1.137000000000000000e+03,3.410000000000000000e+02,2.720000000000000000e+02,2.999120492524186554e-01,7.976539589442814826e-01,4.320000000000000284e+01,3.410000000000000142e+01,5.600000000000000000e+01,1.000000000000000000e+00
1.783179172385596514e+09,6.318494000879582018e-03,2.836319299967726693e-02,1.943193800070730504e-02,2.160461299899907317e-02,1.320685777178971776e+01,1.150000000000000000e+03,1.142000000000000000e+03,3.670000000000000000e+02,3.030000000000000000e+02,3.213660245183888042e-01,8.256130790190735480e-01,4.150000000000000000e+01,3.410000000000000142e+01,5.689999999999999858e+01,1.000000000000000000e+00
1.783179172491506100e+09,7.984989999386016279e-03,2.745579800102859735e-02,1.859933699961402453e-02,2.017442800024582539e-02,1.347444617764256769e+01,1.136000000000000000e+03,1.150000000000000000e+03,4.040000000000000000e+02,3.630000000000000000e+02,3.513043478260869379e-01,8.985148514851485357e-01,4.520000000000000284e+01,3.410000000000000142e+01,5.600000000000000000e+01,1.000000000000000000e+00
1.783179172603884220e+09,1.017559299907588866e-02,2.696804399965913035e-02,1.776795900150318630e-02,2.580185599981632549e-02,1.238950850472018494e+01,1.130000000000000000e+03,1.136000000000000000e+03,3.840000000000000000e+02,3.030000000000000000e+02,3.380281690140845008e-01,7.890625000000000000e-01,4.579999999999999716e+01,3.410000000000000142e+01,5.639999999999999858e+01,1.000000000000000000e+00
1.783179172712108612e+09,8.931016000133240595e-03,2.793994000057864469e-02,1.912762599931738805e-02,1.897907300008228049e-02,1.333730696163426543e+01,1.166000000000000000e+03,1.130000000000000000e+03,3.530000000000000000e+02,3.110000000000000000e+02,3.123893805309734262e-01,8.810198300283286210e-01,4.150000000000000000e+01,3.410000000000000142e+01,5.600000000000000000e+01,1.000000000000000000e+00
1.783179172818009138e+09,7.582737000120687298e-03,2.893720499923801981e-02,1.941280800019740127e-02,1.750507299948367290e-02,1.361696138532150258e+01,1.144000000000000000e+03,1.166000000000000000e+03,3.550000000000000000e+02,3.160000000000000000e+02,3.044596912521440601e-01,8.901408450704225706e-01,4.150000000000000000e+01,3.410000000000000142e+01,5.639999999999999858e+01,1.000000000000000000e+00
1.783179172927701235e+09,7.256258999404963106e-03,2.897311200104013551e-02,2.071767999950679950e-02,2.164250200075912289e-02,1.272433754637785874e+01,1.139000000000000000e+03,1.144000000000000000e+03,3.970000000000000000e+02,3.450000000000000000e+02,3.470279720279720315e-01,8.690176322418136090e-01,4.220000000000000284e+01,3.410000000000000142e+01,5.739999999999999858e+01,1.000000000000000000e+00
1.783179173025984049e+09,7.947694999529630877e-03,2.879102199949556962e-02,1.697098700060450938e-02,8.522262000042246655e-03,1.606891223724590745e+01,1.141000000000000000e+03,1.139000000000000000e+03,1.350000000000000000e+02,1.320000000000000000e+02,1.185250219490781437e-01,9.777777777777777457e-01,4.320000000000000284e+01,3.410000000000000142e+01,5.689999999999999858e+01,1.000000000000000000e+00
1.783179173137460709e+09,9.712561000924324617e-03,2.860315399993851315e-02,1.880714899925806094e-02,2.078532700033974834e-02,1.283562083984323721e+01,1.122000000000000000e+03,1.141000000000000000e+03,3.420000000000000000e+02,2.900000000000000000e+02,2.997370727432077109e-01,8.479532163742690143e-01,4.320000000000000284e+01,3.410000000000000142e+01,5.639999999999999858e+01,1.000000000000000000e+00
1.783179173245483875e+09,8.625538999694981612e-03,2.826745400125219021e-02,1.776405099917610642e-02,2.195203500014031306e-02,1.305328314933220035e+01,1.133000000000000000e+03,1.122000000000000000e+03,3.780000000000000000e+02,3.250000000000000000e+02,3.368983957219251479e-01,8.597883597883597684e-01,4.350000000000000000e+01,3.410000000000000142e+01,5.639999999999999858e+01,1.000000000000000000e+00
1.783179173351313353e+09,8.059007999690948054e-03,2.786110799934249371e-02,2.066057000047294423e-02,1.670525000008638017e-02,1.364518289028275255e+01,1.150000000000000000e+03,1.133000000000000000e+03,3.450000000000000000e+02,3.100000000000000000e+02,3.045013239187996379e-01,8.985507246376811530e-01,4.100000000000000000e+01,3.410000000000000142e+01,5.739999999999999858e+01,1.000000000000000000e+00
1.783179173454074860e+09,8.088433998636901379e-03,2.660103100060950965e-02,1.901473900034034159e-02,1.744420399882073980e-02,1.405512826123084658e+01,1.122000000000000000e+03,1.150000000000000000e+03,3.500000000000000000e+02,3.030000000000000000e+02,3.043478260869565410e-01,8.657142857142857695e-01,4.389999999999999858e+01,3.410000000000000142e+01,5.639999999999999858e+01,1.000000000000000000e+00
1.783179173558418274e+09,8.597464000558829866e-03,2.740416899905540049e-02,1.877381600024818908e-02,2.043527600108063780e-02,1.329597607239474399e+01,1.123000000000000000e+03,1.122000000000000000e+03,3.240000000000000000e+02,2.690000000000000000e+02,2.887700534759358173e-01,8.302469135802469369e-01,4.629999999999999716e+01,3.410000000000000142e+01,5.689999999999999858e+01,1.000000000000000000e+00
1.783179173660784483e+09,9.481786999458563514e-03,2.710782000031031203e-02,1.780229199903260451e-02,1.769457000045804307e-02,1.387222892010804465e+01,1.133000000000000000e+03,1.123000000000000000e+03,3.800000000000000000e+02,3.430000000000000000e+02,3.383793410507568988e-01,9.026315789473684514e-01,4.389999999999999858e+01,3.410000000000000142e+01,5.639999999999999858e+01,1.000000000000000000e+00
1.783179173773649693e+09,1.025027700052305590e-02,2.760670299903722480e-02,1.745466700049291831e-02,2.583281800070835743e-02,1.232369946601551725e+01,1.120000000000000000e+03,1.133000000000000000e+03,3.960000000000000000e+02,3.220000000000000000e+02,3.495145631067961278e-01,8.131313131313131493e-01,4.189999999999999858e+01,3.410000000000000142e+01,5.739999999999999858e+01,1.000000000000000000e+00
1.783179173878877401e+09,6.698025999867240898e-03,2.745409400085918605e-02,1.732577899929310661e-02,2.366551300110586453e-02,1.330788652483631296e+01,1.141000000000000000e+03,1.120000000000000000e+03,3.680000000000000000e+02,3.030000000000000000e+02,3.285714285714285698e-01,8.233695652173913526e-01,3.850000000000000000e+01,3.410000000000000142e+01,5.689999999999999858e+01,1.000000000000000000e+00
1.783179173987241268e+09,8.799258001090493053e-03,2.718481999909272417e-02,1.849783800025761593e-02,2.142031999937898945e-02,1.317484243813810529e+01,1.121000000000000000e+03,1.141000000000000000e+03,3.540000000000000000e+02,2.950000000000000000e+02,3.102541630148992202e-01,8.333333333333333703e-01,4.150000000000000000e+01,3.410000000000000142e+01,5.739999999999999858e+01,1.000000000000000000e+00
1.783179174097262144e+09,9.989760999815189280e-03,2.639049699973838869e-02,1.950204700005997438e-02,2.076653199947031680e-02,1.304651236928686053e+01,1.134000000000000000e+03,1.121000000000000000e+03,3.670000000000000000e+02,3.050000000000000000e+02,3.273862622658340604e-01,8.310626702997274684e-01,4.150000000000000000e+01,3.410000000000000142e+01,5.789999999999999858e+01,1.000000000000000000e+00
1.783179174204472303e+09,7.757661000141524710e-03,2.740168699892819859e-02,1.742050000029848889e-02,1.859035599954950158e-02,1.405082385340931417e+01,1.108000000000000000e+03,1.134000000000000000e+03,2.450000000000000000e+02,2.080000000000000000e+02,2.160493827160493707e-01,8.489795918367346594e-01,4.289999999999999858e+01,3.410000000000000142e+01,5.739999999999999858e+01,1.000000000000000000e+00
1.783179174312019825e+09,8.307707999847480096e-03,2.804973499951302074e-02,1.834317400061991066e-02,2.023029699921607971e-02,1.334562661294540398e+01,1.127000000000000000e+03,1.108000000000000000e+03,3.040000000000000000e+02,2.510000000000000000e+02,2.743682310469314212e-01,8.256578947368421462e-01,4.089999999999999858e+01,3.410000000000000142e+01,5.639999999999999858e+01,1.000000000000000000e+00
1.783179174413049698e+09,7.594717999381828122e-03,2.738170600059675053e-02,1.814238000042678323e-02,1.534176699897216167e-02,1.460694799067761984e+01,1.109000000000000000e+03,1.127000000000000000e+03,2.790000000000000000e+02,2.400000000000000000e+02,2.475598935226264452e-01,8.602150537634408733e-01,3.710000000000000142e+01,3.410000000000000142e+01,5.789999999999999858e+01,1.000000000000000000e+00
1.783179174514268398e+09,6.959652000659843907e-03,2.688849100013612770e-02,1.848878199962200597e-02,1.718802200048230588e-02,1.438332631863855937e+01,1.120000000000000000e+03,1.109000000000000000e+03,3.590000000000000000e+02,3.340000000000000000e+02,3.237150586113615724e-01,9.303621169916435063e-01,4.360000000000000142e+01,3.410000000000000142e+01,5.739999999999999858e+01,1.000000000000000000e+00
1.783179174616411448e+09,8.494465999319800176e-03,2.705841399983910378e-02,1.850904200000513811e-02,1.636027300082787406e-02,1.420006860053304010e+01,1.129000000000000000e+03,1.120000000000000000e+03,3.260000000000000000e+02,2.790000000000000000e+02,2.910714285714285920e-01,8.558282208588957607e-01,4.360000000000000142e+01,3.410000000000000142e+01,5.639999999999999858e+01,1.000000000000000000e+00
1.783179174715530396e+09,8.352560000275843777e-03,2.715317299953312613e-02,1.806491699971957132e-02,1.376884300043457188e-02,1.485012665599587756e+01,1.135000000000000000e+03,1.129000000000000000e+03,2.830000000000000000e+02,2.550000000000000000e+02,2.506643046944198594e-01,9.010600706713780550e-01,4.050000000000000000e+01,3.410000000000000142e+01,5.789999999999999858e+01,1.000000000000000000e+00
1.783179174813314199e+09,8.490688000165391713e-03,2.666165999835357070e-02,1.849448600114556029e-02,1.313753599970368668e-02,1.497356342523647577e+01,1.126000000000000000e+03,1.135000000000000000e+03,2.960000000000000000e+02,2.700000000000000000e+02,2.607929515418502264e-01,9.121621621621621712e-01,4.500000000000000000e+01,3.410000000000000142e+01,5.739999999999999858e+01,1.000000000000000000e+00
1.783179174916620016e+09,9.651414000472868793e-03,2.617309200104500633e-02,1.824185999976180028e-02,1.650873399921692908e-02,1.416930333776308437e+01,1.089000000000000000e+03,1.126000000000000000e+03,3.100000000000000000e+02,2.680000000000000000e+02,2.753108348134991057e-01,8.645161290322580516e-01,4.360000000000000142e+01,3.410000000000000142e+01,5.739999999999999858e+01,1.000000000000000000e+00
1.783179175023938894e+09,9.289251000154763460e-03,2.809354899909521919e-02,1.989283900002192240e-02,1.779560700015281327e-02,1.332067939844322169e+01,1.111000000000000000e+03,1.089000000000000000e+03,2.710000000000000000e+02,2.310000000000000000e+02,2.488521579430670316e-01,8.523985239852398532e-01,4.420000000000000284e+01,3.410000000000000142e+01,5.689999999999999858e+01,1.000000000000000000e+00
1.783179175128122330e+09,1.138655800059495959e-02,2.576402299928304274e-02,1.858417100083897822e-02,1.695098699929076247e-02,1.375785695733097569e+01,1.138000000000000000e+03,1.111000000000000000e+03,3.260000000000000000e+02,2.870000000000000000e+02,2.934293429342934023e-01,8.803680981595092270e-01,4.500000000000000000e+01,3.410000000000000142e+01,5.789999999999999858e+01,1.000000000000000000e+00
1.783179175229022026e+09,9.741449999637552537e-03,2.668332600114808884e-02,1.721742900008393917e-02,1.750062899918702897e-02,1.405622947209559115e+01,1.123000000000000000e+03,1.138000000000000000e+03,3.130000000000000000e+02,2.830000000000000000e+02,2.750439367311072192e-01,9.041533546325878357e-01,4.520000000000000284e+01,3.410000000000000142e+01,5.789999999999999858e+01,1.000000000000000000e+00
1.783179175328025341e+09,7.583348000480327755e-03,2.685667600053420756e-02,1.769412599969655275e-02,1.493014300103823189e-02,1.491106452093539225e+01,1.108000000000000000e+03,1.123000000000000000e+03,3.100000000000000000e+02,2.830000000000000000e+02,2.760463045414069394e-01,9.129032258064516681e-01,4.360000000000000142e+01,3.410000000000000142e+01,5.639999999999999858e+01,1.000000000000000000e+00
1.783179175435620070e+09,8.205822001400520094e-03,2.775566399941453710e-02,1.785649500016006641e-02,1.959269399958429858e-02,1.362199707321012276e+01,1.133000000000000000e+03,1.108000000000000000e+03,3.310000000000000000e+02,2.850000000000000000e+02,2.987364620938628423e-01,8.610271903323263309e-01,4.289999999999999858e+01,3.410000000000000142e+01,5.739999999999999858e+01,1.000000000000000000e+00
1.783179175542298079e+09,9.801800999412080273e-03,2.722241199990094174e-02,1.804795499992906116e-02,2.107523199993011076e-02,1.313242474478276556e+01,1.151000000000000000e+03,1.133000000000000000e+03,3.280000000000000000e+02,2.710000000000000000e+02,2.894969108561341598e-01,8.262195121951219079e-01,4.289999999999999858e+01,3.410000000000000142e+01,5.789999999999999858e+01,1.000000000000000000e+00
1.783179175649763823e+09,8.165228999132523313e-03,2.640668200001528021e-02,1.938214099936885759e-02,2.007989200137672015e-02,1.350731767041129316e+01,1.147000000000000000e+03,1.151000000000000000e+03,3.440000000000000000e+02,2.890000000000000000e+02,2.988705473501303000e-01,8.401162790697674909e-01,4.100000000000000000e+01,3.410000000000000142e+01,5.789999999999999858e+01,1.000000000000000000e+00
1.783179175753317356e+09,7.052705999740283005e-03,2.725626400024339091e-02,2.008003999981156085e-02,1.812278699981106911e-02,1.379085943774679102e+01,1.117000000000000000e+03,1.147000000000000000e+03,3.450000000000000000e+02,3.000000000000000000e+02,3.007846556233653157e-01,8.695652173913043237e-01,4.000000000000000000e+01,3.410000000000000142e+01,5.739999999999999858e+01,1.000000000000000000e+00
1.783179175860939503e+09,8.365208001123392023e-03,2.837391600041883066e-02,2.058136699997703545e-02,1.871685399964917451e-02,1.315143236503896063e+01,1.134000000000000000e+03,1.117000000000000000e+03,3.560000000000000000e+02,3.170000000000000000e+02,3.187108325872873849e-01,8.904494382022472010e-01,4.289999999999999858e+01,3.410000000000000142e+01,5.689999999999999858e+01,1.000000000000000000e+00
1.783179175968038559e+09,8.835073000227566808e-03,2.708850599992729258e-02,1.991824600008840207e-02,2.148857800057157874e-02,1.293152448706963042e+01,1.135000000000000000e+03,1.134000000000000000e+03,3.570000000000000000e+02,3.020000000000000000e+02,3.148148148148148251e-01,8.459383753501400482e-01,4.150000000000000000e+01,3.410000000000000142e+01,5.600000000000000000e+01,1.000000000000000000e+00
1.783179176073655367e+09,7.105668999429326504e-03,2.627201600080297794e-02,1.847085699955641758e-02,1.957819500057667028e-02,1.400035955716252900e+01,1.119000000000000000e+03,1.135000000000000000e+03,3.830000000000000000e+02,3.450000000000000000e+02,3.374449339207048482e-01,9.007832898172323244e-01,4.629999999999999716e+01,3.410000000000000142e+01,5.689999999999999858e+01,1.000000000000000000e+00
1.783179176174131632e+09,8.212116999857244082e-03,2.673469599903910421e-02,1.822654500028875191e-02,1.762227600011101458e-02,1.412516483728279759e+01,1.116000000000000000e+03,1.119000000000000000e+03,3.200000000000000000e+02,2.840000000000000000e+02,2.859696157283288520e-01,8.874999999999999556e-01,4.250000000000000000e+01,3.410000000000000142e+01,5.789999999999999858e+01,1.000000000000000000e+00
1.783179176277494192e+09,7.312702999115572311e-03,2.630399800000304822e-02,1.911975599978177343e-02,1.929608700083917938e-02,1.388261394743486221e+01,1.122000000000000000e+03,1.116000000000000000e+03,3.280000000000000000e+02,2.840000000000000000e+02,2.939068100358422919e-01,8.658536585365853577e-01,4.100000000000000000e+01,3.410000000000000142e+01,5.789999999999999858e+01,1.000000000000000000e+00
1.783179176379745960e+09,9.651210000811261125e-03,2.611216699915530626e-02,2.068564300134312361e-02,1.475260799998068251e-02,1.404462268730536856e+01,1.105000000000000000e+03,1.122000000000000000e+03,3.240000000000000000e+02,2.980000000000000000e+02,2.887700534759358173e-01,9.197530864197530631e-01,4.250000000000000000e+01,3.410000000000000142e+01,5.689999999999999858e+01,1.000000000000000000e+00
1.783179176483116627e+09,7.329572999879019335e-03,2.810845699968922418e-02,2.162800100086315069e-02,1.615542399849800859e-02,1.365719924596720070e+01,1.149000000000000000e+03,1.105000000000000000e+03,3.210000000000000000e+02,2.840000000000000000e+02,2.904977375565611086e-01,8.847352024922118252e-01,4.389999999999999858e+01,3.410000000000000142e+01,5.639999999999999858e+01,1.000000000000000000e+00
1.783179176589361429e+09,1.053295800011255778e-02,2.613125899915758055e-02,2.033520400073030032e-02,1.754534999963652808e-02,1.341475715318610362e+01,1.064000000000000000e+03,1.149000000000000000e+03,2.660000000000000000e+02,2.210000000000000000e+02,2.315056570931244562e-01,8.308270676691729140e-01,4.150000000000000000e+01,3.410000000000000142e+01,5.639999999999999858e+01,1.000000000000000000e+00
1.783179176691966295e+09,1.188192300105583854e-02,2.516430799914814997e-02,1.915558900145697407e-02,1.575915099965641275e-02,1.389642171423302841e+01,1.082000000000000000e+03,1.064000000000000000e+03,2.600000000000000000e+02,2.190000000000000000e+02,2.443609022556390842e-01,8.423076923076923128e-01,4.210000000000000142e+01,3.410000000000000142e+01,5.789999999999999858e+01,1.000000000000000000e+00
1.783179176795190573e+09,1.070764100040833000e-02,2.618773999893164728e-02,1.883285300027637277e-02,1.798915899962594267e-02,1.356531965272128559e+01,1.146000000000000000e+03,1.082000000000000000e+03,2.770000000000000000e+02,2.300000000000000000e+02,2.560073937153419799e-01,8.303249097472924500e-01,4.250000000000000000e+01,3.410000000000000142e+01,5.789999999999999858e+01,1.000000000000000000e+00
1.783179176899530649e+09,1.029175800067605451e-02,2.503486599925963674e-02,1.788551200115762185e-02,1.906192399837891571e-02,1.383622284409236691e+01,1.031000000000000000e+03,1.146000000000000000e+03,2.350000000000000000e+02,1.900000000000000000e+02,2.050610820244328225e-01,8.085106382978722861e-01,3.950000000000000000e+01,3.410000000000000142e+01,5.789999999999999858e+01,1.000000000000000000e+00
1.783179177003463507e+09,8.023526999750174582e-03,2.620031399965228047e-02,1.732276099937735125e-02,1.960902700011502020e-02,1.405370192167834986e+01,1.139000000000000000e+03,1.031000000000000000e+03,2.830000000000000000e+02,2.330000000000000000e+02,2.744907856450048422e-01,8.233215547703179871e-01,4.100000000000000000e+01,3.410000000000000142e+01,5.739999999999999858e+01,1.000000000000000000e+00
1.783179177108305693e+09,9.022033998917322606e-03,2.677997300088463817e-02,1.821784099956857972e-02,1.853378299892938230e-02,1.378290770896679263e+01,1.155000000000000000e+03,1.139000000000000000e+03,3.060000000000000000e+02,2.580000000000000000e+02,2.686567164179104461e-01,8.431372549019607865e-01,4.000000000000000000e+01,3.410000000000000142e+01,5.739999999999999858e+01,1.000000000000000000e+00
1.783179177214331388e+09,8.952053000029991381e-03,2.613853600087168161e-02,2.162644700001692399e-02,1.638371700028073974e-02,1.367974964613009270e+01,1.150000000000000000e+03,1.155000000000000000e+03,3.550000000000000000e+02,3.250000000000000000e+02,3.073593073593073322e-01,9.154929577464788748e-01,4.389999999999999858e+01,3.410000000000000142e+01,5.689999999999999858e+01,1.000000000000000000e+00
1.783179177317480564e+09,8.407504001297638752e-03,2.643462499872839544e-02,1.942275300098117441e-02,1.705685599881689996e-02,1.402097071726527666e+01,1.144000000000000000e+03,1.150000000000000000e+03,3.230000000000000000e+02,2.770000000000000000e+02,2.808695652173913149e-01,8.575851393188854699e-01,4.000000000000000000e+01,3.410000000000000142e+01,5.739999999999999858e+01,1.000000000000000000e+00
1.783179177424969912e+09,6.847134000054211356e-03,2.802606900149839930e-02,2.083008599947788753e-02,1.811269499921763781e-02,1.354720137574320482e+01,1.146000000000000000e+03,1.144000000000000000e+03,3.830000000000000000e+02,3.550000000000000000e+02,3.347902097902097918e-01,9.268929503916448764e-01,4.150000000000000000e+01,3.410000000000000142e+01,5.789999999999999858e+01,1.000000000000000000e+00
1.783179177533093452e+09,1.004996399933588691e-02,2.694645300107367802e-02,1.968663699881290086e-02,1.764153499971143901e-02,1.345449754204956072e+01,1.144000000000000000e+03,1.146000000000000000e+03,3.790000000000000000e+02,3.490000000000000000e+02,3.307155322862129210e-01,9.208443271767809968e-01,4.520000000000000284e+01,3.410000000000000142e+01,5.689999999999999858e+01,1.000000000000000000e+00
1.783179177635913610e+09,8.540279999579070136e-03,2.756531500017445069e-02,1.833302500017452985e-02,1.656197400006931275e-02,1.408438920947671491e+01,1.135000000000000000e+03,1.144000000000000000e+03,3.300000000000000000e+02,3.010000000000000000e+02,2.884615384615384359e-01,9.121212121212121104e-01,4.150000000000000000e+01,3.410000000000000142e+01,5.739999999999999858e+01,1.000000000000000000e+00
1.783179177743477345e+09,9.332362998975440860e-03,2.634571900125592947e-02,1.930234599967661779e-02,2.053888699992967304e-02,1.324164553137365807e+01,1.137000000000000000e+03,1.135000000000000000e+03,3.980000000000000000e+02,3.520000000000000000e+02,3.506607929515418443e-01,8.844221105527638738e-01,4.050000000000000000e+01,3.410000000000000142e+01,5.739999999999999858e+01,1.000000000000000000e+00
1.783179177847198963e+09,7.859213999836356379e-03,2.636644199992588256e-02,1.867583599960198626e-02,1.833898800032329746e-02,1.403696325466063932e+01,1.128000000000000000e+03,1.137000000000000000e+03,3.500000000000000000e+02,3.100000000000000000e+02,3.078276165347405557e-01,8.857142857142856762e-01,4.250000000000000000e+01,3.410000000000000142e+01,5.739999999999999858e+01,1.000000000000000000e+00
1.783179177953103542e+09,8.478150999508216046e-03,2.681995400052983314e-02,2.062818099875585176e-02,1.615309100088779815e-02,1.387359382981925648e+01,1.140000000000000000e+03,1.128000000000000000e+03,2.950000000000000000e+02,2.560000000000000000e+02,2.615248226950354637e-01,8.677966101694915002e-01,3.950000000000000000e+01,3.410000000000000142e+01,5.839999999999999858e+01,1.000000000000000000e+00
1.783179178057258129e+09,8.183857999028987251e-03,2.666693799983477220e-02,2.061768100065819453e-02,1.720550299978640396e-02,1.376008304498414780e+01,1.143000000000000000e+03,1.140000000000000000e+03,3.690000000000000000e+02,3.300000000000000000e+02,3.236842105263157965e-01,8.943089430894308745e-01,4.420000000000000284e+01,3.410000000000000142e+01,5.789999999999999858e+01,1.000000000000000000e+00
1.783179178162132740e+09,9.121549999690614641e-03,2.688845300144748762e-02,1.950414000020828098e-02,1.658960299937461969e-02,1.386890495245559762e+01,1.124000000000000000e+03,1.143000000000000000e+03,2.890000000000000000e+02,2.590000000000000000e+02,2.528433945756780599e-01,8.961937716262975417e-01,4.250000000000000000e+01,3.410000000000000142e+01,5.789999999999999858e+01,1.000000000000000000e+00
1.783179178267673492e+09,9.329565998996258713e-03,2.629972000067937188e-02,1.793606799947156105e-02,1.968406400010280777e-02,1.365198560362949287e+01,1.133000000000000000e+03,1.124000000000000000e+03,3.290000000000000000e+02,2.800000000000000000e+02,2.927046263345195465e-01,8.510638297872340496e-01,4.150000000000000000e+01,3.410000000000000142e+01,5.739999999999999858e+01,1.000000000000000000e+00
1.783179178372728825e+09,7.894158001363393851e-03,2.635405299952253699e-02,1.790053100012301002e-02,2.096428799995919690e-02,1.367745256880693283e+01,1.111000000000000000e+03,1.133000000000000000e+03,3.580000000000000000e+02,3.090000000000000000e+02,3.159752868490732780e-01,8.631284916201117374e-01,4.250000000000000000e+01,3.410000000000000142e+01,5.839999999999999858e+01,1.000000000000000000e+00
1.783179178476580143e+09,7.547200000772136264e-03,2.626370200050587300e-02,1.770136699997237884e-02,2.132415399864839856e-02,1.372939470134865836e+01,1.119000000000000000e+03,1.111000000000000000e+03,3.600000000000000000e+02,3.110000000000000000e+02,3.240324032403240073e-01,8.638888888888889284e-01,4.520000000000000284e+01,3.410000000000000142e+01,5.689999999999999858e+01,1.000000000000000000e+00
1.783179178577938080e+09,9.694987998955184594e-03,2.589931700094894040e-02,1.928242099893395789e-02,1.657302900093782227e-02,1.399584925103153132e+01,1.090000000000000000e+03,1.119000000000000000e+03,3.060000000000000000e+02,2.680000000000000000e+02,2.734584450402144928e-01,8.758169934640522847e-01,4.210000000000000142e+01,3.410000000000000142e+01,5.789999999999999858e+01,1.000000000000000000e+00
1.783179178684862614e+09,1.022300000113318674e-02,2.652292099992337171e-02,1.926432800064503681e-02,1.882977799868967850e-02,1.336183376837600356e+01,1.102000000000000000e+03,1.090000000000000000e+03,3.480000000000000000e+02,2.970000000000000000e+02,3.192660550458715774e-01,8.534482758620689502e-01,4.150000000000000000e+01,3.410000000000000142e+01,5.789999999999999858e+01,1.000000000000000000e+00
1.783179178786642790e+09,8.579723998991539702e-03,2.572491200044169091e-02,1.997157900041202083e-02,1.600127699930453673e-02,1.422930687412831929e+01,1.067000000000000000e+03,1.102000000000000000e+03,2.980000000000000000e+02,2.640000000000000000e+02,2.704174228675136349e-01,8.859060402684564295e-01,4.100000000000000000e+01,3.410000000000000142e+01,5.739999999999999858e+01,1.000000000000000000e+00
1.783179178883146763e+09,8.839442998578306288e-03,2.570400500007963274e-02,1.790660500046215020e-02,1.245980400017288048e-02,1.540598063574369725e+01,1.047000000000000000e+03,1.067000000000000000e+03,2.440000000000000000e+02,2.220000000000000000e+02,2.286785379568884724e-01,9.098360655737705027e-01,4.320000000000000284e+01,3.410000000000000142e+01,5.689999999999999858e+01,1.000000000000000000e+00
1.783179178980570555e+09,7.356164998782332987e-03,2.533117700113507453e-02,1.687309999942954164e-02,1.519504700081597548e-02,1.544270633177496421e+01,1.009000000000000000e+03,1.047000000000000000e+03,2.490000000000000000e+02,2.130000000000000000e+02,2.378223495702005696e-01,8.554216867469879304e-01,3.889999999999999858e+01,3.410000000000000142e+01,5.739999999999999858e+01,1.000000000000000000e+00
1.783179179084656477e+09,8.318764999785344116e-03,2.685900899996340740e-02,1.891888799946173094e-02,1.746848099901399110e-02,1.397328305519923219e+01,1.051000000000000000e+03,1.009000000000000000e+03,2.350000000000000000e+02,1.950000000000000000e+02,2.329038652130822618e-01,8.297872340425531679e-01,4.650000000000000000e+01,3.410000000000000142e+01,5.789999999999999858e+01,1.000000000000000000e+00
1.783179179187221050e+09,7.782418999340734445e-03,2.787505200103623793e-02,1.807858400024997536e-02,1.551726499928918201e-02,1.443974093951324100e+01,1.060000000000000000e+03,1.051000000000000000e+03,2.120000000000000000e+02,1.790000000000000000e+02,2.017126546146527089e-01,8.443396226415094130e-01,4.360000000000000142e+01,3.410000000000000142e+01,5.789999999999999858e+01,1.000000000000000000e+00
1.783179179283801079e+09,6.709266001053038053e-03,2.627105399915308226e-02,1.710409699990123045e-02,1.437111300037940964e-02,1.551457260521243242e+01,1.028000000000000000e+03,1.060000000000000000e+03,2.220000000000000000e+02,1.920000000000000000e+02,2.094339622641509524e-01,8.648648648648649129e-01,4.050000000000000000e+01,3.410000000000000142e+01,5.739999999999999858e+01,1.000000000000000000e+00
1.783179179385924339e+09,9.293121998780407012e-03,2.794058800100174267e-02,1.760125699911441188e-02,1.458981399991898797e-02,1.440407856694659117e+01,1.042000000000000000e+03,1.028000000000000000e+03,2.530000000000000000e+02,2.260000000000000000e+02,2.461089494163424263e-01,8.932806324110671437e-01,4.250000000000000000e+01,3.410000000000000142e+01,5.789999999999999858e+01,1.000000000000000000e+00
1.783179179483919144e+09,6.741061999491648749e-03,2.665997499934746884e-02,1.806778799982566852e-02,1.641195699994568713e-02,1.473171007400106447e+01,1.067000000000000000e+03,1.042000000000000000e+03,2.410000000000000000e+02,2.050000000000000000e+02,2.312859884836852287e-01,8.506224066390041250e-01,4.050000000000000000e+01,3.410000000000000142e+01,5.789999999999999858e+01,1.000000000000000000e+00
1.783179179593066216e+09,8.706889000677620061e-03,2.963873299995611887e-02,1.859992999925452750e-02,1.960787900134164374e-02,1.306277180423087714e+01,1.071000000000000000e+03,1.067000000000000000e+03,3.850000000000000000e+02,3.660000000000000000e+02,3.608247422680412320e-01,9.506493506493506329e-01,4.770000000000000284e+01,3.410000000000000142e+01,5.739999999999999858e+01,1.000000000000000000e+00
1.783179179692821741e+09,1.027642400003969669e-02,2.641479300109494943e-02,1.641527199899428524e-02,1.561965300061274320e-02,1.455050394054140739e+01,1.023000000000000000e+03,1.071000000000000000e+03,2.340000000000000000e+02,1.990000000000000000e+02,2.184873949579831942e-01,8.504273504273504036e-01,4.100000000000000000e+01,3.410000000000000142e+01,5.789999999999999858e+01,1.000000000000000000e+00
1.783179179792124987e+09,1.020987000083550811e-02,2.505182799905014690e-02,1.667762100078107323e-02,1.537937799912469927e-02,1.485471413689273135e+01,1.033000000000000000e+03,1.023000000000000000e+03,1.950000000000000000e+02,1.620000000000000000e+02,1.906158357771260969e-01,8.307692307692308153e-01,4.629999999999999716e+01,3.410000000000000142e+01,5.789999999999999858e+01,1.000000000000000000e+00
1.783179179891323566e+09,8.877293999830726534e-03,2.568746799988730345e-02,1.821191599992744159e-02,1.609535100033099297e-02,1.451968258406241752e+01,1.028000000000000000e+03,1.033000000000000000e+03,2.340000000000000000e+02,2.130000000000000000e+02,2.265246853823814077e-01,9.102564102564102422e-01,4.050000000000000000e+01,3.410000000000000142e+01,5.739999999999999858e+01,1.000000000000000000e+00
1.783179179991530180e+09,1.129411500005517155e-02,2.465018600014445838e-02,1.822972999980265740e-02,1.561841200054914225e-02,1.432819882794615829e+01,1.026000000000000000e+03,1.028000000000000000e+03,1.750000000000000000e+02,1.430000000000000000e+02,1.702334630350194611e-01,8.171428571428571708e-01,4.250000000000000000e+01,3.410000000000000142e+01,5.839999999999999858e+01,1.000000000000000000e+00
1.783179180092090845e+09,8.001268000953132287e-03,2.626260999932128470e-02,2.003189199967891909e-02,1.490569900124683045e-02,1.445056029060101110e+01,1.039000000000000000e+03,1.026000000000000000e+03,2.460000000000000000e+02,2.290000000000000000e+02,2.397660818713450159e-01,9.308943089430894435e-01,4.360000000000000142e+01,3.410000000000000142e+01,5.889999999999999858e+01,1.000000000000000000e+00
1.783179180192847967e+09,8.386559000427951105e-03,2.548619399931340013e-02,1.871418700102367438e-02,1.515008400019723922e-02,1.476297511957115383e+01,1.047000000000000000e+03,1.039000000000000000e+03,2.150000000000000000e+02,1.870000000000000000e+02,2.069297401347449383e-01,8.697674418604650626e-01,4.210000000000000142e+01,3.410000000000000142e+01,5.639999999999999858e+01,1.000000000000000000e+00
1.783179180292117357e+09,9.032144000229891390e-03,2.542662000087148044e-02,1.833822899970982689e-02,1.608379499884904362e-02,1.451783623620758412e+01,1.057000000000000000e+03,1.047000000000000000e+03,2.530000000000000000e+02,2.210000000000000000e+02,2.416427889207258817e-01,8.735177865612647752e-01,4.100000000000000000e+01,3.410000000000000142e+01,5.889999999999999858e+01,1.000000000000000000e+00
1.783179180390494823e+09,1.091665700005250983e-02,2.489746099854528438e-02,1.724168700093287043e-02,1.109335900036967359e-02,1.558866768710428730e+01,1.042000000000000000e+03,1.057000000000000000e+03,2.000000000000000000e+02,1.810000000000000000e+02,1.892147587511825990e-01,9.050000000000000266e-01,3.710000000000000142e+01,3.410000000000000142e+01,5.739999999999999858e+01,1.000000000000000000e+00
1.783179180490070105e+09,8.317671999975573272e-03,2.601638999840361066e-02,1.880292700116115157e-02,1.235511999948357698e-02,1.526901508111311401e+01,1.021000000000000000e+03,1.042000000000000000e+03,1.920000000000000000e+02,1.660000000000000000e+02,1.842610364683301416e-01,8.645833333333333703e-01,4.470000000000000284e+01,3.410000000000000142e+01,5.839999999999999858e+01,1.000000000000000000e+00
1.783179180593187809e+09,1.350390100014919881e-02,2.440859600028488785e-02,1.807843700044031721e-02,1.703065299989248160e-02,1.369458048055704147e+01,9.920000000000000000e+02,1.021000000000000000e+03,1.540000000000000000e+02,1.230000000000000000e+02,1.508325171400587694e-01,7.987012987012986898e-01,4.889999999999999858e+01,3.410000000000000142e+01,5.789999999999999858e+01,1.000000000000000000e+00
1.783179180704506636e+09,1.102660000105970539e-02,2.733124399856023956e-02,1.708187500116764568e-02,2.228504899903782643e-02,1.286591167441305394e+01,9.430000000000000000e+02,9.920000000000000000e+02,1.460000000000000000e+02,1.080000000000000000e+02,1.471774193548387177e-01,7.397260273972602329e-01,3.589999999999999858e+01,3.410000000000000142e+01,5.789999999999999858e+01,1.000000000000000000e+00
1.783179180800058126e+09,6.841505999545915984e-03,2.486288599902763963e-02,1.655540000137989409e-02,1.592468600028951187e-02,1.558009087487187472e+01,9.990000000000000000e+02,9.430000000000000000e+02,1.210000000000000000e+02,9.700000000000000000e+01,1.283138918345705093e-01,8.016528925619834656e-01,4.470000000000000284e+01,3.410000000000000142e+01,5.789999999999999858e+01,1.000000000000000000e+00
1.783179180902480841e+09,8.742592000999138691e-03,2.481299799910630099e-02,1.751135100130341016e-02,1.928038400001241826e-02,1.421518160043464896e+01,1.015000000000000000e+03,9.990000000000000000e+02,1.900000000000000000e+02,1.490000000000000000e+02,1.901901901901901781e-01,7.842105263157894690e-01,4.000000000000000000e+01,3.410000000000000142e+01,5.889999999999999858e+01,1.000000000000000000e+00
1.783179180999320984e+09,7.428590999552397989e-03,2.597133500057680067e-02,1.737096400029258803e-02,1.508788099999947008e-02,1.518400639443459532e+01,1.053000000000000000e+03,1.015000000000000000e+03,1.500000000000000000e+02,1.230000000000000000e+02,1.477832512315271074e-01,8.199999999999999512e-01,4.470000000000000284e+01,3.410000000000000142e+01,5.639999999999999858e+01,1.000000000000000000e+00
1.783179181098712921e+09,9.378417000334593467e-03,2.578480100055458024e-02,1.764229299988073763e-02,1.381274999948800541e-02,1.501089918867933903e+01,1.040000000000000000e+03,1.053000000000000000e+03,1.460000000000000000e+02,1.240000000000000000e+02,1.386514719848053190e-01,8.493150684931506378e-01,4.320000000000000284e+01,3.410000000000000142e+01,5.839999999999999858e+01,1.000000000000000000e+00
1.783179181195886850e+09,7.030410999504965730e-03,2.472003599905292504e-02,1.719679900088522118e-02,1.608327699977962766e-02,1.537739439696574806e+01,9.990000000000000000e+02,1.040000000000000000e+03,1.580000000000000000e+02,1.310000000000000000e+02,1.519230769230769107e-01,8.291139240506328889e-01,4.050000000000000000e+01,3.410000000000000142e+01,5.789999999999999858e+01,1.000000000000000000e+00
1.783179181295689106e+09,9.983373000068240799e-03,2.535680599976330996e-02,1.749746200039226096e-02,1.562720800029637758e-02,1.460603528085488279e+01,1.053000000000000000e+03,9.990000000000000000e+02,1.340000000000000000e+02,1.120000000000000000e+02,1.341341341341341364e-01,8.358208955223880299e-01,4.629999999999999716e+01,3.410000000000000142e+01,5.789999999999999858e+01,1.000000000000000000e+00
1.783179181393277884e+09,9.098495000216644257e-03,2.467164799963939004e-02,1.788738300092518330e-02,1.098573099989152979e-02,1.596341007603197681e+01,1.035000000000000000e+03,1.053000000000000000e+03,1.460000000000000000e+02,1.290000000000000000e+02,1.386514719848053190e-01,8.835616438356164171e-01,4.170000000000000284e+01,3.410000000000000142e+01,5.739999999999999858e+01,1.000000000000000000e+00
1.783179181491913795e+09,9.028939999552676454e-03,2.588674400067247916e-02,1.768788499975926243e-02,1.393313799962925259e-02,1.502929803853692725e+01,1.059000000000000000e+03,1.035000000000000000e+03,1.140000000000000000e+02,9.200000000000000000e+01,1.101449275362318819e-01,8.070175438596490780e-01,4.210000000000000142e+01,3.410000000000000142e+01,5.839999999999999858e+01,1.000000000000000000e+00
1.783179181594656229e+09,9.879836999971303158e-03,2.603709299910406116e-02,1.860774400120135397e-02,1.707926400013093371e-02,1.396571233266956469e+01,1.070000000000000000e+03,1.059000000000000000e+03,2.450000000000000000e+02,2.120000000000000000e+02,2.313503305004721566e-01,8.653061224489796421e-01,4.420000000000000284e+01,3.410000000000000142e+01,5.739999999999999858e+01,1.000000000000000000e+00
1.783179181696178436e+09,9.875800000372692011e-03,2.546126800007186830e-02,1.992706000055477489e-02,1.712241200038988609e-02,1.381472301315698026e+01,1.081000000000000000e+03,1.070000000000000000e+03,3.040000000000000000e+02,2.820000000000000000e+02,2.841121495327103008e-01,9.276315789473684736e-01,4.360000000000000142e+01,3.410000000000000142e+01,5.939999999999999858e+01,1.000000000000000000e+00
1.783179181798988104e+09,1.052138399973046035e-02,2.540715699979045894e-02,2.044936900165339466e-02,1.539141499961260706e-02,1.393352940116178296e+01,1.071000000000000000e+03,1.081000000000000000e+03,2.630000000000000000e+02,2.390000000000000000e+02,2.432932469935245035e-01,9.087452471482889704e-01,4.100000000000000000e+01,3.410000000000000142e+01,5.739999999999999858e+01,1.000000000000000000e+00
1.783179181898744583e+09,8.662260001074173488e-03,2.578733799964538775e-02,1.835028399909788277e-02,1.443918700169888325e-02,1.487230586100840668e+01,1.081000000000000000e+03,1.071000000000000000e+03,2.520000000000000000e+02,2.300000000000000000e+02,2.352941176470588203e-01,9.126984126984126755e-01,4.210000000000000142e+01,3.410000000000000142e+01,5.689999999999999858e+01,1.000000000000000000e+00
1.783179181999072313e+09,8.264023999799974263e-03,2.540806500110193156e-02,1.933249399917258415e-02,1.408219000040844548e-02,1.490606799633664536e+01,1.032000000000000000e+03,1.081000000000000000e+03,1.570000000000000000e+02,1.350000000000000000e+02,1.452358926919518900e-01,8.598726114649681840e-01,4.360000000000000142e+01,3.410000000000000142e+01,5.839999999999999858e+01,1.000000000000000000e+00
1.783179182101729870e+09,9.781393999219289981e-03,2.607959300075890496e-02,1.781431000017619226e-02,1.418387499870732427e-02,1.473640144057127976e+01,1.071000000000000000e+03,1.032000000000000000e+03,1.940000000000000000e+02,1.670000000000000000e+02,1.879844961240310086e-01,8.608247422680412875e-01,4.210000000000000142e+01,3.410000000000000142e+01,5.789999999999999858e+01,1.000000000000000000e+00
1.783179182207378149e+09,7.273035998878185637e-03,2.637914499973703641e-02,1.877833500111592002e-02,1.646462299868289847e-02,1.451481214114423857e+01,1.070000000000000000e+03,1.071000000000000000e+03,2.610000000000000000e+02,2.370000000000000000e+02,2.436974789915966333e-01,9.080459770114942541e-01,4.520000000000000284e+01,3.410000000000000142e+01,5.739999999999999858e+01,1.000000000000000000e+00
1.783179182300298452e+09,7.822158999260864221e-03,2.520610499959730078e-02,1.694869099992502015e-02,1.342606900107057299e-02,1.577211837722924059e+01,9.710000000000000000e+02,1.070000000000000000e+03,1.540000000000000000e+02,1.320000000000000000e+02,1.439252336448598180e-01,8.571428571428570953e-01,4.500000000000000000e+01,3.410000000000000142e+01,5.739999999999999858e+01,1.000000000000000000e+00
1.783179182417671919e+09,6.919188999745529145e-03,2.547082400087674614e-02,1.811424999868904706e-02,3.401736200066807214e-02,1.183129169606291597e+01,1.055000000000000000e+03,9.710000000000000000e+02,1.630000000000000000e+02,1.080000000000000000e+02,1.678681771369721909e-01,6.625766871165643668e-01,4.470000000000000284e+01,3.410000000000000142e+01,5.889999999999999858e+01,1.000000000000000000e+00
1.783179182522806644e+09,9.633006000512978062e-03,2.524543800063838717e-02,1.902523799981281627e-02,1.736870499917131383e-02,1.403067923062684663e+01,1.047000000000000000e+03,1.055000000000000000e+03,2.180000000000000000e+02,1.780000000000000000e+02,2.066350710900473897e-01,8.165137614678898981e-01,3.779999999999999716e+01,3.410000000000000142e+01,5.789999999999999858e+01,1.000000000000000000e+00
1.783179182625872850e+09,1.090110200129856821e-02,2.457048299947928172e-02,1.935173399942868855e-02,1.553713599969341885e-02,1.421252889853287371e+01,1.015000000000000000e+03,1.047000000000000000e+03,1.460000000000000000e+02,1.240000000000000000e+02,1.394460362941738196e-01,8.493150684931506378e-01,4.100000000000000000e+01,3.410000000000000142e+01,5.839999999999999858e+01,1.000000000000000000e+00
1.783179182729820251e+09,1.031862800118688028e-02,2.454003899947565515e-02,1.729305700064287521e-02,1.690715499898942653e-02,1.448039722735335211e+01,9.990000000000000000e+02,1.015000000000000000e+03,2.140000000000000000e+02,1.740000000000000000e+02,2.108374384236453292e-01,8.130841121495326895e-01,4.389999999999999858e+01,3.410000000000000142e+01,5.789999999999999858e+01,1.000000000000000000e+00
1.783179182835309267e+09,8.583075999922584742e-03,2.550019299997074995e-02,1.835804399888729677e-02,1.861039200048253406e-02,1.407425761296467748e+01,1.064000000000000000e+03,9.990000000000000000e+02,1.770000000000000000e+02,1.390000000000000000e+02,1.771771771771771808e-01,7.853107344632768161e-01,4.289999999999999858e+01,3.410000000000000142e+01,5.839999999999999858e+01,1.000000000000000000e+00
1.783179182930313826e+09,7.747679001113283448e-03,2.400467499865044374e-02,1.595185200130799785e-02,1.733931599846982863e-02,1.537432121229610438e+01,8.510000000000000000e+02,1.064000000000000000e+03,1.350000000000000000e+02,1.070000000000000000e+02,1.268796992481203145e-01,7.925925925925926263e-01,4.170000000000000284e+01,3.410000000000000142e+01,5.739999999999999858e+01,1.000000000000000000e+00
1.783179183025057316e+09,9.787948998564388603e-03,2.477962900047714356e-02,1.479753300009178929e-02,1.191562600070028566e-02,1.631834160223489505e+01,9.940000000000000000e+02,8.510000000000000000e+02,1.480000000000000000e+02,1.290000000000000000e+02,1.739130434782608647e-01,8.716216216216216006e-01,4.170000000000000284e+01,3.410000000000000142e+01,5.739999999999999858e+01,1.000000000000000000e+00
1.783179183123551607e+09,9.604266000678762794e-03,2.519165999910910614e-02,1.760433100025693420e-02,1.377076899916573893e-02,1.511235446178408282e+01,1.034000000000000000e+03,9.940000000000000000e+02,1.900000000000000000e+02,1.630000000000000000e+02,1.911468812877263612e-01,8.578947368421052655e-01,4.870000000000000284e+01,3.410000000000000142e+01,5.789999999999999858e+01,1.000000000000000000e+00
1.783179183222013474e+09,7.897047000369639136e-03,2.559013700010837056e-02,1.892960999975912273e-02,1.358877100028621498e-02,1.515023771089712135e+01,1.018000000000000000e+03,1.034000000000000000e+03,2.250000000000000000e+02,1.990000000000000000e+02,2.176015473887814300e-01,8.844444444444444775e-01,4.360000000000000142e+01,3.410000000000000142e+01,5.839999999999999858e+01,1.000000000000000000e+00
1.783179183321915150e+09,1.021164700068766251e-02,2.562754400059930049e-02,1.797540000006847549e-02,1.512771499983500689e-02,1.450488180628499357e+01,1.027000000000000000e+03,1.018000000000000000e+03,2.040000000000000000e+02,1.740000000000000000e+02,2.003929273084479323e-01,8.529411764705882026e-01,4.210000000000000142e+01,3.410000000000000142e+01,5.839999999999999858e+01,1.000000000000000000e+00
1.783179183421556234e+09,8.925275000365218148e-03,2.557452600012766197e-02,1.999618899935740046e-02,1.292565000039758161e-02,1.483203315725223703e+01,1.086000000000000000e+03,1.027000000000000000e+03,2.020000000000000000e+02,1.750000000000000000e+02,1.966893865628042970e-01,8.663366336633663289e-01,4.050000000000000000e+01,3.410000000000000142e+01,5.889999999999999858e+01,1.000000000000000000e+00
1.783179183528442383e+09,1.136565100023290142e-02,2.494560800005274359e-02,1.857215200107020792e-02,2.003222599887521937e-02,1.334834808915681492e+01,1.026000000000000000e+03,1.086000000000000000e+03,2.120000000000000000e+02,1.700000000000000000e+02,1.952117863720073676e-01,8.018867924528302327e-01,4.550000000000000000e+01,3.410000000000000142e+01,5.689999999999999858e+01,1.000000000000000000e+00
1.783179183630399942e+09,1.014416700127185322e-02,2.538032499978726264e-02,1.804147300026670564e-02,1.814400999865029007e-02,1.394506133910007861e+01,1.073000000000000000e+03,1.026000000000000000e+03,2.190000000000000000e+02,1.790000000000000000e+02,2.134502923976608069e-01,8.173515981735159919e-01,4.360000000000000142e+01,3.420000000000000284e+01,5.789999999999999858e+01,1.000000000000000000e+00
1.783179183732823372e+09,8.463243999358383007e-03,2.557226700082537718e-02,1.819917499960865825e-02,1.715522599988617003e-02,1.441131673440704120e+01,1.027000000000000000e+03,1.073000000000000000e+03,2.280000000000000000e+02,1.900000000000000000e+02,2.124883504193849082e-01,8.333333333333333703e-01,4.100000000000000000e+01,3.410000000000000142e+01,5.939999999999999858e+01,1.000000000000000000e+00
1.783179183832688093e+09,8.681797000463120639e-03,2.558746899921970908e-02,1.849313500133575872e-02,1.464010999916354194e-02,1.483624252510856500e+01,1.045000000000000000e+03,1.027000000000000000e+03,2.090000000000000000e+02,1.870000000000000000e+02,2.035053554040895940e-01,8.947368421052631637e-01,4.210000000000000142e+01,3.410000000000000142e+01,5.839999999999999858e+01,1.000000000000000000e+00
1.783179183931664944e+09,8.344023000972811133e-03,2.603292699859593995e-02,1.985582100132887717e-02,1.271807800003443845e-02,1.493633038150238157e+01,1.063000000000000000e+03,1.045000000000000000e+03,2.370000000000000000e+02,2.190000000000000000e+02,2.267942583732057427e-01,9.240506329113924444e-01,4.360000000000000142e+01,3.410000000000000142e+01,5.789999999999999858e+01,1.000000000000000000e+00
1.783179184034796953e+09,8.931794000091031194e-03,2.645845799997914582e-02,1.865842900042480323e-02,1.612855399980617221e-02,1.424963522708907959e+01,1.065000000000000000e+03,1.063000000000000000e+03,1.740000000000000000e+02,1.430000000000000000e+02,1.636876763875823038e-01,8.218390804597701660e-01,4.100000000000000000e+01,3.410000000000000142e+01,5.789999999999999858e+01,1.000000000000000000e+00
1.783179184140413284e+09,8.342207998794037849e-03,2.799495800172735471e-02,1.697619099832081702e-02,1.662375100022472907e-02,1.429856093010510776e+01,1.014000000000000000e+03,1.065000000000000000e+03,1.610000000000000000e+02,1.310000000000000000e+02,1.511737089201878048e-01,8.136645962732919068e-01,4.520000000000000284e+01,3.410000000000000142e+01,5.839999999999999858e+01,1.000000000000000000e+00
1.783179184237631559e+09,9.341824999864911661e-03,2.597222499935014639e-02,1.834746900021855254e-02,1.330688599955465179e-02,1.493241477104177228e+01,1.033000000000000000e+03,1.014000000000000000e+03,1.520000000000000000e+02,1.320000000000000000e+02,1.499013806706114282e-01,8.684210526315789824e-01,4.360000000000000142e+01,3.410000000000000142e+01,5.839999999999999858e+01,1.000000000000000000e+00
1.783179184341145277e+09,9.486897000897442922e-03,2.667719700002635363e-02,1.773912599855975714e-02,1.912440400155901443e-02,1.369344838585633894e+01,1.044000000000000000e+03,1.033000000000000000e+03,2.260000000000000000e+02,1.790000000000000000e+02,2.187802516940948738e-01,7.920353982300885054e-01,4.250000000000000000e+01,3.410000000000000142e+01,5.789999999999999858e+01,1.000000000000000000e+00
1.783179184440090179e+09,7.955786999445990659e-03,2.548573099920758978e-02,1.726140900063910522e-02,1.521504700031073298e-02,1.517036916222601484e+01,1.057000000000000000e+03,1.044000000000000000e+03,2.430000000000000000e+02,2.180000000000000000e+02,2.327586206896551657e-01,8.971193415637860324e-01,4.210000000000000142e+01,3.410000000000000142e+01,5.739999999999999858e+01,1.000000000000000000e+00
1.783179184533861399e+09,8.261246999609284103e-03,2.576918900012969971e-02,1.778701400144200306e-02,1.278898499913339037e-02,1.547833431755109146e+01,1.050000000000000000e+03,1.057000000000000000e+03,1.590000000000000000e+02,1.390000000000000000e+02,1.504257332071901598e-01,8.742138364779874493e-01,4.170000000000000284e+01,3.410000000000000142e+01,5.739999999999999858e+01,1.000000000000000000e+00
1.783179184631720543e+09,6.775654999728430994e-03,2.603303800060530193e-02,1.709415199911745731e-02,1.537421200009703171e-02,1.531931808762335834e+01,1.059000000000000000e+03,1.050000000000000000e+03,2.920000000000000000e+02,2.720000000000000000e+02,2.780952380952381175e-01,9.315068493150684414e-01,4.470000000000000284e+01,3.410000000000000142e+01,5.889999999999999858e+01,1.000000000000000000e+00
1.783179184730139971e+09,7.674513000893057324e-03,2.600366799924813677e-02,1.603831400097988080e-02,1.627064499916741624e-02,1.515446797657283007e+01,1.026000000000000000e+03,1.059000000000000000e+03,2.110000000000000000e+02,1.760000000000000000e+02,1.992445703493862241e-01,8.341232227488151185e-01,4.620000000000000284e+01,3.410000000000000142e+01,5.839999999999999858e+01,1.000000000000000000e+00
1.783179184835049629e+09,8.438966000539949164e-03,2.728454099997179583e-02,1.719783599946822505e-02,1.919647800059465226e-02,1.386619820352076538e+01,1.058000000000000000e+03,1.026000000000000000e+03,1.950000000000000000e+02,1.600000000000000000e+02,1.900584795321637321e-01,8.205128205128204844e-01,4.289999999999999858e+01,3.410000000000000142e+01,5.939999999999999858e+01,1.000000000000000000e+00
1.783179184944268465e+09,1.063484599944786169e-02,2.690587899996899068e-02,1.736442599940346554e-02,2.150233700012904592e-02,1.308772250193266906e+01,1.040000000000000000e+03,1.058000000000000000e+03,2.650000000000000000e+02,2.090000000000000000e+02,2.504725897920604960e-01,7.886792452830189148e-01,4.189999999999999858e+01,3.410000000000000142e+01,5.889999999999999858e+01,1.000000000000000000e+00
1.783179185044181824e+09,9.558155999911832623e-03,2.608655599942721892e-02,1.786862399967503734e-02,1.481227400108764414e-02,1.463580054387382745e+01,1.078000000000000000e+03,1.040000000000000000e+03,2.360000000000000000e+02,2.020000000000000000e+02,2.269230769230769218e-01,8.559322033898305593e-01,4.629999999999999716e+01,3.410000000000000142e+01,5.889999999999999858e+01,1.000000000000000000e+00
1.783179185143356323e+09,8.553984000172931701e-03,2.772379400084901135e-02,1.756323899826384149e-02,1.357971600009477697e-02,1.483223269033855907e+01,1.025000000000000000e+03,1.078000000000000000e+03,1.970000000000000000e+02,1.710000000000000000e+02,1.827458256029684536e-01,8.680203045685279672e-01,4.050000000000000000e+01,3.410000000000000142e+01,5.739999999999999858e+01,1.000000000000000000e+00
1.783179185251286030e+09,7.675254000787390396e-03,2.667465999911655672e-02,1.747094399979687296e-02,2.075806799985002726e-02,1.377810412909924409e+01,1.081000000000000000e+03,1.025000000000000000e+03,2.400000000000000000e+02,2.000000000000000000e+02,2.341463414634146478e-01,8.333333333333333703e-01,4.289999999999999858e+01,3.410000000000000142e+01,5.739999999999999858e+01,1.000000000000000000e+00
1.783179185351967812e+09,6.676487999357050285e-03,2.686313899903325364e-02,2.003341100135003217e-02,1.443388999905437231e-02,1.470438423593730093e+01,1.052000000000000000e+03,1.081000000000000000e+03,2.970000000000000000e+02,2.670000000000000000e+02,2.747456059204440582e-01,8.989898989898990056e-01,4.389999999999999858e+01,3.410000000000000142e+01,5.789999999999999858e+01,1.000000000000000000e+00
1.783179185451930761e+09,6.943782000234932639e-03,2.703750699947704561e-02,1.795769700038363226e-02,1.624464499946043361e-02,1.466627671979673764e+01,1.088000000000000000e+03,1.052000000000000000e+03,2.480000000000000000e+02,2.060000000000000000e+02,2.357414448669201412e-01,8.306451612903226200e-01,4.360000000000000142e+01,3.410000000000000142e+01,5.789999999999999858e+01,1.000000000000000000e+00
1.783179185553644657e+09,7.162871999753406271e-03,2.756594499987841118e-02,1.917423699887876865e-02,1.772681000147713348e-02,1.396065752686856243e+01,1.070000000000000000e+03,1.088000000000000000e+03,3.370000000000000000e+02,3.170000000000000000e+02,3.097426470588235392e-01,9.406528189910978721e-01,4.629999999999999716e+01,3.410000000000000142e+01,5.889999999999999858e+01,1.000000000000000000e+00
1.783179185664848089e+09,1.231428699975367635e-02,2.717443100118543953e-02,1.783143899956485257e-02,2.296898500026145484e-02,1.245498426163860017e+01,1.076000000000000000e+03,1.070000000000000000e+03,3.290000000000000000e+02,2.680000000000000000e+02,3.074766355140187146e-01,8.145896656534954428e-01,4.420000000000000284e+01,3.410000000000000142e+01,5.839999999999999858e+01,1.000000000000000000e+00
1.783179185765728712e+09,9.045495999089325778e-03,2.688460200079134665e-02,1.787303099990822375e-02,1.521621299980324693e-02,1.448869216988346942e+01,1.086000000000000000e+03,1.076000000000000000e+03,2.710000000000000000e+02,2.390000000000000000e+02,2.518587360594795599e-01,8.819188191881919270e-01,4.250000000000000000e+01,3.410000000000000142e+01,5.939999999999999858e+01,1.000000000000000000e+00
1.783179185873753786e+09,6.954318998396047391e-03,2.761796200138633139e-02,1.760271999955875799e-02,2.043438699911348522e-02,1.377232376647057599e+01,1.070000000000000000e+03,1.086000000000000000e+03,3.460000000000000000e+02,3.010000000000000000e+02,3.186003683241252493e-01,8.699421965317919447e-01,4.389999999999999858e+01,3.410000000000000142e+01,5.839999999999999858e+01,1.000000000000000000e+00
1.783179185977373123e+09,1.044571900092705619e-02,2.799671699904138222e-02,1.688021000154549256e-02,1.756759099953342229e-02,1.371925845138397726e+01,1.094000000000000000e+03,1.070000000000000000e+03,2.120000000000000000e+02,1.900000000000000000e+02,1.981308411214953158e-01,8.962264150943396457e-01,3.750000000000000000e+01,3.410000000000000142e+01,5.739999999999999858e+01,1.000000000000000000e+00
1.783179186081070662e+09,8.461336999971535988e-03,2.717811600086861290e-02,1.964204599971708376e-02,1.614112700008263346e-02,1.400116540087788408e+01,1.108000000000000000e+03,1.094000000000000000e+03,2.770000000000000000e+02,2.410000000000000000e+02,2.531992687385740126e-01,8.700361010830325315e-01,4.389999999999999858e+01,3.410000000000000142e+01,5.889999999999999858e+01,1.000000000000000000e+00
1.783179186185578585e+09,8.093766999081708491e-03,2.811429000030329917e-02,1.822274900041520596e-02,1.795408600082737394e-02,1.381503753561350756e+01,1.091000000000000000e+03,1.108000000000000000e+03,3.430000000000000000e+02,2.920000000000000000e+02,3.095667870036101221e-01,8.513119533527696570e-01,4.250000000000000000e+01,3.410000000000000142e+01,5.789999999999999858e+01,1.000000000000000000e+00
1.783179186289794922e+09,8.939868001107242890e-03,2.767457299887610134e-02,1.999311500003386755e-02,1.589002000036998652e-02,1.379356462890095969e+01,1.126000000000000000e+03,1.091000000000000000e+03,2.860000000000000000e+02,2.440000000000000000e+02,2.621448212648945786e-01,8.531468531468531236e-01,4.250000000000000000e+01,3.410000000000000142e+01,5.989999999999999858e+01,1.000000000000000000e+00
1.783179186394655704e+09,9.407101999386213720e-03,2.736200300023483578e-02,1.935030899949197192e-02,1.988382099989394192e-02,1.315733468467579925e+01,1.137000000000000000e+03,1.126000000000000000e+03,3.770000000000000000e+02,3.140000000000000000e+02,3.348134991119005588e-01,8.328912466843501061e-01,4.520000000000000284e+01,3.410000000000000142e+01,5.939999999999999858e+01,1.000000000000000000e+00
1.783179186507445097e+09,7.521699999415432103e-03,2.763679599956958555e-02,1.933886400001938455e-02,2.050883099946076982e-02,1.333223280222912166e+01,1.142000000000000000e+03,1.137000000000000000e+03,3.650000000000000000e+02,3.130000000000000000e+02,3.210202286719436859e-01,8.575342465753424959e-01,4.089999999999999858e+01,3.410000000000000142e+01,5.939999999999999858e+01,1.000000000000000000e+00
1.783179186618271828e+09,1.028068399864423554e-02,2.825963900068018120e-02,2.048977599952195305e-02,1.771766300043964293e-02,1.302969590187272253e+01,1.150000000000000000e+03,1.142000000000000000e+03,3.390000000000000000e+02,3.000000000000000000e+02,2.968476357267951227e-01,8.849557522123894238e-01,4.000000000000000000e+01,3.410000000000000142e+01,5.839999999999999858e+01,1.000000000000000000e+00
1.783179186723646641e+09,7.486831000278471038e-03,2.796049500102526508e-02,2.067742100007308181e-02,1.822489799997129012e-02,1.344996334524351767e+01,1.117000000000000000e+03,1.150000000000000000e+03,3.420000000000000000e+02,3.040000000000000000e+02,2.973913043478260687e-01,8.888888888888888395e-01,4.320000000000000284e+01,3.410000000000000142e+01,5.939999999999999858e+01,1.000000000000000000e+00
1.783179186834545851e+09,9.689264999906299636e-03,2.768535100040026009e-02,1.811158399868872948e-02,2.334062800036917906e-02,1.268603628206455802e+01,1.128000000000000000e+03,1.117000000000000000e+03,3.140000000000000000e+02,2.540000000000000000e+02,2.811101163831691840e-01,8.089171974522293418e-01,4.050000000000000000e+01,3.410000000000000142e+01,5.789999999999999858e+01,1.000000000000000000e+00
1.783179186942181826e+09,8.544168000298668630e-03,2.761444399948231876e-02,2.033453699914389290e-02,1.681661900147446431e-02,1.364074702834351704e+01,1.149000000000000000e+03,1.128000000000000000e+03,3.030000000000000000e+02,2.630000000000000000e+02,2.686170212765957577e-01,8.679867986798679436e-01,4.289999999999999858e+01,3.410000000000000142e+01,5.839999999999999858e+01,1.000000000000000000e+00
1.783179187049873352e+09,7.077779999235644937e-03,2.811028900032397360e-02,2.023400200050673448e-02,1.733966699976008385e-02,1.374348699590415812e+01,1.167000000000000000e+03,1.149000000000000000e+03,2.950000000000000000e+02,2.480000000000000000e+02,2.567449956483899287e-01,8.406779661016948735e-01,4.420000000000000284e+01,3.410000000000000142e+01,5.889999999999999858e+01,1.000000000000000000e+00
1.783179187155918837e+09,8.545446000425727107e-03,2.814638199924957007e-02,2.002439300122205168e-02,1.690328399854479358e-02,1.358335674774745527e+01,1.186000000000000000e+03,1.167000000000000000e+03,3.770000000000000000e+02,3.330000000000000000e+02,3.230505569837189284e-01,8.832891246684350106e-01,4.550000000000000000e+01,3.410000000000000142e+01,5.789999999999999858e+01,1.000000000000000000e+00
1.783179187261754036e+09,1.013114799934555776e-02,2.690847200028656516e-02,1.924244000110775232e-02,2.004759599913086277e-02,1.310106782089642152e+01,1.132000000000000000e+03,1.186000000000000000e+03,3.110000000000000000e+02,2.600000000000000000e+02,2.622259696458684730e-01,8.360128617363343784e-01,4.670000000000000284e+01,3.410000000000000142e+01,5.939999999999999858e+01,1.000000000000000000e+00
1.783179187371128321e+09,9.525990000838646665e-03,2.655914299975847825e-02,1.935049399980925955e-02,1.889477700024144724e-02,1.345344497241377013e+01,1.155000000000000000e+03,1.132000000000000000e+03,3.530000000000000000e+02,3.040000000000000000e+02,3.118374558303886879e-01,8.611898016997167060e-01,4.210000000000000142e+01,3.410000000000000142e+01,5.789999999999999858e+01,1.000000000000000000e+00
1.783179187474941254e+09,7.441572000971063972e-03,2.726083699963055551e-02,1.867148400015139487e-02,1.976776599985896610e-02,1.367209896061604191e+01,1.152000000000000000e+03,1.155000000000000000e+03,3.540000000000000000e+02,3.030000000000000000e+02,3.064935064935064846e-01,8.559322033898305593e-01,4.779999999999999716e+01,3.410000000000000142e+01,5.789999999999999858e+01,1.000000000000000000e+00
1.783179187585495234e+09,7.708197999818366952e-03,2.815980800005490892e-02,1.916542199978721328e-02,2.188881400070386007e-02,1.300014110346996077e+01,1.184000000000000000e+03,1.152000000000000000e+03,3.620000000000000000e+02,2.950000000000000000e+02,3.142361111111111049e-01,8.149171270718231774e-01,4.779999999999999716e+01,3.410000000000000142e+01,5.839999999999999858e+01,1.000000000000000000e+00
1.783179187693269968e+09,1.166505499895720277e-02,2.707950600051844958e-02,2.092962200003967155e-02,1.804123299916682299e-02,1.286745991319093463e+01,1.159000000000000000e+03,1.184000000000000000e+03,2.760000000000000000e+02,2.270000000000000000e+02,2.331081081081081141e-01,8.224637681159420177e-01,4.050000000000000000e+01,3.410000000000000142e+01,5.889999999999999858e+01,1.000000000000000000e+00
1.783179187805125713e+09,9.343603000161238015e-03,2.797360700060380623e-02,1.949825100018642843e-02,2.271483999902557116e-02,1.257382390644150405e+01,1.187000000000000000e+03,1.159000000000000000e+03,3.660000000000000000e+02,2.930000000000000000e+02,3.157894736842105088e-01,8.005464480874316946e-01,4.420000000000000284e+01,3.410000000000000142e+01,5.839999999999999858e+01,1.000000000000000000e+00
1.783179187908555746e+09,8.045694001339143142e-03,2.757892599947808776e-02,1.844228299887618050e-02,1.799023400053556543e-02,1.387787583063177088e+01,1.182000000000000000e+03,1.187000000000000000e+03,3.080000000000000000e+02,2.630000000000000000e+02,2.594776748104464792e-01,8.538961038961039307e-01,4.289999999999999858e+01,3.410000000000000142e+01,5.839999999999999858e+01,1.000000000000000000e+00
1.783179188014472008e+09,7.211444999484228902e-03,2.822006600035820156e-02,1.939004899941210169e-02,2.014159499958623201e-02,1.333988677524930822e+01,1.191000000000000000e+03,1.182000000000000000e+03,3.360000000000000000e+02,2.880000000000000000e+02,2.842639593908629636e-01,8.571428571428570953e-01,4.150000000000000000e+01,3.410000000000000142e+01,5.789999999999999858e+01,1.000000000000000000e+00
1.783179188127459526e+09,6.846467998911975883e-03,2.895746400099596940e-02,2.173307399971236009e-02,2.076954999938607216e-02,1.277032283239080179e+01,1.190000000000000000e+03,1.191000000000000000e+03,4.180000000000000000e+02,3.530000000000000000e+02,3.509655751469353269e-01,8.444976076555024136e-01,4.289999999999999858e+01,3.410000000000000142e+01,5.839999999999999858e+01,1.000000000000000000e+00
1.783179188242838860e+09,1.125780100119300187e-02,2.844158199877711013e-02,1.950451000084285624e-02,2.383475200076645706e-02,1.204258571392849220e+01,1.204000000000000000e+03,1.190000000000000000e+03,3.930000000000000000e+02,3.130000000000000000e+02,3.302521008403361269e-01,7.964376590330788375e-01,4.129999999999999716e+01,3.410000000000000142e+01,5.739999999999999858e+01,1.000000000000000000e+00
1.783179188351045609e+09,7.582588999866857193e-03,2.805736399932357017e-02,1.989763500023400411e-02,2.025613099976908416e-02,1.319370540467397390e+01,1.196000000000000000e+03,1.204000000000000000e+03,4.260000000000000000e+02,3.750000000000000000e+02,3.538205980066445044e-01,8.802816901408451189e-01,4.289999999999999858e+01,3.410000000000000142e+01,5.839999999999999858e+01,1.000000000000000000e+00
1.783179188461513758e+09,9.666599000411224551e-03,2.765092499976162799e-02,2.004935600052704103e-02,2.348573699964617845e-02,1.236818345651965423e+01,1.192000000000000000e+03,1.196000000000000000e+03,4.460000000000000000e+02,3.740000000000000000e+02,3.729096989966554920e-01,8.385650224215246418e-01,4.679999999999999716e+01,3.410000000000000142e+01,5.839999999999999858e+01,1.000000000000000000e+00
1.783179188575591564e+09,9.562970999468234368e-03,2.765212899976177141e-02,1.864835400010633748e-02,2.190027700089558493e-02,1.285946529490743551e+01,1.200000000000000000e+03,1.192000000000000000e+03,4.280000000000000000e+02,3.750000000000000000e+02,3.590604026845637398e-01,8.761682242990653791e-01,4.050000000000000000e+01,3.410000000000000142e+01,5.889999999999999858e+01,1.000000000000000000e+00
1.783179188680921555e+09,8.972921999884420075e-03,2.765348100001574494e-02,2.121819199965102598e-02,1.674358300078893080e-02,1.340695036142912677e+01,1.164000000000000000e+03,1.200000000000000000e+03,3.440000000000000000e+02,3.050000000000000000e+02,2.866666666666666807e-01,8.866279069767442067e-01,4.550000000000000000e+01,3.410000000000000142e+01,5.889999999999999858e+01,1.000000000000000000e+00
1.783179188790451527e+09,8.576057000027503818e-03,2.729994800029089674e-02,2.102691700019931886e-02,2.053925599830108695e-02,1.291285996650626977e+01,1.199000000000000000e+03,1.164000000000000000e+03,4.090000000000000000e+02,3.530000000000000000e+02,3.513745704467353681e-01,8.630806845965770524e-01,4.439999999999999858e+01,3.410000000000000142e+01,5.739999999999999858e+01,1.000000000000000000e+00
1.783179188899084806e+09,8.549075999326305464e-03,2.782784900045953691e-02,2.074086500033445191e-02,2.196371999889379367e-02,1.264518090274789941e+01,1.199000000000000000e+03,1.199000000000000000e+03,4.060000000000000000e+02,3.400000000000000000e+02,3.386155129274395215e-01,8.374384236453201735e-01,4.670000000000000284e+01,3.410000000000000142e+01,5.889999999999999858e+01,1.000000000000000000e+00
1.783179189004418135e+09,8.018991000426467508e-03,2.765601700048136991e-02,1.971665599921834655e-02,1.746309200098039582e-02,1.372593986842549008e+01,1.196000000000000000e+03,1.199000000000000000e+03,2.910000000000000000e+02,2.490000000000000000e+02,2.427022518765638015e-01,8.556701030927834628e-01,4.389999999999999858e+01,3.410000000000000142e+01,5.939999999999999858e+01,1.000000000000000000e+00
1.783179189111180782e+09,8.453503000055206940e-03,2.746755699990899302e-02,1.874144700013857801e-02,2.139420800085645169e-02,1.314808297975251783e+01,1.212000000000000000e+03,1.196000000000000000e+03,3.350000000000000000e+02,2.670000000000000000e+02,2.801003344481605151e-01,7.970149253731343419e-01,4.189999999999999858e+01,3.410000000000000142e+01,5.839999999999999858e+01,1.000000000000000000e+00
1.783179189223054647e+09,8.337670999026158825e-03,2.831117599998833612e-02,2.046422000057646073e-02,2.280165400043188129e-02,1.251333906302087051e+01,1.215000000000000000e+03,1.212000000000000000e+03,4.860000000000000000e+02,4.180000000000000000e+02,4.009900990099010132e-01,8.600823045267489420e-01,4.679999999999999716e+01,3.410000000000000142e+01,5.789999999999999858e+01,1.000000000000000000e+00
1.783179189338808060e+09,1.069590000042808242e-02,2.738529899943387136e-02,1.951432500027294736e-02,2.716863499881583266e-02,1.179743905690586381e+01,1.217000000000000000e+03,1.215000000000000000e+03,5.610000000000000000e+02,5.100000000000000000e+02,4.617283950617284138e-01,9.090909090909090606e-01,4.579999999999999716e+01,3.410000000000000142e+01,5.789999999999999858e+01,1.000000000000000000e+00
1.783179189450354338e+09,9.975688000849913806e-03,2.626625799894100055e-02,1.759862700055236928e-02,2.679195400014577899e-02,1.240194295279787795e+01,1.126000000000000000e+03,1.217000000000000000e+03,2.780000000000000000e+02,2.040000000000000000e+02,2.284305669679539963e-01,7.338129496402877594e-01,4.470000000000000284e+01,3.410000000000000142e+01,5.889999999999999858e+01,1.000000000000000000e+00
1.783179189561738729e+09,9.132754001257126220e-03,2.726004099895362742e-02,1.897944399934203830e-02,2.450298300027498044e-02,1.251952701930714085e+01,1.184000000000000000e+03,1.126000000000000000e+03,3.310000000000000000e+02,2.520000000000000000e+02,2.939609236234458356e-01,7.613293051359516506e-01,4.679999999999999716e+01,3.410000000000000142e+01,5.839999999999999858e+01,1.000000000000000000e+00
1.783179189679161072e+09,8.141803999023977667e-03,3.209620100096799433e-02,1.869626199913909659e-02,2.263906299958762247e-02,1.225890864104367672e+01,1.212000000000000000e+03,1.184000000000000000e+03,2.450000000000000000e+02,1.870000000000000000e+02,2.069256756756756854e-01,7.632653061224490276e-01,4.800000000000000000e+01,3.410000000000000142e+01,5.889999999999999858e+01,1.000000000000000000e+00
1.783179189788810968e+09,7.289925999430124648e-03,2.858509799989406019e-02,1.986172800025087781e-02,2.226562400028342381e-02,1.282012229988755969e+01,1.208000000000000000e+03,1.212000000000000000e+03,3.870000000000000000e+02,3.260000000000000000e+02,3.193069306930693130e-01,8.423772609819121238e-01,4.900000000000000000e+01,3.410000000000000142e+01,5.889999999999999858e+01,1.000000000000000000e+00
1.783179189914881945e+09,1.246997100133739877e-02,3.191935199902218301e-02,2.000050400056352373e-02,2.966163999917625915e-02,1.063247636529628437e+01,1.205000000000000000e+03,1.208000000000000000e+03,4.140000000000000000e+02,3.130000000000000000e+02,3.427152317880794441e-01,7.560386473429951959e-01,5.170000000000000284e+01,3.410000000000000142e+01,5.839999999999999858e+01,1.000000000000000000e+00
1.783179190037992716e+09,8.561298000131500885e-03,2.975897199939936399e-02,2.286359699974127579e-02,2.827047299979312811e-02,1.117888746382175746e+01,1.214000000000000000e+03,1.205000000000000000e+03,4.200000000000000000e+02,3.210000000000000000e+02,3.485477178423236344e-01,7.642857142857142350e-01,5.260000000000000142e+01,3.410000000000000142e+01,5.839999999999999858e+01,1.000000000000000000e+00
1.783179190146049500e+09,9.197067000059178099e-03,2.840893400025379378e-02,1.998415299931366462e-02,1.954308399945148267e-02,1.296457955015387498e+01,1.214000000000000000e+03,1.214000000000000000e+03,3.980000000000000000e+02,3.410000000000000000e+02,3.278418451400329503e-01,8.567839195979899403e-01,5.189999999999999858e+01,3.410000000000000142e+01,5.789999999999999858e+01,1.000000000000000000e+00
1.783179190259642601e+09,8.515687000908656046e-03,2.777275699918391183e-02,2.066621800076973159e-02,2.419320999979390763e-02,1.232318205450801507e+01,1.204000000000000000e+03,1.214000000000000000e+03,4.310000000000000000e+02,3.430000000000000000e+02,3.550247116968698324e-01,7.958236658932714702e-01,5.189999999999999858e+01,3.410000000000000142e+01,5.889999999999999858e+01,1.000000000000000000e+00
1.783179190371605873e+09,9.958429000107571483e-03,2.765366600033303257e-02,1.781569800004945137e-02,2.321059299902117345e-02,1.271643596558829969e+01,1.203000000000000000e+03,1.204000000000000000e+03,3.560000000000000000e+02,2.800000000000000000e+02,2.956810631229235820e-01,7.865168539325843033e-01,5.279999999999999716e+01,3.410000000000000142e+01,5.789999999999999858e+01,1.000000000000000000e+00
1.783179190481153250e+09,7.233185000586672686e-03,2.850833999946189579e-02,1.875426100014010444e-02,2.367562400104361586e-02,1.279240069974733807e+01,1.202000000000000000e+03,1.203000000000000000e+03,3.470000000000000000e+02,2.730000000000000000e+02,2.884455527847049061e-01,7.867435158501441261e-01,5.189999999999999858e+01,3.410000000000000142e+01,5.839999999999999858e+01,1.000000000000000000e+00
1.783179190592267513e+09,7.876658000895986333e-03,2.856500599955325015e-02,1.998456000001169741e-02,2.208729300036793575e-02,1.273666036371091259e+01,1.212000000000000000e+03,1.202000000000000000e+03,4.670000000000000000e+02,3.970000000000000000e+02,3.885191347753743640e-01,8.501070663811562955e-01,5.000000000000000000e+01,3.410000000000000142e+01,5.839999999999999858e+01,1.000000000000000000e+00
1.783179190702978611e+09,9.350770000310149044e-03,2.868979999948351178e-02,1.923136599907593336e-02,2.038522100156114902e-02,1.287711318088110346e+01,1.211000000000000000e+03,1.212000000000000000e+03,4.300000000000000000e+02,3.780000000000000000e+02,3.547854785478548045e-01,8.790697674418604946e-01,5.539999999999999858e+01,3.410000000000000142e+01,5.939999999999999858e+01,1.000000000000000000e+00
1.783179190812266350e+09,7.994732000952353701e-03,2.915301699977135286e-02,1.921727300032216590e-02,2.203855199877580162e-02,1.275452060389842046e+01,1.218000000000000000e+03,1.211000000000000000e+03,4.740000000000000000e+02,4.120000000000000000e+02,3.914120561519405239e-01,8.691983122362869629e-01,5.200000000000000000e+01,3.410000000000000142e+01,5.939999999999999858e+01,1.000000000000000000e+00
1.783179190928388834e+09,7.937917000162997283e-03,2.885002100083511323e-02,2.066012499926728196e-02,2.679689899923687335e-02,1.187014601544847459e+01,1.219000000000000000e+03,1.218000000000000000e+03,6.170000000000000000e+02,5.580000000000000000e+02,5.065681444991789739e-01,9.043760129659643709e-01,5.360000000000000142e+01,3.410000000000000142e+01,5.739999999999999858e+01,1.000000000000000000e+00
1.783179191044291735e+09,8.543316998839145526e-03,3.077523700085293967e-02,1.976043299873708747e-02,2.344607100167195313e-02,1.211753162292566444e+01,1.219000000000000000e+03,1.219000000000000000e+03,4.330000000000000000e+02,3.590000000000000000e+02,3.552091878589007656e-01,8.290993071593533159e-01,5.089999999999999858e+01,3.410000000000000142e+01,5.789999999999999858e+01,1.000000000000000000e+00
1.783179191163513184e+09,9.091920999708236195e-03,3.030737200060684700e-02,2.124235900009807665e-02,2.625779499976488296e-02,1.150755309176997621e+01,1.220000000000000000e+03,1.219000000000000000e+03,5.110000000000000000e+02,4.200000000000000000e+02,4.191960623461853941e-01,8.219178082191780366e-01,4.910000000000000142e+01,3.410000000000000142e+01,5.889999999999999858e+01,1.000000000000000000e+00
1.783179191284013271e+09,7.353203000093344599e-03,2.974537999944004696e-02,2.020120499946642667e-02,2.924809000069217291e-02,1.155429830415436498e+01,1.212000000000000000e+03,1.220000000000000000e+03,5.860000000000000000e+02,5.160000000000000000e+02,4.803278688524590390e-01,8.805460750853242313e-01,4.489999999999999858e+01,3.410000000000000142e+01,5.839999999999999858e+01,1.000000000000000000e+00
1.783179191405689240e+09,9.954316999937873334e-03,2.939573699950415175e-02,2.094612099972437136e-02,2.832587999910174403e-02,1.128387284654527711e+01,1.226000000000000000e+03,1.212000000000000000e+03,4.810000000000000000e+02,3.790000000000000000e+02,3.968646864686468656e-01,7.879417879417879300e-01,4.170000000000000284e+01,3.410000000000000142e+01,5.739999999999999858e+01,1.000000000000000000e+00
1.783179191512172222e+09,8.140378000462078489e-03,2.901970399943820667e-02,1.927427200098463800e-02,1.952384399919537827e-02,1.316513590802855482e+01,1.233000000000000000e+03,1.226000000000000000e+03,3.570000000000000000e+02,3.040000000000000000e+02,2.911908646003262824e-01,8.515406162464985718e-01,4.779999999999999716e+01,3.410000000000000142e+01,5.939999999999999858e+01,1.000000000000000000e+00
1.783179191636465311e+09,9.866002999842748977e-03,2.969328800099901855e-02,2.205020099972898606e-02,3.050805500060960185e-02,1.085569506086811487e+01,1.232000000000000000e+03,1.233000000000000000e+03,5.020000000000000000e+02,3.930000000000000000e+02,4.071370640713706246e-01,7.828685258964143134e-01,3.489999999999999858e+01,3.410000000000000142e+01,5.739999999999999858e+01,1.000000000000000000e+00
1.783179191762557983e+09,7.283406999704311602e-03,2.959641899906273466e-02,1.954299099998024758e-02,3.711274899978889152e-02,1.069112042381450678e+01,1.217000000000000000e+03,1.232000000000000000e+03,5.080000000000000000e+02,3.830000000000000000e+02,4.123376623376623362e-01,7.539370078740157410e-01,3.879999999999999716e+01,3.410000000000000142e+01,5.889999999999999858e+01,1.000000000000000000e+00
1.783179191885511398e+09,8.686704000865574926e-03,3.007848699962778483e-02,2.016564999939873815e-02,3.031872500105237123e-02,1.120453627740237579e+01,1.231000000000000000e+03,1.217000000000000000e+03,6.290000000000000000e+02,5.700000000000000000e+02,5.168447000821693171e-01,9.062003179650238716e-01,4.289999999999999858e+01,3.410000000000000142e+01,5.939999999999999858e+01,1.000000000000000000e+00
1.783179192007929087e+09,1.104160000068077352e-02,2.971997299937356729e-02,2.196636799999396317e-02,2.737428000000363681e-02,1.109850555181568232e+01,1.226000000000000000e+03,1.231000000000000000e+03,4.930000000000000000e+02,3.950000000000000000e+02,4.004874086108854425e-01,8.012170385395537275e-01,3.910000000000000142e+01,3.410000000000000142e+01,5.839999999999999858e+01,1.000000000000000000e+00
1.783179192125003815e+09,8.126136999635491520e-03,3.013543099950766191e-02,2.049584899941692129e-02,2.410043400050199125e-02,1.206886237022149899e+01,1.218000000000000000e+03,1.226000000000000000e+03,4.900000000000000000e+02,4.170000000000000000e+02,3.996737357259380063e-01,8.510204081632652962e-01,3.570000000000000284e+01,3.410000000000000142e+01,5.889999999999999858e+01,1.000000000000000000e+00
1.783179192238896132e+09,8.850165000694687478e-03,2.955227100028423592e-02,2.017774299929442350e-02,2.301983600045787171e-02,1.225489970793558037e+01,1.243000000000000000e+03,1.218000000000000000e+03,4.880000000000000000e+02,4.270000000000000000e+02,4.006568144499179085e-01,8.750000000000000000e-01,4.579999999999999716e+01,3.410000000000000142e+01,5.839999999999999858e+01,1.000000000000000000e+00
1.783179192358168125e+09,8.704703999683260918e-03,2.957610399971599691e-02,2.120361800007231068e-02,2.812038199954258744e-02,1.141489859793144390e+01,1.255000000000000000e+03,1.243000000000000000e+03,5.540000000000000000e+02,4.560000000000000000e+02,4.456958970233306783e-01,8.231046931407942635e-01,3.860000000000000142e+01,3.410000000000000142e+01,5.839999999999999858e+01,1.000000000000000000e+00
1.783179192476595640e+09,1.097963800020806957e-02,2.917760899981658440e-02,1.996335700096096843e-02,2.487581199966371059e-02,1.176520195854329209e+01,1.261000000000000000e+03,1.255000000000000000e+03,5.350000000000000000e+02,4.570000000000000000e+02,4.262948207171314841e-01,8.542056074766355422e-01,4.000000000000000000e+01,3.410000000000000142e+01,5.789999999999999858e+01,1.000000000000000000e+00
1.783179192589514256e+09,7.334036001338972710e-03,2.997730299830436707e-02,2.074671700029284693e-02,2.123706200109154452e-02,1.261111686582065694e+01,1.245000000000000000e+03,1.261000000000000000e+03,4.010000000000000000e+02,3.330000000000000000e+02,3.180015860428231367e-01,8.304239401496259498e-01,4.189999999999999858e+01,3.410000000000000142e+01,5.839999999999999858e+01,1.000000000000000000e+00
1.783179192703861237e+09,8.815739000056055374e-03,3.002313599972694647e-02,1.986782099993433803e-02,2.348897800038685091e-02,1.216609039544748327e+01,1.259000000000000000e+03,1.245000000000000000e+03,4.320000000000000000e+02,3.560000000000000000e+02,3.469879518072289115e-01,8.240740740740740700e-01,4.350000000000000000e+01,3.410000000000000142e+01,5.839999999999999858e+01,1.000000000000000000e+00
1.783179192817103863e+09,6.481046999397221953e-03,3.004754199901071843e-02,2.010839200011105277e-02,2.302094700098678004e-02,1.255367827300509731e+01,1.265000000000000000e+03,1.259000000000000000e+03,5.270000000000000000e+02,4.660000000000000000e+02,4.185861795075456748e-01,8.842504743833017322e-01,4.089999999999999858e+01,3.410000000000000142e+01,5.889999999999999858e+01,1.000000000000000000e+00
1.783179192935237169e+09,1.258646899987070356e-02,2.909618500052602030e-02,1.975467400006891694e-02,2.420976499888638500e-02,1.167581951681145291e+01,1.261000000000000000e+03,1.265000000000000000e+03,4.710000000000000000e+02,4.040000000000000000e+02,3.723320158102766952e-01,8.577494692144373989e-01,4.350000000000000000e+01,3.410000000000000142e+01,5.889999999999999858e+01,1.000000000000000000e+00
1.783179193046276808e+09,8.560631000364082865e-03,2.938008800083480310e-02,1.931540199984738138e-02,2.366936500038718805e-02,1.235704657964348563e+01,1.254000000000000000e+03,1.261000000000000000e+03,4.550000000000000000e+02,3.760000000000000000e+02,3.608247422680412320e-01,8.263736263736263243e-01,3.860000000000000142e+01,3.410000000000000142e+01,5.889999999999999858e+01,1.000000000000000000e+00
1.783179193161997795e+09,8.589446000769385137e-03,2.899120499932905659e-02,2.039714700003969483e-02,2.560759900006814860e-02,1.196381229124905765e+01,1.265000000000000000e+03,1.254000000000000000e+03,5.220000000000000000e+02,4.250000000000000000e+02,4.162679425837320646e-01,8.141762452107279557e-01,3.950000000000000000e+01,3.410000000000000142e+01,5.839999999999999858e+01,1.000000000000000000e+00
1.783179193275618315e+09,1.012466700012737419e-02,2.952973500032385346e-02,1.921081000000413042e-02,2.132537699981185142e-02,1.247029124573044179e+01,1.256000000000000000e+03,1.265000000000000000e+03,4.720000000000000000e+02,4.090000000000000000e+02,3.731225296442687855e-01,8.665254237288135819e-01,4.189999999999999858e+01,3.410000000000000142e+01,5.839999999999999858e+01,1.000000000000000000e+00
1.783179193390261650e+09,8.094693001112318598e-03,3.058097999928577337e-02,2.055697899959341157e-02,2.373127100145211443e-02,1.205343194755387159e+01,1.262000000000000000e+03,1.256000000000000000e+03,4.550000000000000000e+02,3.800000000000000000e+02,3.622611464968152895e-01,8.351648351648351953e-01,3.950000000000000000e+01,3.410000000000000142e+01,5.939999999999999858e+01,1.000000000000000000e+00
1.783179193510096312e+09,1.019622199964942411e-02,3.279313699931662995e-02,2.003818900084297638e-02,2.615264799896976911e-02,1.121325187504290355e+01,1.268000000000000000e+03,1.262000000000000000e+03,5.660000000000000000e+02,4.810000000000000000e+02,4.484944532488114310e-01,8.498233215547703612e-01,4.000000000000000000e+01,3.410000000000000142e+01,5.889999999999999858e+01,1.000000000000000000e+00
1.783179193622171164e+09,8.213912999053718522e-03,2.940536599999177270e-02,2.126030299950798508e-02,2.111528600107703824e-02,1.250080192650132105e+01,1.259000000000000000e+03,1.268000000000000000e+03,3.750000000000000000e+02,3.020000000000000000e+02,2.957413249211356399e-01,8.053333333333333455e-01,4.050000000000000000e+01,3.410000000000000142e+01,5.789999999999999858e+01,1.000000000000000000e+00
1.783179193738810778e+09,9.811448999244021252e-03,2.991552500134275761e-02,2.000054199925216381e-02,2.587268800016317982e-02,1.168221514986080223e+01,1.260000000000000000e+03,1.259000000000000000e+03,4.320000000000000000e+02,3.450000000000000000e+02,3.431294678316124114e-01,7.986111111111111605e-01,4.220000000000000284e+01,3.410000000000000142e+01,5.889999999999999858e+01,1.000000000000000000e+00
1.783179193857285738e+09,9.690876999229658395e-03,2.956771500066679437e-02,2.108652700007951353e-02,2.389373299956787378e-02,1.187100697912425318e+01,1.263000000000000000e+03,1.260000000000000000e+03,5.120000000000000000e+02,4.210000000000000000e+02,4.063492063492063489e-01,8.222656250000000000e-01,3.720000000000000284e+01,3.410000000000000142e+01,5.889999999999999858e+01,1.000000000000000000e+00
1.783179193974581242e+09,9.496583001237013377e-03,2.942373499899986200e-02,1.896449900050356518e-02,2.785251500063168351e-02,1.166353065411454892e+01,1.261000000000000000e+03,1.263000000000000000e+03,3.990000000000000000e+02,3.030000000000000000e+02,3.159144893111638930e-01,7.593984962406015171e-01,4.260000000000000142e+01,3.410000000000000142e+01,5.839999999999999858e+01,1.000000000000000000e+00
1.783179194096813679e+09,7.839845000489731319e-03,3.134187800060317386e-02,2.236069599894108251e-02,2.580161500009126030e-02,1.144897887357213229e+01,1.261000000000000000e+03,1.261000000000000000e+03,4.350000000000000000e+02,3.470000000000000000e+02,3.449643140364789806e-01,7.977011494252873591e-01,4.129999999999999716e+01,3.410000000000000142e+01,5.789999999999999858e+01,1.000000000000000000e+00
1.783179194220296860e+09,7.770846001221798360e-03,3.128789699985645711e-02,2.094206599940662272e-02,2.723376399990229402e-02,1.146334492857048382e+01,1.261000000000000000e+03,1.261000000000000000e+03,5.300000000000000000e+02,4.390000000000000000e+02,4.203013481363996884e-01,8.283018867924528683e-01,3.410000000000000142e+01,3.410000000000000142e+01,5.939999999999999858e+01,1.000000000000000000e+00
1.783179194341641665e+09,8.950367000579717569e-03,3.083919900018372573e-02,2.049007200002961326e-02,2.601711299939779565e-02,1.158792177468869511e+01,1.262000000000000000e+03,1.261000000000000000e+03,3.510000000000000000e+02,2.710000000000000000e+02,2.783505154639175361e-01,7.720797720797720753e-01,4.129999999999999716e+01,3.410000000000000142e+01,5.889999999999999858e+01,1.000000000000000000e+00
1.783179194455004454e+09,8.764035999774932861e-03,3.186211200045363512e-02,2.038033300050301477e-02,2.018755700009933207e-02,1.231617523431666683e+01,1.262000000000000000e+03,1.262000000000000000e+03,4.170000000000000000e+02,3.530000000000000000e+02,3.304278922345483260e-01,8.465227817745802907e-01,3.570000000000000284e+01,3.410000000000000142e+01,5.839999999999999858e+01,1.000000000000000000e+00
1.783179194571096182e+09,8.337282000866252929e-03,3.032713199900172185e-02,2.027957500104093924e-02,2.529623199916386511e-02,1.187081406160052666e+01,1.272000000000000000e+03,1.262000000000000000e+03,4.470000000000000000e+02,3.550000000000000000e+02,3.541996830427892040e-01,7.941834451901566005e-01,4.379999999999999716e+01,3.410000000000000142e+01,5.839999999999999858e+01,1.000000000000000000e+00
1.783179194686236382e+09,6.678080999336089008e-03,3.015270799915015232e-02,2.105471300092176534e-02,2.269689599961566273e-02,1.240965800015179354e+01,1.269000000000000000e+03,1.272000000000000000e+03,4.810000000000000000e+02,4.160000000000000000e+02,3.781446540880503138e-01,8.648648648648649129e-01,4.189999999999999858e+01,3.410000000000000142e+01,5.889999999999999858e+01,1.000000000000000000e+00
1.783179194806797743e+09,7.670290999158169143e-03,3.352240499953040853e-02,1.982915500047965907e-02,2.770321999923908152e-02,1.127077148259425776e+01,1.260000000000000000e+03,1.269000000000000000e+03,4.170000000000000000e+02,3.270000000000000000e+02,3.286052009456264522e-01,7.841726618705036067e-01,3.860000000000000142e+01,3.410000000000000142e+01,5.989999999999999858e+01,1.000000000000000000e+00
1.783179194931952953e+09,5.813388001115527004e-03,3.272237899909669068e-02,2.140511600009631366e-02,2.911027700065460522e-02,1.122949998617855627e+01,1.275000000000000000e+03,1.260000000000000000e+03,4.890000000000000000e+02,3.770000000000000000e+02,3.880952380952381042e-01,7.709611451942740556e-01,4.420000000000000284e+01,3.410000000000000142e+01,5.989999999999999858e+01,1.000000000000000000e+00
1.783179195057967901e+09,7.817769999746815301e-03,2.986680499998328742e-02,2.005661400107783265e-02,3.223716299908119254e-02,1.111378434671966708e+01,1.270000000000000000e+03,1.275000000000000000e+03,3.900000000000000000e+02,2.810000000000000000e+02,3.058823529411764941e-01,7.205128205128205066e-01,4.170000000000000284e+01,3.410000000000000142e+01,5.889999999999999858e+01,1.000000000000000000e+00
1.783179195174591541e+09,9.230993000528542325e-03,3.030804000081843697e-02,2.008085499983280897e-02,2.651095799956237897e-02,1.161024239784412693e+01,1.270000000000000000e+03,1.270000000000000000e+03,4.800000000000000000e+02,3.940000000000000000e+02,3.779527559055118058e-01,8.208333333333333037e-01,4.260000000000000142e+01,3.410000000000000142e+01,5.889999999999999858e+01,1.000000000000000000e+00
1.783179195289405346e+09,6.784987999708391726e-03,2.955843699965043925e-02,2.132532100040407386e-02,2.570322799874702469e-02,1.199443832309730951e+01,1.273000000000000000e+03,1.270000000000000000e+03,5.590000000000000000e+02,4.750000000000000000e+02,4.401574803149606030e-01,8.497316636851520721e-01,4.350000000000000000e+01,3.410000000000000142e+01,5.939999999999999858e+01,1.000000000000000000e+00
1.783179195408596277e+09,1.077560299927426968e-02,3.044161200159578584e-02,2.129604299989296123e-02,2.415304399983142503e-02,1.153851008888253915e+01,1.274000000000000000e+03,1.273000000000000000e+03,4.480000000000000000e+02,3.670000000000000000e+02,3.519245875883739161e-01,8.191964285714286031e-01,4.220000000000000284e+01,3.410000000000000142e+01,5.789999999999999858e+01,1.000000000000000000e+00
1.783179195520523310e+09,6.335345000479719602e-03,2.967532500042580068e-02,2.162090899946633726e-02,2.325137099978746846e-02,1.236354509817001279e+01,1.273000000000000000e+03,1.274000000000000000e+03,5.000000000000000000e+02,4.480000000000000000e+02,3.924646781789639105e-01,8.960000000000000187e-01,3.810000000000000142e+01,3.410000000000000142e+01,5.989999999999999858e+01,1.000000000000000000e+00
1.783179195641398668e+09,1.078819600115821231e-02,2.874398499989183620e-02,2.067030999933194835e-02,2.939918100128124934e-02,1.116050602249294421e+01,1.274000000000000000e+03,1.273000000000000000e+03,5.470000000000000000e+02,4.360000000000000000e+02,4.296936370777690306e-01,7.970749542961609313e-01,4.370000000000000284e+01,3.410000000000000142e+01,5.839999999999999858e+01,1.000000000000000000e+00
1.783179195757452965e+09,7.937768999909167178e-03,3.144000700012838934e-02,2.225893799914047122e-02,2.094551099980890285e-02,1.210914334183012642e+01,1.283000000000000000e+03,1.274000000000000000e+03,4.970000000000000000e+02,4.440000000000000000e+02,3.901098901098901117e-01,8.933601609657947362e-01,4.220000000000000284e+01,3.410000000000000142e+01,5.889999999999999858e+01,1.000000000000000000e+00
1.783179195880135536e+09,9.814634000576916151e-03,3.129021199856651947e-02,2.047201700042933226e-02,2.936160699937317986e-02,1.099644627858364920e+01,1.278000000000000000e+03,1.283000000000000000e+03,5.600000000000000000e+02,4.710000000000000000e+02,4.364770070148090153e-01,8.410714285714285809e-01,4.170000000000000284e+01,3.410000000000000142e+01,5.989999999999999858e+01,1.000000000000000000e+00
1.783179195994157791e+09,6.710191999445669353e-03,3.035450199968181551e-02,2.208286600034625735e-02,2.553406399965751916e-02,1.180893743854344180e+01,1.285000000000000000e+03,1.278000000000000000e+03,5.580000000000000000e+02,4.850000000000000000e+02,4.366197183098591283e-01,8.691756272401434114e-01,4.350000000000000000e+01,3.410000000000000142e+01,5.889999999999999858e+01,1.000000000000000000e+00
1.783179196108627796e+09,9.642617998906644061e-03,2.980450900031428318e-02,1.985821000016585458e-02,2.243315799933043309e-02,1.223413766078875931e+01,1.287000000000000000e+03,1.285000000000000000e+03,4.680000000000000000e+02,4.020000000000000000e+02,3.642023346303501774e-01,8.589743589743589203e-01,3.950000000000000000e+01,3.410000000000000142e+01,5.789999999999999858e+01,1.000000000000000000e+00
1.783179196221061468e+09,7.059909999952651560e-03,3.061973900003067683e-02,2.133865399991918821e-02,1.941530800104374066e-02,1.274963612204384589e+01,1.279000000000000000e+03,1.287000000000000000e+03,4.460000000000000000e+02,3.830000000000000000e+02,3.465423465423465577e-01,8.587443946188341171e-01,4.150000000000000000e+01,3.410000000000000142e+01,5.939999999999999858e+01,1.000000000000000000e+00
1.783179196336019039e+09,1.018755500081169885e-02,3.028331799941952340e-02,2.063036599975021090e-02,2.360957000018970575e-02,1.180486896303846756e+01,1.280000000000000000e+03,1.279000000000000000e+03,5.350000000000000000e+02,4.510000000000000000e+02,4.182955433932760148e-01,8.429906542056074814e-01,4.350000000000000000e+01,3.410000000000000142e+01,5.889999999999999858e+01,1.000000000000000000e+00
1.783179196448297024e+09,7.992564998858142644e-03,2.958147400022426154e-02,1.942556699941633269e-02,2.253700900109834038e-02,1.257282573573272977e+01,1.269000000000000000e+03,1.280000000000000000e+03,4.210000000000000000e+02,3.490000000000000000e+02,3.289062500000000111e-01,8.289786223277909594e-01,4.089999999999999858e+01,3.410000000000000142e+01,5.889999999999999858e+01,1.000000000000000000e+00
1.783179196565469265e+09,7.256574999701115303e-03,3.040616699945530854e-02,2.137487600157328416e-02,2.513932699912402313e-02,1.187973737941829100e+01,1.271000000000000000e+03,1.269000000000000000e+03,4.900000000000000000e+02,3.990000000000000000e+02,3.861308116627265585e-01,8.142857142857142794e-01,4.220000000000000284e+01,3.410000000000000142e+01,5.789999999999999858e+01,1.000000000000000000e+00
1.783179196682478428e+09,7.091983999998774379e-03,3.020142899913480505e-02,2.016983599969535135e-02,2.536469500046223402e-02,1.207322012011499268e+01,1.271000000000000000e+03,1.271000000000000000e+03,6.080000000000000000e+02,5.130000000000000000e+02,4.783634933123525057e-01,8.437500000000000000e-01,4.089999999999999858e+01,3.410000000000000142e+01,5.889999999999999858e+01,1.000000000000000000e+00
1.783179196804077625e+09,7.952899000883917324e-03,3.019839199987472966e-02,2.115239699924131855e-02,3.096543900028336793e-02,1.107798461368593124e+01,1.275000000000000000e+03,1.271000000000000000e+03,5.900000000000000000e+02,4.750000000000000000e+02,4.642014162077104378e-01,8.050847457627118287e-01,4.289999999999999858e+01,3.410000000000000142e+01,5.989999999999999858e+01,1.000000000000000000e+00
1.783179196919818401e+09,6.806654000683920458e-03,2.998746899902471341e-02,2.008811400082777254e-02,2.622594300009950530e-02,1.203250991650097923e+01,1.272000000000000000e+03,1.275000000000000000e+03,5.110000000000000000e+02,4.470000000000000000e+02,4.007843137254901711e-01,8.747553816046966801e-01,3.950000000000000000e+01,3.410000000000000142e+01,5.939999999999999858e+01,1.000000000000000000e+00
1.783179197038197279e+09,1.087445400116848759e-02,2.969078799833368976e-02,2.018311300162167754e-02,2.280470899859210476e-02,1.196844199517805230e+01,1.281000000000000000e+03,1.272000000000000000e+03,5.110000000000000000e+02,4.520000000000000000e+02,4.017295597484276670e-01,8.845401174168296965e-01,4.220000000000000284e+01,3.410000000000000142e+01,5.939999999999999858e+01,1.000000000000000000e+00
1.783179197159517765e+09,9.370935998958884738e-03,3.068651600005978253e-02,2.110763800010317937e-02,2.833693499997025356e-02,1.117293156227631634e+01,1.276000000000000000e+03,1.281000000000000000e+03,6.530000000000000000e+02,5.660000000000000000e+02,5.097580015612802606e-01,8.667687595712098014e-01,4.400000000000000000e+01,3.410000000000000142e+01,5.939999999999999858e+01,1.000000000000000000e+00
1.783179197275794506e+09,7.788715000060619786e-03,3.054222199898504186e-02,2.021701900048356038e-02,2.593735499976901338e-02,1.183637709528353810e+01,1.273000000000000000e+03,1.276000000000000000e+03,5.910000000000000000e+02,4.940000000000000000e+02,4.631661442006269613e-01,8.358714043993231702e-01,4.089999999999999858e+01,3.410000000000000142e+01,5.989999999999999858e+01,1.000000000000000000e+00
1.783179197392442942e+09,6.983928999034105800e-03,3.099438200115400832e-02,2.101801000026171096e-02,2.727939299984427635e-02,1.159074731037973294e+01,1.275000000000000000e+03,1.273000000000000000e+03,5.200000000000000000e+02,4.190000000000000000e+02,4.084838963079340246e-01,8.057692307692307931e-01,4.260000000000000142e+01,3.410000000000000142e+01,5.939999999999999858e+01,1.000000000000000000e+00
1.783179197508510113e+09,9.346065999125130475e-03,3.013726400058658328e-02,2.056097800050338265e-02,2.426333899893506896e-02,1.186132024311009658e+01,1.283000000000000000e+03,1.275000000000000000e+03,5.780000000000000000e+02,5.000000000000000000e+02,4.533333333333333104e-01,8.650519031141868931e-01,4.089999999999999858e+01,3.410000000000000142e+01,5.989999999999999858e+01,1.000000000000000000e+00
1.783179197625703096e+09,8.940293000705423765e-03,3.031066899893630762e-02,2.169994600080826785e-02,2.482579400020767935e-02,1.165817729845025674e+01,1.285000000000000000e+03,1.283000000000000000e+03,5.850000000000000000e+02,5.010000000000000000e+02,4.559625876851129966e-01,8.564102564102563653e-01,3.950000000000000000e+01,3.410000000000000142e+01,5.839999999999999858e+01,1.000000000000000000e+00
1.783179197742398977e+09,1.001613199878192972e-02,2.971402799994393717e-02,1.993450500049220864e-02,2.366369800074608065e-02,1.200071577069658879e+01,1.281000000000000000e+03,1.285000000000000000e+03,4.950000000000000000e+02,4.100000000000000000e+02,3.852140077821011865e-01,8.282828282828282873e-01,4.379999999999999716e+01,3.410000000000000142e+01,5.889999999999999858e+01,1.000000000000000000e+00
1.783179197862287521e+09,7.749364000119385310e-03,2.996522899957199115e-02,2.203544100120780058e-02,2.704930399886507075e-02,1.152082519342159195e+01,1.282000000000000000e+03,1.281000000000000000e+03,5.560000000000000000e+02,4.380000000000000000e+02,4.340359094457454936e-01,7.877697841726618577e-01,4.379999999999999716e+01,3.410000000000000142e+01,5.939999999999999858e+01,1.000000000000000000e+00
1.783179197983375549e+09,1.053086600040842313e-02,2.975754600083746482e-02,1.982187700014037546e-02,2.754427799845871050e-02,1.140841868515269297e+01,1.285000000000000000e+03,1.282000000000000000e+03,5.430000000000000000e+02,4.460000000000000000e+02,4.235569422776910842e-01,8.213627992633517616e-01,4.170000000000000284e+01,3.410000000000000142e+01,5.889999999999999858e+01,1.000000000000000000e+00
1.783179198183292389e+09,7.756085999062634073e-03,3.000787699966167565e-02,9.771390199966845103e-02,3.356605300177761819e-02,5.915622471546075012e+00,1.283000000000000000e+03,1.285000000000000000e+03,6.360000000000000000e+02,5.340000000000000000e+02,4.949416342412451542e-01,8.396226415094339979e-01,4.360000000000000142e+01,3.410000000000000142e+01,5.889999999999999858e+01,1.000000000000000000e+00
1.783179198309467077e+09,8.223894999900949188e-03,3.136621100020420272e-02,2.294911500030138995e-02,2.954190099990228191e-02,1.085998930374291227e+01,1.284000000000000000e+03,1.283000000000000000e+03,6.350000000000000000e+02,5.540000000000000000e+02,4.949337490257209593e-01,8.724409448818897239e-01,3.700000000000000000e+01,3.410000000000000142e+01,5.989999999999999858e+01,1.000000000000000000e+00
1.783179198432937384e+09,6.637821999902371317e-03,3.205196199996862561e-02,2.215027300007932354e-02,3.036188999976729974e-02,1.096467819928335707e+01,1.291000000000000000e+03,1.284000000000000000e+03,5.240000000000000000e+02,4.040000000000000000e+02,4.080996884735202390e-01,7.709923664122136922e-01,3.829999999999999716e+01,3.410000000000000142e+01,5.889999999999999858e+01,1.000000000000000000e+00
1.783179198546834230e+09,8.790072999545373023e-03,2.984060000017052516e-02,1.936606799972651061e-02,2.305287300077907275e-02,1.233812168429657596e+01,1.290000000000000000e+03,1.291000000000000000e+03,4.310000000000000000e+02,3.520000000000000000e+02,3.338497288923314987e-01,8.167053364269141191e-01,4.439999999999999858e+01,3.420000000000000284e+01,5.889999999999999858e+01,1.000000000000000000e+00
1.783179198669877052e+09,7.895011000073282048e-03,3.027389100134314504e-02,2.186718399934761692e-02,3.078523700060031842e-02,1.101063017970986380e+01,1.282000000000000000e+03,1.290000000000000000e+03,5.900000000000000000e+02,5.370000000000000000e+02,4.573643410852712976e-01,9.101694915254237017e-01,4.079999999999999716e+01,3.410000000000000142e+01,5.939999999999999858e+01,1.000000000000000000e+00
1.783179198789570570e+09,8.549687998311128467e-03,2.964191800128901377e-02,2.173764899998786859e-02,2.902218499912123661e-02,1.124208894217463772e+01,1.286000000000000000e+03,1.282000000000000000e+03,5.440000000000000000e+02,4.240000000000000000e+02,4.243369734789391723e-01,7.794117647058823595e-01,4.129999999999999716e+01,3.410000000000000142e+01,5.789999999999999858e+01,1.000000000000000000e+00
1.783179198914294958e+09,9.871300000668270513e-03,2.843306300019321498e-02,2.092023299883294385e-02,3.427517400086799171e-02,1.069521347479234130e+01,1.273000000000000000e+03,1.286000000000000000e+03,4.740000000000000000e+02,3.460000000000000000e+02,3.685847589424572357e-01,7.299578059071729630e-01,4.039999999999999858e+01,3.410000000000000142e+01,5.939999999999999858e+01,1.000000000000000000e+00
1.783179199027557611e+09,9.348621999379247427e-03,2.958619600030942820e-02,2.096434399936697446e-02,2.254182400065474212e-02,1.212988888807701748e+01,1.284000000000000000e+03,1.273000000000000000e+03,4.030000000000000000e+02,3.250000000000000000e+02,3.165750196386488691e-01,8.064516129032257563e-01,4.220000000000000284e+01,3.410000000000000142e+01,5.889999999999999858e+01,1.000000000000000000e+00
1.783179199152901411e+09,7.532903999162954278e-03,3.209636900101031642e-02,2.105782399848976638e-02,2.933431100063899066e-02,1.110846877675756161e+01,1.288000000000000000e+03,1.284000000000000000e+03,5.740000000000000000e+02,4.660000000000000000e+02,4.470404984423675954e-01,8.118466898954703748e-01,3.829999999999999716e+01,3.410000000000000142e+01,5.889999999999999858e+01,1.000000000000000000e+00
1.783179199287485123e+09,1.195414399990113452e-02,2.988432200072566047e-02,2.108756499910668936e-02,3.999200799989921506e-02,9.716469626899604251e+00,1.297000000000000000e+03,1.288000000000000000e+03,6.500000000000000000e+02,4.700000000000000000e+02,5.046583850931677384e-01,7.230769230769230616e-01,4.120000000000000284e+01,3.410000000000000142e+01,6.079999999999999716e+01,1.000000000000000000e+00
1.783179199408917904e+09,1.149009400069189724e-02,3.042959399863320868e-02,2.104175000022223685e-02,2.746540900079708081e-02,1.105866269998544915e+01,1.289000000000000000e+03,1.297000000000000000e+03,6.020000000000000000e+02,4.950000000000000000e+02,4.641480339244410391e-01,8.222591362126245862e-01,4.289999999999999858e+01,3.410000000000000142e+01,5.889999999999999858e+01,1.000000000000000000e+00
1.783179199521447420e+09,7.552736999059561640e-03,3.095584599941503257e-02,2.114308199998049531e-02,1.971604500067769550e-02,1.259958237438029371e+01,1.283000000000000000e+03,1.289000000000000000e+03,3.890000000000000000e+02,3.280000000000000000e+02,3.017843289371605620e-01,8.431876606683804676e-01,4.550000000000000000e+01,3.410000000000000142e+01,5.939999999999999858e+01,1.000000000000000000e+00
1.783179199649505377e+09,8.425762000115355477e-03,3.213505400162830483e-02,2.138713399835978635e-02,3.379095800119102933e-02,1.044507422192949164e+01,1.276000000000000000e+03,1.283000000000000000e+03,6.670000000000000000e+02,5.430000000000000000e+02,5.198752922837100998e-01,8.140929535232384051e-01,4.000000000000000000e+01,3.410000000000000142e+01,5.889999999999999858e+01,1.000000000000000000e+00
1.783179199762766600e+09,7.096965000528143719e-03,3.105360399968049023e-02,2.090560400029062293e-02,2.290859599997929763e-02,1.220036379281641636e+01,1.277000000000000000e+03,1.276000000000000000e+03,4.770000000000000000e+02,4.120000000000000000e+02,3.738244514106582872e-01,8.637316561844863294e-01,4.050000000000000000e+01,3.410000000000000142e+01,5.939999999999999858e+01,1.000000000000000000e+00
1.783179199883267879e+09,7.298869999431190081e-03,3.032929800065176096e-02,1.979459999893151689e-02,2.871435599990945775e-02,1.160939619962807789e+01,1.283000000000000000e+03,1.277000000000000000e+03,6.530000000000000000e+02,5.400000000000000000e+02,5.113547376664056010e-01,8.269525267993874662e-01,4.129999999999999716e+01,3.410000000000000142e+01,5.939999999999999858e+01,1.000000000000000000e+00
1.783179200004661798e+09,8.225523999499273486e-03,2.976913899874489289e-02,2.215855100075714290e-02,2.690347099996870384e-02,1.148676864978067158e+01,1.277000000000000000e+03,1.283000000000000000e+03,5.730000000000000000e+02,4.810000000000000000e+02,4.466095089633670967e-01,8.394415357766142893e-01,4.129999999999999716e+01,3.410000000000000142e+01,5.889999999999999858e+01,1.000000000000000000e+00
1.783179200120952606e+09,7.041946999379433692e-03,3.075184800036367960e-02,2.079723499991814606e-02,2.708000599886872806e-02,1.167255640537787897e+01,1.273000000000000000e+03,1.277000000000000000e+03,5.690000000000000000e+02,4.750000000000000000e+02,4.455755677368833378e-01,8.347978910369068251e-01,4.129999999999999716e+01,3.410000000000000142e+01,6.029999999999999716e+01,1.000000000000000000e+00
1.783179200241132021e+09,9.734153998579131439e-03,3.070047800065367483e-02,2.044449899949540850e-02,2.608114900067448616e-02,1.149950299155969446e+01,1.269000000000000000e+03,1.273000000000000000e+03,6.370000000000000000e+02,5.460000000000000000e+02,5.003927729772191801e-01,8.571428571428570953e-01,4.350000000000000000e+01,3.410000000000000142e+01,5.939999999999999858e+01,1.000000000000000000e+00
1.783179200359451056e+09,7.159704999139648862e-03,3.068390500084205996e-02,2.181709199976467062e-02,2.394186199853720609e-02,1.196135563522346779e+01,1.262000000000000000e+03,1.269000000000000000e+03,5.040000000000000000e+02,4.250000000000000000e+02,3.971631205673759046e-01,8.432539682539682557e-01,4.089999999999999858e+01,3.410000000000000142e+01,5.989999999999999858e+01,1.000000000000000000e+00
1.783179200488196135e+09,1.063573499959602486e-02,3.030661299999337643e-02,1.998870800161967054e-02,3.610866899907705374e-02,1.030505805737857905e+01,1.267000000000000000e+03,1.262000000000000000e+03,5.920000000000000000e+02,4.380000000000000000e+02,4.690966719492868364e-01,7.398648648648649129e-01,4.000000000000000000e+01,3.410000000000000142e+01,5.839999999999999858e+01,1.000000000000000000e+00
1.783179200614053488e+09,1.216403000034915749e-02,3.309170700049435254e-02,2.131461699900683016e-02,2.794151400121336337e-02,1.058068178261745196e+01,1.268000000000000000e+03,1.267000000000000000e+03,6.610000000000000000e+02,5.770000000000000000e+02,5.217048145224940647e-01,8.729198184568834895e-01,4.400000000000000000e+01,3.410000000000000142e+01,5.789999999999999858e+01,1.000000000000000000e+00
1.783179200734108210e+09,1.011724099953426048e-02,3.274971199971332680e-02,2.075962399976560846e-02,2.572513499944761861e-02,1.119172736183528549e+01,1.266000000000000000e+03,1.268000000000000000e+03,6.070000000000000000e+02,5.240000000000000000e+02,4.787066246056782548e-01,8.632619439868204347e-01,4.370000000000000284e+01,3.410000000000000142e+01,5.939999999999999858e+01,1.000000000000000000e+00
1.783179200851965666e+09,8.682760000738198869e-03,3.010048599935544189e-02,1.986256100099126343e-02,2.564174699909926858e-02,1.186414781947302544e+01,1.269000000000000000e+03,1.266000000000000000e+03,5.730000000000000000e+02,4.750000000000000000e+02,4.526066350710900577e-01,8.289703315881326029e-01,3.860000000000000142e+01,3.410000000000000142e+01,5.889999999999999858e+01,1.000000000000000000e+00
1.783179200975749731e+09,1.233302800028468482e-02,2.960591900045983493e-02,2.090495499942335300e-02,3.002052500050922390e-02,1.076838604725045911e+01,1.263000000000000000e+03,1.269000000000000000e+03,6.590000000000000000e+02,5.270000000000000000e+02,5.193065405831363002e-01,7.996965098634294389e-01,4.039999999999999858e+01,3.410000000000000142e+01,5.889999999999999858e+01,1.000000000000000000e+00
1.783179201094435215e+09,8.199599000363377854e-03,3.106969599866715726e-02,2.142930100126250181e-02,2.788955199866904877e-02,1.128819173431321943e+01,1.267000000000000000e+03,1.263000000000000000e+03,5.130000000000000000e+02,4.080000000000000000e+02,4.061757719714964576e-01,7.953216374269005406e-01,4.260000000000000142e+01,3.410000000000000142e+01,5.939999999999999858e+01,1.000000000000000000e+00
1.783179201215391159e+09,7.554902998890611343e-03,3.157056100098998286e-02,2.137354200021945871e-02,2.694358199914859142e-02,1.143607506228649839e+01,1.262000000000000000e+03,1.267000000000000000e+03,5.910000000000000000e+02,4.930000000000000000e+02,4.664561957379637080e-01,8.341793570219966369e-01,4.039999999999999858e+01,3.410000000000000142e+01,5.839999999999999858e+01,1.000000000000000000e+00
1.783179201343554020e+09,1.021051800125860609e-02,3.166540999882272445e-02,2.134589500019501429e-02,3.333716700035438407e-02,1.035636350373453496e+01,1.260000000000000000e+03,1.262000000000000000e+03,6.470000000000000000e+02,5.080000000000000000e+02,5.126782884310617794e-01,7.851622874806800656e-01,4.420000000000000284e+01,3.410000000000000142e+01,5.989999999999999858e+01,1.000000000000000000e+00
1.783179201464087248e+09,8.954460001405095682e-03,3.034822399968106765e-02,2.141520799887075555e-02,2.824667700042482466e-02,1.124042988389803810e+01,1.260000000000000000e+03,1.260000000000000000e+03,5.180000000000000000e+02,4.130000000000000000e+02,4.111111111111110938e-01,7.972972972972972583e-01,4.379999999999999716e+01,3.410000000000000142e+01,5.889999999999999858e+01,1.000000000000000000e+00
1.783179201588618755e+09,9.360657999422983266e-03,3.327670500038948376e-02,1.960113899986026809e-02,2.982813800008443650e-02,1.086169757039724182e+01,1.249000000000000000e+03,1.260000000000000000e+03,6.250000000000000000e+02,5.020000000000000000e+02,4.960317460317460458e-01,8.032000000000000250e-01,4.079999999999999716e+01,3.410000000000000142e+01,6.029999999999999716e+01,1.000000000000000000e+00
1.783179201710061073e+09,7.909455000117304735e-03,3.053011100018920843e-02,2.045429400095599703e-02,2.786947799904737622e-02,1.152560543482580613e+01,1.244000000000000000e+03,1.249000000000000000e+03,5.500000000000000000e+02,4.500000000000000000e+02,4.403522818254603788e-01,8.181818181818182323e-01,4.350000000000000000e+01,3.410000000000000142e+01,5.889999999999999858e+01,1.000000000000000000e+00
1.783179201824823618e+09,7.366054000158328563e-03,3.191886999957205262e-02,2.065118099926621653e-02,2.314677899994421750e-02,1.203617341945843577e+01,1.246000000000000000e+03,1.244000000000000000e+03,4.260000000000000000e+02,3.530000000000000000e+02,3.424437299035369975e-01,8.286384976525821289e-01,4.000000000000000000e+01,3.410000000000000142e+01,5.989999999999999858e+01,1.000000000000000000e+00
1.783179201942415476e+09,9.774263999133836478e-03,2.988061900032334961e-02,1.908379400083504152e-02,2.839622999999846797e-02,1.147645684635508800e+01,1.242000000000000000e+03,1.246000000000000000e+03,5.720000000000000000e+02,4.540000000000000000e+02,4.590690208667737027e-01,7.937062937062937529e-01,4.470000000000000284e+01,3.410000000000000142e+01,5.889999999999999858e+01,1.000000000000000000e+00
1.783179202066320419e+09,8.443578000878915191e-03,2.973439800007326994e-02,2.116204499907325953e-02,3.257232500072859693e-02,1.087993119000352849e+01,1.243000000000000000e+03,1.242000000000000000e+03,6.360000000000000000e+02,4.930000000000000000e+02,5.120772946859903918e-01,7.751572327044025101e-01,4.289999999999999858e+01,3.410000000000000142e+01,5.989999999999999858e+01,1.000000000000000000e+00
1.783179202189873219e+09,8.488744000715087168e-03,3.106341800048539881e-02,2.030864900007145479e-02,3.176837199862347916e-02,1.091355360007020181e+01,1.251000000000000000e+03,1.243000000000000000e+03,6.520000000000000000e+02,5.370000000000000000e+02,5.245374094931617437e-01,8.236196319018405099e-01,3.910000000000000142e+01,3.410000000000000142e+01,5.989999999999999858e+01,1.000000000000000000e+00
1.783179202318359852e+09,1.017513000078906771e-02,3.048646299976098817e-02,2.124734000062744599e-02,3.391554900008486584e-02,1.043574647225148766e+01,1.228000000000000000e+03,1.251000000000000000e+03,6.850000000000000000e+02,5.470000000000000000e+02,5.475619504396482817e-01,7.985401459854014616e-01,4.120000000000000284e+01,3.410000000000000142e+01,5.989999999999999858e+01,1.000000000000000000e+00
1.783179202447274685e+09,1.181916399946203455e-02,3.087229099946853239e-02,2.028057500137947500e-02,3.254160299911745824e-02,1.046970959638812992e+01,1.241000000000000000e+03,1.228000000000000000e+03,7.240000000000000000e+02,6.630000000000000000e+02,5.895765472312703981e-01,9.157458563535911811e-01,4.000000000000000000e+01,3.410000000000000142e+01,5.939999999999999858e+01,1.000000000000000000e+00
1.783179202566449881e+09,7.347886999923503026e-03,3.061868400072853547e-02,2.207927400013431907e-02,2.519930800008296501e-02,1.173087225252328558e+01,1.226000000000000000e+03,1.241000000000000000e+03,6.200000000000000000e+02,5.430000000000000000e+02,4.995970991136180483e-01,8.758064516129032695e-01,4.470000000000000284e+01,3.420000000000000284e+01,5.839999999999999858e+01,1.000000000000000000e+00
1.783179202684173346e+09,7.875584999055718072e-03,2.989108099973236676e-02,1.916357100162713323e-02,2.910536899980797898e-02,1.162309474518498575e+01,1.230000000000000000e+03,1.226000000000000000e+03,6.840000000000000000e+02,6.150000000000000000e+02,5.579119086460032628e-01,8.991228070175438791e-01,4.170000000000000284e+01,3.410000000000000142e+01,5.839999999999999858e+01,1.000000000000000000e+00
1.783179202796721935e+09,9.444175999306025915e-03,2.918070200030342676e-02,1.994030100104282610e-02,2.321212999959243461e-02,1.222833096644214024e+01,1.212000000000000000e+03,1.230000000000000000e+03,5.240000000000000000e+02,4.440000000000000000e+02,4.260162601626016343e-01,8.473282442748091281e-01,4.189999999999999858e+01,3.410000000000000142e+01,5.889999999999999858e+01,1.000000000000000000e+00
1.783179202911650896e+09,7.986712998899747618e-03,2.975052800138655584e-02,1.902988700021523982e-02,2.548848900005395990e-02,1.215722447250315597e+01,1.203000000000000000e+03,1.212000000000000000e+03,5.440000000000000000e+02,4.750000000000000000e+02,4.488448844884488365e-01,8.731617647058823595e-01,4.350000000000000000e+01,3.410000000000000142e+01,5.989999999999999858e+01,1.000000000000000000e+00
1.783179203029270411e+09,8.990219001134391874e-03,2.886589099944103509e-02,2.035288899969600607e-02,2.762807300132408272e-02,1.164997799530501510e+01,1.211000000000000000e+03,1.203000000000000000e+03,6.270000000000000000e+02,5.130000000000000000e+02,5.211970074812967146e-01,8.181818181818182323e-01,4.350000000000000000e+01,3.410000000000000142e+01,5.939999999999999858e+01,1.000000000000000000e+00
1.783179203145018101e+09,7.851806998587562703e-03,2.968617700025788508e-02,1.799375200062058866e-02,2.711596900007862132e-02,1.209954952778796944e+01,1.205000000000000000e+03,1.211000000000000000e+03,5.540000000000000000e+02,4.530000000000000000e+02,4.574731626754748315e-01,8.176895306859205403e-01,4.260000000000000142e+01,3.410000000000000142e+01,6.079999999999999716e+01,1.000000000000000000e+00
1.783179203270080328e+09,6.711914998959400691e-03,3.057596200051193591e-02,2.059512599953450263e-02,3.424121100033516996e-02,1.085490943789385554e+01,1.184000000000000000e+03,1.205000000000000000e+03,5.930000000000000000e+02,4.450000000000000000e+02,4.921161825726140804e-01,7.504215851602024090e-01,3.829999999999999716e+01,3.410000000000000142e+01,5.889999999999999858e+01,1.000000000000000000e+00
1.783179203392800093e+09,9.216881999236647971e-03,3.004326500013121404e-02,1.970172999972419348e-02,3.360759000133839436e-02,1.080269804292326796e+01,1.180000000000000000e+03,1.184000000000000000e+03,5.660000000000000000e+02,4.280000000000000000e+02,4.780405405405405150e-01,7.561837455830389132e-01,3.960000000000000142e+01,3.410000000000000142e+01,5.989999999999999858e+01,1.000000000000000000e+00
1.783179203511326551e+09,9.152475999144371599e-03,3.000198799963982310e-02,1.951136200113978703e-02,2.499201399950834457e-02,1.195345230054691399e+01,1.171000000000000000e+03,1.180000000000000000e+03,5.170000000000000000e+02,4.450000000000000000e+02,4.381355932203389592e-01,8.607350096711798848e-01,4.260000000000000142e+01,3.410000000000000142e+01,5.939999999999999858e+01,1.000000000000000000e+00
1.783179203628450394e+09,7.069281000440241769e-03,3.103825199832499493e-02,1.998270800140744541e-02,2.568574599899875466e-02,1.193659467133332797e+01,1.163000000000000000e+03,1.171000000000000000e+03,4.790000000000000000e+02,3.890000000000000000e+02,4.090520922288642391e-01,8.121085594989561063e-01,4.220000000000000284e+01,3.410000000000000142e+01,6.029999999999999716e+01,1.000000000000000000e+00
1.783179203748467922e+09,7.449867998730042018e-03,2.981728600025235210e-02,1.773290299934160430e-02,3.144722900105989538e-02,1.156774314473130971e+01,1.176000000000000000e+03,1.163000000000000000e+03,5.390000000000000000e+02,4.110000000000000000e+02,4.634565778159931426e-01,7.625231910946196345e-01,4.260000000000000142e+01,3.410000000000000142e+01,6.029999999999999716e+01,1.000000000000000000e+00
1.783179203869235992e+09,8.321061000970075838e-03,2.913881299900822341e-02,1.913631200113741215e-02,2.942284699929587077e-02,1.162533412803205124e+01,1.175000000000000000e+03,1.176000000000000000e+03,5.790000000000000000e+02,4.850000000000000000e+02,4.923469387755102233e-01,8.376511226252159048e-01,4.129999999999999716e+01,3.410000000000000142e+01,5.939999999999999858e+01,1.000000000000000000e+00
1.783179203993057728e+09,7.735548999335151166e-03,2.979154600143374410e-02,1.822304599954804871e-02,3.359725600057572592e-02,1.119226786192785283e+01,1.165000000000000000e+03,1.175000000000000000e+03,6.880000000000000000e+02,5.660000000000000000e+02,5.855319148936170004e-01,8.226744186046511809e-01,4.170000000000000284e+01,3.410000000000000142e+01,5.939999999999999858e+01,1.000000000000000000e+00
1.783179204106659651e+09,8.524447001036605798e-03,3.021974399962346070e-02,1.829460000044491608e-02,2.431696799976634793e-02,1.229169283503691368e+01,1.172000000000000000e+03,1.165000000000000000e+03,5.630000000000000000e+02,5.000000000000000000e+02,4.832618025751073132e-01,8.880994671403197316e-01,4.220000000000000284e+01,3.410000000000000142e+01,5.889999999999999858e+01,1.000000000000000000e+00
1.783179204224986792e+09,8.514353999999002554e-03,3.118504699887125753e-02,2.005378099966037553e-02,2.845895200152881444e-02,1.133630890280158177e+01,1.171000000000000000e+03,1.172000000000000000e+03,6.240000000000000000e+02,5.350000000000000000e+02,5.324232081911263181e-01,8.573717948717948234e-01,4.039999999999999858e+01,3.410000000000000142e+01,5.939999999999999858e+01,1.000000000000000000e+00
1.783179204346401215e+09,1.036881199979688972e-02,3.028302099846769124e-02,1.880194600016693585e-02,2.685797200138040353e-02,1.158590792581857265e+01,1.142000000000000000e+03,1.171000000000000000e+03,5.760000000000000000e+02,4.910000000000000000e+02,4.918872758326217065e-01,8.524305555555555802e-01,4.260000000000000142e+01,3.410000000000000142e+01,5.989999999999999858e+01,1.000000000000000000e+00
1.783179204455079794e+09,8.359153000128571875e-03,2.949878999970678706e-02,1.872302099945954978e-02,2.133845000025758054e-02,1.283377208157319060e+01,1.170000000000000000e+03,1.142000000000000000e+03,4.500000000000000000e+02,3.840000000000000000e+02,3.940455341506129416e-01,8.533333333333333881e-01,4.050000000000000000e+01,3.410000000000000142e+01,6.029999999999999716e+01,1.000000000000000000e+00
1.783179204572872162e+09,9.207308999975793995e-03,2.908318399931886233e-02,1.820017499994719401e-02,2.864500500072608702e-02,1.174595753768665851e+01,1.160000000000000000e+03,1.170000000000000000e+03,6.010000000000000000e+02,4.820000000000000000e+02,5.136752136752136266e-01,8.019966722129783232e-01,4.439999999999999858e+01,3.410000000000000142e+01,5.939999999999999858e+01,1.000000000000000000e+00
1.783179204685436249e+09,7.068965000144089572e-03,3.086453200012329035e-02,1.893318499969609547e-02,2.284848599992983509e-02,1.254466402179994589e+01,1.155000000000000000e+03,1.160000000000000000e+03,4.590000000000000000e+02,3.900000000000000000e+02,3.956896551724137789e-01,8.496732026143790639e-01,3.810000000000000142e+01,3.410000000000000142e+01,5.939999999999999858e+01,1.000000000000000000e+00
1.783179204795614481e+09,8.771036000325693749e-03,2.946266099934291560e-02,1.885940799911622889e-02,2.233254800012218766e-02,1.259039066400575813e+01,1.174000000000000000e+03,1.155000000000000000e+03,5.020000000000000000e+02,4.360000000000000000e+02,4.346320346320346473e-01,8.685258964143426352e-01,4.189999999999999858e+01,3.410000000000000142e+01,5.889999999999999858e+01,1.000000000000000000e+00
1.783179204909663200e+09,9.350880000056349672e-03,2.881620699918130413e-02,1.785545700113289058e-02,2.585633699891332071e-02,1.221316153561925510e+01,1.142000000000000000e+03,1.174000000000000000e+03,6.120000000000000000e+02,5.310000000000000000e+02,5.212947189097103529e-01,8.676470588235294379e-01,4.350000000000000000e+01,3.410000000000000142e+01,6.029999999999999716e+01,1.000000000000000000e+00
1.783179205028383017e+09,7.692883998970501125e-03,3.033450099974288605e-02,2.042938800150295720e-02,2.751838999938627239e-02,1.163126611350096695e+01,1.181000000000000000e+03,1.142000000000000000e+03,5.850000000000000000e+02,4.910000000000000000e+02,5.122591943957968130e-01,8.393162393162393320e-01,4.000000000000000000e+01,3.410000000000000142e+01,5.939999999999999858e+01,1.000000000000000000e+00
1.783179205150778294e+09,8.243672999014961533e-03,2.979163800046080723e-02,1.856633799980045296e-02,3.041031599968846422e-02,1.149267230100939052e+01,1.179000000000000000e+03,1.181000000000000000e+03,5.860000000000000000e+02,4.760000000000000000e+02,4.961896697713801818e-01,8.122866894197952048e-01,4.039999999999999858e+01,3.410000000000000142e+01,5.889999999999999858e+01,1.000000000000000000e+00
1.783179205272248745e+09,7.521569999880739488e-03,3.016676399965945166e-02,2.023772299980919342e-02,3.083627300111402292e-02,1.126604044750491873e+01,1.157000000000000000e+03,1.179000000000000000e+03,6.750000000000000000e+02,6.210000000000000000e+02,5.725190839694656031e-01,9.200000000000000400e-01,4.000000000000000000e+01,3.410000000000000142e+01,5.939999999999999858e+01,1.000000000000000000e+00
1.783179205385830402e+09,7.560125999589217827e-03,2.834650899967527948e-02,1.808978699955332559e-02,2.816384500147250947e-02,1.217133337695295303e+01,1.162000000000000000e+03,1.157000000000000000e+03,6.040000000000000000e+02,5.110000000000000000e+02,5.220397579948141686e-01,8.460264900662252119e-01,3.950000000000000000e+01,3.410000000000000142e+01,5.989999999999999858e+01,1.000000000000000000e+00
1.783179205496400118e+09,1.078343700100958813e-02,2.843795199987653177e-02,1.883401899976888672e-02,2.277322800000547431e-02,1.237185296547412428e+01,1.151000000000000000e+03,1.162000000000000000e+03,3.980000000000000000e+02,3.380000000000000000e+02,3.425129087779690273e-01,8.492462311557789079e-01,4.050000000000000000e+01,3.410000000000000142e+01,5.989999999999999858e+01,1.000000000000000000e+00
1.783179205620729685e+09,7.485293999707209878e-03,2.769599800012656488e-02,1.769683000020449981e-02,3.522469900053692982e-02,1.135037435400021089e+01,1.132000000000000000e+03,1.151000000000000000e+03,5.790000000000000000e+02,4.360000000000000000e+02,5.030408340573414572e-01,7.530224525043177630e-01,3.910000000000000142e+01,3.410000000000000142e+01,5.939999999999999858e+01,1.000000000000000000e+00
1.783179205736371279e+09,8.602871999755734578e-03,2.947627200046554208e-02,1.779064400034258142e-02,2.735724299964203965e-02,1.201532708763245516e+01,1.153000000000000000e+03,1.132000000000000000e+03,4.820000000000000000e+02,3.900000000000000000e+02,4.257950530035335412e-01,8.091286307053942028e-01,3.860000000000000142e+01,3.410000000000000142e+01,5.989999999999999858e+01,1.000000000000000000e+00
1.783179205852174997e+09,9.164049999526469037e-03,2.867498600062390324e-02,1.952028799860272557e-02,2.607366800111776683e-02,1.198566629375520698e+01,1.130000000000000000e+03,1.153000000000000000e+03,5.600000000000000000e+02,4.810000000000000000e+02,4.856895056374674891e-01,8.589285714285713746e-01,4.000000000000000000e+01,3.410000000000000142e+01,5.939999999999999858e+01,1.000000000000000000e+00
1.783179205964323997e+09,8.232820999182877131e-03,2.828508399943530094e-02,1.834152500123309437e-02,2.573126399875036441e-02,1.240838055095233905e+01,1.147000000000000000e+03,1.130000000000000000e+03,4.380000000000000000e+02,3.450000000000000000e+02,3.876106194690265294e-01,7.876712328767123683e-01,4.050000000000000000e+01,3.410000000000000142e+01,5.939999999999999858e+01,1.000000000000000000e+00
1.783179206075936317e+09,7.605348000652156770e-03,2.761896199990587775e-02,1.772742200046195649e-02,2.516232699963438790e-02,1.280179282440850663e+01,1.082000000000000000e+03,1.147000000000000000e+03,4.220000000000000000e+02,3.420000000000000000e+02,3.679163034001743937e-01,8.104265402843602306e-01,4.289999999999999858e+01,3.410000000000000142e+01,5.889999999999999858e+01,1.000000000000000000e+00
1.783179206189118385e+09,7.417274999170331284e-03,2.947871700052928645e-02,1.741698099976929370e-02,2.732478200050536543e-02,1.224923443816301827e+01,1.119000000000000000e+03,1.082000000000000000e+03,4.970000000000000000e+02,4.000000000000000000e+02,4.593345656192236448e-01,8.048289738430584039e-01,4.089999999999999858e+01,3.410000000000000142e+01,5.789999999999999858e+01,1.000000000000000000e+00
1.783179206303403378e+09,8.954533999713021331e-03,2.815489999920828268e-02,1.810988100078247953e-02,2.555230300094990525e-02,1.238058645788062506e+01,1.127000000000000000e+03,1.119000000000000000e+03,4.550000000000000000e+02,3.610000000000000000e+02,4.066130473637176168e-01,7.934065934065933634e-01,4.320000000000000284e+01,3.410000000000000142e+01,5.989999999999999858e+01,1.000000000000000000e+00
1.783179206413501740e+09,7.003874001384247094e-03,3.012991199830139522e-02,1.681293399997230154e-02,2.503723600057128351e-02,1.266079911212725051e+01,1.107000000000000000e+03,1.127000000000000000e+03,5.410000000000000000e+02,4.640000000000000000e+02,4.800354924578527083e-01,8.576709796672827846e-01,4.189999999999999858e+01,3.410000000000000142e+01,5.839999999999999858e+01,1.000000000000000000e+00
1.783179206525860071e+09,8.454946999336243607e-03,2.858354300042265095e-02,1.816056499956175685e-02,2.601833500011707656e-02,1.231263403080206231e+01,1.137000000000000000e+03,1.107000000000000000e+03,5.700000000000000000e+02,5.030000000000000000e+02,5.149051490514905405e-01,8.824561403508771606e-01,4.570000000000000284e+01,3.410000000000000142e+01,5.939999999999999858e+01,1.000000000000000000e+00
1.783179206640249968e+09,9.593247999873710796e-03,2.935162500034493860e-02,1.813047299947356805e-02,2.300033600113238208e-02,1.248818586383943874e+01,1.122000000000000000e+03,1.137000000000000000e+03,5.240000000000000000e+02,4.730000000000000000e+02,4.608619173262972768e-01,9.026717557251908719e-01,4.679999999999999716e+01,3.410000000000000142e+01,5.939999999999999858e+01,1.000000000000000000e+00
1.783179206753734827e+09,7.944750999740790576e-03,2.850247000060335267e-02,1.783353099926898722e-02,2.565359900108887814e-02,1.251026608061429890e+01,1.090000000000000000e+03,1.122000000000000000e+03,3.650000000000000000e+02,2.790000000000000000e+02,3.253119429590017875e-01,7.643835616438355851e-01,3.860000000000000142e+01,3.410000000000000142e+01,5.989999999999999858e+01,1.000000000000000000e+00
1.783179206866542578e+09,9.778744999493937939e-03,2.926355300041905139e-02,1.670732399907137733e-02,2.433115200074098539e-02,1.248739179273454170e+01,1.096000000000000000e+03,1.090000000000000000e+03,4.700000000000000000e+02,3.900000000000000000e+02,4.311926605504587395e-01,8.297872340425531679e-01,4.050000000000000000e+01,3.410000000000000142e+01,5.939999999999999858e+01,1.000000000000000000e+00
1.783179206976733446e+09,7.018651000180398114e-03,2.821562100143637508e-02,1.663438099967606831e-02,2.601451999908022117e-02,1.283974395849550199e+01,1.139000000000000000e+03,1.096000000000000000e+03,4.720000000000000000e+02,3.990000000000000000e+02,4.306569343065693167e-01,8.453389830508474256e-01,4.320000000000000284e+01,3.410000000000000142e+01,5.989999999999999858e+01,1.000000000000000000e+00
1.783179207090231180e+09,9.901132998493267223e-03,2.701604499998211395e-02,1.754197900118015241e-02,2.777440499994554557e-02,1.216048503413789916e+01,1.067000000000000000e+03,1.139000000000000000e+03,4.330000000000000000e+02,3.490000000000000000e+02,3.801580333625987906e-01,8.060046189376443015e-01,4.189999999999999858e+01,3.410000000000000142e+01,5.939999999999999858e+01,1.000000000000000000e+00
1.783179207205252171e+09,1.033710899901052471e-02,2.712245099974097684e-02,1.604136900095909368e-02,2.969904699966718908e-02,1.201923423640745447e+01,1.061000000000000000e+03,1.067000000000000000e+03,4.680000000000000000e+02,3.500000000000000000e+02,4.386129334582942740e-01,7.478632478632478708e-01,4.570000000000000284e+01,3.410000000000000142e+01,5.989999999999999858e+01,1.000000000000000000e+00
1.783179207317787170e+09,7.998916998985805549e-03,2.735926199966343120e-02,1.492156899985275231e-02,2.953264100142405368e-02,1.252938312623277817e+01,1.049000000000000000e+03,1.061000000000000000e+03,4.610000000000000000e+02,3.480000000000000000e+02,4.344957587181904057e-01,7.548806941431670525e-01,3.950000000000000000e+01,3.410000000000000142e+01,5.939999999999999858e+01,1.000000000000000000e+00
1.783179207437199831e+09,8.807795000393525697e-03,2.814886299893260002e-02,1.735574200029077474e-02,3.379484700053581037e-02,1.134980417670145592e+01,1.110000000000000000e+03,1.049000000000000000e+03,4.840000000000000000e+02,3.510000000000000000e+02,4.613918017159199247e-01,7.252066115702479054e-01,3.860000000000000142e+01,3.410000000000000142e+01,5.889999999999999858e+01,1.000000000000000000e+00
1.783179207546136856e+09,7.645735999176395126e-03,2.711528399959206581e-02,1.666106500124442391e-02,2.647375499873305671e-02,1.283765602907805103e+01,1.119000000000000000e+03,1.110000000000000000e+03,4.870000000000000000e+02,3.980000000000000000e+02,4.387387387387387538e-01,8.172484599589322496e-01,3.900000000000000000e+01,3.410000000000000142e+01,5.939999999999999858e+01,1.000000000000000000e+00
1.783179207660004139e+09,7.828955000150017440e-03,2.765566599919111468e-02,1.794040099957783241e-02,2.680415800023183692e-02,1.246429291699833719e+01,1.105000000000000000e+03,1.119000000000000000e+03,4.930000000000000000e+02,3.940000000000000000e+02,4.405719392314566552e-01,7.991886409736308483e-01,4.570000000000000284e+01,3.410000000000000142e+01,5.939999999999999858e+01,1.000000000000000000e+00
1.783179207771193743e+09,1.124183799947786611e-02,2.690469399931316730e-02,1.694976500039047096e-02,2.463416799946571700e-02,1.254225721644752589e+01,1.044000000000000000e+03,1.105000000000000000e+03,5.110000000000000000e+02,4.390000000000000000e+02,4.624434389140271717e-01,8.590998043052837652e-01,4.050000000000000000e+01,3.410000000000000142e+01,5.989999999999999858e+01,1.000000000000000000e+00
1.783179207880017757e+09,7.179575000918703154e-03,2.775305300019681454e-02,1.567305999924428761e-02,2.687728700038860552e-02,1.290606097649633277e+01,1.114000000000000000e+03,1.044000000000000000e+03,4.400000000000000000e+02,3.500000000000000000e+02,4.214559386973180111e-01,7.954545454545454142e-01,4.189999999999999858e+01,3.410000000000000142e+01,6.079999999999999716e+01,1.000000000000000000e+00
1.783179207990578890e+09,8.765295999182853848e-03,2.943316100027004723e-02,1.723703999959980138e-02,2.288581900029384997e-02,1.276791620825604134e+01,1.026000000000000000e+03,1.114000000000000000e+03,3.780000000000000000e+02,3.010000000000000000e+02,3.393177737881508116e-01,7.962962962962962798e-01,4.150000000000000000e+01,3.410000000000000142e+01,6.029999999999999716e+01,1.000000000000000000e+00
1.783179208096290350e+09,1.002924299973528832e-02,2.686152699970989488e-02,1.631288499993388541e-02,2.170076000038534403e-02,1.335034790677085148e+01,1.067000000000000000e+03,1.026000000000000000e+03,3.200000000000000000e+02,2.530000000000000000e+02,3.118908382066276630e-01,7.906250000000000222e-01,4.520000000000000284e+01,3.410000000000000142e+01,5.939999999999999858e+01,1.000000000000000000e+00
1.783179208204024315e+09,8.904868000172427855e-03,2.740027999971061945e-02,1.608320299965271261e-02,2.371904900064691901e-02,1.313932679342087262e+01,1.074000000000000000e+03,1.067000000000000000e+03,4.910000000000000000e+02,4.160000000000000000e+02,4.601686972820993593e-01,8.472505091649694675e-01,4.320000000000000284e+01,3.410000000000000142e+01,6.179999999999999716e+01,1.000000000000000000e+00
1.783179208311591625e+09,7.992546001332812011e-03,2.696984099929977674e-02,1.535884099939721636e-02,2.476149900030577555e-02,1.331864251541543709e+01,1.063000000000000000e+03,1.074000000000000000e+03,3.930000000000000000e+02,3.100000000000000000e+02,3.659217877094971816e-01,7.888040712468193938e-01,4.289999999999999858e+01,3.410000000000000142e+01,6.029999999999999716e+01,1.000000000000000000e+00
1.783179208420099735e+09,6.624842000746866688e-03,2.826304699920001440e-02,1.659597300022142008e-02,2.528547399924718775e-02,1.302603424898209106e+01,1.043000000000000000e+03,1.063000000000000000e+03,4.970000000000000000e+02,4.210000000000000000e+02,4.675446848541862654e-01,8.470824949698189110e-01,4.420000000000000284e+01,3.410000000000000142e+01,5.989999999999999858e+01,1.000000000000000000e+00
1.783179208542135000e+09,1.137855799970566295e-02,2.747216800162277650e-02,1.626216299882798921e-02,3.259058399999048561e-02,1.140205702000335641e+01,1.027000000000000000e+03,1.043000000000000000e+03,4.920000000000000000e+02,3.750000000000000000e+02,4.717162032598274379e-01,7.621951219512195230e-01,4.129999999999999716e+01,3.410000000000000142e+01,5.889999999999999858e+01,1.000000000000000000e+00
1.783179208656303406e+09,8.165229999576695263e-03,2.803971600042132195e-02,1.663821399961307179e-02,2.815825200013932772e-02,1.234546380503936369e+01,1.042000000000000000e+03,1.027000000000000000e+03,5.090000000000000000e+02,4.050000000000000000e+02,4.956183057448880214e-01,7.956777996070727443e-01,4.000000000000000000e+01,3.410000000000000142e+01,5.939999999999999858e+01,1.000000000000000000e+00
1.783179208764524698e+09,8.012878999579697847e-03,2.806973500082676765e-02,1.569502200072747655e-02,2.663756699985242449e-02,1.275262910417283813e+01,1.035000000000000000e+03,1.042000000000000000e+03,4.740000000000000000e+02,3.830000000000000000e+02,4.548944337811900440e-01,8.080168776371308148e-01,4.520000000000000284e+01,3.410000000000000142e+01,5.939999999999999858e+01,1.000000000000000000e+00
1.783179208873953819e+09,6.755784001143183559e-03,2.658892099861986935e-02,1.579640900126833003e-02,2.497910700003558304e-02,1.349159495875767689e+01,1.023000000000000000e+03,1.035000000000000000e+03,4.810000000000000000e+02,4.150000000000000000e+02,4.647342995169082003e-01,8.627858627858627782e-01,4.420000000000000284e+01,3.410000000000000142e+01,5.889999999999999858e+01,1.000000000000000000e+00
1.783179208986629009e+09,6.941633999304031022e-03,2.736481799911416601e-02,1.479753300009178929e-02,3.051551800126617309e-02,1.255973677709105196e+01,1.010000000000000000e+03,1.023000000000000000e+03,4.340000000000000000e+02,3.250000000000000000e+02,4.242424242424242542e-01,7.488479262672811387e-01,4.089999999999999858e+01,3.410000000000000142e+01,5.939999999999999858e+01,1.000000000000000000e+00
1.783179209092790365e+09,7.499793000533827581e-03,2.656958700026734732e-02,1.684443299927806947e-02,2.202855299947259482e-02,1.370945384478129014e+01,9.630000000000000000e+02,1.010000000000000000e+03,4.140000000000000000e+02,3.480000000000000000e+02,4.099009900990098765e-01,8.405797101449274944e-01,4.520000000000000284e+01,3.410000000000000142e+01,5.989999999999999858e+01,1.000000000000000000e+00
1.783179209199494600e+09,1.023933299984491896e-02,2.658525300103065092e-02,1.460029500049131457e-02,2.411156299967842642e-02,1.323864279322126336e+01,9.630000000000000000e+02,9.630000000000000000e+02,4.340000000000000000e+02,3.440000000000000000e+02,4.506749740394599968e-01,7.926267281105990881e-01,4.150000000000000000e+01,3.410000000000000142e+01,5.989999999999999858e+01,1.000000000000000000e+00
1.783179209305897713e+09,7.253796999066253193e-03,2.792595800019626040e-02,1.511958499941101763e-02,2.299120700081402902e-02,1.364432441754039438e+01,9.740000000000000000e+02,9.630000000000000000e+02,4.360000000000000000e+02,3.600000000000000000e+02,4.527518172377985595e-01,8.256880733944954587e-01,4.150000000000000000e+01,3.410000000000000142e+01,5.989999999999999858e+01,1.000000000000000000e+00
1.783179209411691427e+09,8.929237999836914241e-03,2.703091400144330692e-02,1.388923099875682965e-02,2.463105599963455461e-02,1.342634406336419595e+01,9.590000000000000000e+02,9.740000000000000000e+02,3.620000000000000000e+02,2.910000000000000000e+02,3.716632443531827645e-01,8.038674033149171283e-01,3.750000000000000000e+01,3.410000000000000142e+01,5.989999999999999858e+01,1.000000000000000000e+00
1.783179209518584728e+09,8.005583000340266153e-03,2.691008199872158002e-02,1.469340600124269258e-02,2.309090899871080182e-02,1.375516196859399543e+01,9.510000000000000000e+02,9.590000000000000000e+02,4.640000000000000000e+02,4.220000000000000000e+02,4.838373305526590396e-01,9.094827586206896131e-01,3.850000000000000000e+01,3.410000000000000142e+01,5.989999999999999858e+01,1.000000000000000000e+00
1.783179209622869253e+09,9.113976000662660226e-03,2.681171399854065385e-02,1.500284600115264766e-02,2.188044299873581622e-02,1.373456974327952018e+01,9.540000000000000000e+02,9.510000000000000000e+02,3.880000000000000000e+02,3.280000000000000000e+02,4.079915878023133713e-01,8.453608247422680355e-01,4.389999999999999858e+01,3.410000000000000142e+01,5.939999999999999858e+01,1.000000000000000000e+00
1.783179209725964069e+09,1.081265799984976184e-02,2.613855600066017359e-02,1.430487299876403995e-02,2.276215399979264475e-02,1.351018325351192928e+01,9.600000000000000000e+02,9.540000000000000000e+02,4.750000000000000000e+02,4.150000000000000000e+02,4.979035639412998093e-01,8.736842105263158409e-01,4.100000000000000000e+01,3.410000000000000142e+01,6.079999999999999716e+01,1.000000000000000000e+00
1.783179209829596996e+09,8.755758000916102901e-03,2.581122700030391570e-02,1.354828999865276273e-02,2.250804600043920800e-02,1.415962865857840924e+01,9.240000000000000000e+02,9.600000000000000000e+02,4.590000000000000000e+02,3.980000000000000000e+02,4.781250000000000222e-01,8.671023965141612111e-01,4.250000000000000000e+01,3.410000000000000142e+01,6.029999999999999716e+01,1.000000000000000000e+00
1.783179209932291746e+09,9.298400000261608511e-03,2.535223199993197341e-02,1.239606399940385018e-02,2.261080400057835504e-02,1.435595592717907465e+01,8.890000000000000000e+02,9.240000000000000000e+02,3.330000000000000000e+02,2.680000000000000000e+02,3.603896103896103709e-01,8.048048048048047631e-01,4.500000000000000000e+01,3.410000000000000142e+01,5.939999999999999858e+01,1.000000000000000000e+00
1.783179210041688681e+09,6.491602000096463598e-03,2.646921800078416709e-02,1.283287299884250388e-02,3.168957800153293647e-02,1.290601167294278362e+01,9.100000000000000000e+02,8.890000000000000000e+02,4.140000000000000000e+02,3.060000000000000000e+02,4.656917885264341694e-01,7.391304347826086474e-01,4.050000000000000000e+01,3.410000000000000142e+01,5.939999999999999858e+01,1.000000000000000000e+00
1.783179210150004387e+09,7.021761999567388557e-03,2.912462899985257536e-02,1.244180399953620508e-02,2.720798600057605654e-02,1.319327684868676265e+01,9.170000000000000000e+02,9.100000000000000000e+02,4.300000000000000000e+02,3.360000000000000000e+02,4.725274725274725141e-01,7.813953488372092915e-01,4.000000000000000000e+01,3.410000000000000142e+01,5.989999999999999858e+01,1.000000000000000000e+00
1.783179210254580736e+09,7.835992999389418401e-03,2.631747899977199268e-02,1.472623799963912461e-02,2.380597400042461231e-02,1.375786736781152619e+01,9.070000000000000000e+02,9.170000000000000000e+02,4.090000000000000000e+02,3.330000000000000000e+02,4.460196292257360695e-01,8.141809290953545553e-01,4.250000000000000000e+01,3.410000000000000142e+01,6.029999999999999716e+01,1.000000000000000000e+00
1.783179210359745502e+09,1.022775799901864957e-02,2.691600900107005145e-02,1.471277499877032824e-02,2.223416100059694145e-02,1.349697005854219967e+01,9.510000000000000000e+02,9.070000000000000000e+02,4.440000000000000000e+02,4.060000000000000000e+02,4.895259095920617143e-01,9.144144144144144004e-01,4.150000000000000000e+01,3.410000000000000142e+01,5.939999999999999858e+01,1.000000000000000000e+00
1.783179210463242531e+09,1.012300100046559237e-02,2.623783200033358298e-02,1.308814799995161593e-02,2.300178000041341875e-02,1.380247751964856562e+01,9.270000000000000000e+02,9.510000000000000000e+02,4.450000000000000000e+02,3.950000000000000000e+02,4.679284963196634894e-01,8.876404494382021948e-01,4.879999999999999716e+01,3.410000000000000142e+01,6.029999999999999716e+01,1.000000000000000000e+00
1.783179210567153454e+09,8.809257999018882401e-03,2.772442400055297185e-02,1.206158700006199069e-02,2.172114899985899683e-02,1.422142976633440803e+01,8.760000000000000000e+02,9.270000000000000000e+02,3.460000000000000000e+02,2.840000000000000000e+02,3.732470334412081869e-01,8.208092485549133288e-01,4.520000000000000284e+01,3.410000000000000142e+01,5.939999999999999858e+01,1.000000000000000000e+00
1.783179210672880411e+09,7.773826999255106784e-03,2.609690799909003545e-02,1.246108200029993895e-02,2.894314900004246738e-02,1.328462904941644851e+01,8.860000000000000000e+02,8.760000000000000000e+02,3.690000000000000000e+02,2.720000000000000000e+02,4.212328767123287854e-01,7.371273712737127504e-01,4.550000000000000000e+01,3.410000000000000142e+01,5.939999999999999858e+01,1.000000000000000000e+00
1.783179210772951365e+09,8.833535999656305648e-03,2.538306499991449527e-02,1.245030400059476960e-02,2.024844500010658521e-02,1.494425419572538871e+01,8.880000000000000000e+02,8.860000000000000000e+02,4.250000000000000000e+02,3.860000000000000000e+02,4.796839729119639073e-01,9.082352941176470296e-01,4.360000000000000142e+01,3.410000000000000142e+01,5.989999999999999858e+01,1.000000000000000000e+00
1.783179210877913713e+09,7.263315001182490960e-03,2.716793099898495711e-02,1.323153500015905593e-02,2.460816799975873437e-02,1.383681844275796813e+01,8.850000000000000000e+02,8.880000000000000000e+02,4.010000000000000000e+02,3.230000000000000000e+02,4.515765765765765716e-01,8.054862842892768215e-01,4.000000000000000000e+01,3.410000000000000142e+01,5.939999999999999858e+01,1.000000000000000000e+00
1.783179210980757236e+09,8.316765000927262008e-03,2.603763099978095852e-02,1.241474899870809168e-02,2.633849700032442342e-02,1.367846059107673540e+01,9.010000000000000000e+02,8.850000000000000000e+02,4.240000000000000000e+02,3.360000000000000000e+02,4.790960451977401280e-01,7.924528301886792914e-01,4.100000000000000000e+01,3.410000000000000142e+01,5.989999999999999858e+01,1.000000000000000000e+00
1.783179211084663868e+09,8.212562001062906347e-03,2.631408999877749011e-02,1.428931800001009833e-02,2.348355200047080871e-02,1.383135008825585288e+01,8.960000000000000000e+02,9.010000000000000000e+02,4.320000000000000000e+02,3.670000000000000000e+02,4.794672586015538140e-01,8.495370370370370905e-01,4.250000000000000000e+01,3.410000000000000142e+01,6.029999999999999716e+01,1.000000000000000000e+00
1.783179211186479330e+09,9.147179998763022013e-03,2.512190200104669202e-02,1.360915999975986779e-02,2.165290899938554503e-02,1.438204294956986118e+01,8.130000000000000000e+02,8.960000000000000000e+02,3.300000000000000000e+02,2.660000000000000000e+02,3.683035714285714524e-01,8.060606060606060330e-01,4.210000000000000142e+01,3.410000000000000142e+01,6.179999999999999716e+01,1.000000000000000000e+00
1.783179211287065744e+09,8.482835999529925175e-03,2.482651700120186433e-02,1.264102399909461383e-02,2.409597000041685533e-02,1.427626197261260721e+01,7.710000000000000000e+02,8.130000000000000000e+02,3.210000000000000000e+02,2.430000000000000000e+02,3.948339483394833760e-01,7.570093457943924964e-01,4.629999999999999716e+01,3.410000000000000142e+01,6.029999999999999716e+01,1.000000000000000000e+00
1.783179211388558149e+09,9.138883000559872016e-03,2.849202499965031166e-02,1.141320700116921216e-02,2.146415199968032539e-02,1.418273406131184977e+01,8.530000000000000000e+02,7.710000000000000000e+02,3.210000000000000000e+02,2.560000000000000000e+02,4.163424124513618874e-01,7.975077881619937470e-01,3.779999999999999716e+01,3.410000000000000142e+01,6.029999999999999716e+01,1.000000000000000000e+00
1.783179211491767883e+09,9.144216999629861675e-03,2.588805800041882321e-02,1.304346299912140239e-02,2.328614800171635579e-02,1.401308255764958588e+01,9.170000000000000000e+02,8.530000000000000000e+02,2.550000000000000000e+02,1.900000000000000000e+02,2.989449003516999048e-01,7.450980392156862919e-01,4.629999999999999716e+01,3.410000000000000142e+01,5.939999999999999858e+01,1.000000000000000000e+00
1.783179211594349384e+09,9.282696999434847385e-03,2.582076300132030156e-02,1.395287800005462486e-02,2.113511899915465619e-02,1.424674800525235874e+01,9.570000000000000000e+02,9.170000000000000000e+02,4.220000000000000000e+02,3.590000000000000000e+02,4.601962922573609727e-01,8.507109004739336067e-01,3.950000000000000000e+01,3.410000000000000142e+01,5.989999999999999858e+01,1.000000000000000000e+00
1.783179211701250553e+09,7.968343001266475767e-03,2.623525799936032854e-02,1.429174300028535072e-02,2.333588799956487492e-02,1.392152093386563472e+01,9.450000000000000000e+02,9.570000000000000000e+02,4.820000000000000000e+02,4.280000000000000000e+02,5.036572622779519337e-01,8.879668049792530660e-01,4.250000000000000000e+01,3.410000000000000142e+01,5.939999999999999858e+01,1.000000000000000000e+00
1.783179211815625668e+09,8.717759001228841953e-03,2.674578899859625380e-02,1.521854600105143618e-02,3.059036999911768362e-02,1.230429041747855834e+01,9.790000000000000000e+02,9.450000000000000000e+02,4.960000000000000000e+02,3.930000000000000000e+02,5.248677248677248164e-01,7.923387096774193727e-01,4.129999999999999716e+01,3.410000000000000142e+01,5.939999999999999858e+01,1.000000000000000000e+00
1.783179211927752495e+09,1.040794099935737904e-02,2.733674400042218622e-02,1.575142900037462823e-02,2.447233599923492875e-02,1.282570065209498189e+01,9.550000000000000000e+02,9.790000000000000000e+02,4.840000000000000000e+02,4.240000000000000000e+02,4.943820224719100986e-01,8.760330578512396382e-01,4.189999999999999858e+01,3.410000000000000142e+01,5.989999999999999858e+01,1.000000000000000000e+00
1.783179212039328337e+09,8.967145000497112051e-03,2.671625199945992790e-02,1.369838100072229281e-02,2.876100299909012392e-02,1.279708742389076548e+01,9.440000000000000000e+02,9.550000000000000000e+02,4.540000000000000000e+02,3.490000000000000000e+02,4.753926701570680424e-01,7.687224669603524019e-01,4.089999999999999858e+01,3.410000000000000142e+01,6.029999999999999716e+01,1.000000000000000000e+00
1.783179212146013975e+09,8.466466000754735433e-03,2.624868299972149543e-02,1.396813700011989567e-02,2.453439099917886779e-02,1.365790395129680412e+01,9.680000000000000000e+02,9.440000000000000000e+02,4.770000000000000000e+02,4.100000000000000000e+02,5.052966101694915668e-01,8.595387840670859481e-01,4.150000000000000000e+01,3.410000000000000142e+01,6.029999999999999716e+01,1.000000000000000000e+00
1.783179212255167007e+09,6.927689000804093666e-03,2.763909199893532787e-02,1.606466600060230121e-02,2.636049700049625244e-02,1.298837187419395534e+01,9.750000000000000000e+02,9.680000000000000000e+02,4.920000000000000000e+02,4.170000000000000000e+02,5.082644628099173278e-01,8.475609756097560732e-01,4.289999999999999858e+01,3.410000000000000142e+01,6.029999999999999716e+01,1.000000000000000000e+00
1.783179212362943649e+09,9.601783998732571490e-03,2.525677100129541941e-02,1.473227499991480727e-02,2.625770200029364787e-02,1.318417078918393059e+01,9.480000000000000000e+02,9.750000000000000000e+02,4.710000000000000000e+02,3.860000000000000000e+02,4.830769230769230704e-01,8.195329087048832672e-01,4.420000000000000284e+01,3.410000000000000142e+01,5.939999999999999858e+01,1.000000000000000000e+00
1.783179212474268198e+09,9.234122999259852804e-03,2.668453000114823226e-02,1.469157199971959926e-02,2.640873699965595733e-02,1.298381559599321911e+01,9.670000000000000000e+02,9.480000000000000000e+02,4.510000000000000000e+02,3.790000000000000000e+02,4.757383966244725926e-01,8.403547671840354560e-01,4.439999999999999858e+01,3.410000000000000142e+01,5.989999999999999858e+01,1.000000000000000000e+00
1.783179212576578617e+09,7.225371000458835624e-03,2.656632700018235482e-02,1.548754400027974043e-02,2.336601599927234929e-02,1.376552341513247057e+01,9.850000000000000000e+02,9.670000000000000000e+02,4.280000000000000000e+02,3.500000000000000000e+02,4.426059979317476523e-01,8.177570093457944278e-01,4.100000000000000000e+01,3.420000000000000284e+01,5.989999999999999858e+01,1.000000000000000000e+00
1.783179212684394598e+09,1.022935099899768829e-02,2.642610700058867224e-02,1.575890999993134756e-02,2.438478200019744691e-02,1.302097744576221139e+01,1.013000000000000000e+03,9.850000000000000000e+02,5.280000000000000000e+02,4.570000000000000000e+02,5.360406091370558679e-01,8.655303030303029832e-01,4.289999999999999858e+01,3.410000000000000142e+01,5.989999999999999858e+01,1.000000000000000000e+00
1.783179212788822889e+09,8.391059998757555149e-03,2.650134700161288492e-02,1.640662399950088002e-02,2.063683000051241834e-02,1.390127241258244695e+01,1.000000000000000000e+03,1.013000000000000000e+03,4.990000000000000000e+02,4.630000000000000000e+02,4.925962487660414668e-01,9.278557114228457303e-01,4.150000000000000000e+01,3.410000000000000142e+01,6.029999999999999716e+01,1.000000000000000000e+00
1.783179212891239882e+09,1.022531399939907715e-02,2.630894200046896003e-02,1.538247099961154163e-02,1.918101400042360183e-02,1.406514448892773927e+01,1.056000000000000000e+03,1.000000000000000000e+03,3.790000000000000000e+02,3.250000000000000000e+02,3.790000000000000036e-01,8.575197889182057942e-01,4.389999999999999858e+01,3.410000000000000142e+01,5.989999999999999858e+01,1.000000000000000000e+00
1.783179213003207445e+09,8.950255998570355587e-03,2.615344500009086914e-02,1.587646400002995506e-02,2.736070600076345727e-02,1.276472915404478137e+01,1.043000000000000000e+03,1.056000000000000000e+03,5.170000000000000000e+02,4.060000000000000000e+02,4.895833333333333148e-01,7.852998065764023039e-01,4.289999999999999858e+01,3.410000000000000142e+01,5.889999999999999858e+01,1.000000000000000000e+00
1.783179213112381935e+09,6.796228000894188881e-03,2.695562000008067116e-02,1.616710800044529606e-02,2.773353500015218742e-02,1.287788694350773078e+01,1.046000000000000000e+03,1.043000000000000000e+03,5.030000000000000000e+02,3.930000000000000000e+02,4.822627037392138161e-01,7.813121272365805003e-01,4.289999999999999858e+01,3.410000000000000142e+01,5.939999999999999858e+01,1.000000000000000000e+00
1.783179213220570803e+09,8.508910001182812266e-03,2.644792199862422422e-02,1.623805200142669491e-02,2.246543499859399162e-02,1.357583042780929006e+01,1.061000000000000000e+03,1.046000000000000000e+03,3.650000000000000000e+02,2.900000000000000000e+02,3.489483747609942732e-01,7.945205479452054353e-01,4.000000000000000000e+01,3.410000000000000142e+01,5.989999999999999858e+01,1.000000000000000000e+00
1.783179213337336540e+09,9.216401000230689533e-03,2.725870799986296333e-02,1.739974100019026082e-02,3.094180900006904267e-02,1.179013665223289031e+01,1.119000000000000000e+03,1.061000000000000000e+03,5.120000000000000000e+02,3.880000000000000000e+02,4.825636192271441915e-01,7.578125000000000000e-01,4.260000000000000142e+01,3.410000000000000142e+01,5.939999999999999858e+01,1.000000000000000000e+00
1.783179213450157166e+09,1.007468599891581107e-02,2.771562800080573652e-02,1.686776600035955198e-02,2.777744199920562096e-02,1.213069288271932855e+01,1.127000000000000000e+03,1.119000000000000000e+03,4.780000000000000000e+02,3.850000000000000000e+02,4.271671134941912307e-01,8.054393305439330186e-01,4.089999999999999858e+01,3.410000000000000142e+01,5.889999999999999858e+01,1.000000000000000000e+00
1.783179213558448792e+09,8.951220001108595170e-03,2.741650200005096849e-02,1.827976599997782614e-02,2.227282800049579237e-02,1.300046661247163726e+01,1.120000000000000000e+03,1.127000000000000000e+03,4.600000000000000000e+02,3.910000000000000000e+02,4.081632653061224580e-01,8.499999999999999778e-01,4.289999999999999858e+01,3.410000000000000142e+01,5.989999999999999858e+01,1.000000000000000000e+00
1.783179213667021513e+09,9.717504999571247026e-03,2.586968900141073391e-02,1.591864900001382921e-02,2.488973799881932791e-02,1.308976235160015023e+01,1.030000000000000000e+03,1.120000000000000000e+03,4.250000000000000000e+02,3.370000000000000000e+02,3.794642857142856984e-01,7.929411764705882604e-01,4.289999999999999858e+01,3.410000000000000142e+01,5.989999999999999858e+01,1.000000000000000000e+00
1.783179213784415960e+09,8.127155999318347313e-03,2.834486000028846320e-02,1.669632499942963477e-02,2.759951799998816568e-02,1.238116266041020630e+01,1.157000000000000000e+03,1.030000000000000000e+03,3.600000000000000000e+02,2.740000000000000000e+02,3.495145631067961278e-01,7.611111111111110716e-01,3.900000000000000000e+01,3.410000000000000142e+01,6.029999999999999716e+01,1.000000000000000000e+00
1.783179213894430161e+09,7.304943999770330265e-03,2.832306399977824185e-02,1.922010700036480557e-02,2.434467099919856992e-02,1.262741280514128839e+01,1.180000000000000000e+03,1.157000000000000000e+03,5.260000000000000000e+02,4.580000000000000000e+02,4.546240276577355188e-01,8.707224334600760507e-01,3.950000000000000000e+01,3.410000000000000142e+01,5.989999999999999858e+01,1.000000000000000000e+00
1.783179214011826992e+09,8.101342000372824259e-03,2.770901599978969898e-02,1.880490900111908559e-02,2.916866499981551897e-02,1.193546275659281797e+01,1.193000000000000000e+03,1.180000000000000000e+03,6.170000000000000000e+02,5.390000000000000000e+02,5.228813559322034177e-01,8.735818476499189744e-01,4.489999999999999858e+01,3.420000000000000284e+01,6.029999999999999716e+01,1.000000000000000000e+00
1.783179214134721041e+09,7.922120999865001068e-03,3.110065900000336114e-02,1.986463499997626059e-02,3.058877699913864490e-02,1.117615734039467412e+01,1.167000000000000000e+03,1.193000000000000000e+03,5.770000000000000000e+02,5.130000000000000000e+02,4.836546521374685548e-01,8.890814558058925954e-01,4.470000000000000284e+01,3.410000000000000142e+01,5.939999999999999858e+01,1.000000000000000000e+00
1.783179214249942303e+09,8.293598000818747096e-03,2.922173799925076310e-02,1.847433799957798328e-02,2.711902500050200615e-02,1.203243477554859986e+01,1.157000000000000000e+03,1.167000000000000000e+03,5.580000000000000000e+02,4.810000000000000000e+02,4.781491002570694149e-01,8.620071684587813365e-01,4.000000000000000000e+01,3.410000000000000142e+01,6.079999999999999716e+01,1.000000000000000000e+00
1.783179214362868786e+09,8.296209000036469661e-03,2.952843800085247494e-02,1.955236199864884838e-02,2.415713600021263119e-02,1.226480022575892548e+01,1.200000000000000000e+03,1.157000000000000000e+03,4.530000000000000000e+02,3.780000000000000000e+02,3.915298184961106265e-01,8.344370860927152744e-01,4.089999999999999858e+01,3.410000000000000142e+01,5.939999999999999858e+01,1.000000000000000000e+00
1.783179214482796192e+09,6.774098999812849797e-03,2.757929700055683497e-02,1.914245899934030604e-02,3.119534300094528589e-02,1.180760248535228918e+01,1.180000000000000000e+03,1.200000000000000000e+03,5.840000000000000000e+02,4.840000000000000000e+02,4.866666666666666918e-01,8.287671232876712146e-01,4.350000000000000000e+01,3.410000000000000142e+01,6.029999999999999716e+01,1.000000000000000000e+00
1.783179214599790573e+09,8.176802999514620751e-03,2.785701500033610500e-02,2.129317300023103599e-02,2.730191099908552133e-02,1.181629415456482768e+01,1.191000000000000000e+03,1.180000000000000000e+03,5.550000000000000000e+02,4.650000000000000000e+02,4.703389830508474811e-01,8.378378378378378288e-01,4.470000000000000284e+01,3.410000000000000142e+01,5.989999999999999858e+01,1.000000000000000000e+00
1.783179214712959766e+09,6.487472999651799910e-03,2.855224700033431873e-02,1.971111800048674922e-02,2.435368999977072235e-02,1.264150138152547598e+01,1.231000000000000000e+03,1.191000000000000000e+03,4.730000000000000000e+02,3.820000000000000000e+02,3.971452560873215964e-01,8.076109936575053272e-01,3.950000000000000000e+01,3.410000000000000142e+01,5.939999999999999858e+01,1.000000000000000000e+00
1.783179214827468634e+09,8.491205999234807678e-03,2.897124199989775661e-02,2.014242800032661762e-02,2.282024600026488770e-02,1.243392580745393161e+01,1.192000000000000000e+03,1.231000000000000000e+03,4.940000000000000000e+02,4.070000000000000000e+02,4.012997562956945319e-01,8.238866396761133082e-01,4.050000000000000000e+01,3.410000000000000142e+01,5.989999999999999858e+01,1.000000000000000000e+00
1.783179214943381310e+09,8.043026999075664207e-03,2.853369100012059789e-02,1.957175099960295483e-02,2.794219900169991888e-02,1.189192598629451147e+01,1.222000000000000000e+03,1.192000000000000000e+03,5.320000000000000000e+02,4.200000000000000000e+02,4.463087248322147871e-01,7.894736842105263275e-01,4.489999999999999858e+01,3.410000000000000142e+01,5.989999999999999858e+01,1.000000000000000000e+00
1.783179215066655397e+09,7.506570998884853907e-03,2.879867000046942849e-02,2.041364700016856659e-02,3.438293100043665618e-02,1.097672923523562716e+01,1.206000000000000000e+03,1.222000000000000000e+03,5.560000000000000000e+02,4.160000000000000000e+02,4.549918166939443398e-01,7.482014388489208745e-01,4.489999999999999858e+01,3.410000000000000142e+01,5.939999999999999858e+01,1.000000000000000000e+00
1.783179215181930542e+09,6.904429999849526212e-03,2.732907700010400731e-02,1.819291599895223044e-02,2.792062600019562524e-02,1.244600781804922462e+01,1.146000000000000000e+03,1.206000000000000000e+03,5.540000000000000000e+02,4.520000000000000000e+02,4.593698175787728211e-01,8.158844765342960770e-01,4.470000000000000284e+01,3.410000000000000142e+01,6.079999999999999716e+01,1.000000000000000000e+00
1.783179215309211731e+09,9.723597999254707247e-03,2.768103600101312622e-02,1.908592299878364429e-02,4.050355800063698553e-02,1.030990385347824301e+01,1.169000000000000000e+03,1.146000000000000000e+03,5.790000000000000000e+02,4.160000000000000000e+02,5.052356020942407877e-01,7.184801381692573763e-01,3.750000000000000000e+01,3.410000000000000142e+01,5.989999999999999858e+01,1.000000000000000000e+00
1.783179215425819635e+09,7.717939000940532424e-03,2.819914000065182336e-02,1.956412099934823345e-02,3.024474399899190757e-02,1.166508006025325805e+01,1.210000000000000000e+03,1.169000000000000000e+03,5.130000000000000000e+02,4.000000000000000000e+02,4.388366124893071096e-01,7.797270955165691575e-01,4.220000000000000284e+01,3.410000000000000142e+01,6.029999999999999716e+01,1.000000000000000000e+00
1.783179215535691261e+09,8.657500999106559902e-03,2.764161000050080474e-02,1.851617099964641966e-02,2.164155699938419275e-02,1.307927470056425179e+01,1.214000000000000000e+03,1.210000000000000000e+03,4.560000000000000000e+02,3.850000000000000000e+02,3.768595041322314043e-01,8.442982456140351033e-01,4.289999999999999858e+01,3.410000000000000142e+01,5.939999999999999858e+01,1.000000000000000000e+00
1.783179215644465208e+09,9.089606000998173840e-03,2.831382399926951621e-02,1.885224100078630727e-02,2.141435699923022185e-02,1.287497926479877997e+01,1.237000000000000000e+03,1.214000000000000000e+03,4.400000000000000000e+02,3.720000000000000000e+02,3.624382207578253912e-01,8.454545454545454586e-01,3.750000000000000000e+01,3.410000000000000142e+01,6.029999999999999716e+01,1.000000000000000000e+00
1.783179215762347221e+09,7.953621001433930360e-03,2.886164999836182687e-02,2.074769800128706265e-02,2.750566800023079850e-02,1.175521361632440609e+01,1.242000000000000000e+03,1.237000000000000000e+03,5.800000000000000000e+02,4.650000000000000000e+02,4.688763136620857086e-01,8.017241379310344751e-01,4.350000000000000000e+01,3.410000000000000142e+01,5.989999999999999858e+01,1.000000000000000000e+00
1.783179215879197598e+09,6.747839999661664478e-03,2.937847700013662688e-02,1.940673399985826109e-02,2.860417200099618640e-02,1.188534591868146073e+01,1.241000000000000000e+03,1.242000000000000000e+03,5.330000000000000000e+02,4.260000000000000000e+02,4.291465378421900345e-01,7.992495309568480311e-01,4.600000000000000000e+01,3.410000000000000142e+01,5.939999999999999858e+01,1.000000000000000000e+00
1.783179215993842125e+09,6.824337999205454253e-03,2.860472800057323184e-02,2.157307699962984771e-02,2.754874099991866387e-02,1.182719745435136360e+01,1.245000000000000000e+03,1.241000000000000000e+03,5.510000000000000000e+02,4.420000000000000000e+02,4.439967767929089426e-01,8.021778584392014189e-01,4.220000000000000284e+01,3.410000000000000142e+01,5.939999999999999858e+01,1.000000000000000000e+00
1.783179216115600348e+09,8.017268000912736170e-03,2.876909599945065565e-02,2.124378500047896523e-02,3.114456599905679468e-02,1.121394108185409877e+01,1.239000000000000000e+03,1.245000000000000000e+03,6.060000000000000000e+02,4.720000000000000000e+02,4.867469879518072085e-01,7.788778877887788665e-01,4.489999999999999858e+01,3.410000000000000142e+01,5.939999999999999858e+01,1.000000000000000000e+00
1.783179216240709066e+09,7.212149001134093851e-03,3.037894599947321694e-02,2.113167499919654801e-02,3.181235299962281715e-02,1.104543702896756052e+01,1.223000000000000000e+03,1.239000000000000000e+03,5.690000000000000000e+02,4.490000000000000000e+02,4.592413236481033278e-01,7.891036906854129729e-01,4.039999999999999858e+01,3.410000000000000142e+01,5.939999999999999858e+01,1.000000000000000000e+00
1.783179216366256475e+09,8.508113998686894774e-03,2.902779600117355585e-02,2.118104500004847068e-02,3.224297700035094749e-02,1.099385166643641476e+01,1.207000000000000000e+03,1.223000000000000000e+03,4.860000000000000000e+02,3.630000000000000000e+02,3.973834832379394832e-01,7.469135802469135665e-01,4.079999999999999716e+01,3.410000000000000142e+01,6.029999999999999716e+01,1.000000000000000000e+00
1.783179216490576267e+09,7.199112000307650305e-03,2.957149299982120283e-02,1.946434499950555619e-02,3.708558200014522299e-02,1.071575545671301377e+01,1.235000000000000000e+03,1.207000000000000000e+03,5.150000000000000000e+02,3.910000000000000000e+02,4.266777133388566789e-01,7.592233009708737601e-01,4.310000000000000142e+01,3.410000000000000142e+01,5.989999999999999858e+01,1.000000000000000000e+00
1.783179216609868526e+09,9.294028999647707678e-03,2.871376400071312673e-02,2.077436399849830195e-02,2.622035100102948491e-02,1.176435876458269014e+01,1.235000000000000000e+03,1.235000000000000000e+03,4.900000000000000000e+02,4.070000000000000000e+02,3.967611336032388913e-01,8.306122448979591510e-01,4.260000000000000142e+01,3.410000000000000142e+01,5.989999999999999858e+01,1.000000000000000000e+00
1.783179216737253904e+09,6.830857000750256702e-03,2.934788499987917021e-02,2.145091199963644613e-02,3.777025900126318447e-02,1.048218985256278124e+01,1.227000000000000000e+03,1.235000000000000000e+03,5.280000000000000000e+02,3.760000000000000000e+02,4.275303643724696623e-01,7.121212121212121549e-01,4.439999999999999858e+01,3.410000000000000142e+01,5.939999999999999858e+01,1.000000000000000000e+00
1.783179216870783806e+09,9.073457998965750448e-03,2.874670799974410329e-02,1.974713700110442005e-02,4.053107499930774793e-02,1.019384846514944343e+01,1.234000000000000000e+03,1.227000000000000000e+03,5.270000000000000000e+02,3.770000000000000000e+02,4.295028524857375518e-01,7.153700189753320338e-01,4.229999999999999716e+01,3.420000000000000284e+01,6.079999999999999716e+01,1.000000000000000000e+00
1.783179216987232924e+09,7.549384999947506003e-03,2.881718800017551985e-02,1.871902099992439616e-02,2.989752599933126476e-02,1.176704267867914311e+01,1.221000000000000000e+03,1.234000000000000000e+03,5.960000000000000000e+02,4.950000000000000000e+02,4.829821717990275265e-01,8.305369127516778471e-01,4.600000000000000000e+01,3.410000000000000142e+01,6.029999999999999716e+01,1.000000000000000000e+00
1.783179217107460022e+09,1.013874099953682162e-02,2.777073799916252028e-02,2.085134500157437287e-02,2.999789499881444499e-02,1.126649878768837709e+01,1.217000000000000000e+03,1.221000000000000000e+03,5.740000000000000000e+02,4.640000000000000000e+02,4.701064701064701090e-01,8.083623693379791142e-01,4.489999999999999858e+01,3.410000000000000142e+01,5.989999999999999858e+01,1.000000000000000000e+00
1.783179217218747377e+09,7.303943999431794509e-03,2.847828499943716452e-02,1.986913499968068209e-02,2.504110700101591647e-02,1.239272992402703721e+01,1.227000000000000000e+03,1.217000000000000000e+03,5.510000000000000000e+02,4.590000000000000000e+02,4.527526705012325237e-01,8.330308529945553708e-01,4.320000000000000284e+01,3.410000000000000142e+01,5.989999999999999858e+01,1.000000000000000000e+00
1.783179217333709717e+09,9.428694000234827399e-03,2.802088399948843289e-02,1.995046699994418304e-02,2.467835199968249071e-02,1.218347380746142150e+01,1.230000000000000000e+03,1.227000000000000000e+03,5.520000000000000000e+02,4.600000000000000000e+02,4.498777506112469626e-01,8.333333333333333703e-01,4.439999999999999858e+01,3.410000000000000142e+01,5.989999999999999858e+01,1.000000000000000000e+00
1.783179217453511477e+09,9.394861999680870213e-03,2.828236099958303384e-02,1.987011700111906976e-02,2.570041299986769445e-02,1.201233623683499196e+01,1.252000000000000000e+03,1.230000000000000000e+03,5.000000000000000000e+02,4.040000000000000000e+02,4.065040650406503975e-01,8.080000000000000515e-01,4.800000000000000000e+01,3.410000000000000142e+01,6.029999999999999716e+01,1.000000000000000000e+00
1.783179217568878889e+09,7.955139999467064627e-03,2.897266699983447324e-02,2.044592400125111453e-02,2.720320899970829487e-02,1.182355379606917367e+01,1.255000000000000000e+03,1.252000000000000000e+03,4.900000000000000000e+02,3.810000000000000000e+02,3.913738019169328841e-01,7.775510204081632626e-01,4.039999999999999858e+01,3.410000000000000142e+01,5.989999999999999858e+01,1.000000000000000000e+00
1.783179217689756870e+09,7.908251000117161311e-03,2.918284999941533897e-02,2.078612399964185897e-02,3.217866300110472366e-02,1.110421563992463234e+01,1.271000000000000000e+03,1.255000000000000000e+03,6.910000000000000000e+02,5.830000000000000000e+02,5.505976095617529653e-01,8.437047756874095361e-01,4.489999999999999858e+01,3.410000000000000142e+01,5.989999999999999858e+01,1.000000000000000000e+00
1.783179217809939861e+09,1.054586600002949126e-02,2.842778500053100288e-02,2.078775399968435522e-02,2.724091100026271306e-02,1.149394689670291214e+01,1.267000000000000000e+03,1.271000000000000000e+03,5.230000000000000000e+02,4.260000000000000000e+02,4.114870180959874224e-01,8.145315487571701540e-01,4.489999999999999858e+01,3.410000000000000142e+01,6.079999999999999716e+01,1.000000000000000000e+00
1.783179217931369305e+09,7.460959999662009068e-03,2.999676599938538857e-02,2.192085000024235342e-02,3.226684800029033795e-02,1.091161954801564171e+01,1.273000000000000000e+03,1.267000000000000000e+03,6.180000000000000000e+02,4.870000000000000000e+02,4.877663772691396837e-01,7.880258899676375606e-01,4.720000000000000284e+01,3.410000000000000142e+01,6.079999999999999716e+01,1.000000000000000000e+00
1.783179218054009914e+09,1.051756900051259436e-02,2.894522399947163649e-02,2.032718500049668364e-02,2.957812299973738845e-02,1.118967493778968425e+01,1.275000000000000000e+03,1.273000000000000000e+03,6.720000000000000000e+02,5.910000000000000000e+02,5.278868813825609019e-01,8.794642857142856984e-01,4.510000000000000142e+01,3.410000000000000142e+01,6.129999999999999716e+01,1.000000000000000000e+00
1.783179218178838491e+09,1.147370499893440865e-02,2.804882800046470948e-02,2.055105299950810149e-02,3.247108499999740161e-02,1.080559246908810422e+01,1.248000000000000000e+03,1.275000000000000000e+03,6.500000000000000000e+02,5.430000000000000000e+02,5.098039215686274161e-01,8.353846153846153921e-01,5.339999999999999858e+01,3.410000000000000142e+01,6.029999999999999716e+01,1.000000000000000000e+00
1.783179218301890135e+09,7.855900001231930219e-03,2.882496499842090998e-02,2.164442800130927935e-02,3.294828300022345502e-02,1.095607342027456887e+01,1.268000000000000000e+03,1.248000000000000000e+03,6.990000000000000000e+02,6.050000000000000000e+02,5.600961538461538547e-01,8.655221745350500928e-01,5.089999999999999858e+01,3.410000000000000142e+01,5.989999999999999858e+01,1.000000000000000000e+00
1.783179218422404528e+09,7.702328000959823839e-03,2.905355499933648389e-02,2.145057800044014584e-02,3.030340999976033345e-02,1.129817486678279259e+01,1.269000000000000000e+03,1.268000000000000000e+03,7.070000000000000000e+02,6.320000000000000000e+02,5.575709779179810477e-01,8.939179632248939189e-01,5.089999999999999858e+01,3.410000000000000142e+01,5.989999999999999858e+01,1.000000000000000000e+00
1.783179218544168472e+09,9.314474000348127447e-03,2.825654700063751079e-02,2.013970599909953307e-02,3.236468000068271067e-02,1.110180939833527702e+01,1.258000000000000000e+03,1.269000000000000000e+03,6.580000000000000000e+02,5.350000000000000000e+02,5.185185185185184897e-01,8.130699088145896258e-01,5.329999999999999716e+01,3.410000000000000142e+01,5.839999999999999858e+01,1.000000000000000000e+00
1.783179218658349276e+09,8.562983999581774697e-03,2.810867799962579738e-02,2.103413900113082491e-02,2.470564799841667991e-02,1.213423634882461855e+01,1.272000000000000000e+03,1.258000000000000000e+03,5.000000000000000000e+02,4.050000000000000000e+02,3.974562798092209914e-01,8.100000000000000533e-01,5.279999999999999716e+01,3.410000000000000142e+01,6.079999999999999716e+01,1.000000000000000000e+00
1.783179218784936666e+09,7.435367999278241768e-03,2.754963000006682705e-02,1.980187700064561795e-02,3.680604900000616908e-02,1.091787396153041634e+01,1.268000000000000000e+03,1.272000000000000000e+03,5.530000000000000000e+02,4.070000000000000000e+02,4.347484276729559616e-01,7.359855334538878413e-01,5.079999999999999716e+01,3.410000000000000142e+01,5.939999999999999858e+01,1.000000000000000000e+00
1.783179218909705400e+09,1.150822300041909330e-02,2.939806999893335160e-02,2.182829600133118220e-02,2.902420299869845621e-02,1.089813824060297343e+01,1.277000000000000000e+03,1.268000000000000000e+03,4.340000000000000000e+02,3.280000000000000000e+02,3.422712933753943032e-01,7.557603686635944173e-01,5.170000000000000284e+01,3.410000000000000142e+01,6.029999999999999716e+01,1.000000000000000000e+00
1.783179219032413483e+09,8.891052999388193712e-03,3.021574400008830708e-02,2.207042200097930618e-02,3.087203299946850166e-02,1.086374933281176780e+01,1.285000000000000000e+03,1.277000000000000000e+03,5.480000000000000000e+02,4.200000000000000000e+02,4.291307752545027165e-01,7.664233576642335288e-01,5.170000000000000284e+01,3.410000000000000142e+01,5.989999999999999858e+01,1.000000000000000000e+00
1.783179219165030718e+09,8.860793999701854773e-03,2.888339099990844261e-02,2.174896399992576335e-02,3.946581099989998620e-02,1.010519916544897789e+01,1.268000000000000000e+03,1.285000000000000000e+03,5.990000000000000000e+02,4.310000000000000000e+02,4.661478599221789976e-01,7.195325542570951693e-01,5.079999999999999716e+01,3.410000000000000142e+01,6.079999999999999716e+01,1.000000000000000000e+00
1.783179219289851665e+09,8.680740998897817917e-03,2.962386299986974336e-02,2.057086700006038882e-02,3.170113300075172447e-02,1.104037859494754947e+01,1.274000000000000000e+03,1.268000000000000000e+03,5.540000000000000000e+02,4.340000000000000000e+02,4.369085173501577324e-01,7.833935018050541821e-01,5.170000000000000284e+01,3.410000000000000142e+01,5.989999999999999858e+01,1.000000000000000000e+00
1.783179219406184196e+09,9.285160000217729248e-03,3.037783400031912606e-02,2.131624699904932640e-02,2.557137700023304205e-02,1.155393252076014932e+01,1.286000000000000000e+03,1.274000000000000000e+03,5.150000000000000000e+02,4.370000000000000000e+02,4.042386185243327934e-01,8.485436893203883724e-01,5.089999999999999858e+01,3.410000000000000142e+01,6.079999999999999716e+01,1.000000000000000000e+00
1.783179219529218674e+09,8.211858999857213348e-03,2.964923299987276550e-02,2.323192500080040190e-02,3.162563399928330909e-02,1.078531653789925571e+01,1.283000000000000000e+03,1.286000000000000000e+03,6.890000000000000000e+02,5.740000000000000000e+02,5.357698289269051672e-01,8.330914368650217394e-01,4.729999999999999716e+01,3.410000000000000142e+01,6.079999999999999716e+01,1.000000000000000000e+00
1.783179219652601242e+09,7.579403998533962294e-03,2.907736900124291424e-02,2.134426500015251804e-02,3.024109599937219173e-02,1.133245485663248786e+01,1.284000000000000000e+03,1.283000000000000000e+03,6.580000000000000000e+02,5.380000000000000000e+02,5.128604832424006332e-01,8.176291793313069656e-01,4.600000000000000000e+01,3.410000000000000142e+01,6.079999999999999716e+01,1.000000000000000000e+00
1.783179219781402826e+09,9.003514000141876750e-03,2.987210100036463700e-02,2.261495200036733877e-02,3.494349900029192213e-02,1.036977949252820252e+01,1.281000000000000000e+03,1.284000000000000000e+03,6.750000000000000000e+02,5.520000000000000000e+02,5.257009345794392274e-01,8.177777777777778256e-01,4.079999999999999716e+01,3.410000000000000142e+01,6.079999999999999716e+01,1.000000000000000000e+00
1.783179219907247782e+09,7.595625000249128789e-03,2.913716600050975103e-02,2.349705199958407320e-02,3.468409499873814639e-02,1.053586039186027001e+01,1.284000000000000000e+03,1.281000000000000000e+03,6.740000000000000000e+02,5.650000000000000000e+02,5.261514441842310985e-01,8.382789317507418625e-01,4.629999999999999716e+01,3.410000000000000142e+01,6.029999999999999716e+01,1.000000000000000000e+00
1.783179220030543566e+09,7.331851000344613567e-03,2.941432899933715817e-02,2.241504700032237452e-02,3.384177199950499926e-02,1.075234143799253062e+01,1.285000000000000000e+03,1.284000000000000000e+03,6.760000000000000000e+02,5.390000000000000000e+02,5.264797507788161468e-01,7.973372781065088954e-01,4.170000000000000284e+01,3.410000000000000142e+01,6.079999999999999716e+01,1.000000000000000000e+00
1.783179220155470610e+09,9.313196000221068971e-03,2.985576699938974343e-02,2.101152900104352739e-02,3.062066500024229754e-02,1.101307552711167759e+01,1.273000000000000000e+03,1.285000000000000000e+03,5.980000000000000000e+02,4.950000000000000000e+02,4.653696498054474828e-01,8.277591973244147194e-01,3.829999999999999716e+01,3.410000000000000142e+01,5.989999999999999858e+01,1.000000000000000000e+00
1.783179220282540798e+09,1.097132300128578208e-02,2.975191699988499749e-02,2.117517399892676622e-02,3.338381499997922219e-02,1.049513650650631114e+01,1.275000000000000000e+03,1.273000000000000000e+03,6.070000000000000000e+02,4.760000000000000000e+02,4.768263943440691488e-01,7.841845140032949191e-01,3.829999999999999716e+01,3.410000000000000142e+01,5.989999999999999858e+01,1.000000000000000000e+00
1.783179220408623457e+09,8.686778000992489979e-03,2.959375199861824512e-02,2.337294300014036708e-02,3.295954300119774416e-02,1.056937028611339535e+01,1.271000000000000000e+03,1.275000000000000000e+03,4.670000000000000000e+02,3.480000000000000000e+02,3.662745098039215663e-01,7.451820128479657024e-01,4.079999999999999716e+01,3.410000000000000142e+01,6.129999999999999716e+01,1.000000000000000000e+00
1.783179220525688648e+09,1.024405399948591366e-02,2.877109600012772717e-02,2.235851099976571277e-02,2.504719900025520474e-02,1.157128035990649195e+01,1.274000000000000000e+03,1.271000000000000000e+03,5.970000000000000000e+02,5.290000000000000000e+02,4.697088906372934858e-01,8.860971524288107082e-01,3.860000000000000142e+01,3.420000000000000284e+01,5.989999999999999858e+01,1.000000000000000000e+00
1.783179220649757624e+09,8.498743000018293969e-03,2.889896499982569367e-02,2.148761399985232856e-02,3.186235300017870031e-02,1.101956606603284605e+01,1.266000000000000000e+03,1.274000000000000000e+03,6.240000000000000000e+02,4.830000000000000000e+02,4.897959183673469274e-01,7.740384615384615641e-01,3.779999999999999716e+01,3.410000000000000142e+01,6.029999999999999716e+01,1.000000000000000000e+00
1.783179220775589705e+09,7.601384999361471273e-03,2.859617200010688975e-02,2.222303199960151687e-02,3.691971400075999554e-02,1.048874367434918220e+01,1.272000000000000000e+03,1.266000000000000000e+03,6.190000000000000000e+02,4.660000000000000000e+02,4.889415481832543597e-01,7.528271405492730217e-01,3.829999999999999716e+01,3.410000000000000142e+01,5.989999999999999858e+01,1.000000000000000000e+00
1.783179220896990299e+09,8.474262000163435005e-03,2.889872400010062847e-02,2.172705599878099747e-02,3.038177900089067407e-02,1.117545428585676781e+01,1.268000000000000000e+03,1.272000000000000000e+03,6.050000000000000000e+02,4.850000000000000000e+02,4.756289308176100405e-01,8.016528925619834656e-01,4.000000000000000000e+01,3.410000000000000142e+01,5.989999999999999858e+01,1.000000000000000000e+00
1.783179221023535013e+09,7.124390000171842985e-03,2.880904000085138250e-02,2.073069899961410556e-02,3.526786499969603028e-02,1.087760589633652231e+01,1.265000000000000000e+03,1.268000000000000000e+03,6.380000000000000000e+02,4.980000000000000000e+02,5.031545741324920940e-01,7.805642633228839777e-01,4.200000000000000000e+01,3.410000000000000142e+01,5.939999999999999858e+01,1.000000000000000000e+00
1.783179221139049768e+09,9.678932001406792551e-03,2.835134199995081872e-02,1.947095600007742178e-02,2.635801499855006114e-02,1.192474365825947658e+01,1.260000000000000000e+03,1.265000000000000000e+03,4.290000000000000000e+02,3.340000000000000000e+02,3.391304347826086807e-01,7.785547785547785038e-01,4.350000000000000000e+01,3.410000000000000142e+01,5.989999999999999858e+01,1.000000000000000000e+00
1.783179221271736145e+09,8.635926998977083713e-03,2.989352599979611114e-02,2.259069400133739691e-02,3.680967799846257549e-02,1.021139372009058555e+01,1.254000000000000000e+03,1.260000000000000000e+03,3.940000000000000000e+02,2.730000000000000000e+02,3.126984126984126977e-01,6.928934010152284495e-01,4.120000000000000284e+01,3.410000000000000142e+01,5.989999999999999858e+01,1.000000000000000000e+00
1.783179221385220766e+09,6.686359000013908371e-03,2.960191899910569191e-02,2.125450600033218507e-02,2.291709699966304470e-02,1.242855430038482645e+01,1.243000000000000000e+03,1.254000000000000000e+03,4.440000000000000000e+02,3.620000000000000000e+02,3.540669856459330300e-01,8.153153153153153143e-01,4.350000000000000000e+01,3.410000000000000142e+01,5.989999999999999858e+01,1.000000000000000000e+00
1.783179221508089066e+09,6.688802999633480795e-03,2.950378999958047643e-02,2.105293600106961094e-02,3.159626299930096138e-02,1.125596385994416337e+01,1.259000000000000000e+03,1.243000000000000000e+03,5.680000000000000000e+02,4.400000000000000000e+02,4.569589702333065051e-01,7.746478873239436291e-01,4.000000000000000000e+01,3.410000000000000142e+01,6.029999999999999716e+01,1.000000000000000000e+00
1.783179221640433550e+09,8.407448000070871785e-03,3.003128399905108381e-02,2.226860500013572164e-02,3.843584300011571031e-02,1.008642248520090057e+01,1.276000000000000000e+03,1.259000000000000000e+03,5.410000000000000000e+02,3.980000000000000000e+02,4.297061159650516493e-01,7.356746765249537745e-01,3.800000000000000000e+01,3.410000000000000142e+01,5.839999999999999858e+01,1.000000000000000000e+00
1.783179221767107010e+09,6.435492001401144080e-03,3.004344999862951227e-02,2.170998300061910413e-02,3.274174900070647709e-02,1.099738906570828867e+01,1.249000000000000000e+03,1.276000000000000000e+03,5.690000000000000000e+02,4.350000000000000000e+02,4.459247648902821548e-01,7.644991212653778900e-01,4.170000000000000284e+01,3.410000000000000142e+01,5.989999999999999858e+01,1.000000000000000000e+00
1.783179221882955313e+09,7.370387998889782466e-03,2.968391700051142834e-02,1.975028500055486802e-02,2.803706899976532441e-02,1.178666249328391480e+01,1.241000000000000000e+03,1.249000000000000000e+03,6.340000000000000000e+02,5.730000000000000000e+02,5.076060848678942694e-01,9.037854889589905794e-01,4.379999999999999716e+01,3.410000000000000142e+01,5.989999999999999858e+01,1.000000000000000000e+00
1.783179222006632805e+09,8.851627999320044182e-03,2.986147100091329776e-02,2.190425699882325716e-02,3.061283200077014044e-02,1.096128399956710808e+01,1.244000000000000000e+03,1.241000000000000000e+03,6.380000000000000000e+02,5.200000000000000000e+02,5.141015310233681967e-01,8.150470219435737018e-01,4.039999999999999858e+01,3.410000000000000142e+01,5.939999999999999858e+01,1.000000000000000000e+00
1.783179222116827250e+09,7.416460999593255110e-03,2.979675000096904114e-02,2.067438399899401702e-02,1.989959800084761810e-02,1.285558665158167102e+01,1.237000000000000000e+03,1.244000000000000000e+03,4.070000000000000000e+02,3.410000000000000000e+02,3.271704180064308742e-01,8.378378378378378288e-01,4.050000000000000000e+01,3.410000000000000142e+01,6.029999999999999716e+01,1.000000000000000000e+00
1.783179222231843472e+09,8.515372999681858346e-03,3.144428399900789373e-02,1.960932400106685236e-02,2.595696599928487558e-02,1.169235810988690183e+01,1.257000000000000000e+03,1.237000000000000000e+03,4.470000000000000000e+02,3.500000000000000000e+02,3.613581244947453586e-01,7.829977628635347298e-01,4.470000000000000284e+01,3.410000000000000142e+01,5.989999999999999858e+01,1.000000000000000000e+00
1.783179222353604317e+09,9.310917999755474739e-03,2.875457799927971791e-02,2.071371700003510341e-02,2.552689600088342559e-02,1.186153662957626231e+01,1.256000000000000000e+03,1.257000000000000000e+03,4.940000000000000000e+02,3.860000000000000000e+02,3.929992044550517094e-01,7.813765182186235281e-01,3.950000000000000000e+01,3.410000000000000142e+01,6.079999999999999716e+01,1.000000000000000000e+00
1.783179222471973658e+09,9.380454999700305052e-03,2.928982999947038479e-02,1.905360900127561763e-02,3.013779999855614733e-02,1.138152423980527317e+01,1.238000000000000000e+03,1.256000000000000000e+03,4.910000000000000000e+02,3.710000000000000000e+02,3.909235668789808882e-01,7.556008146639511258e-01,3.910000000000000142e+01,3.410000000000000142e+01,5.989999999999999858e+01,1.000000000000000000e+00
1.783179222596948624e+09,8.015379000426037237e-03,2.891213099974265788e-02,2.074360600090585649e-02,3.617953799948736560e-02,1.065522676052968798e+01,1.238000000000000000e+03,1.238000000000000000e+03,4.520000000000000000e+02,3.230000000000000000e+02,3.651050080775444240e-01,7.146017699115043698e-01,3.960000000000000142e+01,3.410000000000000142e+01,6.029999999999999716e+01,1.000000000000000000e+00
1.783179222713658810e+09,7.024077000096440315e-03,2.909272199940460268e-02,1.985720900120213628e-02,2.822271399963938165e-02,1.187694694332555478e+01,1.245000000000000000e+03,1.238000000000000000e+03,5.700000000000000000e+02,4.970000000000000000e+02,4.604200323101776959e-01,8.719298245614035547e-01,4.689999999999999858e+01,3.410000000000000142e+01,5.989999999999999858e+01,1.000000000000000000e+00
1.783179222829738379e+09,7.768826999381417409e-03,2.946030900056939572e-02,2.016229800028668251e-02,2.881365099892718717e-02,1.160024376763493592e+01,1.223000000000000000e+03,1.245000000000000000e+03,5.390000000000000000e+02,4.360000000000000000e+02,4.329317269076305430e-01,8.089053803339517623e-01,4.220000000000000284e+01,3.410000000000000142e+01,6.029999999999999716e+01,1.000000000000000000e+00
1.783179222953218222e+09,9.139494000919512473e-03,2.849178499855042901e-02,1.963793499999155756e-02,3.140695100046286825e-02,1.127698745204929587e+01,1.240000000000000000e+03,1.223000000000000000e+03,5.700000000000000000e+02,4.530000000000000000e+02,4.660670482420278260e-01,7.947368421052631859e-01,3.779999999999999716e+01,3.410000000000000142e+01,6.029999999999999716e+01,1.000000000000000000e+00
1.783179223075843573e+09,9.013218001200584695e-03,3.232238400050846394e-02,1.902479399905132595e-02,2.962475200001790654e-02,1.111294499389333623e+01,1.235000000000000000e+03,1.240000000000000000e+03,5.520000000000000000e+02,4.370000000000000000e+02,4.451612903225806717e-01,7.916666666666666297e-01,4.489999999999999858e+01,3.410000000000000142e+01,6.079999999999999716e+01,1.000000000000000000e+00
1.783179223191979170e+09,8.886405999874114059e-03,2.928223699927912094e-02,2.015922500140732154e-02,2.801490099955117330e-02,1.158174577420265550e+01,1.234000000000000000e+03,1.235000000000000000e+03,5.310000000000000000e+02,4.290000000000000000e+02,4.299595141700404688e-01,8.079096045197740050e-01,3.720000000000000284e+01,3.410000000000000142e+01,6.079999999999999716e+01,1.000000000000000000e+00
1.783179223312257767e+09,8.795813999313395470e-03,2.870917099971848074e-02,1.946151099946291652e-02,2.806699300163018052e-02,1.176007255210391556e+01,1.231000000000000000e+03,1.234000000000000000e+03,5.070000000000000000e+02,4.080000000000000000e+02,4.108589951377633609e-01,8.047337278106508895e-01,4.129999999999999716e+01,3.410000000000000142e+01,6.129999999999999716e+01,1.000000000000000000e+00
1.783179223439810038e+09,7.052836001093965024e-03,3.131987800043134484e-02,2.334629500001028646e-02,3.193520399872795679e-02,1.067757624525856563e+01,1.247000000000000000e+03,1.231000000000000000e+03,4.780000000000000000e+02,3.700000000000000000e+02,3.883021933387489910e-01,7.740585774058577062e-01,4.170000000000000284e+01,3.420000000000000284e+01,5.989999999999999858e+01,1.000000000000000000e+00
1.783179223568249702e+09,9.028533000673633069e-03,3.054188900023291353e-02,2.170196400038548745e-02,3.539195599842059892e-02,1.034507636748795001e+01,1.252000000000000000e+03,1.247000000000000000e+03,3.990000000000000000e+02,2.920000000000000000e+02,3.199679230152365772e-01,7.318295739348370521e-01,3.920000000000000284e+01,3.410000000000000142e+01,6.079999999999999716e+01,1.000000000000000000e+00
1.783179223685660839e+09,7.577126001706346869e-03,2.869766999901912641e-02,1.975673000015376601e-02,2.955021600064355880e-02,1.168473527895945985e+01,1.265000000000000000e+03,1.252000000000000000e+03,6.150000000000000000e+02,5.450000000000000000e+02,4.912140575079872451e-01,8.861788617886179331e-01,4.220000000000000284e+01,3.420000000000000284e+01,5.939999999999999858e+01,1.000000000000000000e+00
1.783179223801190615e+09,9.387583999341586605e-03,2.848048800115066115e-02,2.184509199832973536e-02,2.422135800043179188e-02,1.191404890598996325e+01,1.252000000000000000e+03,1.265000000000000000e+03,5.060000000000000000e+02,4.360000000000000000e+02,4.000000000000000222e-01,8.616600790513834207e-01,4.470000000000000284e+01,3.410000000000000142e+01,5.939999999999999858e+01,1.000000000000000000e+00
1.783179223912976265e+09,7.018577000053483061e-03,2.881950299888558220e-02,2.129913600037980359e-02,2.280880100079230033e-02,1.250844053930303268e+01,1.248000000000000000e+03,1.252000000000000000e+03,4.990000000000000000e+02,4.420000000000000000e+02,3.985623003194888048e-01,8.857715430861723416e-01,4.189999999999999858e+01,3.410000000000000142e+01,5.989999999999999858e+01,1.000000000000000000e+00
1.783179224028681040e+09,9.642507000535260886e-03,2.810151199992105830e-02,2.062368100087041967e-02,2.687726899966946803e-02,1.173089757341941919e+01,1.245000000000000000e+03,1.248000000000000000e+03,4.800000000000000000e+02,3.900000000000000000e+02,3.846153846153846367e-01,8.125000000000000000e-01,3.950000000000000000e+01,3.410000000000000142e+01,6.129999999999999716e+01,1.000000000000000000e+00
1.783179224153250933e+09,1.039753400073095690e-02,2.791484800036414526e-02,1.959228699888626579e-02,3.279165599997213576e-02,1.102580506983620978e+01,1.241000000000000000e+03,1.245000000000000000e+03,4.890000000000000000e+02,3.600000000000000000e+02,3.927710843373494187e-01,7.361963190184048766e-01,4.039999999999999858e+01,3.420000000000000284e+01,5.939999999999999858e+01,1.000000000000000000e+00
1.783179224272086859e+09,1.120320900008664466e-02,2.908327699879009742e-02,1.951347300018824171e-02,2.379971499976818450e-02,1.196176913338151770e+01,1.261000000000000000e+03,1.241000000000000000e+03,5.160000000000000000e+02,4.370000000000000000e+02,4.157937147461724381e-01,8.468992248062015005e-01,4.220000000000000284e+01,3.410000000000000142e+01,5.939999999999999858e+01,1.000000000000000000e+00
1.783179224391333342e+09,7.655014000192750245e-03,3.068049699868424796e-02,2.130946900069830008e-02,3.055822100031946320e-02,1.108608108043933704e+01,1.254000000000000000e+03,1.261000000000000000e+03,5.820000000000000000e+02,4.640000000000000000e+02,4.615384615384615641e-01,7.972508591065292638e-01,4.289999999999999858e+01,3.410000000000000142e+01,5.989999999999999858e+01,1.000000000000000000e+00
1.783179224514114618e+09,9.820782001042971388e-03,3.200829499837709591e-02,2.037061100054415874e-02,2.701924800021515694e-02,1.120838293787755369e+01,1.254000000000000000e+03,1.254000000000000000e+03,5.500000000000000000e+02,4.590000000000000000e+02,4.385964912280701511e-01,8.345454545454545903e-01,4.489999999999999858e+01,3.410000000000000142e+01,6.029999999999999716e+01,1.000000000000000000e+00
1.783179224624821424e+09,8.656260000861948356e-03,2.880089199970825575e-02,2.013829899988195393e-02,2.179601799980446231e-02,1.259581177414373876e+01,1.245000000000000000e+03,1.254000000000000000e+03,4.360000000000000000e+02,3.710000000000000000e+02,3.476874003189792672e-01,8.509174311926605005e-01,4.550000000000000000e+01,3.410000000000000142e+01,6.129999999999999716e+01,1.000000000000000000e+00
1.783179224744818211e+09,9.425749998626997694e-03,3.001459799997974187e-02,2.050612800121598411e-02,2.788753299864765722e-02,1.138511166007935316e+01,1.238000000000000000e+03,1.245000000000000000e+03,5.180000000000000000e+02,4.280000000000000000e+02,4.160642570281124497e-01,8.262548262548262690e-01,4.039999999999999858e+01,3.410000000000000142e+01,6.029999999999999716e+01,1.000000000000000000e+00
1.783179224856711149e+09,8.382133999475627206e-03,2.841639699909137562e-02,2.236612200067611411e-02,1.894842500041704625e-02,1.280195359865796867e+01,1.245000000000000000e+03,1.238000000000000000e+03,3.670000000000000000e+02,3.060000000000000000e+02,2.964458804523424917e-01,8.337874659400544841e-01,4.050000000000000000e+01,3.410000000000000142e+01,6.029999999999999716e+01,1.000000000000000000e+00
1.783179224974732876e+09,1.285111400102323387e-02,2.931088600053044502e-02,1.958795399877999444e-02,2.532939900083874818e-02,1.148377847945811148e+01,1.240000000000000000e+03,1.245000000000000000e+03,4.120000000000000000e+02,3.520000000000000000e+02,3.309236947791164840e-01,8.543689320388349051e-01,4.089999999999999858e+01,3.410000000000000142e+01,6.029999999999999716e+01,1.000000000000000000e+00
1.783179225087455511e+09,8.792683998763095587e-03,2.852756200081785209e-02,2.064403300028061494e-02,2.248778799912543036e-02,1.242976143810688505e+01,1.249000000000000000e+03,1.240000000000000000e+03,4.890000000000000000e+02,4.140000000000000000e+02,3.943548387096774133e-01,8.466257668711656414e-01,4.220000000000000284e+01,3.410000000000000142e+01,6.029999999999999716e+01,1.000000000000000000e+00
1.783179225210275650e+09,9.762560999661218375e-03,2.831300900106725749e-02,2.151502199922106229e-02,3.105415900063235313e-02,1.103207840455737454e+01,1.249000000000000000e+03,1.249000000000000000e+03,5.140000000000000000e+02,4.080000000000000000e+02,4.115292233787029574e-01,7.937743190661478154e-01,4.470000000000000284e+01,3.410000000000000142e+01,6.029999999999999716e+01,1.000000000000000000e+00
1.783179225324806213e+09,8.794220999334356748e-03,2.998861699961707927e-02,2.087777099950471893e-02,2.311655700032133609e-02,1.208062619605470189e+01,1.255000000000000000e+03,1.249000000000000000e+03,4.970000000000000000e+02,4.340000000000000000e+02,3.979183346677341859e-01,8.732394366197182567e-01,4.350000000000000000e+01,3.410000000000000142e+01,5.989999999999999858e+01,1.000000000000000000e+00
1.783179225443009138e+09,1.094228600049973466e-02,2.883639199899334926e-02,1.982613600011973176e-02,2.688234200104488991e-02,1.156241049240184715e+01,1.235000000000000000e+03,1.255000000000000000e+03,5.260000000000000000e+02,4.410000000000000000e+02,4.191235059760956005e-01,8.384030418250950634e-01,4.000000000000000000e+01,3.410000000000000142e+01,5.939999999999999858e+01,1.000000000000000000e+00
1.783179225573245764e+09,7.303332999072154053e-03,3.016054100044129882e-02,2.220156899966241326e-02,3.163446700091299135e-02,1.095291331611418606e+01,1.242000000000000000e+03,1.235000000000000000e+03,4.870000000000000000e+02,3.730000000000000000e+02,3.943319838056680293e-01,7.659137577002053110e-01,4.079999999999999716e+01,3.410000000000000142e+01,5.989999999999999858e+01,1.000000000000000000e+00
1.783179225689247131e+09,7.586329000332625583e-03,3.024817000004986767e-02,2.158537200011778623e-02,2.390032499897642992e-02,1.200189207435710337e+01,1.254000000000000000e+03,1.242000000000000000e+03,4.200000000000000000e+02,3.450000000000000000e+02,3.381642512077294715e-01,8.214285714285713969e-01,4.170000000000000284e+01,3.410000000000000142e+01,6.079999999999999716e+01,1.000000000000000000e+00
1.783179225806030035e+09,1.025533200117934030e-02,2.954038299867534079e-02,2.071166200039442629e-02,2.486029400097322650e-02,1.171403633567186731e+01,1.234000000000000000e+03,1.254000000000000000e+03,5.250000000000000000e+02,4.420000000000000000e+02,4.186602870813397326e-01,8.419047619047619335e-01,4.129999999999999716e+01,3.410000000000000142e+01,6.029999999999999716e+01,1.000000000000000000e+00
1.783179225924034357e+09,8.754963000683346763e-03,3.006120899954112247e-02,2.192923899929155596e-02,2.337459000045782886e-02,1.188777922149942512e+01,1.247000000000000000e+03,1.234000000000000000e+03,5.140000000000000000e+02,4.840000000000000000e+02,4.165316045380875187e-01,9.416342412451361721e-01,4.370000000000000284e+01,3.410000000000000142e+01,5.989999999999999858e+01,1.000000000000000000e+00
1.783179226041484118e+09,9.055069000169169158e-03,2.900996400057920255e-02,2.000087399937910959e-02,2.566398800081515219e-02,1.194316558009229468e+01,1.243000000000000000e+03,1.247000000000000000e+03,5.830000000000000000e+02,5.340000000000000000e+02,4.675220529270248671e-01,9.159519725557461189e-01,4.000000000000000000e+01,3.410000000000000142e+01,6.079999999999999716e+01,1.000000000000000000e+00
1.783179226160246611e+09,8.216468999307835475e-03,2.885135399992577732e-02,2.075880899974436034e-02,2.907644399965647608e-02,1.150707254615145558e+01,1.237000000000000000e+03,1.243000000000000000e+03,5.570000000000000000e+02,4.430000000000000000e+02,4.481094127111825975e-01,7.953321364452423659e-01,4.260000000000000142e+01,3.410000000000000142e+01,5.989999999999999858e+01,1.000000000000000000e+00
1.783179226278490305e+09,8.579113000450888649e-03,2.833182399990619160e-02,1.965337900037411600e-02,2.711524699952860828e-02,1.195034921486020707e+01,1.258000000000000000e+03,1.237000000000000000e+03,4.800000000000000000e+02,3.940000000000000000e+02,3.880355699272433068e-01,8.208333333333333037e-01,4.679999999999999716e+01,3.410000000000000142e+01,5.939999999999999858e+01,1.000000000000000000e+00
1.783179226398280859e+09,7.565589001387706958e-03,2.953617799903440755e-02,2.130163599940715358e-02,2.927723799984960351e-02,1.140502611065152294e+01,1.253000000000000000e+03,1.258000000000000000e+03,4.580000000000000000e+02,3.540000000000000000e+02,3.640699523052464137e-01,7.729257641921397637e-01,4.379999999999999716e+01,3.410000000000000142e+01,5.989999999999999858e+01,1.000000000000000000e+00
1.783179226514212370e+09,7.821640998372458853e-03,2.881570700083102565e-02,1.954837999983283225e-02,2.674613999988650903e-02,1.205809086578139855e+01,1.242000000000000000e+03,1.253000000000000000e+03,4.840000000000000000e+02,3.980000000000000000e+02,3.862729449321627984e-01,8.223140495867768962e-01,4.000000000000000000e+01,3.410000000000000142e+01,5.989999999999999858e+01,1.000000000000000000e+00
1.783179226631238699e+09,7.602014000440249220e-03,2.951904899964574724e-02,2.159502100039389916e-02,2.758786999947915319e-02,1.158695463710126816e+01,1.243000000000000000e+03,1.242000000000000000e+03,5.060000000000000000e+02,4.070000000000000000e+02,4.074074074074073848e-01,8.043478260869565410e-01,4.220000000000000284e+01,3.410000000000000142e+01,6.029999999999999716e+01,1.000000000000000000e+00
1.783179226740402222e+09,8.165563000147813000e-03,2.856037599849514663e-02,1.967687900105374865e-02,2.031588899990310892e-02,1.303463052375499842e+01,1.238000000000000000e+03,1.243000000000000000e+03,4.420000000000000000e+02,3.800000000000000000e+02,3.555913113435237305e-01,8.597285067873303710e-01,4.189999999999999858e+01,3.410000000000000142e+01,6.029999999999999716e+01,1.000000000000000000e+00
1.783179226858360529e+09,8.418299999902956188e-03,2.898437200019543525e-02,2.096228799928212538e-02,2.560182100023666862e-02,1.190947167552557673e+01,1.243000000000000000e+03,1.238000000000000000e+03,5.140000000000000000e+02,4.210000000000000000e+02,4.151857835218093484e-01,8.190661478599221557e-01,4.220000000000000284e+01,3.420000000000000284e+01,5.989999999999999858e+01,1.000000000000000000e+00
1.783179226971407890e+09,9.588488999725086614e-03,2.947590199983096682e-02,1.967484099986904766e-02,2.314361299977463204e-02,1.221257028880436835e+01,1.251000000000000000e+03,1.243000000000000000e+03,4.770000000000000000e+02,3.930000000000000000e+02,3.837489943684633809e-01,8.238993710691824290e-01,4.679999999999999716e+01,3.410000000000000142e+01,5.939999999999999858e+01,1.000000000000000000e+00
1.783179227092352629e+09,9.299288998590782285e-03,3.044948200113140047e-02,2.184836999913386535e-02,2.648255100029928144e-02,1.135335486878848066e+01,1.246000000000000000e+03,1.251000000000000000e+03,5.210000000000000000e+02,4.420000000000000000e+02,4.164668265387689861e-01,8.483685220729366705e-01,3.910000000000000142e+01,3.410000000000000142e+01,5.989999999999999858e+01,1.000000000000000000e+00
1.783179227208675385e+09,7.945325000036973506e-03,2.944053200008056592e-02,2.061284800038265530e-02,2.414665499964030460e-02,1.217354212092185861e+01,1.239000000000000000e+03,1.246000000000000000e+03,4.890000000000000000e+02,4.090000000000000000e+02,3.924558587479936023e-01,8.364008179959100397e-01,4.089999999999999858e+01,3.410000000000000142e+01,6.079999999999999716e+01,1.000000000000000000e+00
1.783179227321977854e+09,7.231223000417230651e-03,2.992011799869942479e-02,2.077179100160719827e-02,2.489666399924317375e-02,1.207440791088640353e+01,1.236000000000000000e+03,1.239000000000000000e+03,5.300000000000000000e+02,4.550000000000000000e+02,4.277643260694108385e-01,8.584905660377358805e-01,4.579999999999999716e+01,3.410000000000000142e+01,6.129999999999999716e+01,1.000000000000000000e+00
1.783179227432783842e+09,8.380504999877302907e-03,2.864380099890695419e-02,1.981241400062572211e-02,2.266647000033117365e-02,1.257811164562397899e+01,1.237000000000000000e+03,1.236000000000000000e+03,4.680000000000000000e+02,4.000000000000000000e+02,3.786407766990291246e-01,8.547008547008546619e-01,3.750000000000000000e+01,3.410000000000000142e+01,6.079999999999999716e+01,1.000000000000000000e+00
1.783179227552907228e+09,8.488131999911274761e-03,2.871065200088196434e-02,2.155053999922529329e-02,2.582326300034765154e-02,1.182416236121132513e+01,1.245000000000000000e+03,1.237000000000000000e+03,4.300000000000000000e+02,3.400000000000000000e+02,3.476151980598221614e-01,7.906976744186046124e-01,4.129999999999999716e+01,3.410000000000000142e+01,5.989999999999999858e+01,1.000000000000000000e+00
1.783179227669346571e+09,1.209777199983363971e-02,2.880929900129558519e-02,2.010731799964560196e-02,2.486407099968346301e-02,1.164436344101493503e+01,1.246000000000000000e+03,1.245000000000000000e+03,5.300000000000000000e+02,4.480000000000000000e+02,4.257028112449799395e-01,8.452830188679245627e-01,4.000000000000000000e+01,3.410000000000000142e+01,5.989999999999999858e+01,1.000000000000000000e+00
1.783179227786000490e+09,6.754081001417944208e-03,2.870444799918914214e-02,1.998833799916610587e-02,2.959290000035252888e-02,1.175920437315546252e+01,1.234000000000000000e+03,1.246000000000000000e+03,5.280000000000000000e+02,4.300000000000000000e+02,4.237560192616372512e-01,8.143939393939394478e-01,4.089999999999999858e+01,3.420000000000000284e+01,5.939999999999999858e+01,1.000000000000000000e+00
1.783179227905488729e+09,1.209260500036180019e-02,2.821536200099217240e-02,2.081545699911657721e-02,2.559572900099738035e-02,1.153147794216893018e+01,1.246000000000000000e+03,1.234000000000000000e+03,5.200000000000000000e+02,4.390000000000000000e+02,4.213938411669367889e-01,8.442307692307692291e-01,4.350000000000000000e+01,3.420000000000000284e+01,5.939999999999999858e+01,1.000000000000000000e+00
1.783179228017119646e+09,6.993245000558090396e-03,3.033150200099044014e-02,2.196951599944441114e-02,1.906009000049380120e-02,1.276253279739321478e+01,1.245000000000000000e+03,1.246000000000000000e+03,3.850000000000000000e+02,3.340000000000000000e+02,3.089887640449437978e-01,8.675324675324674883e-01,4.089999999999999858e+01,3.410000000000000142e+01,6.129999999999999716e+01,1.000000000000000000e+00
1.783179228138232946e+09,1.114404300096794032e-02,2.986810099901049398e-02,2.024844500010658521e-02,2.649753300102020148e-02,1.139495669685600276e+01,1.238000000000000000e+03,1.245000000000000000e+03,3.870000000000000000e+02,3.030000000000000000e+02,3.108433734939758941e-01,7.829457364341084746e-01,4.260000000000000142e+01,3.420000000000000284e+01,6.029999999999999716e+01,1.000000000000000000e+00
1.783179228262147427e+09,8.357892998901661485e-03,3.013841200117894914e-02,2.231975199902080931e-02,3.123541700006171595e-02,1.086348709645965371e+01,1.242000000000000000e+03,1.238000000000000000e+03,5.020000000000000000e+02,4.140000000000000000e+02,4.054927302100161390e-01,8.247011952191235507e-01,4.079999999999999716e+01,3.410000000000000142e+01,6.029999999999999716e+01,1.000000000000000000e+00
1.783179228382596493e+09,7.831622000594506972e-03,3.033061299902328756e-02,2.091123399986827280e-02,2.812851099952240475e-02,1.146762951955185450e+01,1.234000000000000000e+03,1.242000000000000000e+03,4.690000000000000000e+02,3.730000000000000000e+02,3.776167471819645849e-01,7.953091684434967501e-01,4.370000000000000284e+01,3.420000000000000284e+01,5.939999999999999858e+01,1.000000000000000000e+00
1.783179228495955706e+09,1.231643599930976052e-02,2.960488200005784165e-02,2.042575799896440003e-02,2.135337500112655107e-02,1.194736692645143350e+01,1.245000000000000000e+03,1.234000000000000000e+03,3.660000000000000000e+02,3.030000000000000000e+02,2.965964343598054831e-01,8.278688524590164244e-01,4.260000000000000142e+01,3.410000000000000142e+01,6.029999999999999716e+01,1.000000000000000000e+00
1.783179228610822439e+09,6.989651999901980162e-03,2.864454200062027667e-02,2.107537899973976891e-02,2.510799499941640534e-02,1.222231391678533363e+01,1.232000000000000000e+03,1.245000000000000000e+03,5.090000000000000000e+02,4.350000000000000000e+02,4.088353413654618462e-01,8.546168958742632604e-01,4.320000000000000284e+01,3.420000000000000284e+01,6.079999999999999716e+01,1.000000000000000000e+00
1.783179228724380016e+09,8.377207999728852883e-03,2.897472299991932232e-02,2.157316900047590025e-02,2.372382700013986323e-02,1.209937063062907647e+01,1.233000000000000000e+03,1.232000000000000000e+03,5.360000000000000000e+02,4.570000000000000000e+02,4.350649350649350433e-01,8.526119402985075091e-01,4.320000000000000284e+01,3.420000000000000284e+01,5.939999999999999858e+01,1.000000000000000000e+00
1.783179228835328341e+09,8.761666000282275490e-03,2.883296499931020662e-02,1.969682300114072859e-02,1.989993099959974643e-02,1.295481354552307351e+01,1.237000000000000000e+03,1.233000000000000000e+03,4.190000000000000000e+02,3.680000000000000000e+02,3.398215733982157261e-01,8.782816229116945372e-01,4.670000000000000284e+01,3.410000000000000142e+01,5.989999999999999858e+01,1.000000000000000000e+00
1.783179228951192617e+09,7.629921001353068277e-03,2.867930100001103710e-02,2.016755799922975712e-02,2.679069499936304055e-02,1.200949110082319216e+01,1.235000000000000000e+03,1.237000000000000000e+03,5.350000000000000000e+02,4.560000000000000000e+02,4.324979789814066278e-01,8.523364485981308469e-01,3.720000000000000284e+01,3.420000000000000284e+01,5.989999999999999858e+01,1.000000000000000000e+00
1.783179229073232889e+09,1.160074099971097894e-02,2.873802200156205799e-02,2.103182399878278375e-02,2.817675200094527099e-02,1.116727767855637232e+01,1.244000000000000000e+03,1.235000000000000000e+03,5.460000000000000000e+02,4.550000000000000000e+02,4.421052631578947234e-01,8.333333333333333703e-01,4.600000000000000000e+01,3.420000000000000284e+01,6.029999999999999716e+01,1.000000000000000000e+00
1.783179229190535307e+09,6.474232000982738100e-03,2.997059900008025579e-02,2.128967299904616084e-02,2.663993799978925381e-02,1.185193023263139445e+01,1.237000000000000000e+03,1.244000000000000000e+03,5.230000000000000000e+02,4.290000000000000000e+02,4.204180064308681852e-01,8.202676864244742294e-01,3.860000000000000142e+01,3.410000000000000142e+01,5.939999999999999858e+01,1.000000000000000000e+00
1.783179229309428692e+09,1.058044000092195347e-02,3.126430399970558938e-02,2.026916799877653830e-02,2.611083300143945962e-02,1.133468847079624631e+01,1.234000000000000000e+03,1.237000000000000000e+03,5.310000000000000000e+02,4.640000000000000000e+02,4.292643492320129539e-01,8.738229755178907876e-01,4.289999999999999858e+01,3.410000000000000142e+01,6.029999999999999716e+01,1.000000000000000000e+00
1.783179229423364878e+09,9.752912999829277396e-03,2.832102699903771281e-02,2.072718099952908233e-02,2.440713300165953115e-02,1.201803849891300224e+01,1.244000000000000000e+03,1.234000000000000000e+03,4.950000000000000000e+02,4.310000000000000000e+02,4.011345218800648205e-01,8.707070707070706517e-01,4.050000000000000000e+01,3.420000000000000284e+01,6.029999999999999716e+01,1.000000000000000000e+00
1.783179229535091162e+09,9.651154001403483562e-03,2.839097099968057591e-02,2.007048499945085496e-02,2.316755699939676560e-02,1.230312432799062172e+01,1.236000000000000000e+03,1.244000000000000000e+03,5.090000000000000000e+02,4.520000000000000000e+02,4.091639871382636851e-01,8.880157170923379528e-01,4.320000000000000284e+01,3.420000000000000284e+01,6.029999999999999716e+01,1.000000000000000000e+00
1.783179229654110909e+09,9.110402001169859432e-03,2.909796200037817471e-02,2.082915999926626682e-02,2.436352299991995096e-02,1.199025714858467140e+01,1.233000000000000000e+03,1.236000000000000000e+03,4.540000000000000000e+02,3.660000000000000000e+02,3.673139158576051999e-01,8.061674008810573167e-01,4.000000000000000000e+01,3.420000000000000284e+01,5.989999999999999858e+01,1.000000000000000000e+00
1.783179229768367052e+09,1.036875700083328411e-02,2.935586599960515741e-02,1.900203600052918773e-02,2.144618899910710752e-02,1.247305072658848069e+01,1.227000000000000000e+03,1.233000000000000000e+03,3.460000000000000000e+02,2.780000000000000000e+02,2.806163828061638554e-01,8.034682080924855363e-01,4.089999999999999858e+01,3.410000000000000142e+01,6.079999999999999716e+01,1.000000000000000000e+00
1.783179229880066872e+09,9.325122000518604182e-03,2.799314299954858143e-02,2.024040899959800299e-02,2.197718200113740750e-02,1.257294571633087088e+01,1.225000000000000000e+03,1.227000000000000000e+03,4.200000000000000000e+02,3.610000000000000000e+02,3.422982885085574800e-01,8.595238095238095788e-01,4.189999999999999858e+01,3.410000000000000142e+01,6.079999999999999716e+01,1.000000000000000000e+00
1.783179229999993801e+09,7.494571000279393047e-03,3.084858799957146402e-02,2.136341300138155930e-02,2.672343699850898702e-02,1.157005548851663335e+01,1.235000000000000000e+03,1.225000000000000000e+03,5.050000000000000000e+02,4.320000000000000000e+02,4.122448979591836760e-01,8.554455445544554282e-01,4.379999999999999716e+01,3.420000000000000284e+01,6.129999999999999716e+01,1.000000000000000000e+00
1.783179230112256289e+09,7.378109999990556389e-03,2.882326199869567063e-02,2.016207599990593735e-02,2.337507200172694866e-02,1.254099022650530770e+01,1.241000000000000000e+03,1.235000000000000000e+03,4.230000000000000000e+02,3.510000000000000000e+02,3.425101214574898800e-01,8.297872340425531679e-01,4.050000000000000000e+01,3.410000000000000142e+01,5.989999999999999858e+01,1.000000000000000000e+00
1.783179230229247332e+09,9.834319000219693407e-03,2.916551700036507100e-02,2.190540499941562302e-02,2.665332700053113513e-02,1.142092684743233200e+01,1.228000000000000000e+03,1.241000000000000000e+03,5.490000000000000000e+02,4.710000000000000000e+02,4.423851732473811360e-01,8.579234972677595161e-01,3.720000000000000284e+01,3.420000000000000284e+01,5.989999999999999858e+01,1.000000000000000000e+00
1.783179230340083361e+09,7.766751999952248298e-03,2.901781599939567968e-02,1.853876300083356909e-02,2.334499899916409049e-02,1.271159563204555987e+01,1.220000000000000000e+03,1.228000000000000000e+03,4.740000000000000000e+02,4.010000000000000000e+02,3.859934853420195489e-01,8.459915611814345926e-01,4.189999999999999858e+01,3.420000000000000284e+01,6.079999999999999716e+01,1.000000000000000000e+00
1.783179230453238249e+09,6.934485001693246886e-03,3.023520699935033917e-02,2.114843399976962246e-02,1.979509900047560222e-02,1.280192950660404527e+01,1.235000000000000000e+03,1.220000000000000000e+03,4.270000000000000000e+02,3.790000000000000000e+02,3.499999999999999778e-01,8.875878220140515085e-01,4.320000000000000284e+01,3.420000000000000284e+01,6.029999999999999716e+01,1.000000000000000000e+00
1.783179230570152283e+09,1.079026899969903752e-02,3.026515100100368727e-02,2.016316899971570820e-02,2.370147600049676839e-02,1.177577996424311202e+01,1.239000000000000000e+03,1.235000000000000000e+03,4.930000000000000000e+02,4.400000000000000000e+02,3.991902834008096979e-01,8.924949290060851803e-01,4.000000000000000000e+01,3.410000000000000142e+01,6.029999999999999716e+01,1.000000000000000000e+00
1.783179230686719656e+09,6.755766000424046069e-03,2.894629799993708730e-02,2.031635200000891928e-02,2.906177700060652569e-02,1.175361696685997970e+01,1.241000000000000000e+03,1.239000000000000000e+03,5.840000000000000000e+02,4.990000000000000000e+02,4.713478611783696315e-01,8.544520547945205768e-01,4.000000000000000000e+01,3.410000000000000142e+01,6.079999999999999716e+01,1.000000000000000000e+00
1.783179230793719292e+09,1.024640700052259490e-02,2.828139799930795562e-02,1.948232600079791155e-02,1.812304600025527179e-02,1.313487810955783708e+01,1.229000000000000000e+03,1.241000000000000000e+03,4.030000000000000000e+02,3.580000000000000000e+02,3.247381144238517536e-01,8.883374689826302184e-01,4.289999999999999858e+01,3.420000000000000284e+01,6.079999999999999716e+01,1.000000000000000000e+00
1.783179230914217234e+09,9.343787998659536242e-03,2.961349200086260680e-02,2.113997100059350487e-02,2.717848700012837071e-02,1.145793805830898826e+01,1.240000000000000000e+03,1.229000000000000000e+03,5.210000000000000000e+02,4.620000000000000000e+02,4.239218877135882968e-01,8.867562380038387371e-01,3.910000000000000142e+01,3.410000000000000142e+01,6.079999999999999716e+01,1.000000000000000000e+00
1.783179231033654451e+09,8.855461001076037064e-03,2.934542199909628835e-02,2.116861899958166759e-02,2.769022100073925685e-02,1.148636781206315582e+01,1.237000000000000000e+03,1.240000000000000000e+03,5.360000000000000000e+02,4.530000000000000000e+02,4.322580645161290258e-01,8.451492537313433084e-01,4.350000000000000000e+01,3.410000000000000142e+01,6.079999999999999716e+01,1.000000000000000000e+00
1.783179231152011871e+09,7.493942001019604504e-03,3.246436299923516344e-02,2.082656800121185370e-02,2.518169699942518491e-02,1.163242874514623715e+01,1.248000000000000000e+03,1.237000000000000000e+03,4.790000000000000000e+02,3.870000000000000000e+02,3.872271624898949161e-01,8.079331941544884987e-01,4.489999999999999858e+01,3.410000000000000142e+01,6.029999999999999716e+01,1.000000000000000000e+00
1.783179231263613701e+09,7.361128000411554240e-03,2.942386600079771597e-02,2.060256999902776442e-02,2.377275300023029558e-02,1.232129243647781536e+01,1.223000000000000000e+03,1.248000000000000000e+03,5.020000000000000000e+02,4.190000000000000000e+02,4.022435897435897578e-01,8.346613545816733426e-01,4.320000000000000284e+01,3.410000000000000142e+01,6.029999999999999716e+01,1.000000000000000000e+00
1.783179231381004095e+09,7.372572001258959062e-03,2.859672799968393520e-02,1.948745499976212159e-02,2.866104199893015902e-02,1.188809069743394531e+01,1.242000000000000000e+03,1.223000000000000000e+03,5.710000000000000000e+02,4.960000000000000000e+02,4.668847097301717097e-01,8.686514886164623528e-01,4.000000000000000000e+01,3.420000000000000284e+01,6.029999999999999716e+01,1.000000000000000000e+00
1.783179231494329691e+09,7.365313000263995491e-03,2.868935600054101087e-02,2.136850599890749436e-02,2.380504800021299161e-02,1.231099195658776502e+01,1.227000000000000000e+03,1.242000000000000000e+03,4.340000000000000000e+02,3.550000000000000000e+02,3.494363929146537817e-01,8.179723502304147020e-01,4.189999999999999858e+01,3.410000000000000142e+01,5.939999999999999858e+01,1.000000000000000000e+00
1.783179231604183197e+09,8.631630000309087336e-03,2.865498699975432828e-02,1.941288200032431632e-02,2.144868899995344691e-02,1.279620200529325480e+01,1.238000000000000000e+03,1.227000000000000000e+03,3.940000000000000000e+02,3.310000000000000000e+02,3.211083944580276905e-01,8.401015228426396142e-01,4.439999999999999858e+01,3.410000000000000142e+01,6.079999999999999716e+01,1.000000000000000000e+00
1.783179231724032879e+09,7.783697001286782324e-03,2.822619499966094736e-02,1.987650599949120078e-02,3.294043200003216043e-02,1.125785981549377013e+01,1.237000000000000000e+03,1.238000000000000000e+03,5.260000000000000000e+02,4.050000000000000000e+02,4.248788368336025578e-01,7.699619771863117634e-01,4.129999999999999716e+01,3.410000000000000142e+01,6.029999999999999716e+01,1.000000000000000000e+00
1.783179231838651896e+09,8.546667999326018617e-03,2.869802299937873613e-02,1.880609399995591957e-02,2.377775200147880241e-02,1.252684863807854576e+01,1.236000000000000000e+03,1.237000000000000000e+03,4.210000000000000000e+02,3.490000000000000000e+02,3.403395311236863119e-01,8.289786223277909594e-01,3.950000000000000000e+01,3.410000000000000142e+01,5.989999999999999858e+01,1.000000000000000000e+00
1.783179231956986427e+09,1.000374300019757356e-02,2.795345800041104667e-02,1.978695099933247548e-02,2.906305500073358417e-02,1.151978084022710114e+01,1.225000000000000000e+03,1.236000000000000000e+03,3.530000000000000000e+02,2.600000000000000000e+02,2.855987055016181442e-01,7.365439093484419386e-01,4.089999999999999858e+01,3.410000000000000142e+01,6.029999999999999716e+01,1.000000000000000000e+00
1.783179232072032213e+09,1.135707699904742185e-02,2.750190900042071007e-02,1.893585099969641306e-02,2.541973100051109213e-02,1.201712661662676496e+01,1.222000000000000000e+03,1.225000000000000000e+03,3.770000000000000000e+02,2.970000000000000000e+02,3.077551020408163529e-01,7.877984084880637061e-01,4.089999999999999858e+01,3.410000000000000142e+01,6.079999999999999716e+01,1.000000000000000000e+00
1.783179232190911055e+09,6.784912999137304723e-03,2.872604100048192777e-02,2.018844700069166720e-02,2.983682299964129925e-02,1.169095329717335652e+01,1.236000000000000000e+03,1.222000000000000000e+03,3.940000000000000000e+02,2.890000000000000000e+02,3.224222585924713669e-01,7.335025380710660237e-01,4.170000000000000284e+01,3.420000000000000284e+01,6.129999999999999716e+01,1.000000000000000000e+00
1.783179232303756475e+09,1.069645600000512786e-02,2.832800900068832561e-02,1.950123300048289821e-02,2.193660899865790270e-02,1.242817956987064676e+01,1.229000000000000000e+03,1.236000000000000000e+03,4.230000000000000000e+02,3.610000000000000000e+02,3.422330097087378786e-01,8.534278959810874809e-01,4.320000000000000284e+01,3.410000000000000142e+01,6.079999999999999716e+01,1.000000000000000000e+00
1.783179232417136431e+09,7.587385000078938901e-03,2.872226299950852990e-02,2.130456099985167384e-02,2.461261200005537830e-02,1.216148195740350246e+01,1.231000000000000000e+03,1.229000000000000000e+03,4.650000000000000000e+02,3.960000000000000000e+02,3.783563873067534722e-01,8.516129032258064058e-01,4.089999999999999858e+01,3.410000000000000142e+01,5.939999999999999858e+01,1.000000000000000000e+00
1.783179232524917841e+09,9.564026999214547686e-03,2.849074700134224258e-02,1.966534199891611934e-02,1.951404700048442464e-02,1.294763821031571815e+01,1.216000000000000000e+03,1.231000000000000000e+03,3.910000000000000000e+02,3.330000000000000000e+02,3.176279447603574391e-01,8.516624040920716121e-01,4.420000000000000284e+01,3.410000000000000142e+01,6.029999999999999716e+01,1.000000000000000000e+00
1.783179232635285854e+09,7.683791000090423040e-03,2.872650400058773812e-02,1.870055799918191042e-02,2.199118200041993987e-02,1.296982628274815674e+01,1.234000000000000000e+03,1.216000000000000000e+03,3.950000000000000000e+02,3.240000000000000000e+02,3.248355263157894912e-01,8.202531645569620666e-01,4.150000000000000000e+01,3.410000000000000142e+01,5.989999999999999858e+01,1.000000000000000000e+00
1.783179232748422623e+09,8.778072999120922759e-03,2.825001000019256026e-02,2.107778599929588381e-02,2.319044500109157525e-02,1.230068069265328035e+01,1.225000000000000000e+03,1.234000000000000000e+03,4.810000000000000000e+02,4.070000000000000000e+02,3.897893030794165048e-01,8.461538461538461453e-01,3.950000000000000000e+01,3.420000000000000284e+01,6.079999999999999716e+01,1.000000000000000000e+00
1.783179232861035347e+09,8.378078000532696024e-03,2.875920699989364948e-02,2.101084300011279993e-02,2.441967000049771741e-02,1.211125916168240657e+01,1.218000000000000000e+03,1.225000000000000000e+03,4.830000000000000000e+02,4.170000000000000000e+02,3.942857142857142949e-01,8.633540372670807095e-01,4.350000000000000000e+01,3.410000000000000142e+01,6.079999999999999716e+01,1.000000000000000000e+00
1.783179232976530075e+09,8.203987999877426773e-03,2.972556500026257709e-02,1.960534200043184683e-02,2.234621499883360229e-02,1.251860421077577534e+01,1.210000000000000000e+03,1.218000000000000000e+03,4.620000000000000000e+02,4.010000000000000000e+02,3.793103448275861878e-01,8.679653679653679399e-01,4.320000000000000284e+01,3.410000000000000142e+01,5.939999999999999858e+01,1.000000000000000000e+00
1.783179233090132713e+09,8.715722000488312915e-03,2.911261000008380506e-02,2.147950399921683129e-02,2.393447200120135676e-02,1.201312198104962903e+01,1.236000000000000000e+03,1.210000000000000000e+03,4.760000000000000000e+02,4.000000000000000000e+02,3.933884297520661155e-01,8.403361344537815247e-01,4.370000000000000284e+01,3.420000000000000284e+01,6.029999999999999716e+01,1.000000000000000000e+00
1.783179233206703901e+09,1.023166599952674005e-02,2.838956400046299677e-02,1.995602299939491786e-02,2.675401099986629561e-02,1.171903418668189545e+01,1.221000000000000000e+03,1.236000000000000000e+03,5.170000000000000000e+02,4.400000000000000000e+02,4.182847896440129443e-01,8.510638297872340496e-01,4.089999999999999858e+01,3.410000000000000142e+01,6.029999999999999716e+01,1.000000000000000000e+00
1.783179233324530363e+09,7.825938000678434037e-03,3.221912600020004902e-02,2.051568199931352865e-02,2.529227000013634097e-02,1.164781444598493110e+01,1.230000000000000000e+03,1.221000000000000000e+03,4.880000000000000000e+02,4.080000000000000000e+02,3.996723996723996475e-01,8.360655737704918433e-01,4.350000000000000000e+01,3.410000000000000142e+01,6.129999999999999716e+01,1.000000000000000000e+00
1.783179233435569048e+09,8.062952998443506658e-03,2.809767800135887228e-02,1.916381199953320902e-02,2.291204100038157776e-02,1.278176048918066243e+01,1.207000000000000000e+03,1.230000000000000000e+03,4.560000000000000000e+02,3.840000000000000000e+02,3.707317073170731669e-01,8.421052631578946901e-01,4.050000000000000000e+01,3.410000000000000142e+01,6.079999999999999716e+01,1.000000000000000000e+00
1.783179233548220873e+09,7.621587999892653897e-03,2.924653399895760231e-02,2.069644000039261300e-02,2.052434899997024331e-02,1.280591555451550434e+01,1.221000000000000000e+03,1.207000000000000000e+03,4.300000000000000000e+02,3.660000000000000000e+02,3.562551781275890561e-01,8.511627906976744207e-01,3.810000000000000142e+01,3.410000000000000142e+01,6.079999999999999716e+01,1.000000000000000000e+00
1.783179233658166647e+09,6.643378001172095537e-03,2.837328599889588077e-02,2.014172500093991403e-02,2.281152400064456742e-02,1.282545999479063781e+01,1.213000000000000000e+03,1.221000000000000000e+03,3.480000000000000000e+02,2.750000000000000000e+02,2.850122850122850382e-01,7.902298850574712707e-01,4.420000000000000284e+01,3.410000000000000142e+01,6.029999999999999716e+01,1.000000000000000000e+00
1.783179233771469593e+09,9.842188999755308032e-03,2.968325099936919287e-02,1.941675300076894928e-02,2.089886299836507533e-02,1.252488444067938822e+01,1.220000000000000000e+03,1.213000000000000000e+03,4.340000000000000000e+02,3.720000000000000000e+02,3.577906018136851052e-01,8.571428571428570953e-01,4.089999999999999858e+01,3.410000000000000142e+01,6.129999999999999716e+01,1.000000000000000000e+00
1.783179233890559196e+09,7.055743999444530345e-03,2.929244100050709676e-02,2.137207899977511261e-02,2.804421700056991540e-02,1.165983852915219110e+01,1.225000000000000000e+03,1.220000000000000000e+03,5.130000000000000000e+02,4.440000000000000000e+02,4.204918032786885140e-01,8.654970760233917648e-01,4.289999999999999858e+01,3.420000000000000284e+01,6.029999999999999716e+01,1.000000000000000000e+00
1.783179234000636816e+09,8.335394000823725946e-03,2.706846999899426010e-02,1.875222300077439286e-02,2.312259399877802934e-02,1.294017945270244674e+01,1.183000000000000000e+03,1.225000000000000000e+03,3.670000000000000000e+02,2.970000000000000000e+02,2.995918367346938616e-01,8.092643051771116758e-01,4.289999999999999858e+01,3.410000000000000142e+01,6.029999999999999716e+01,1.000000000000000000e+00
1.783179234106587410e+09,6.532601999424514361e-03,2.843156299968541134e-02,1.884261200029868633e-02,1.880126000105519779e-02,1.377258002435201689e+01,1.216000000000000000e+03,1.183000000000000000e+03,3.240000000000000000e+02,2.740000000000000000e+02,2.738799661876584746e-01,8.456790123456789932e-01,4.000000000000000000e+01,3.420000000000000284e+01,6.079999999999999716e+01,1.000000000000000000e+00
1.783179234221199036e+09,7.098575999407330528e-03,3.040718600095715374e-02,2.074579100008122623e-02,2.567539499978011008e-02,1.191512409098099567e+01,1.218000000000000000e+03,1.216000000000000000e+03,5.210000000000000000e+02,4.500000000000000000e+02,4.284539473684210731e-01,8.637236084452974971e-01,3.950000000000000000e+01,3.410000000000000142e+01,6.079999999999999716e+01,1.000000000000000000e+00
1.783179234335527897e+09,8.955478000643779524e-03,2.812502999950083904e-02,1.950819600097020157e-02,2.332727599969075527e-02,1.251314192718302110e+01,1.203000000000000000e+03,1.218000000000000000e+03,3.800000000000000000e+02,3.090000000000000000e+02,3.119868637110016496e-01,8.131578947368420796e-01,4.420000000000000284e+01,3.410000000000000142e+01,6.129999999999999716e+01,1.000000000000000000e+00
1.783179234445754766e+09,8.158618000379647128e-03,2.762481399986427277e-02,1.859829999921203125e-02,2.398854599960031919e-02,1.275993942514842061e+01,1.144000000000000000e+03,1.203000000000000000e+03,3.030000000000000000e+02,2.330000000000000000e+02,2.518703241895262068e-01,7.689768976897689567e-01,4.189999999999999858e+01,3.420000000000000284e+01,6.029999999999999716e+01,1.000000000000000000e+00
1.783179234555280209e+09,6.867709000289323740e-03,2.839247100018837955e-02,1.946310399944195524e-02,2.474490600070566870e-02,1.258365139550971357e+01,1.196000000000000000e+03,1.144000000000000000e+03,3.410000000000000000e+02,2.600000000000000000e+02,2.980769230769230727e-01,7.624633431085043878e-01,3.950000000000000000e+01,3.410000000000000142e+01,6.179999999999999716e+01,1.000000000000000000e+00
1.783179234667254210e+09,9.293121998780407012e-03,2.722391200040874537e-02,1.855648600030690432e-02,2.195303500047884881e-02,1.298253569824492004e+01,1.181000000000000000e+03,1.196000000000000000e+03,3.500000000000000000e+02,2.840000000000000000e+02,2.926421404682274519e-01,8.114285714285713880e-01,4.420000000000000284e+01,3.410000000000000142e+01,5.989999999999999858e+01,1.000000000000000000e+00
1.783179234779007196e+09,6.761396000001695938e-03,2.852700599942181725e-02,1.856057799886912107e-02,2.630973900159006007e-02,1.247524926142424206e+01,1.211000000000000000e+03,1.181000000000000000e+03,5.630000000000000000e+02,5.150000000000000000e+02,4.767146486028789321e-01,9.147424511545293457e-01,3.900000000000000000e+01,3.410000000000000142e+01,5.989999999999999858e+01,1.000000000000000000e+00
1.783179234887467861e+09,7.406016000459203497e-03,2.861059800125076436e-02,1.998328299850982148e-02,2.299729900005331729e-02,1.265867715097815349e+01,1.217000000000000000e+03,1.211000000000000000e+03,4.530000000000000000e+02,3.910000000000000000e+02,3.740710156895127869e-01,8.631346578366445588e-01,4.439999999999999858e+01,3.410000000000000142e+01,6.079999999999999716e+01,1.000000000000000000e+00
1.783179235002098322e+09,9.346769000330823474e-03,2.916814699892711360e-02,2.026518599996052217e-02,2.151254000091284979e-02,1.245444134218879739e+01,1.210000000000000000e+03,1.217000000000000000e+03,3.980000000000000000e+02,3.430000000000000000e+02,3.270336894001643624e-01,8.618090452261306655e-01,3.900000000000000000e+01,3.420000000000000284e+01,6.079999999999999716e+01,1.000000000000000000e+00
1.783179235118378639e+09,6.956596000236459076e-03,2.934073700089356862e-02,2.190768299988121726e-02,2.482403599969984498e-02,1.204397708878376250e+01,1.202000000000000000e+03,1.210000000000000000e+03,5.480000000000000000e+02,4.900000000000000000e+02,4.528925619834710536e-01,8.941605839416058021e-01,4.379999999999999716e+01,3.420000000000000284e+01,6.029999999999999716e+01,1.000000000000000000e+00
1.783179235236572266e+09,1.101189700057148002e-02,2.981548999923688825e-02,1.979774699975678232e-02,2.553215600164548960e-02,1.160667890071691488e+01,1.206000000000000000e+03,1.202000000000000000e+03,4.620000000000000000e+02,3.990000000000000000e+02,3.843594009983360982e-01,8.636363636363636465e-01,4.129999999999999716e+01,3.410000000000000142e+01,6.079999999999999716e+01,1.000000000000000000e+00
1.783179235354203939e+09,9.856375001618289389e-03,2.903355499984172639e-02,2.080097599900909699e-02,2.405778499996813480e-02,1.194048513540085210e+01,1.197000000000000000e+03,1.206000000000000000e+03,4.700000000000000000e+02,3.930000000000000000e+02,3.897180762852404667e-01,8.361702127659574879e-01,4.000000000000000000e+01,3.410000000000000142e+01,6.129999999999999716e+01,1.000000000000000000e+00
1.783179235469568729e+09,9.407102999830385670e-03,2.878994700040493626e-02,1.953671399860468227e-02,2.332027700140315574e-02,1.233744780222617266e+01,1.202000000000000000e+03,1.197000000000000000e+03,4.560000000000000000e+02,3.850000000000000000e+02,3.809523809523809312e-01,8.442982456140351033e-01,4.089999999999999858e+01,3.410000000000000142e+01,6.029999999999999716e+01,1.000000000000000000e+00
1.783179235582259655e+09,7.119705000150133856e-03,2.860470899940992240e-02,1.876092800011974759e-02,2.779334899969398975e-02,1.215381513553261073e+01,1.205000000000000000e+03,1.202000000000000000e+03,4.660000000000000000e+02,3.710000000000000000e+02,3.876871880199667109e-01,7.961373390557939800e-01,3.950000000000000000e+01,3.410000000000000142e+01,6.129999999999999716e+01,1.000000000000000000e+00
1.783179235689363241e+09,7.687846000408171676e-03,2.829665799981739838e-02,1.954415799991693348e-02,1.887814800102205481e-02,1.343963005515689701e+01,1.218000000000000000e+03,1.205000000000000000e+03,3.440000000000000000e+02,2.970000000000000000e+02,2.854771784232364995e-01,8.633720930232557933e-01,4.770000000000000284e+01,3.410000000000000142e+01,6.029999999999999716e+01,1.000000000000000000e+00
1.783179235796028376e+09,9.460787001444259658e-03,2.868446799948287662e-02,1.916901399999915157e-02,1.878770499934034888e-02,1.314026361519211505e+01,1.225000000000000000e+03,1.218000000000000000e+03,4.020000000000000000e+02,3.550000000000000000e+02,3.300492610837438279e-01,8.830845771144278933e-01,4.150000000000000000e+01,3.410000000000000142e+01,6.079999999999999716e+01,1.000000000000000000e+00
1.783179235909100294e+09,8.808905999103444628e-03,2.822586200090881903e-02,2.013291000002936926e-02,2.028548199996293988e-02,1.291102906582431231e+01,1.218000000000000000e+03,1.225000000000000000e+03,4.620000000000000000e+02,4.070000000000000000e+02,3.771428571428571686e-01,8.809523809523809312e-01,3.900000000000000000e+01,3.410000000000000142e+01,5.989999999999999858e+01,1.000000000000000000e+00
1.783179236024856091e+09,7.973787000082666054e-03,2.833678699971642345e-02,2.036648099965532310e-02,2.663786400080425665e-02,1.200265225003573910e+01,1.211000000000000000e+03,1.218000000000000000e+03,5.370000000000000000e+02,4.640000000000000000e+02,4.408866995073891792e-01,8.640595903165735336e-01,4.129999999999999716e+01,3.420000000000000284e+01,6.079999999999999716e+01,1.000000000000000000e+00
1.783179236139828205e+09,8.643148999908589758e-03,2.914268399945285637e-02,1.899177700033760630e-02,2.727279999999154825e-02,1.189762191527300317e+01,1.226000000000000000e+03,1.211000000000000000e+03,4.860000000000000000e+02,4.080000000000000000e+02,4.013212221304706673e-01,8.395061728395061262e-01,3.810000000000000142e+01,3.410000000000000142e+01,6.029999999999999716e+01,1.000000000000000000e+00
1.783179236262536049e+09,1.099167400025180541e-02,2.981567599999834783e-02,2.268552500026999041e-02,2.597683499880076852e-02,1.117696704289742549e+01,1.217000000000000000e+03,1.226000000000000000e+03,5.560000000000000000e+02,5.080000000000000000e+02,4.535073409461664040e-01,9.136690647482014205e-01,4.260000000000000142e+01,3.410000000000000142e+01,5.939999999999999858e+01,1.000000000000000000e+00
1.783179236377820253e+09,6.825894000940024853e-03,2.920294199975614902e-02,1.925990299969271291e-02,2.627909100010583643e-02,1.225973524113532065e+01,1.214000000000000000e+03,1.217000000000000000e+03,5.220000000000000000e+02,4.490000000000000000e+02,4.289235825801150370e-01,8.601532567049808842e-01,4.129999999999999716e+01,3.410000000000000142e+01,6.129999999999999716e+01,1.000000000000000000e+00
1.783179236485423088e+09,7.102131999999983236e-03,2.836437899895827286e-02,2.023074200042174198e-02,1.985324599991145078e-02,1.323617994911428042e+01,1.224000000000000000e+03,1.214000000000000000e+03,4.060000000000000000e+02,3.470000000000000000e+02,3.344316309719934099e-01,8.546798029556650356e-01,4.289999999999999858e+01,3.410000000000000142e+01,6.079999999999999716e+01,1.000000000000000000e+00
1.783179236598436356e+09,1.027666499976476189e-02,3.113065799880132545e-02,1.979137800117314328e-02,2.262663699912081938e-02,1.192956716755021063e+01,1.215000000000000000e+03,1.224000000000000000e+03,4.630000000000000000e+02,3.940000000000000000e+02,3.782679738562091387e-01,8.509719222462203136e-01,4.050000000000000000e+01,3.410000000000000142e+01,6.079999999999999716e+01,1.000000000000000000e+00
1.783179236710026503e+09,8.590556999479304068e-03,2.743716800068796147e-02,1.909934899958898313e-02,2.346899700023641344e-02,1.272328231267557008e+01,1.212000000000000000e+03,1.215000000000000000e+03,4.640000000000000000e+02,3.850000000000000000e+02,3.818930041152263644e-01,8.297413793103448620e-01,4.189999999999999858e+01,3.410000000000000142e+01,6.129999999999999716e+01,1.000000000000000000e+00
1.783179236816792250e+09,7.102076000592205673e-03,2.834054599952651188e-02,2.026633400055288803e-02,1.812421399881714024e-02,1.354404802078692427e+01,1.212000000000000000e+03,1.212000000000000000e+03,4.020000000000000000e+02,3.440000000000000000e+02,3.316831683168317002e-01,8.557213930348258613e-01,4.250000000000000000e+01,3.410000000000000142e+01,6.029999999999999716e+01,1.000000000000000000e+00
1.783179236933965206e+09,1.056799500111083034e-02,2.804262400059087668e-02,2.051786799893307034e-02,2.572339400103373919e-02,1.178524256852168151e+01,1.211000000000000000e+03,1.212000000000000000e+03,5.730000000000000000e+02,5.290000000000000000e+02,4.727722772277227481e-01,9.232111692844676698e-01,4.350000000000000000e+01,3.420000000000000284e+01,6.079999999999999716e+01,1.000000000000000000e+00
1.783179237043541670e+09,8.630611999251414090e-03,2.857374599989270791e-02,1.890664800157537684e-02,2.287250499830406625e-02,1.266087044436860332e+01,1.206000000000000000e+03,1.211000000000000000e+03,4.500000000000000000e+02,3.860000000000000000e+02,3.715937241948802372e-01,8.577777777777777501e-01,3.950000000000000000e+01,3.410000000000000142e+01,6.129999999999999716e+01,1.000000000000000000e+00
1.783179237235836744e+09,9.584415000063017942e-03,2.851758100041479338e-02,9.698466999907395802e-02,2.355427400107146241e-02,6.303543082864179858e+00,1.218000000000000000e+03,1.206000000000000000e+03,4.810000000000000000e+02,4.120000000000000000e+02,3.988391376451078107e-01,8.565488565488565964e-01,4.400000000000000000e+01,3.410000000000000142e+01,6.029999999999999716e+01,1.000000000000000000e+00
1.783179237340717554e+09,7.748512000034679659e-03,2.773542400063888635e-02,1.846130199919571169e-02,1.959171300040907227e-02,1.359860568595255970e+01,1.204000000000000000e+03,1.218000000000000000e+03,3.910000000000000000e+02,3.320000000000000000e+02,3.210180623973727387e-01,8.491048593350383200e-01,4.550000000000000000e+01,3.410000000000000142e+01,6.079999999999999716e+01,1.000000000000000000e+00
1.783179237453486681e+09,7.545366999693214893e-03,2.833617599935678300e-02,1.983387600012065377e-02,2.304357700086256955e-02,1.269696226193104671e+01,1.214000000000000000e+03,1.204000000000000000e+03,4.940000000000000000e+02,4.110000000000000000e+02,4.102990033222591593e-01,8.319838056680162186e-01,4.679999999999999716e+01,3.410000000000000142e+01,6.079999999999999716e+01,1.000000000000000000e+00
1.783179237570467472e+09,1.351175299896567594e-02,2.873726300094858743e-02,1.933679099965956993e-02,2.244754700041085016e-02,1.190003674017560087e+01,1.222000000000000000e+03,1.214000000000000000e+03,4.060000000000000000e+02,3.430000000000000000e+02,3.344316309719934099e-01,8.448275862068965747e-01,4.000000000000000000e+01,3.410000000000000142e+01,6.129999999999999716e+01,1.000000000000000000e+00
1.783179237690035343e+09,7.706382999458583072e-03,2.945414300120319240e-02,2.090154799952870235e-02,2.902127800007292535e-02,1.148325112700043071e+01,1.218000000000000000e+03,1.222000000000000000e+03,5.060000000000000000e+02,4.030000000000000000e+02,4.140752864157119517e-01,7.964426877470355270e-01,4.379999999999999716e+01,3.410000000000000142e+01,6.129999999999999716e+01,1.000000000000000000e+00
1.783179237808079004e+09,1.046227400001953356e-02,2.850108100028592162e-02,1.956530600000405684e-02,2.768781299891998060e-02,1.159871140182486293e+01,1.220000000000000000e+03,1.218000000000000000e+03,5.290000000000000000e+02,4.380000000000000000e+02,4.343185550082102053e-01,8.279773156899811193e-01,3.779999999999999716e+01,3.410000000000000142e+01,6.029999999999999716e+01,1.000000000000000000e+00
1.783179237930212498e+09,8.009730998310260475e-03,3.004713500013167504e-02,2.135400600127468351e-02,2.947503099858295172e-02,1.125037791447233815e+01,1.216000000000000000e+03,1.220000000000000000e+03,4.740000000000000000e+02,3.700000000000000000e+02,3.885245901639344246e-01,7.805907172995780741e-01,4.489999999999999858e+01,3.410000000000000142e+01,5.989999999999999858e+01,1.000000000000000000e+00
1.783179238047469616e+09,7.018485001026419923e-03,3.035800099860352930e-02,1.998950500092178117e-02,2.690734200041333679e-02,1.186614987671780241e+01,1.208000000000000000e+03,1.216000000000000000e+03,5.090000000000000000e+02,4.390000000000000000e+02,4.185855263157894912e-01,8.624754420432220181e-01,4.039999999999999858e+01,3.410000000000000142e+01,6.079999999999999716e+01,1.000000000000000000e+00
1.783179238173064232e+09,1.092986000003293157e-02,2.941736600041622296e-02,2.130165400012629107e-02,3.113904699966951739e-02,1.077726415848647967e+01,1.209000000000000000e+03,1.208000000000000000e+03,5.490000000000000000e+02,4.460000000000000000e+02,4.544701986754967060e-01,8.123861566484517072e-01,4.170000000000000284e+01,3.420000000000000284e+01,6.079999999999999716e+01,1.000000000000000000e+00
1.783179238287316561e+09,7.560958998510614038e-03,2.853026600132579915e-02,2.106471299885015469e-02,2.716711600078269839e-02,1.185915301414834921e+01,1.217000000000000000e+03,1.209000000000000000e+03,5.190000000000000000e+02,4.240000000000000000e+02,4.292803970223325050e-01,8.169556840077071280e-01,4.220000000000000284e+01,3.420000000000000284e+01,6.079999999999999716e+01,1.000000000000000000e+00
1.783179238397953272e+09,1.023286900090170093e-02,2.820601100029307418e-02,1.988928299942926969e-02,2.270806299929972738e-02,1.234016006620225170e+01,1.218000000000000000e+03,1.217000000000000000e+03,4.880000000000000000e+02,4.170000000000000000e+02,4.009860312243220815e-01,8.545081967213115082e-01,4.439999999999999858e+01,3.410000000000000142e+01,5.989999999999999858e+01,1.000000000000000000e+00
1.783179238512710810e+09,8.267117000286816619e-03,2.863759699903312139e-02,1.981000700106960721e-02,2.512491999914345797e-02,1.221901743197659229e+01,1.216000000000000000e+03,1.218000000000000000e+03,5.110000000000000000e+02,4.460000000000000000e+02,4.195402298850574585e-01,8.727984344422700103e-01,4.050000000000000000e+01,3.410000000000000142e+01,6.079999999999999716e+01,1.000000000000000000e+00
1.783179238623903751e+09,7.996619999175891280e-03,2.776899799937382340e-02,2.014068700009374879e-02,2.359099600107583683e-02,1.257904340681365873e+01,1.207000000000000000e+03,1.216000000000000000e+03,5.140000000000000000e+02,4.470000000000000000e+02,4.226973684210526550e-01,8.696498054474708361e-01,4.439999999999999858e+01,3.410000000000000142e+01,6.129999999999999716e+01,1.000000000000000000e+00
1.783179238738643408e+09,9.721358001115731895e-03,2.893975999904796481e-02,1.871355799994489644e-02,2.683080600036191754e-02,1.187571136988934306e+01,1.210000000000000000e+03,1.207000000000000000e+03,5.730000000000000000e+02,5.260000000000000000e+02,4.747307373653686935e-01,9.179755671902268821e-01,4.260000000000000142e+01,3.410000000000000142e+01,6.129999999999999716e+01,1.000000000000000000e+00
1.783179238857374430e+09,8.662537999043706805e-03,2.983889700044528581e-02,2.034659300079511013e-02,2.724181899975519627e-02,1.161577160195840008e+01,1.198000000000000000e+03,1.210000000000000000e+03,5.070000000000000000e+02,4.380000000000000000e+02,4.190082644628099207e-01,8.639053254437869533e-01,4.220000000000000284e+01,3.420000000000000284e+01,6.129999999999999716e+01,1.000000000000000000e+00
1.783179238974236727e+09,9.357622000607079826e-03,2.890442699936102144e-02,1.913277499988907948e-02,2.511134599990327843e-02,1.212030566929604625e+01,1.212000000000000000e+03,1.198000000000000000e+03,5.730000000000000000e+02,5.330000000000000000e+02,4.782971619365609106e-01,9.301919720767888311e-01,4.000000000000000000e+01,3.420000000000000284e+01,6.029999999999999716e+01,1.000000000000000000e+00
1.783179239087699652e+09,8.454188000541762449e-03,2.929364500050724018e-02,1.981741400049941149e-02,2.174172299964993726e-02,1.260923220222497143e+01,1.200000000000000000e+03,1.212000000000000000e+03,4.470000000000000000e+02,3.830000000000000000e+02,3.688118811881188064e-01,8.568232662192393212e-01,4.189999999999999858e+01,3.410000000000000142e+01,6.079999999999999716e+01,1.000000000000000000e+00
1.783179239199259281e+09,1.012594500025443267e-02,2.805038299993611872e-02,1.971147100084635895e-02,2.083453100021870341e-02,1.270287604525996805e+01,1.203000000000000000e+03,1.200000000000000000e+03,4.920000000000000000e+02,4.260000000000000000e+02,4.099999999999999756e-01,8.658536585365853577e-01,4.679999999999999716e+01,3.410000000000000142e+01,6.029999999999999716e+01,1.000000000000000000e+00
1.783179239307053328e+09,6.852135000372072682e-03,2.848285800064331852e-02,1.873253899975679815e-02,2.133357999991858378e-02,1.326240387530144993e+01,1.203000000000000000e+03,1.203000000000000000e+03,4.160000000000000000e+02,3.580000000000000000e+02,3.458021612635078790e-01,8.605769230769231282e-01,4.320000000000000284e+01,3.410000000000000142e+01,6.129999999999999716e+01,1.000000000000000000e+00
1.783179239421976805e+09,7.558773999335244298e-03,2.947242099980940111e-02,2.099243600059708115e-02,2.380721400004404131e-02,1.222033085449157852e+01,1.190000000000000000e+03,1.203000000000000000e+03,5.170000000000000000e+02,4.410000000000000000e+02,4.297589359933499664e-01,8.529980657640232611e-01,4.439999999999999858e+01,3.410000000000000142e+01,6.129999999999999716e+01,1.000000000000000000e+00
1.783179239533982515e+09,9.466471999985515140e-03,2.847787700011394918e-02,1.844148700001824182e-02,2.314588999979605433e-02,1.257359861649531396e+01,1.204000000000000000e+03,1.190000000000000000e+03,5.400000000000000000e+02,4.850000000000000000e+02,4.537815126050420145e-01,8.981481481481481399e-01,4.050000000000000000e+01,3.410000000000000142e+01,6.029999999999999716e+01,1.000000000000000000e+00
1.783179239648100615e+09,8.099081998807378113e-03,2.801836400067259092e-02,1.841778400012117345e-02,2.717672699873219244e-02,1.223811100278012987e+01,1.179000000000000000e+03,1.204000000000000000e+03,5.810000000000000000e+02,5.200000000000000000e+02,4.825581395348837455e-01,8.950086058519793886e-01,4.220000000000000284e+01,3.410000000000000142e+01,6.079999999999999716e+01,1.000000000000000000e+00
1.783179239761209965e+09,6.926300999111845158e-03,2.909846200054744259e-02,2.129978400080290157e-02,2.532397299910371657e-02,1.209943021369593019e+01,1.194000000000000000e+03,1.179000000000000000e+03,4.370000000000000000e+02,3.590000000000000000e+02,3.706530958439355206e-01,8.215102974828375482e-01,4.350000000000000000e+01,3.420000000000000284e+01,6.029999999999999716e+01,1.000000000000000000e+00
1.783179239871848106e+09,7.065928999509196728e-03,2.834891600105038378e-02,1.905557200007024221e-02,2.242321399899083190e-02,1.300497826672970270e+01,1.186000000000000000e+03,1.194000000000000000e+03,4.630000000000000000e+02,3.890000000000000000e+02,3.877721943048575981e-01,8.401727861771057793e-01,4.420000000000000284e+01,3.410000000000000142e+01,6.179999999999999716e+01,1.000000000000000000e+00
1.783179239978938341e+09,7.267629000125452876e-03,2.888068699940049555e-02,1.972939700135611929e-02,1.935073399909015279e-02,1.329284386264639117e+01,1.211000000000000000e+03,1.186000000000000000e+03,3.770000000000000000e+02,3.150000000000000000e+02,3.178752107925800763e-01,8.355437665782493584e-01,4.150000000000000000e+01,3.410000000000000142e+01,6.079999999999999716e+01,1.000000000000000000e+00
1.783179240095470667e+09,8.814516999336774461e-03,2.938245800032746047e-02,2.080451300025742967e-02,2.533328800018352922e-02,1.185750466686189597e+01,1.205000000000000000e+03,1.211000000000000000e+03,4.650000000000000000e+02,3.990000000000000000e+02,3.839801816680429303e-01,8.580645161290322287e-01,4.350000000000000000e+01,3.410000000000000142e+01,6.129999999999999716e+01,1.000000000000000000e+00
1.783179240211427927e+09,8.202859000448370352e-03,2.872039300018514041e-02,1.969259999896166846e-02,2.592496600118465722e-02,1.211521795180842709e+01,1.216000000000000000e+03,1.205000000000000000e+03,5.340000000000000000e+02,4.530000000000000000e+02,4.431535269709543368e-01,8.483146067415729963e-01,3.720000000000000284e+01,3.410000000000000142e+01,6.129999999999999716e+01,1.000000000000000000e+00
1.783179240325374126e+09,6.678693000139901415e-03,2.842236000105913263e-02,2.063725500011059921e-02,2.752777799832983874e-02,1.200969143673127348e+01,1.209000000000000000e+03,1.216000000000000000e+03,5.960000000000000000e+02,4.920000000000000000e+02,4.901315789473684181e-01,8.255033557046980164e-01,4.679999999999999716e+01,3.410000000000000142e+01,6.079999999999999716e+01,1.000000000000000000e+00
1.783179240439675570e+09,9.068106999620795250e-03,2.757553700030257460e-02,1.891701800013834145e-02,2.236391800033743493e-02,1.283292126816567702e+01,1.209000000000000000e+03,1.209000000000000000e+03,4.830000000000000000e+02,4.070000000000000000e+02,3.995037220843672410e-01,8.426501035196687361e-01,4.000000000000000000e+01,3.420000000000000284e+01,6.029999999999999716e+01,1.000000000000000000e+00
1.783179240547716379e+09,8.026157000131206587e-03,2.953753000110737048e-02,2.010752199930720963e-02,1.942797399897244759e-02,1.297030605377814005e+01,1.215000000000000000e+03,1.209000000000000000e+03,3.760000000000000000e+02,3.160000000000000000e+02,3.110008271298593807e-01,8.404255319148936643e-01,3.900000000000000000e+01,3.420000000000000284e+01,6.129999999999999716e+01,1.000000000000000000e+00
1.783179240657198906e+09,8.072137999988626689e-03,2.803386500090709887e-02,2.015070599918544758e-02,1.965611900050134864e-02,1.317300417252702616e+01,1.191000000000000000e+03,1.215000000000000000e+03,4.180000000000000000e+02,3.540000000000000000e+02,3.440329218106996101e-01,8.468899521531100261e-01,4.189999999999999858e+01,3.420000000000000284e+01,6.029999999999999716e+01,1.000000000000000000e+00
1.783179240768403053e+09,9.030978000737377442e-03,2.829586099869629834e-02,1.830461800091143232e-02,2.221942100004525855e-02,1.284507028931627026e+01,1.213000000000000000e+03,1.191000000000000000e+03,3.760000000000000000e+02,3.020000000000000000e+02,3.157010915197313028e-01,8.031914893617021489e-01,4.189999999999999858e+01,3.420000000000000284e+01,6.079999999999999716e+01,1.000000000000000000e+00
1.783179240885935068e+09,7.443219999913708307e-03,2.960397399874636903e-02,2.242269500129623339e-02,2.350312699854839593e-02,1.205211101423650177e+01,1.213000000000000000e+03,1.213000000000000000e+03,5.170000000000000000e+02,4.430000000000000000e+02,4.262159934047815568e-01,8.568665377176015729e-01,4.320000000000000284e+01,3.420000000000000284e+01,6.079999999999999716e+01,1.000000000000000000e+00
1.783179240994206429e+09,8.327170999109512195e-03,2.900851900085399393e-02,1.937817900034133345e-02,2.097419499841635115e-02,1.287199021997073878e+01,1.204000000000000000e+03,1.213000000000000000e+03,4.330000000000000000e+02,3.660000000000000000e+02,3.569661995053586279e-01,8.452655889145496149e-01,4.189999999999999858e+01,3.410000000000000142e+01,6.079999999999999716e+01,1.000000000000000000e+00
1.783179241104854584e+09,7.873659000324551016e-03,2.826884299975063186e-02,1.967943399904470425e-02,2.146335600082238670e-02,1.293907254695688991e+01,1.205000000000000000e+03,1.204000000000000000e+03,4.210000000000000000e+02,3.600000000000000000e+02,3.496677740863787243e-01,8.551068883610450921e-01,3.900000000000000000e+01,3.420000000000000284e+01,6.029999999999999716e+01,1.000000000000000000e+00
1.783179241218118429e+09,7.051911001326516271e-03,2.811332599958404899e-02,1.959400899977481458e-02,2.586904099916864652e-02,1.240259513391138313e+01,1.186000000000000000e+03,1.205000000000000000e+03,5.190000000000000000e+02,4.340000000000000000e+02,4.307053941908713934e-01,8.362235067437379099e-01,4.220000000000000284e+01,3.410000000000000142e+01,6.129999999999999716e+01,1.000000000000000000e+00
1.783179241332419395e+09,1.275626300048315898e-02,2.802149499984807335e-02,1.883924100002332125e-02,2.278117199966800399e-02,1.213619171231029270e+01,1.194000000000000000e+03,1.186000000000000000e+03,4.460000000000000000e+02,3.690000000000000000e+02,3.760539629005059115e-01,8.273542600896860444e-01,4.679999999999999716e+01,3.410000000000000142e+01,6.079999999999999716e+01,1.000000000000000000e+00
1.783179241446170807e+09,8.954310998888104223e-03,2.887878000001364853e-02,2.079619800133514218e-02,2.157946499937679619e-02,1.246746707977555957e+01,1.206000000000000000e+03,1.194000000000000000e+03,4.470000000000000000e+02,3.760000000000000000e+02,3.743718592964824232e-01,8.411633109619687243e-01,4.129999999999999716e+01,3.420000000000000284e+01,6.229999999999999716e+01,1.000000000000000000e+00
1.783179241560903311e+09,9.848059000432840548e-03,2.911898099955578800e-02,2.118850700026086997e-02,2.401410099992062896e-02,1.188076728083713363e+01,1.210000000000000000e+03,1.206000000000000000e+03,4.330000000000000000e+02,3.860000000000000000e+02,3.590381426202321480e-01,8.914549653579676436e-01,4.220000000000000284e+01,3.410000000000000142e+01,6.129999999999999716e+01,1.000000000000000000e+00
1.783179241671415091e+09,7.324461999814957380e-03,2.815947399903961923e-02,1.877055700060736854e-02,2.194270099971618038e-02,1.312384285451228294e+01,1.202000000000000000e+03,1.210000000000000000e+03,4.910000000000000000e+02,4.210000000000000000e+02,4.057851239669421628e-01,8.574338085539714438e-01,4.670000000000000284e+01,3.410000000000000142e+01,6.079999999999999716e+01,1.000000000000000000e+00
1.783179241778334379e+09,7.420886999170761555e-03,2.790716200070164632e-02,1.843124699917098042e-02,2.130220999970333651e-02,1.332240789329082453e+01,1.174000000000000000e+03,1.202000000000000000e+03,3.290000000000000000e+02,2.620000000000000000e+02,2.737104825291181154e-01,7.963525835866261948e-01,4.150000000000000000e+01,3.410000000000000142e+01,5.989999999999999858e+01,1.000000000000000000e+00
1.783179241890909433e+09,7.644384000741411000e-03,2.888685399921087082e-02,2.010453900038555730e-02,2.395036199959577061e-02,1.240908191420889217e+01,1.208000000000000000e+03,1.174000000000000000e+03,3.650000000000000000e+02,2.860000000000000000e+02,3.109028960817717402e-01,7.835616438356164393e-01,4.050000000000000000e+01,3.410000000000000142e+01,6.079999999999999716e+01,1.000000000000000000e+00
1.783179242005146265e+09,8.261004999440046959e-03,2.870722700026817620e-02,1.919586599979083985e-02,2.479844300069089513e-02,1.235139099695072318e+01,1.204000000000000000e+03,1.208000000000000000e+03,5.260000000000000000e+02,4.340000000000000000e+02,4.354304635761589437e-01,8.250950570342204804e-01,3.950000000000000000e+01,3.410000000000000142e+01,5.939999999999999858e+01,1.000000000000000000e+00
1.783179242116208315e+09,9.692432000520057045e-03,2.917962799983797595e-02,2.050483099992561620e-02,1.975485900038620457e-02,1.263715259666992097e+01,1.194000000000000000e+03,1.204000000000000000e+03,4.490000000000000000e+02,4.030000000000000000e+02,3.729235880398670822e-01,8.975501113585746538e-01,4.320000000000000284e+01,3.410000000000000142e+01,6.129999999999999716e+01,1.000000000000000000e+00
1.783179242224672794e+09,7.322998999370611273e-03,2.806819700163032394e-02,1.970902699940779712e-02,2.178588800052239094e-02,1.300625024444128286e+01,1.182000000000000000e+03,1.194000000000000000e+03,4.170000000000000000e+02,3.520000000000000000e+02,3.492462311557789079e-01,8.441247002398081234e-01,4.189999999999999858e+01,3.410000000000000142e+01,6.079999999999999716e+01,1.000000000000000000e+00
1.783179242334703207e+09,9.021032999953604303e-03,2.892937199976586271e-02,1.850215299964474980e-02,1.955456500036234502e-02,1.315666164608805921e+01,1.171000000000000000e+03,1.182000000000000000e+03,3.500000000000000000e+02,2.930000000000000000e+02,2.961082910321489181e-01,8.371428571428571885e-01,4.189999999999999858e+01,3.410000000000000142e+01,6.129999999999999716e+01,1.000000000000000000e+00
1.783179242441305876e+09,8.570280000640195794e-03,2.784088499902281910e-02,1.808575100039888639e-02,2.059408899913250934e-02,1.331717427421204647e+01,1.189000000000000000e+03,1.171000000000000000e+03,4.630000000000000000e+02,4.040000000000000000e+02,3.953885567890691455e-01,8.725701943844492714e-01,4.150000000000000000e+01,3.410000000000000142e+01,6.079999999999999716e+01,1.000000000000000000e+00
1.783179242549564123e+09,1.016840700140164699e-02,2.734602199961955193e-02,1.913094100018497556e-02,1.968965599917282816e-02,1.310014618970634892e+01,1.173000000000000000e+03,1.189000000000000000e+03,4.110000000000000000e+02,3.450000000000000000e+02,3.456686291000841127e-01,8.394160583941605580e-01,4.000000000000000000e+01,3.410000000000000142e+01,6.079999999999999716e+01,1.000000000000000000e+00
1.783179242656738520e+09,9.051680000993655995e-03,2.841521200025454164e-02,1.851900499968905933e-02,1.928216099986457266e-02,1.328584829423056135e+01,1.176000000000000000e+03,1.173000000000000000e+03,3.630000000000000000e+02,3.160000000000000000e+02,3.094629156010230142e-01,8.705234159779614567e-01,4.050000000000000000e+01,3.420000000000000284e+01,6.079999999999999716e+01,1.000000000000000000e+00
1.783179242766101360e+09,9.860058999038301408e-03,2.830525100034719799e-02,1.844404199982818682e-02,2.181855500020901673e-02,1.275056339330030575e+01,1.177000000000000000e+03,1.176000000000000000e+03,4.690000000000000000e+02,4.050000000000000000e+02,3.988095238095238360e-01,8.635394456289978704e-01,4.000000000000000000e+01,3.410000000000000142e+01,6.079999999999999716e+01,1.000000000000000000e+00
1.783179242876227617e+09,8.432521999566233717e-03,2.719602399884024635e-02,1.887201800127513707e-02,2.327405500000168104e-02,1.285766504370882224e+01,1.187000000000000000e+03,1.177000000000000000e+03,4.670000000000000000e+02,4.110000000000000000e+02,3.967714528462191748e-01,8.800856531049250364e-01,4.670000000000000284e+01,3.410000000000000142e+01,6.129999999999999716e+01,1.000000000000000000e+00
1.783179242987419367e+09,7.708456998443580233e-03,2.712383900143322535e-02,1.934256799904687796e-02,2.402295300089463126e-02,1.278808077215663630e+01,1.151000000000000000e+03,1.187000000000000000e+03,4.700000000000000000e+02,3.820000000000000000e+02,3.959561920808761792e-01,8.127659574468084624e-01,4.050000000000000000e+01,3.410000000000000142e+01,6.129999999999999716e+01,1.000000000000000000e+00
1.783179243102197409e+09,9.284695999667746946e-03,2.904055600083665922e-02,2.041520199963997584e-02,2.192644299975654576e-02,1.239665881782000589e+01,1.188000000000000000e+03,1.151000000000000000e+03,4.540000000000000000e+02,3.900000000000000000e+02,3.944396177237184942e-01,8.590308370044053010e-01,4.320000000000000284e+01,3.410000000000000142e+01,6.229999999999999716e+01,1.000000000000000000e+00
1.783179243213090658e+09,8.274301999335875735e-03,2.811910399941552896e-02,1.949612200041883625e-02,2.448668800025188830e-02,1.244149139849018937e+01,1.185000000000000000e+03,1.188000000000000000e+03,5.440000000000000000e+02,4.710000000000000000e+02,4.579124579124579375e-01,8.658088235294117974e-01,4.350000000000000000e+01,3.410000000000000142e+01,6.029999999999999716e+01,1.000000000000000000e+00
1.783179243323789358e+09,9.511451999060227536e-03,2.740105800148739945e-02,2.011433599909651093e-02,2.314783499969053082e-02,1.247276556059260777e+01,1.189000000000000000e+03,1.185000000000000000e+03,5.120000000000000000e+02,4.580000000000000000e+02,4.320675105485232148e-01,8.945312500000000000e-01,4.289999999999999858e+01,3.410000000000000142e+01,6.179999999999999716e+01,1.000000000000000000e+00
1.783179243437219858e+09,1.068447499892499764e-02,2.745226099978026468e-02,1.796930800082918722e-02,2.397217600082512945e-02,1.248779006320956775e+01,1.180000000000000000e+03,1.189000000000000000e+03,4.800000000000000000e+02,3.990000000000000000e+02,4.037005887300252338e-01,8.312500000000000444e-01,4.189999999999999858e+01,3.410000000000000142e+01,6.229999999999999716e+01,1.000000000000000000e+00
1.783179243539947748e+09,7.802271000400651246e-03,2.703326600021682680e-02,1.880444500056910329e-02,1.707391200034180656e-02,1.414149247640621176e+01,1.152000000000000000e+03,1.180000000000000000e+03,3.700000000000000000e+02,3.320000000000000000e+02,3.135593220338983023e-01,8.972972972972973471e-01,4.150000000000000000e+01,3.410000000000000142e+01,6.029999999999999716e+01,1.000000000000000000e+00
1.783179243649540901e+09,9.335103999546845444e-03,2.802790100031415932e-02,1.988135799911106005e-02,1.923462500053574331e-02,1.307548682530207707e+01,1.181000000000000000e+03,1.152000000000000000e+03,4.860000000000000000e+02,4.310000000000000000e+02,4.218750000000000000e-01,8.868312757201646246e-01,4.550000000000000000e+01,3.410000000000000142e+01,6.029999999999999716e+01,1.000000000000000000e+00
1.783179243757506609e+09,8.953663000283995643e-03,2.859363499919709284e-02,1.865772500059392769e-02,2.056484899912902620e-02,1.302594330247636911e+01,1.157000000000000000e+03,1.181000000000000000e+03,3.750000000000000000e+02,3.140000000000000000e+02,3.175275190516511636e-01,8.373333333333333739e-01,4.189999999999999858e+01,3.410000000000000142e+01,6.179999999999999716e+01,1.000000000000000000e+00
1.783179243870818377e+09,8.055025999055942520e-03,2.824469600091106258e-02,1.815558299858821556e-02,2.376767800160450861e-02,1.278396657409444437e+01,1.160000000000000000e+03,1.157000000000000000e+03,4.550000000000000000e+02,3.800000000000000000e+02,3.932584269662921517e-01,8.351648351648351953e-01,3.900000000000000000e+01,3.410000000000000142e+01,6.079999999999999716e+01,1.000000000000000000e+00
1.783179243984584332e+09,7.365665000179433264e-03,2.889974299978348427e-02,1.891977699960989412e-02,2.552963699963584077e-02,1.238929821352767391e+01,1.143000000000000000e+03,1.160000000000000000e+03,5.090000000000000000e+02,4.430000000000000000e+02,4.387931034482758785e-01,8.703339882121807758e-01,4.350000000000000000e+01,3.410000000000000142e+01,6.029999999999999716e+01,1.000000000000000000e+00
1.783179244099393606e+09,1.026616600029228721e-02,2.919786799975554459e-02,1.992483800131594762e-02,2.491112699863151647e-02,1.186239634475032290e+01,1.178000000000000000e+03,1.143000000000000000e+03,4.500000000000000000e+02,3.700000000000000000e+02,3.937007874015748254e-01,8.222222222222221877e-01,4.220000000000000284e+01,3.410000000000000142e+01,6.079999999999999716e+01,1.000000000000000000e+00
1.783179244207738161e+09,6.815376000304240733e-03,2.800745700005791150e-02,1.912284900026861578e-02,2.282463499977893662e-02,1.302586779724594912e+01,1.158000000000000000e+03,1.178000000000000000e+03,5.110000000000000000e+02,4.450000000000000000e+02,4.337860780984719722e-01,8.708414872798434514e-01,4.289999999999999858e+01,3.410000000000000142e+01,5.989999999999999858e+01,1.000000000000000000e+00
1.783179244317589045e+09,9.359843999845907092e-03,2.746613100134709384e-02,1.931540199984738138e-02,1.917832899925997481e-02,1.327673796278509499e+01,1.145000000000000000e+03,1.158000000000000000e+03,3.590000000000000000e+02,2.960000000000000000e+02,3.100172711571675399e-01,8.245125348189414893e-01,4.420000000000000284e+01,3.410000000000000142e+01,6.079999999999999716e+01,1.000000000000000000e+00
1.783179244421328068e+09,7.963158001075498760e-03,2.807873399979143869e-02,1.939443799892615061e-02,1.834806199985905550e-02,1.355300183275501524e+01,1.129000000000000000e+03,1.145000000000000000e+03,4.140000000000000000e+02,3.670000000000000000e+02,3.615720524017467241e-01,8.864734299516908722e-01,4.770000000000000284e+01,3.420000000000000284e+01,6.029999999999999716e+01,1.000000000000000000e+00
1.783179244530421257e+09,8.663889000672497787e-03,2.742389100058062468e-02,1.764744199863343965e-02,2.585961400109226815e-02,1.256362912774520169e+01,1.124000000000000000e+03,1.129000000000000000e+03,4.710000000000000000e+02,3.890000000000000000e+02,4.171833480956598783e-01,8.259023354564756225e-01,4.050000000000000000e+01,3.410000000000000142e+01,6.129999999999999716e+01,1.000000000000000000e+00
1.783179244630859852e+09,8.834387001115828753e-03,2.594207699985418003e-02,1.643134599908080418e-02,1.649795599951175973e-02,1.476979080343704709e+01,1.092000000000000000e+03,1.124000000000000000e+03,3.100000000000000000e+02,2.680000000000000000e+02,2.758007117437722422e-01,8.645161290322580516e-01,4.360000000000000142e+01,3.410000000000000142e+01,6.029999999999999716e+01,1.000000000000000000e+00
1.783179244737667322e+09,9.473915999478776939e-03,2.718337599981168751e-02,1.661969499946280848e-02,2.075169900126638822e-02,1.350827704816663122e+01,1.132000000000000000e+03,1.092000000000000000e+03,3.540000000000000000e+02,3.120000000000000000e+02,3.241758241758241899e-01,8.813559322033898136e-01,4.389999999999999858e+01,3.420000000000000284e+01,5.989999999999999858e+01,1.000000000000000000e+00
1.783179244848012686e+09,8.798831999229150824e-03,2.648958800091349985e-02,1.733305699963239022e-02,2.464274100020702463e-02,1.294260170989153202e+01,1.125000000000000000e+03,1.132000000000000000e+03,4.840000000000000000e+02,4.020000000000000000e+02,4.275618374558303736e-01,8.305785123966942241e-01,4.189999999999999858e+01,3.410000000000000142e+01,6.129999999999999716e+01,1.000000000000000000e+00
1.783179244951720715e+09,7.495182999264216051e-03,2.804827100044349208e-02,1.822769399950630032e-02,1.643086399963067379e-02,1.424460598104306541e+01,1.143000000000000000e+03,1.125000000000000000e+03,3.730000000000000000e+02,3.300000000000000000e+02,3.315555555555555478e-01,8.847184986595174605e-01,4.389999999999999858e+01,3.410000000000000142e+01,6.079999999999999716e+01,1.000000000000000000e+00
1.783179245062503099e+09,8.371578000151203014e-03,2.892131699991296045e-02,1.859148499897855800e-02,2.318813000056252349e-02,1.264662017185229459e+01,1.112000000000000000e+03,1.143000000000000000e+03,4.550000000000000000e+02,3.910000000000000000e+02,3.980752405949256612e-01,8.593406593406592853e-01,4.570000000000000284e+01,3.410000000000000142e+01,6.079999999999999716e+01,1.000000000000000000e+00
1.783179245175327539e+09,8.660075000079814345e-03,2.766410999902291223e-02,1.727083500009030104e-02,2.615085199977329466e-02,1.253983403696384613e+01,1.116000000000000000e+03,1.112000000000000000e+03,4.790000000000000000e+02,4.200000000000000000e+02,4.307553956834532238e-01,8.768267223382045783e-01,3.950000000000000000e+01,3.410000000000000142e+01,6.129999999999999716e+01,1.000000000000000000e+00
1.783179245285438538e+09,9.671357998740859330e-03,2.630042400051024742e-02,1.846435700099391397e-02,2.143778199933876749e-02,1.317975909015543756e+01,1.057000000000000000e+03,1.116000000000000000e+03,4.440000000000000000e+02,3.920000000000000000e+02,3.978494623655913776e-01,8.828828828828828579e-01,4.550000000000000000e+01,3.410000000000000142e+01,6.129999999999999716e+01,1.000000000000000000e+00
1.783179245392253399e+09,9.586951999153825454e-03,2.735563200076285284e-02,1.912660800007870421e-02,2.073319899864145555e-02,1.302042797102174809e+01,1.110000000000000000e+03,1.057000000000000000e+03,3.900000000000000000e+02,3.450000000000000000e+02,3.689687795648060598e-01,8.846153846153845812e-01,4.789999999999999858e+01,3.410000000000000142e+01,6.129999999999999716e+01,1.000000000000000000e+00
1.783179245494715929e+09,7.317407000300590880e-03,2.655290199982118793e-02,1.759183099966321606e-02,2.026553799987595994e-02,1.394161957960951703e+01,1.122000000000000000e+03,1.110000000000000000e+03,4.120000000000000000e+02,3.530000000000000000e+02,3.711711711711711548e-01,8.567961165048543215e-01,4.250000000000000000e+01,3.410000000000000142e+01,6.229999999999999716e+01,1.000000000000000000e+00
1.783179245605414867e+09,9.135456999501911923e-03,2.747877900037565269e-02,1.868922500034386758e-02,2.151359600065916311e-02,1.301794209570585892e+01,1.118000000000000000e+03,1.122000000000000000e+03,4.140000000000000000e+02,3.520000000000000000e+02,3.689839572192513129e-01,8.502415458937198078e-01,4.320000000000000284e+01,3.410000000000000142e+01,6.229999999999999716e+01,1.000000000000000000e+00
1.783179245708028316e+09,8.107822999591007829e-03,2.727665200109186117e-02,1.775795899993681815e-02,1.761673799956042785e-02,1.413244349435652758e+01,1.093000000000000000e+03,1.118000000000000000e+03,2.430000000000000000e+02,1.990000000000000000e+02,2.173524150268336397e-01,8.189300411522634215e-01,4.520000000000000284e+01,3.420000000000000284e+01,6.079999999999999716e+01,1.000000000000000000e+00
1.783179245810726166e+09,1.140235399907396641e-02,2.638147800098522566e-02,1.719403999959467910e-02,1.758701700055098627e-02,1.378076937452735429e+01,1.101000000000000000e+03,1.093000000000000000e+03,3.670000000000000000e+02,3.140000000000000000e+02,3.357731015553522269e-01,8.555858310626702767e-01,4.250000000000000000e+01,3.420000000000000284e+01,6.129999999999999716e+01,1.000000000000000000e+00
1.783179245913669109e+09,7.768790001136949286e-03,2.645888400002149865e-02,1.758018399959837552e-02,2.032325899926945567e-02,1.386364223362346770e+01,1.092000000000000000e+03,1.101000000000000000e+03,3.580000000000000000e+02,2.940000000000000000e+02,3.251589464123524342e-01,8.212290502793295754e-01,4.520000000000000284e+01,3.420000000000000284e+01,6.079999999999999716e+01,1.000000000000000000e+00
1.783179246015976191e+09,9.360824999021133408e-03,2.688613800091843586e-02,1.770429299904208165e-02,1.427946600051654968e-02,1.465615445205686740e+01,1.080000000000000000e+03,1.092000000000000000e+03,3.080000000000000000e+02,2.760000000000000000e+02,2.820512820512820484e-01,8.961038961038960693e-01,4.360000000000000142e+01,3.410000000000000142e+01,6.079999999999999716e+01,1.000000000000000000e+00
1.783179246122187853e+09,1.039692300037131645e-02,2.723650400002952665e-02,1.800290000028326176e-02,2.065332900019711815e-02,1.310793693955637984e+01,1.096000000000000000e+03,1.080000000000000000e+03,4.560000000000000000e+02,3.950000000000000000e+02,4.222222222222222210e-01,8.662280701754385692e-01,5.100000000000000000e+01,3.410000000000000142e+01,6.129999999999999716e+01,1.000000000000000000e+00
1.783179246225543022e+09,1.139985400004661642e-02,2.295209600015368778e-02,1.338984799986064900e-02,2.550310100014030468e-02,1.365282789177239842e+01,8.090000000000000000e+02,1.096000000000000000e+03,2.130000000000000000e+02,1.540000000000000000e+02,1.943430656934306555e-01,7.230046948356807501e-01,4.770000000000000284e+01,3.420000000000000284e+01,6.229999999999999716e+01,1.000000000000000000e+00
1.783179246328945160e+09,9.266437000405858271e-03,2.677127000060863793e-02,1.445792699996673036e-02,2.050249700005224440e-02,1.408487781157850094e+01,1.085000000000000000e+03,8.090000000000000000e+02,2.620000000000000000e+02,2.100000000000000000e+02,3.238566131025957806e-01,8.015267175572519109e-01,5.000000000000000000e+01,3.410000000000000142e+01,6.179999999999999716e+01,1.000000000000000000e+00
1.783179246428637743e+09,8.346263999555958435e-03,2.671852999992552213e-02,1.561015200059046037e-02,1.756162799938465469e-02,1.465489753351279845e+01,1.092000000000000000e+03,1.085000000000000000e+03,3.160000000000000000e+02,2.850000000000000000e+02,2.912442396313363879e-01,9.018987341772152222e-01,5.110000000000000142e+01,3.410000000000000142e+01,6.129999999999999716e+01,1.000000000000000000e+00
1.783179246535923958e+09,8.180654998795944266e-03,2.581491099954291712e-02,1.641466100045363419e-02,2.371477199994842522e-02,1.349072530870436637e+01,1.076000000000000000e+03,1.092000000000000000e+03,4.440000000000000000e+02,3.700000000000000000e+02,4.065934065934065922e-01,8.333333333333333703e-01,4.779999999999999716e+01,3.420000000000000284e+01,6.129999999999999716e+01,1.000000000000000000e+00
1.783179246641012430e+09,7.725272000243421644e-03,2.591515099993557669e-02,1.625627399880613666e-02,2.232347400058642961e-02,1.384654710947627620e+01,1.085000000000000000e+03,1.076000000000000000e+03,3.910000000000000000e+02,3.230000000000000000e+02,3.633828996282527646e-01,8.260869565217391353e-01,5.289999999999999858e+01,3.410000000000000142e+01,6.079999999999999716e+01,1.000000000000000000e+00
1.783179246748648167e+09,9.718430999782867730e-03,2.609114900042186491e-02,1.726431699898967054e-02,2.140065300045534968e-02,1.342740573799644110e+01,1.069000000000000000e+03,1.085000000000000000e+03,4.220000000000000000e+02,3.680000000000000000e+02,3.889400921658986432e-01,8.720379146919431390e-01,5.110000000000000142e+01,3.410000000000000142e+01,6.079999999999999716e+01,1.000000000000000000e+00
1.783179246852642059e+09,6.443714000852196477e-03,2.672893700037093367e-02,1.779773599992040545e-02,2.189444299983733799e-02,1.372404217489478029e+01,1.106000000000000000e+03,1.069000000000000000e+03,3.880000000000000000e+02,3.190000000000000000e+02,3.629560336763330008e-01,8.221649484536082131e-01,5.100000000000000000e+01,3.410000000000000142e+01,6.129999999999999716e+01,1.000000000000000000e+00
1.783179246958841801e+09,7.137057998988893814e-03,2.829989800011389889e-02,1.769249600147304591e-02,2.209018199937418103e-02,1.329440129954187810e+01,1.093000000000000000e+03,1.106000000000000000e+03,4.540000000000000000e+02,3.960000000000000000e+02,4.104882459312839127e-01,8.722466960352422971e-01,5.379999999999999716e+01,3.420000000000000284e+01,6.129999999999999716e+01,1.000000000000000000e+00
1.783179247066728592e+09,1.056134699865651783e-02,2.620653600024525076e-02,1.616092299991578329e-02,2.017133600020315498e-02,1.367986398731478026e+01,1.086000000000000000e+03,1.093000000000000000e+03,4.470000000000000000e+02,3.930000000000000000e+02,4.089661482159194783e-01,8.791946308724831738e-01,5.310000000000000142e+01,3.410000000000000142e+01,6.179999999999999716e+01,1.000000000000000000e+00
1.783179247171343565e+09,9.132179999141953886e-03,2.568772800077567808e-02,1.618425599917827640e-02,2.238227000088954810e-02,1.362649669011302755e+01,1.077000000000000000e+03,1.086000000000000000e+03,4.520000000000000000e+02,4.080000000000000000e+02,4.162062615101289054e-01,9.026548672566371279e-01,5.000000000000000000e+01,3.410000000000000142e+01,6.079999999999999716e+01,1.000000000000000000e+00
1.783179247276149035e+09,7.686586999625433236e-03,2.587974400012171827e-02,1.688148799985356163e-02,2.200044199889816809e-02,1.380295380755543455e+01,1.088000000000000000e+03,1.077000000000000000e+03,4.560000000000000000e+02,4.070000000000000000e+02,4.233983286908077903e-01,8.925438596491228616e-01,5.400000000000000000e+01,3.410000000000000142e+01,6.129999999999999716e+01,1.000000000000000000e+00
1.783179247387249231e+09,1.042870000128459651e-02,2.584365199982130434e-02,1.886492599987832364e-02,2.466261200061126146e-02,1.253134559433611273e+01,1.092000000000000000e+03,1.088000000000000000e+03,5.130000000000000000e+02,4.660000000000000000e+02,4.715073529411764608e-01,9.083820662768030685e-01,5.279999999999999716e+01,3.420000000000000284e+01,6.079999999999999716e+01,1.000000000000000000e+00
1.783179247492842913e+09,9.279121999497874640e-03,2.646664400162990205e-02,1.666662099887616932e-02,2.296718900106498040e-02,1.326619295372289464e+01,1.087000000000000000e+03,1.092000000000000000e+03,4.780000000000000000e+02,4.190000000000000000e+02,4.377289377289377281e-01,8.765690376569037490e-01,5.100000000000000000e+01,3.420000000000000284e+01,6.079999999999999716e+01,1.000000000000000000e+00
1.783179247600622177e+09,7.301907000510254875e-03,2.652234600100200623e-02,1.730000199859205168e-02,2.355075500054226723e-02,1.339136077773998856e+01,1.098000000000000000e+03,1.087000000000000000e+03,4.690000000000000000e+02,3.960000000000000000e+02,4.314627414903403624e-01,8.443496801705756560e-01,5.289999999999999858e+01,3.420000000000000284e+01,6.079999999999999716e+01,1.000000000000000000e+00
1.783179247700033903e+09,7.851899999877787195e-03,2.564439500019943807e-02,1.793214200006332248e-02,1.724522400036221370e-02,1.456162356034402983e+01,1.072000000000000000e+03,1.098000000000000000e+03,3.360000000000000000e+02,2.970000000000000000e+02,3.060109289617486406e-01,8.839285714285713969e-01,4.879999999999999716e+01,3.420000000000000284e+01,6.079999999999999716e+01,1.000000000000000000e+00
1.783179247798404694e+09,8.702204000655910932e-03,2.606781499889621045e-02,1.623299700077041052e-02,1.587109399952169042e-02,1.495347003500053162e+01,1.070000000000000000e+03,1.072000000000000000e+03,3.610000000000000000e+02,3.290000000000000000e+02,3.367537313432835688e-01,9.113573407202215648e-01,4.879999999999999716e+01,3.420000000000000284e+01,6.129999999999999716e+01,1.000000000000000000e+00
1.783179247900665998e+09,6.859522998638567515e-03,2.589283700035593938e-02,1.652036300038162153e-02,1.957932500044989865e-02,1.452389622459054230e+01,1.059000000000000000e+03,1.070000000000000000e+03,3.470000000000000000e+02,2.930000000000000000e+02,3.242990654205607504e-01,8.443804034582133022e-01,5.220000000000000284e+01,3.410000000000000142e+01,6.029999999999999716e+01,1.000000000000000000e+00
1.783179247999197245e+09,5.998385999191668816e-03,2.699591500095266383e-02,1.738366700010374188e-02,1.629616299942426849e-02,1.499832071309507242e+01,1.063000000000000000e+03,1.059000000000000000e+03,3.430000000000000000e+02,3.130000000000000000e+02,3.238904627006610193e-01,9.125364431486880923e-01,4.889999999999999858e+01,3.410000000000000142e+01,6.129999999999999716e+01,1.000000000000000000e+00
1.783179248104797840e+09,7.440331000907463022e-03,2.887953999925230164e-02,1.635234599962132052e-02,2.148352299991529435e-02,1.348513277602103777e+01,1.044000000000000000e+03,1.063000000000000000e+03,4.430000000000000000e+02,3.930000000000000000e+02,4.167450611476952171e-01,8.871331828442438061e-01,5.000000000000000000e+01,3.420000000000000284e+01,6.129999999999999716e+01,1.000000000000000000e+00
1.783179248210990667e+09,8.013656999537488446e-03,2.703772899985779077e-02,1.692385800015472341e-02,2.400587900046957657e-02,1.316116372746612839e+01,1.076000000000000000e+03,1.044000000000000000e+03,4.290000000000000000e+02,3.580000000000000000e+02,4.109195402298850830e-01,8.344988344988345519e-01,4.289999999999999858e+01,3.410000000000000142e+01,6.079999999999999716e+01,1.000000000000000000e+00
1.783179248322825193e+09,1.019360999998752959e-02,2.617870399990351871e-02,1.689463600087037776e-02,2.379899299921817146e-02,1.297590039221689295e+01,9.690000000000000000e+02,1.076000000000000000e+03,3.830000000000000000e+02,3.370000000000000000e+02,3.559479553903345805e-01,8.798955613577023049e-01,4.420000000000000284e+01,3.420000000000000284e+01,6.229999999999999716e+01,1.000000000000000000e+00
1.783179248426538467e+09,8.149526000124751590e-03,2.565606200005277060e-02,1.431976099956955295e-02,2.253295400078059174e-02,1.415261841191589554e+01,1.011000000000000000e+03,9.690000000000000000e+02,3.580000000000000000e+02,2.920000000000000000e+02,3.694530443756449678e-01,8.156424581005586871e-01,4.150000000000000000e+01,3.410000000000000142e+01,6.179999999999999716e+01,1.000000000000000000e+00
1.783179248531853914e+09,7.215890000225044787e-03,2.634079299969016574e-02,1.533658300104434602e-02,2.018283500001416542e-02,1.447678698578982726e+01,1.034000000000000000e+03,1.011000000000000000e+03,3.790000000000000000e+02,3.290000000000000000e+02,3.748763600395647599e-01,8.680738786279683650e-01,4.770000000000000284e+01,3.420000000000000284e+01,6.029999999999999716e+01,1.000000000000000000e+00
1.783179248636749744e+09,8.378708000236656517e-03,2.739357599966751877e-02,1.657330700072634500e-02,1.847237599940854125e-02,1.412071035588254553e+01,1.073000000000000000e+03,1.034000000000000000e+03,3.810000000000000000e+02,3.510000000000000000e+02,3.684719535783365640e-01,9.212598425196850682e-01,4.250000000000000000e+01,3.420000000000000284e+01,6.079999999999999716e+01,1.000000000000000000e+00
1.783179248747881413e+09,8.282615999632980675e-03,2.670712299914157484e-02,1.677243400081351865e-02,2.436048500021570362e-02,1.313669315123727976e+01,1.048000000000000000e+03,1.073000000000000000e+03,4.770000000000000000e+02,4.180000000000000000e+02,4.445479962721342049e-01,8.763102725366875845e-01,3.660000000000000142e+01,3.420000000000000284e+01,6.129999999999999716e+01,1.000000000000000000e+00
1.783179248854618311e+09,7.208167000499088317e-03,2.568691300075442996e-02,1.693550699928891845e-02,2.199951500006136484e-02,1.392173994116831537e+01,9.920000000000000000e+02,1.048000000000000000e+03,4.240000000000000000e+02,3.530000000000000000e+02,4.045801526717557328e-01,8.325471698113207086e-01,4.150000000000000000e+01,3.420000000000000284e+01,6.079999999999999716e+01,1.000000000000000000e+00
1.783179248951406956e+09,9.116049999647657387e-03,2.515206799944280647e-02,1.534173000072769355e-02,1.601531500091368798e-02,1.523805738949323541e+01,1.003000000000000000e+03,9.920000000000000000e+02,3.430000000000000000e+02,3.010000000000000000e+02,3.457661290322580627e-01,8.775510204081632404e-01,4.050000000000000000e+01,3.410000000000000142e+01,6.179999999999999716e+01,1.000000000000000000e+00
1.783179249053359270e+09,8.938885999668855220e-03,2.511401300034776796e-02,1.636188399970706087e-02,1.878416799991100561e-02,1.445108611552910816e+01,1.026000000000000000e+03,1.003000000000000000e+03,3.600000000000000000e+02,3.130000000000000000e+02,3.589232303090728049e-01,8.694444444444444642e-01,4.210000000000000142e+01,3.410000000000000142e+01,6.179999999999999716e+01,1.000000000000000000e+00
1.783179249156745911e+09,1.223625199963862542e-02,2.551837800092471298e-02,1.557802299976174254e-02,2.068219899956602603e-02,1.351080185908459619e+01,1.054000000000000000e+03,1.026000000000000000e+03,4.480000000000000000e+02,4.010000000000000000e+02,4.366471734892787282e-01,8.950892857142856984e-01,4.360000000000000142e+01,3.410000000000000142e+01,6.179999999999999716e+01,1.000000000000000000e+00
1.783179249261590481e+09,9.210326999891549349e-03,2.516358700086129829e-02,1.566528100011055358e-02,2.350581099926785100e-02,1.359711630179505804e+01,1.006000000000000000e+03,1.054000000000000000e+03,3.880000000000000000e+02,3.090000000000000000e+02,3.681214421252371749e-01,7.963917525773195338e-01,4.650000000000000000e+01,3.410000000000000142e+01,6.179999999999999716e+01,1.000000000000000000e+00
1.783179249363706589e+09,9.438843000680208206e-03,2.378823300023213960e-02,1.312955499997769948e-02,2.141109699914522935e-02,1.475628635505501229e+01,8.390000000000000000e+02,1.006000000000000000e+03,3.200000000000000000e+02,2.640000000000000000e+02,3.180914512922465298e-01,8.249999999999999556e-01,4.100000000000000000e+01,3.410000000000000142e+01,6.129999999999999716e+01,1.000000000000000000e+00
1.783179249462534189e+09,9.468935000768397003e-03,2.534673199988901615e-02,1.339697699950193055e-02,1.811052800076140556e-02,1.507768657364755072e+01,1.007000000000000000e+03,8.390000000000000000e+02,2.930000000000000000e+02,2.510000000000000000e+02,3.492252681764004829e-01,8.566552901023890554e-01,4.210000000000000142e+01,3.410000000000000142e+01,6.129999999999999716e+01,1.000000000000000000e+00
1.783179249565294266e+09,7.725327999651199207e-03,2.579620799951953813e-02,1.543098799993458670e-02,1.920547699955932330e-02,1.467179179770240083e+01,1.037000000000000000e+03,1.007000000000000000e+03,3.400000000000000000e+02,2.880000000000000000e+02,3.376365441906653553e-01,8.470588235294117530e-01,3.610000000000000142e+01,3.410000000000000142e+01,6.179999999999999716e+01,1.000000000000000000e+00
1.783179249673016071e+09,8.588650000092457049e-03,2.548954499980027322e-02,1.631719900069583673e-02,2.270980300090741366e-02,1.367891806624276718e+01,1.023000000000000000e+03,1.037000000000000000e+03,4.730000000000000000e+02,4.290000000000000000e+02,4.561234329797492770e-01,9.069767441860464574e-01,4.389999999999999858e+01,3.410000000000000142e+01,6.079999999999999716e+01,1.000000000000000000e+00
1.783179249776313066e+09,7.310832999792182818e-03,2.685299100085103419e-02,1.541356199959409423e-02,2.185898099924088456e-02,1.399847223483949676e+01,1.037000000000000000e+03,1.023000000000000000e+03,4.140000000000000000e+02,3.570000000000000000e+02,4.046920821114369238e-01,8.623188405797101996e-01,4.150000000000000000e+01,3.410000000000000142e+01,6.179999999999999716e+01,1.000000000000000000e+00
1.783179249872687340e+09,7.915287998912390321e-03,2.563221000127668958e-02,1.558168999872577842e-02,1.629460700132767670e-02,1.528495863005643152e+01,9.860000000000000000e+02,1.037000000000000000e+03,3.460000000000000000e+02,3.100000000000000000e+02,3.336547733847637365e-01,8.959537572254335780e-01,3.889999999999999858e+01,3.410000000000000142e+01,6.179999999999999716e+01,1.000000000000000000e+00
1.783179249975713491e+09,9.443490000194287859e-03,2.600365000034798868e-02,1.788423499965574592e-02,1.914601499993295874e-02,1.379740633593721810e+01,1.057000000000000000e+03,9.860000000000000000e+02,3.840000000000000000e+02,3.310000000000000000e+02,3.894523326572008060e-01,8.619791666666666297e-01,4.210000000000000142e+01,3.410000000000000142e+01,6.129999999999999716e+01,1.000000000000000000e+00
1.783179250078717470e+09,8.221506001063971780e-03,2.619777700056147296e-02,1.634449499943002593e-02,2.146854099919437431e-02,1.384421840307440554e+01,1.013000000000000000e+03,1.057000000000000000e+03,3.450000000000000000e+02,2.770000000000000000e+02,3.263954588457899653e-01,8.028985507246376718e-01,4.389999999999999858e+01,3.410000000000000142e+01,6.279999999999999716e+01,1.000000000000000000e+00
1.783179250182555199e+09,8.117211000353563577e-03,2.649603300051239785e-02,1.644940100050007459e-02,2.084860499962815084e-02,1.390603000206747630e+01,1.003000000000000000e+03,1.013000000000000000e+03,4.100000000000000000e+02,3.440000000000000000e+02,4.047384007897334435e-01,8.390243902439024071e-01,3.950000000000000000e+01,3.410000000000000142e+01,6.179999999999999716e+01,1.000000000000000000e+00
1.783179250286116600e+09,1.197797700115188491e-02,2.517058599914889783e-02,1.672926799983542878e-02,1.806584400037536398e-02,1.389976255720727671e+01,1.038000000000000000e+03,1.003000000000000000e+03,3.650000000000000000e+02,3.180000000000000000e+02,3.639082751744765476e-01,8.712328767123287410e-01,4.770000000000000284e+01,3.410000000000000142e+01,6.129999999999999716e+01,1.000000000000000000e+00
1.783179250388909817e+09,9.071569998923223466e-03,2.651034700102172792e-02,1.654480700017302297e-02,1.922203299909597263e-02,1.401566112792990992e+01,1.062000000000000000e+03,1.038000000000000000e+03,4.130000000000000000e+02,3.670000000000000000e+02,3.978805394990366229e-01,8.886198547215495847e-01,4.500000000000000000e+01,3.410000000000000142e+01,6.179999999999999716e+01,1.000000000000000000e+00
1.783179250488600492e+09,9.215290001520770602e-03,2.543552799943427090e-02,1.565954099896771368e-02,1.645899300092423800e-02,1.497693133201763871e+01,1.039000000000000000e+03,1.062000000000000000e+03,4.110000000000000000e+02,3.920000000000000000e+02,3.870056497175141108e-01,9.537712895377128408e-01,4.250000000000000000e+01,3.410000000000000142e+01,6.229999999999999716e+01,1.000000000000000000e+00
1.783179250594192266e+09,9.471861001657089218e-03,2.504208799837215338e-02,1.520158400126092602e-02,2.353875500011781696e-02,1.365107800898671542e+01,1.025000000000000000e+03,1.039000000000000000e+03,4.170000000000000000e+02,3.450000000000000000e+02,4.013474494706448237e-01,8.273381294964028410e-01,4.389999999999999858e+01,3.410000000000000142e+01,6.129999999999999716e+01,1.000000000000000000e+00
1.783179250692499876e+09,7.211815000118804164e-03,2.607900099974358454e-02,1.643434600009641144e-02,1.696841299963125493e-02,1.499394806780333411e+01,1.068000000000000000e+03,1.025000000000000000e+03,3.700000000000000000e+02,3.380000000000000000e+02,3.609756097560975485e-01,9.135135135135135087e-01,3.889999999999999858e+01,3.410000000000000142e+01,6.079999999999999716e+01,1.000000000000000000e+00
1.783179250802315474e+09,8.564167999793426134e-03,2.578957900004752446e-02,1.702219000071636401e-02,2.444861399999354035e-02,1.318834054147890811e+01,1.073000000000000000e+03,1.068000000000000000e+03,5.240000000000000000e+02,4.920000000000000000e+02,4.906367041198501644e-01,9.389312977099236734e-01,3.900000000000000000e+01,3.410000000000000142e+01,6.129999999999999716e+01,1.000000000000000000e+00
1.783179250909467936e+09,7.497534001231542788e-03,2.628408999953535385e-02,1.769121899997116998e-02,2.225695699962670915e-02,1.356303692665723482e+01,1.047000000000000000e+03,1.073000000000000000e+03,4.520000000000000000e+02,3.930000000000000000e+02,4.212488350419384964e-01,8.694690265486725300e-01,4.250000000000000000e+01,3.410000000000000142e+01,6.279999999999999716e+01,1.000000000000000000e+00
1.783179251014890194e+09,8.514484001352684572e-03,2.597994600000674836e-02,1.577544700012367684e-02,2.281739399950311054e-02,1.368227307305681606e+01,9.370000000000000000e+02,1.047000000000000000e+03,3.670000000000000000e+02,2.950000000000000000e+02,3.505253104106972328e-01,8.038147138964577554e-01,4.189999999999999858e+01,3.410000000000000142e+01,6.079999999999999716e+01,1.000000000000000000e+00
1.783179251120633602e+09,9.542470999804208986e-03,2.685556500000529923e-02,1.660039899979892652e-02,2.080325300084950868e-02,1.354982558114111058e+01,1.036000000000000000e+03,9.370000000000000000e+02,3.940000000000000000e+02,3.480000000000000000e+02,4.204909284951974247e-01,8.832487309644669882e-01,4.250000000000000000e+01,3.410000000000000142e+01,6.079999999999999716e+01,1.000000000000000000e+00
1.783179251222879171e+09,9.749450000526849180e-03,2.500319899991154671e-02,1.714859699859516695e-02,1.984787600122217555e-02,1.393745278160247913e+01,1.043000000000000000e+03,1.036000000000000000e+03,4.180000000000000000e+02,3.660000000000000000e+02,4.034749034749035013e-01,8.755980861244019309e-01,4.250000000000000000e+01,3.410000000000000142e+01,6.129999999999999716e+01,1.000000000000000000e+00
1.783179251325439215e+09,8.963608001067768782e-03,2.488890499989793170e-02,1.635760600038338453e-02,2.151344799858634360e-02,1.394241867531351708e+01,1.030000000000000000e+03,1.043000000000000000e+03,4.240000000000000000e+02,3.670000000000000000e+02,4.065196548418024691e-01,8.655660377358490587e-01,3.950000000000000000e+01,3.410000000000000142e+01,6.179999999999999716e+01,1.000000000000000000e+00
1.783179251424524307e+09,7.394682999802171253e-03,2.468094500000006519e-02,1.518078800108924042e-02,2.030548099901352543e-02,1.480124218539047298e+01,9.610000000000000000e+02,1.030000000000000000e+03,3.850000000000000000e+02,3.360000000000000000e+02,3.737864077669902918e-01,8.727272727272726849e-01,3.889999999999999858e+01,3.410000000000000142e+01,6.179999999999999716e+01,1.000000000000000000e+00
1.783179251521773577e+09,7.806067000274197198e-03,2.509777300110727083e-02,1.498065999840036966e-02,1.734865000071295071e-02,1.532962918381858053e+01,1.033000000000000000e+03,9.610000000000000000e+02,3.560000000000000000e+02,3.110000000000000000e+02,3.704474505723204802e-01,8.735955056179774969e-01,4.210000000000000142e+01,3.410000000000000142e+01,6.279999999999999716e+01,1.000000000000000000e+00
1.783179251624421358e+09,9.453657001358806156e-03,2.493903399954433553e-02,1.684515499982808251e-02,1.773075500022969209e-02,1.449935166853779300e+01,9.850000000000000000e+02,1.033000000000000000e+03,3.550000000000000000e+02,3.120000000000000000e+02,3.436592449177153785e-01,8.788732394366197687e-01,4.050000000000000000e+01,3.410000000000000142e+01,6.329999999999999716e+01,1.000000000000000000e+00
1.783179251731807232e+09,9.080550998987746425e-03,2.584344800015969668e-02,1.661426900136575568e-02,2.461896400018304121e-02,1.313072933100900919e+01,1.055000000000000000e+03,9.850000000000000000e+02,4.370000000000000000e+02,3.600000000000000000e+02,4.436548223350254005e-01,8.237986270022883417e-01,3.900000000000000000e+01,3.410000000000000142e+01,6.179999999999999716e+01,1.000000000000000000e+00
1.783179251828265429e+09,7.257406999997328967e-03,2.544656399913947098e-02,1.532443500036606565e-02,1.740299999983108137e-02,1.528318067947644998e+01,1.026000000000000000e+03,1.055000000000000000e+03,3.340000000000000000e+02,2.980000000000000000e+02,3.165876777251184770e-01,8.922155688622754877e-01,4.620000000000000284e+01,3.410000000000000142e+01,6.229999999999999716e+01,1.000000000000000000e+00
1.783179251930400610e+09,7.269907000591047108e-03,2.632877499854657799e-02,1.572589200077345595e-02,1.839300699975865427e-02,1.476721384960394623e+01,1.054000000000000000e+03,1.026000000000000000e+03,3.590000000000000000e+02,3.100000000000000000e+02,3.499025341130604372e-01,8.635097493036211214e-01,4.500000000000000000e+01,3.410000000000000142e+01,6.129999999999999716e+01,1.000000000000000000e+00
1.783179252036645174e+09,7.176148999860743061e-03,2.737235499989765231e-02,1.800678900144703221e-02,2.213971699893590994e-02,1.338777516728504047e+01,1.038000000000000000e+03,1.054000000000000000e+03,4.500000000000000000e+02,4.070000000000000000e+02,4.269449715370018938e-01,9.044444444444444953e-01,4.050000000000000000e+01,3.410000000000000142e+01,6.179999999999999716e+01,1.000000000000000000e+00
1.783179252140081167e+09,9.468601001572096720e-03,2.864967199820966925e-02,1.706989300146233290e-02,1.733003899971663486e-02,1.378964082173230565e+01,1.078000000000000000e+03,1.038000000000000000e+03,3.490000000000000000e+02,3.180000000000000000e+02,3.362235067437379654e-01,9.111747851002864884e-01,4.150000000000000000e+01,3.410000000000000142e+01,6.079999999999999716e+01,1.000000000000000000e+00
1.783179252243696451e+09,9.196716000587912276e-03,2.484636799999861978e-02,1.606261000051745214e-02,2.153289199850405566e-02,1.395895781646878575e+01,1.058000000000000000e+03,1.078000000000000000e+03,3.840000000000000000e+02,3.230000000000000000e+02,3.562152133580704927e-01,8.411458333333333703e-01,4.500000000000000000e+01,3.410000000000000142e+01,6.179999999999999716e+01,1.000000000000000000e+00
1.783179252346401691e+09,8.020620000024791807e-03,2.572182000039902050e-02,1.748231399869837333e-02,1.989519100061443169e-02,1.406075328100581778e+01,1.065000000000000000e+03,1.058000000000000000e+03,4.460000000000000000e+02,4.040000000000000000e+02,4.215500945179583847e-01,9.058295964125560040e-01,3.779999999999999716e+01,3.410000000000000142e+01,6.229999999999999716e+01,1.000000000000000000e+00
1.783179252447809219e+09,7.699069001319003291e-03,2.541493499848002102e-02,1.673008299985667691e-02,1.861861399993358646e-02,1.460649354173156311e+01,1.010000000000000000e+03,1.065000000000000000e+03,4.120000000000000000e+02,3.580000000000000000e+02,3.868544600938967348e-01,8.689320388349514035e-01,4.250000000000000000e+01,3.410000000000000142e+01,6.229999999999999716e+01,1.000000000000000000e+00
1.783179252547666788e+09,8.398799998758477159e-03,2.538067600107751787e-02,1.635168000029807445e-02,1.686791499923856463e-02,1.492558008766067523e+01,1.020000000000000000e+03,1.010000000000000000e+03,2.930000000000000000e+02,2.480000000000000000e+02,2.900990099009900791e-01,8.464163822525597736e-01,4.170000000000000284e+01,3.410000000000000142e+01,6.229999999999999716e+01,1.000000000000000000e+00
1.783179252645076752e+09,7.935992000057012774e-03,2.509910499975376297e-02,1.642347599954518955e-02,1.574194699969666544e-02,1.533730099107384603e+01,1.064000000000000000e+03,1.020000000000000000e+03,3.230000000000000000e+02,2.880000000000000000e+02,3.166666666666666519e-01,8.916408668730649856e-01,4.210000000000000142e+01,3.410000000000000142e+01,6.179999999999999716e+01,1.000000000000000000e+00
1.783179252752856970e+09,7.695345999309211038e-03,2.560113599975011311e-02,1.750622100007603876e-02,2.289222699982929043e-02,1.356945450676252918e+01,1.074000000000000000e+03,1.064000000000000000e+03,5.400000000000000000e+02,5.110000000000000000e+02,5.075187969924812581e-01,9.462962962962963021e-01,4.289999999999999858e+01,3.410000000000000142e+01,6.129999999999999716e+01,1.000000000000000000e+00
1.783179252855392456e+09,7.829140000467305072e-03,2.590561400029400829e-02,1.752116599891451187e-02,1.948693600024853367e-02,1.413570297474375614e+01,1.004000000000000000e+03,1.074000000000000000e+03,4.220000000000000000e+02,3.800000000000000000e+02,3.929236499068901045e-01,9.004739336492890711e-01,4.389999999999999858e+01,3.410000000000000142e+01,6.129999999999999716e+01,1.000000000000000000e+00
1.783179252960941792e+09,9.925169999405625276e-03,2.532949099986581132e-02,1.513038099983532447e-02,2.257195300080638845e-02,1.370670488828645439e+01,1.014000000000000000e+03,1.004000000000000000e+03,3.100000000000000000e+02,2.440000000000000000e+02,3.087649402390438280e-01,7.870967741935483986e-01,4.000000000000000000e+01,3.410000000000000142e+01,6.179999999999999716e+01,1.000000000000000000e+00
1.783179253062301397e+09,7.960306000313721597e-03,2.567843199904018547e-02,1.674624900078924838e-02,1.851048599928617477e-02,1.451474177422779555e+01,1.083000000000000000e+03,1.014000000000000000e+03,3.750000000000000000e+02,3.240000000000000000e+02,3.698224852071005930e-01,8.639999999999999902e-01,4.520000000000000284e+01,3.410000000000000142e+01,6.129999999999999716e+01,1.000000000000000000e+00
1.783179253175058842e+09,1.006413100003555883e-02,2.490733100057695992e-02,1.699057899895706214e-02,2.551219300039520022e-02,1.290751709788385426e+01,1.025000000000000000e+03,1.083000000000000000e+03,3.740000000000000000e+02,2.910000000000000000e+02,3.453370267774699687e-01,7.780748663101604290e-01,4.189999999999999858e+01,3.410000000000000142e+01,6.229999999999999716e+01,1.000000000000000000e+00
1.783179253280005693e+09,9.077902999706566334e-03,2.672115899986238219e-02,1.884450000034121331e-02,1.965374999963387381e-02,1.345943713288223620e+01,1.100000000000000000e+03,1.025000000000000000e+03,3.790000000000000000e+02,3.450000000000000000e+02,3.697560975609756051e-01,9.102902374670184260e-01,3.850000000000000000e+01,3.410000000000000142e+01,6.129999999999999716e+01,1.000000000000000000e+00
1.783179253385228634e+09,9.266917999411816709e-03,2.467227800116233993e-02,1.778399599970725831e-02,2.132330200038268231e-02,1.368991097630104647e+01,1.052000000000000000e+03,1.100000000000000000e+03,4.540000000000000000e+02,4.040000000000000000e+02,4.127272727272727204e-01,8.898678414096916622e-01,4.389999999999999858e+01,3.420000000000000284e+01,6.079999999999999716e+01,1.000000000000000000e+00
1.783179253485413074e+09,9.852577999481582083e-03,2.408124800058430992e-02,1.615162799862446263e-02,1.696309799990558531e-02,1.491456519480004417e+01,1.017000000000000000e+03,1.052000000000000000e+03,3.370000000000000000e+02,3.060000000000000000e+02,3.203422053231939071e-01,9.080118694362018239e-01,4.210000000000000142e+01,3.410000000000000142e+01,6.179999999999999716e+01,1.000000000000000000e+00
1.783179253590687275e+09,1.194105100148590282e-02,2.463400099986756686e-02,1.632643999982974492e-02,2.026890799970715307e-02,1.366672862233678565e+01,1.053000000000000000e+03,1.017000000000000000e+03,3.640000000000000000e+02,3.040000000000000000e+02,3.579154375614552741e-01,8.351648351648351953e-01,4.420000000000000284e+01,3.410000000000000142e+01,6.079999999999999716e+01,1.000000000000000000e+00
1.783179253692163467e+09,1.002989100015838630e-02,2.486590499938756693e-02,1.627047699912509415e-02,1.917860800131165888e-02,1.421567548035578987e+01,1.082000000000000000e+03,1.053000000000000000e+03,4.120000000000000000e+02,3.690000000000000000e+02,3.912630579297246003e-01,8.956310679611650949e-01,4.050000000000000000e+01,3.410000000000000142e+01,6.229999999999999716e+01,1.000000000000000000e+00
1.783179253794302225e+09,7.641439999133581296e-03,2.540202800082624890e-02,1.733546399918850511e-02,1.879074200041941367e-02,1.445720273318404203e+01,1.110000000000000000e+03,1.082000000000000000e+03,3.820000000000000000e+02,3.280000000000000000e+02,3.530499075785582530e-01,8.586387434554973996e-01,4.389999999999999858e+01,3.410000000000000142e+01,6.179999999999999716e+01,1.000000000000000000e+00
1.783179253899669647e+09,7.087706000675098039e-03,2.393158399900130462e-02,1.595857400025124662e-02,2.483981300065352116e-02,1.392414850722486719e+01,1.010000000000000000e+03,1.110000000000000000e+03,4.270000000000000000e+02,3.440000000000000000e+02,3.846846846846846968e-01,8.056206088992974301e-01,4.150000000000000000e+01,3.410000000000000142e+01,6.079999999999999716e+01,1.000000000000000000e+00
1.783179254004766464e+09,7.339517000218620524e-03,2.528504800102382433e-02,1.726335399871459231e-02,2.230373400016105734e-02,1.385201693606273565e+01,1.113000000000000000e+03,1.010000000000000000e+03,4.010000000000000000e+02,3.300000000000000000e+02,3.970297029702970493e-01,8.229426433915212336e-01,4.389999999999999858e+01,3.410000000000000142e+01,6.179999999999999716e+01,1.000000000000000000e+00
1.783179254111260653e+09,7.992991000719484873e-03,2.496947799954796210e-02,1.782336500036763027e-02,2.535263900063000619e-02,1.313396448052464116e+01,1.069000000000000000e+03,1.113000000000000000e+03,4.180000000000000000e+02,3.310000000000000000e+02,3.755615453728661235e-01,7.918660287081339400e-01,3.900000000000000000e+01,3.410000000000000142e+01,6.229999999999999716e+01,1.000000000000000000e+00
1.783179254212481976e+09,8.937570999478339218e-03,2.567563500087999273e-02,1.787329099897760898e-02,1.744885100015380885e-02,1.429892076904080156e+01,1.105000000000000000e+03,1.069000000000000000e+03,4.510000000000000000e+02,4.170000000000000000e+02,4.218896164639850399e-01,9.246119733924611506e-01,4.360000000000000142e+01,3.410000000000000142e+01,6.129999999999999716e+01,1.000000000000000000e+00
1.783179254319074631e+09,7.161946001360774972e-03,2.548358199965150561e-02,1.844617300048412289e-02,2.200257099866576027e-02,1.368096257936301008e+01,1.099000000000000000e+03,1.105000000000000000e+03,5.230000000000000000e+02,4.790000000000000000e+02,4.733031674208144635e-01,9.158699808795410791e-01,4.000000000000000000e+01,3.410000000000000142e+01,6.129999999999999716e+01,1.000000000000000000e+00
1.783179254425187111e+09,9.337473000414320268e-03,2.537280599972291384e-02,1.716422600111400243e-02,2.035944399904110469e-02,1.384390600043136033e+01,1.086000000000000000e+03,1.099000000000000000e+03,4.840000000000000000e+02,4.330000000000000000e+02,4.404003639672429693e-01,8.946280991735536814e-01,4.389999999999999858e+01,3.410000000000000142e+01,6.079999999999999716e+01,1.000000000000000000e+00
1.783179254535831451e+09,8.493540000927168876e-03,2.516565999940212350e-02,1.650340100059111137e-02,2.658890199927554931e-02,1.302906081197454746e+01,1.065000000000000000e+03,1.086000000000000000e+03,4.990000000000000000e+02,4.190000000000000000e+02,4.594843462246777088e-01,8.396793587174348206e-01,3.950000000000000000e+01,3.410000000000000142e+01,6.179999999999999716e+01,1.000000000000000000e+00
1.783179254642618179e+09,7.106983999619842507e-03,2.671230699888837989e-02,1.667554699997708667e-02,2.230071500162011944e-02,1.373710286943697945e+01,1.073000000000000000e+03,1.065000000000000000e+03,4.210000000000000000e+02,3.550000000000000000e+02,3.953051643192488362e-01,8.432304038004750923e-01,4.150000000000000000e+01,3.410000000000000142e+01,6.129999999999999716e+01,1.000000000000000000e+00
1.783179254754853487e+09,9.852097000475623645e-03,2.608646299995598383e-02,1.841657999830204062e-02,2.459498300049745012e-02,1.266622472532106158e+01,1.061000000000000000e+03,1.073000000000000000e+03,4.960000000000000000e+02,4.210000000000000000e+02,4.622553588070829611e-01,8.487903225806451291e-01,4.220000000000000284e+01,3.410000000000000142e+01,6.179999999999999716e+01,1.000000000000000000e+00
1.783179254862023830e+09,6.834208999862312339e-03,2.538212100080272648e-02,1.699304199973994400e-02,2.332522100005007815e-02,1.378652527896208468e+01,1.044000000000000000e+03,1.061000000000000000e+03,4.180000000000000000e+02,3.460000000000000000e+02,3.939679547596606768e-01,8.277511961722487932e-01,4.420000000000000284e+01,3.410000000000000142e+01,6.079999999999999716e+01,1.000000000000000000e+00
1.783179254959473372e+09,7.921566000732127577e-03,2.548041599948192015e-02,1.568826299990178086e-02,1.808358400012366474e-02,1.488675001683222021e+01,1.100000000000000000e+03,1.044000000000000000e+03,3.780000000000000000e+02,3.350000000000000000e+02,3.620689655172413812e-01,8.862433862433862775e-01,3.950000000000000000e+01,3.410000000000000142e+01,6.179999999999999716e+01,1.000000000000000000e+00
1.783179255065300465e+09,7.628366000062669627e-03,2.475472100013575982e-02,1.645067899880814366e-02,2.366234700093627907e-02,1.379384298853082313e+01,1.067000000000000000e+03,1.100000000000000000e+03,4.810000000000000000e+02,4.060000000000000000e+02,4.372727272727272574e-01,8.440748440748441217e-01,4.250000000000000000e+01,3.410000000000000142e+01,6.079999999999999716e+01,1.000000000000000000e+00
1.783179255168946743e+09,7.570996000140439719e-03,2.459783499944023788e-02,1.621045899992168415e-02,2.241664000030141324e-02,1.412510577942505563e+01,1.067000000000000000e+03,1.067000000000000000e+03,4.530000000000000000e+02,3.830000000000000000e+02,4.245548266166823126e-01,8.454746136865342043e-01,4.500000000000000000e+01,3.410000000000000142e+01,6.229999999999999716e+01,1.000000000000000000e+00
1.783179255272378683e+09,8.452206999209010974e-03,2.450635400055034552e-02,1.602548099981504492e-02,2.237858499938738532e-02,1.401293705197467609e+01,1.070000000000000000e+03,1.067000000000000000e+03,4.640000000000000000e+02,4.150000000000000000e+02,4.348641049671977399e-01,8.943965517241379004e-01,4.250000000000000000e+01,3.410000000000000142e+01,6.129999999999999716e+01,1.000000000000000000e+00
1.783179255385645866e+09,8.293282999147777446e-03,2.532406600039394107e-02,1.943364100043254439e-02,2.818791800018516369e-02,1.230937274536035808e+01,1.077000000000000000e+03,1.070000000000000000e+03,5.970000000000000000e+02,5.680000000000000000e+02,5.579439252336448885e-01,9.514237855946399147e-01,3.810000000000000142e+01,3.420000000000000284e+01,6.229999999999999716e+01,1.000000000000000000e+00
1.783179255500340939e+09,1.169788799961679615e-02,2.509042100064107217e-02,1.772488499955215957e-02,2.755803699983516708e-02,1.218453760007965769e+01,1.060000000000000000e+03,1.077000000000000000e+03,5.570000000000000000e+02,5.050000000000000000e+02,5.171773444753946514e-01,9.066427289048474281e-01,4.000000000000000000e+01,3.410000000000000142e+01,6.179999999999999716e+01,1.000000000000000000e+00
1.783179255606308460e+09,7.884750999437528662e-03,2.540928700000222307e-02,1.641055000072810799e-02,2.424172800056112465e-02,1.352332413679867074e+01,1.076000000000000000e+03,1.060000000000000000e+03,5.110000000000000000e+02,4.680000000000000000e+02,4.820754716981132115e-01,9.158512720156555265e-01,4.250000000000000000e+01,3.410000000000000142e+01,6.179999999999999716e+01,1.000000000000000000e+00
1.783179255710773468e+09,7.371498999418690801e-03,2.667758600000524893e-02,1.744668399987858720e-02,2.163576100065256469e-02,1.367399259937012168e+01,1.074000000000000000e+03,1.076000000000000000e+03,5.160000000000000000e+02,4.860000000000000000e+02,4.795539033457248967e-01,9.418604651162790775e-01,4.000000000000000000e+01,3.410000000000000142e+01,6.179999999999999716e+01,1.000000000000000000e+00
1.783179255816550970e+09,9.066995000466704369e-03,2.502090300004056189e-02,1.710289299990108702e-02,2.312852000068232883e-02,1.345545305156723437e+01,1.054000000000000000e+03,1.074000000000000000e+03,4.920000000000000000e+02,4.570000000000000000e+02,4.581005586592178935e-01,9.288617886178861527e-01,4.289999999999999858e+01,3.410000000000000142e+01,6.129999999999999716e+01,1.000000000000000000e+00
1.783179255924286366e+09,9.928224999384838156e-03,2.495536700007505715e-02,1.742688900048960932e-02,2.532499200060556177e-02,1.288070982697368727e+01,1.087000000000000000e+03,1.054000000000000000e+03,5.550000000000000000e+02,5.170000000000000000e+02,5.265654648956357153e-01,9.315315315315315647e-01,4.289999999999999858e+01,3.410000000000000142e+01,6.179999999999999716e+01,1.000000000000000000e+00
1.783179256033404589e+09,9.008551000079023652e-03,2.520295700014685281e-02,1.670424999974784441e-02,2.497818100164295174e-02,1.317628275926880299e+01,1.066000000000000000e+03,1.087000000000000000e+03,5.290000000000000000e+02,4.750000000000000000e+02,4.866605335786568509e-01,8.979206049149338620e-01,4.289999999999999858e+01,3.410000000000000142e+01,6.229999999999999716e+01,1.000000000000000000e+00
1.783179256142334700e+09,9.123699001065688208e-03,2.458453799954440910e-02,1.684861800094950013e-02,2.582726299988280516e-02,1.309172673802578224e+01,1.077000000000000000e+03,1.066000000000000000e+03,5.860000000000000000e+02,5.660000000000000000e+02,5.497185741088179700e-01,9.658703071672355422e-01,4.420000000000000284e+01,3.410000000000000142e+01,6.179999999999999716e+01,1.000000000000000000e+00
1.783179256254858017e+09,8.265932001449982636e-03,2.635112699863384478e-02,1.801843700013705529e-02,2.520693699989351444e-02,1.284646383031900285e+01,1.052000000000000000e+03,1.077000000000000000e+03,5.310000000000000000e+02,4.810000000000000000e+02,4.930362116991643395e-01,9.058380414312617868e-01,4.220000000000000284e+01,3.410000000000000142e+01,6.229999999999999716e+01,1.000000000000000000e+00
1.783179256368746042e+09,7.174149999627843499e-03,2.644312499978695996e-02,1.736613100001704879e-02,2.632338600051298272e-02,1.293547402666396451e+01,1.078000000000000000e+03,1.052000000000000000e+03,5.470000000000000000e+02,5.110000000000000000e+02,5.199619771863117634e-01,9.341864716636197885e-01,4.439999999999999858e+01,3.410000000000000142e+01,6.129999999999999716e+01,1.000000000000000000e+00
1.783179256477531910e+09,8.029433998672175221e-03,2.553561900094791781e-02,1.665623199914989527e-02,2.657240200096566696e-02,1.302190374064787726e+01,1.085000000000000000e+03,1.078000000000000000e+03,6.120000000000000000e+02,5.870000000000000000e+02,5.677179962894248755e-01,9.591503267973856550e-01,4.320000000000000284e+01,3.410000000000000142e+01,6.229999999999999716e+01,1.000000000000000000e+00
