timestamp,preprocessing_time,detection_time,matching_time,pose_estimation_time,fps,detected_keypoints,raw_matches,good_matches,inliners,match_ratio,inliner_ratio,cpu_usage,memory_usage,cpu_temperature,tracking_ok
1.783179867850865602e+09,8.578682000006665476e-03,3.180133700152509846e-02,2.071881799929542467e-02,2.846971500002837274e-02,1.116463287237743884e+01,1.180000000000000000e+03,1.162000000000000000e+03,6.530000000000000000e+02,6.290000000000000000e+02,5.619621342512908235e-01,9.632465543644717076e-01,4.600000000000000000e+01,3.389999999999999858e+01,5.639999999999999858e+01,1.000000000000000000e+00
1.783179867974205971e+09,6.896352999319788069e-03,3.162817299926246051e-02,1.746347200059972238e-02,3.253173499979311600e-02,1.129691613520319038e+01,1.172000000000000000e+03,1.180000000000000000e+03,7.520000000000000000e+02,7.280000000000000000e+02,6.372881355932202840e-01,9.680851063829787329e-01,4.039999999999999858e+01,3.389999999999999858e+01,5.639999999999999858e+01,1.000000000000000000e+00
1.783179868098294258e+09,1.313810299870965537e-02,2.889130200128420256e-02,1.825279500008036848e-02,3.183009599888464436e-02,1.085631390635733240e+01,1.177000000000000000e+03,1.172000000000000000e+03,7.320000000000000000e+02,7.060000000000000000e+02,6.245733788395904096e-01,9.644808743169398513e-01,4.129999999999999716e+01,3.400000000000000000e+01,5.689999999999999858e+01,1.000000000000000000e+00
1.783179868217148066e+09,8.253705000242916867e-03,3.069927800061122980e-02,1.916376399822183885e-02,2.963340300084382761e-02,1.139599191569374881e+01,1.167000000000000000e+03,1.177000000000000000e+03,7.260000000000000000e+02,7.030000000000000000e+02,6.168224299065420135e-01,9.683195592286500952e-01,4.260000000000000142e+01,3.400000000000000000e+01,5.639999999999999858e+01,1.000000000000000000e+00
1.783179868338214397e+09,6.873685999380541034e-03,3.131512200161523651e-02,1.771952399940346368e-02,3.150110000024142209e-02,1.144041297502849019e+01,1.166000000000000000e+03,1.167000000000000000e+03,7.390000000000000000e+02,7.150000000000000000e+02,6.332476435304198459e-01,9.675236806495264297e-01,4.170000000000000284e+01,3.400000000000000000e+01,5.639999999999999858e+01,1.000000000000000000e+00
1.783179868462214231e+09,1.080689300033554900e-02,3.161483999974734616e-02,1.826529500067408662e-02,3.242956899885029998e-02,1.073922407199027518e+01,1.165000000000000000e+03,1.166000000000000000e+03,7.600000000000000000e+02,7.270000000000000000e+02,6.518010291595197625e-01,9.565789473684210842e-01,4.400000000000000000e+01,3.400000000000000000e+01,5.689999999999999858e+01,1.000000000000000000e+00
1.783179868580685854e+09,7.875821000197902322e-03,3.048444800151628442e-02,1.905709899983776268e-02,3.145735999896714929e-02,1.125179252300113042e+01,1.168000000000000000e+03,1.165000000000000000e+03,7.370000000000000000e+02,7.150000000000000000e+02,6.326180257510729543e-01,9.701492537313433084e-01,4.260000000000000142e+01,3.400000000000000000e+01,5.689999999999999858e+01,1.000000000000000000e+00
1.783179868699339628e+09,6.863094000436831266e-03,2.850776999912341125e-02,1.872604799973487388e-02,3.041361500072525814e-02,1.183284539214574949e+01,1.170000000000000000e+03,1.168000000000000000e+03,7.150000000000000000e+02,6.930000000000000000e+02,6.121575342465753744e-01,9.692307692307692291e-01,4.260000000000000142e+01,3.400000000000000000e+01,5.600000000000000000e+01,1.000000000000000000e+00
1.783179868820215702e+09,7.535992999692098238e-03,3.119762300048023462e-02,1.885069399941130541e-02,3.249042099923826754e-02,1.110189271631662322e+01,1.170000000000000000e+03,1.170000000000000000e+03,7.670000000000000000e+02,7.310000000000000000e+02,6.555555555555555580e-01,9.530638852672751460e-01,4.350000000000000000e+01,3.400000000000000000e+01,5.689999999999999858e+01,1.000000000000000000e+00
1.783179868945305586e+09,7.168553000155952759e-03,2.969534600015322212e-02,1.990542099883896299e-02,3.464235600040410645e-02,1.093952155526497805e+01,1.176000000000000000e+03,1.170000000000000000e+03,7.530000000000000000e+02,7.270000000000000000e+02,6.435897435897436347e-01,9.654714475431607212e-01,3.960000000000000142e+01,3.400000000000000000e+01,5.739999999999999858e+01,1.000000000000000000e+00
1.783179869071468830e+09,1.039380699876346625e-02,3.150000800087582320e-02,1.793996500055072829e-02,3.483861199856619351e-02,1.056274145912715312e+01,1.171000000000000000e+03,1.176000000000000000e+03,7.580000000000000000e+02,7.350000000000000000e+02,6.445578231292516946e-01,9.696569920844326784e-01,3.879999999999999716e+01,3.400000000000000000e+01,5.689999999999999858e+01,1.000000000000000000e+00
1.783179869198615551e+09,9.325246999651426449e-03,2.861049000057391822e-02,1.915041299980657641e-02,3.310176400009368081e-02,1.108796018941747974e+01,1.170000000000000000e+03,1.171000000000000000e+03,7.460000000000000000e+02,7.270000000000000000e+02,6.370623398804440285e-01,9.745308310991956935e-01,4.310000000000000142e+01,3.400000000000000000e+01,5.689999999999999858e+01,1.000000000000000000e+00
1.783179869318333149e+09,7.376179999482701533e-03,2.853428799971879926e-02,1.953855499959900044e-02,3.245036599946615752e-02,1.137664335777942171e+01,1.167000000000000000e+03,1.170000000000000000e+03,7.610000000000000000e+02,7.420000000000000000e+02,6.504273504273504480e-01,9.750328515111694738e-01,4.370000000000000284e+01,3.400000000000000000e+01,5.639999999999999858e+01,1.000000000000000000e+00
1.783179869441311836e+09,8.887142001185566187e-03,2.846736299943586346e-02,1.840925500073353760e-02,3.294980399914493319e-02,1.127223340947462127e+01,1.158000000000000000e+03,1.167000000000000000e+03,7.540000000000000000e+02,7.270000000000000000e+02,6.461011139674378567e-01,9.641909814323607053e-01,3.829999999999999716e+01,3.410000000000000142e+01,5.739999999999999858e+01,1.000000000000000000e+00
1.783179869559661150e+09,8.130965999953332357e-03,2.906717000041680876e-02,1.893898900016210973e-02,3.009565600041241851e-02,1.159651803400663894e+01,1.167000000000000000e+03,1.158000000000000000e+03,6.680000000000000000e+02,6.360000000000000000e+02,5.768566493955095131e-01,9.520958083832334884e-01,4.129999999999999716e+01,3.410000000000000142e+01,5.600000000000000000e+01,1.000000000000000000e+00
1.783179869681550026e+09,6.969852000111131929e-03,3.063859400026558433e-02,1.937327899941010401e-02,3.172693099986645393e-02,1.127285707049725261e+01,1.164000000000000000e+03,1.167000000000000000e+03,7.550000000000000000e+02,7.250000000000000000e+02,6.469580119965724352e-01,9.602649006622516747e-01,4.260000000000000142e+01,3.410000000000000142e+01,5.689999999999999858e+01,1.000000000000000000e+00
1.783179869805362701e+09,7.211292999272700399e-03,3.070807400035846513e-02,1.779963399894768372e-02,2.992852900024445262e-02,1.167575994326676891e+01,1.166000000000000000e+03,1.164000000000000000e+03,6.990000000000000000e+02,6.740000000000000000e+02,6.005154639175257492e-01,9.642346208869814195e-01,4.310000000000000142e+01,3.410000000000000142e+01,5.889999999999999858e+01,1.000000000000000000e+00
1.783179869929554462e+09,9.226803998899413273e-03,3.026328300074965227e-02,1.842573700014327187e-02,3.270625199911592063e-02,1.103483879592481642e+01,1.175000000000000000e+03,1.166000000000000000e+03,7.280000000000000000e+02,7.110000000000000000e+02,6.243567753001715293e-01,9.766483516483516203e-01,4.720000000000000284e+01,3.400000000000000000e+01,5.639999999999999858e+01,1.000000000000000000e+00
1.783179870045901060e+09,9.367487000417895615e-03,2.753591199871152639e-02,1.876715800062811468e-02,3.060655700028291903e-02,1.159055922987330156e+01,1.171000000000000000e+03,1.175000000000000000e+03,7.130000000000000000e+02,6.860000000000000000e+02,6.068085106382978822e-01,9.621318373071529040e-01,4.089999999999999858e+01,3.410000000000000142e+01,5.789999999999999858e+01,1.000000000000000000e+00
1.783179870174304008e+09,8.315334000144503079e-03,2.821975500046391971e-02,1.835083100013434887e-02,3.409389899934467394e-02,1.123850341838768152e+01,1.156000000000000000e+03,1.171000000000000000e+03,7.610000000000000000e+02,7.390000000000000000e+02,6.498719043552518837e-01,9.710906701708278410e-01,4.000000000000000000e+01,3.410000000000000142e+01,5.600000000000000000e+01,1.000000000000000000e+00
1.783179870299669266e+09,7.961152999996556900e-03,2.949405300023499876e-02,1.831957200010947417e-02,3.440048800075601321e-02,1.108951538870796760e+01,1.170000000000000000e+03,1.156000000000000000e+03,7.650000000000000000e+02,7.390000000000000000e+02,6.617647058823529216e-01,9.660130718954248463e-01,4.629999999999999716e+01,3.400000000000000000e+01,5.639999999999999858e+01,1.000000000000000000e+00
1.783179870424733162e+09,8.264002000942127779e-03,2.906087299925275147e-02,1.937165100025595166e-02,3.364570099984121043e-02,1.106902091307498281e+01,1.170000000000000000e+03,1.170000000000000000e+03,7.410000000000000000e+02,7.140000000000000000e+02,6.333333333333333037e-01,9.635627530364372362e-01,4.620000000000000284e+01,3.400000000000000000e+01,5.689999999999999858e+01,1.000000000000000000e+00
1.783179870546594381e+09,8.668014999784645624e-03,3.012711800147371832e-02,1.914722799847368151e-02,3.335109399995417334e-02,1.095368775344779166e+01,1.169000000000000000e+03,1.170000000000000000e+03,7.950000000000000000e+02,7.710000000000000000e+02,6.794871794871795156e-01,9.698113207547169878e-01,4.289999999999999858e+01,3.410000000000000142e+01,5.689999999999999858e+01,1.000000000000000000e+00
1.783179870667641163e+09,7.313254000109736808e-03,2.851190000001224689e-02,1.947214899882965256e-02,3.227451600105268881e-02,1.141919868079879308e+01,1.172000000000000000e+03,1.169000000000000000e+03,7.520000000000000000e+02,7.380000000000000000e+02,6.432848588537211088e-01,9.813829787234042978e-01,3.910000000000000142e+01,3.400000000000000000e+01,5.789999999999999858e+01,1.000000000000000000e+00
1.783179870790509939e+09,7.940838999275001697e-03,2.896646800036251079e-02,2.004221499919367488e-02,3.210074100024939980e-02,1.122961310075327468e+01,1.173000000000000000e+03,1.172000000000000000e+03,7.200000000000000000e+02,6.970000000000000000e+02,6.143344709897611278e-01,9.680555555555555580e-01,4.370000000000000284e+01,3.410000000000000142e+01,5.789999999999999858e+01,1.000000000000000000e+00
1.783179870911129713e+09,7.149572000344051048e-03,2.833803100111254025e-02,1.930128099957073573e-02,3.022922899981494993e-02,1.176219942672796037e+01,1.173000000000000000e+03,1.173000000000000000e+03,6.840000000000000000e+02,6.600000000000000000e+02,5.831202046035806053e-01,9.649122807017543879e-01,4.129999999999999716e+01,3.410000000000000142e+01,5.739999999999999858e+01,1.000000000000000000e+00
1.783179871031531334e+09,8.739105998756713234e-03,3.126402999987476505e-02,1.754558200082101393e-02,3.095679299985931721e-02,1.129873144292422360e+01,1.166000000000000000e+03,1.173000000000000000e+03,7.020000000000000000e+02,6.740000000000000000e+02,5.984654731457800247e-01,9.601139601139601076e-01,4.289999999999999858e+01,3.410000000000000142e+01,5.689999999999999858e+01,1.000000000000000000e+00
1.783179871150084019e+09,9.472854999330593273e-03,3.084948000105214305e-02,1.971107200006372295e-02,2.866004499992413912e-02,1.127478948497597777e+01,1.163000000000000000e+03,1.166000000000000000e+03,6.950000000000000000e+02,6.690000000000000000e+02,5.960548885077187053e-01,9.625899280575539452e-01,4.579999999999999716e+01,3.400000000000000000e+01,5.789999999999999858e+01,1.000000000000000000e+00
1.783179871278088093e+09,7.223181999506778084e-03,3.078138799901353195e-02,1.756624900008318946e-02,3.348422199997003190e-02,1.122901060722680278e+01,1.170000000000000000e+03,1.163000000000000000e+03,7.690000000000000000e+02,7.450000000000000000e+02,6.612209802235597955e-01,9.687906371911573222e-01,4.620000000000000284e+01,3.400000000000000000e+01,5.789999999999999858e+01,1.000000000000000000e+00
1.783179871392326832e+09,8.511497999279526994e-03,3.032969000014418270e-02,1.672324100036348682e-02,2.381540699934703298e-02,1.259765767229484723e+01,1.170000000000000000e+03,1.170000000000000000e+03,4.520000000000000000e+02,3.780000000000000000e+02,3.863247863247863401e-01,8.362831858407079322e-01,4.470000000000000284e+01,3.410000000000000142e+01,5.839999999999999858e+01,1.000000000000000000e+00
1.783179871495906353e+09,6.354712000756990165e-03,2.908417000071494840e-02,1.611778599908575416e-02,1.918048600055044517e-02,1.413684242914741063e+01,1.066000000000000000e+03,1.170000000000000000e+03,3.250000000000000000e+02,2.790000000000000000e+02,2.777777777777777901e-01,8.584615384615384981e-01,4.389999999999999858e+01,3.410000000000000142e+01,5.889999999999999858e+01,1.000000000000000000e+00
1.783179871604833126e+09,7.877322001149877906e-03,2.688704999854962807e-02,1.687998000124935061e-02,2.126460599902202375e-02,1.371573572619703896e+01,1.130000000000000000e+03,1.066000000000000000e+03,3.310000000000000000e+02,2.640000000000000000e+02,3.105065666041275652e-01,7.975830815709969990e-01,4.670000000000000284e+01,3.400000000000000000e+01,5.789999999999999858e+01,1.000000000000000000e+00
1.783179871712700367e+09,8.177317999070510268e-03,3.027520900104718748e-02,1.759850700000242796e-02,2.055411599940271117e-02,1.305395263903574232e+01,1.149000000000000000e+03,1.130000000000000000e+03,3.210000000000000000e+02,2.640000000000000000e+02,2.840707964601769664e-01,8.224299065420560551e-01,4.770000000000000284e+01,3.410000000000000142e+01,5.739999999999999858e+01,1.000000000000000000e+00
1.783179871826442480e+09,9.184045000438345596e-03,2.929588899860391393e-02,1.788942900020629168e-02,2.494916900104726665e-02,1.229731987779073776e+01,1.173000000000000000e+03,1.149000000000000000e+03,4.020000000000000000e+02,3.460000000000000000e+02,3.498694516971279644e-01,8.606965174129352913e-01,4.370000000000000284e+01,3.410000000000000142e+01,5.839999999999999858e+01,1.000000000000000000e+00
1.783179871937060833e+09,7.744712000203435309e-03,2.838369699929899070e-02,1.833023800099908840e-02,2.181422899957397021e-02,1.311082068019842772e+01,1.157000000000000000e+03,1.173000000000000000e+03,4.820000000000000000e+02,4.240000000000000000e+02,4.109121909633418612e-01,8.796680497925311037e-01,4.570000000000000284e+01,3.400000000000000000e+01,5.789999999999999858e+01,1.000000000000000000e+00
1.783179872050204754e+09,7.567343998744036071e-03,3.010035900115326513e-02,1.868647499941289425e-02,2.308782299951417372e-02,1.258779974606629892e+01,1.162000000000000000e+03,1.157000000000000000e+03,4.370000000000000000e+02,3.720000000000000000e+02,3.777009507346585915e-01,8.512585812356979753e-01,4.679999999999999716e+01,3.400000000000000000e+01,5.839999999999999858e+01,1.000000000000000000e+00
1.783179872166135550e+09,7.711231000939733349e-03,2.993043599963129964e-02,1.732595599969499744e-02,2.675253300003532786e-02,1.223688315030030438e+01,1.161000000000000000e+03,1.162000000000000000e+03,4.660000000000000000e+02,3.790000000000000000e+02,4.010327022375215211e-01,8.133047210300429208e-01,4.900000000000000000e+01,3.410000000000000142e+01,5.739999999999999858e+01,1.000000000000000000e+00
1.783179872280292749e+09,1.015438399917911738e-02,3.001512000082584564e-02,1.857080899935681373e-02,2.420819700091669802e-02,1.205567164493542798e+01,1.160000000000000000e+03,1.161000000000000000e+03,5.160000000000000000e+02,4.630000000000000000e+02,4.444444444444444198e-01,8.972868217054263962e-01,4.350000000000000000e+01,3.410000000000000142e+01,5.789999999999999858e+01,1.000000000000000000e+00
1.783179872394591331e+09,8.895974999177269638e-03,3.065511100066942163e-02,1.741038000000116881e-02,2.146360400001867674e-02,1.275102464048424622e+01,1.178000000000000000e+03,1.160000000000000000e+03,4.250000000000000000e+02,3.590000000000000000e+02,3.663793103448275690e-01,8.447058823529411953e-01,5.100000000000000000e+01,3.410000000000000142e+01,5.839999999999999858e+01,1.000000000000000000e+00
1.783179872508101702e+09,7.000739999057259411e-03,3.114632700089714490e-02,1.828938700055005029e-02,2.124369999910413753e-02,1.287330094640438993e+01,1.166000000000000000e+03,1.178000000000000000e+03,4.580000000000000000e+02,3.940000000000000000e+02,3.887945670628183414e-01,8.602620087336244614e-01,5.089999999999999858e+01,3.410000000000000142e+01,5.689999999999999858e+01,1.000000000000000000e+00
1.783179872622555971e+09,8.695606999026495032e-03,2.805320100014796481e-02,1.729203000104462262e-02,2.606052499868383165e-02,1.248418207332746910e+01,1.141000000000000000e+03,1.166000000000000000e+03,4.370000000000000000e+02,3.660000000000000000e+02,3.747855917667238246e-01,8.375286041189931030e-01,5.360000000000000142e+01,3.410000000000000142e+01,5.739999999999999858e+01,1.000000000000000000e+00
1.783179872729556799e+09,7.445920000463956967e-03,2.754048699898703489e-02,1.650337300088722259e-02,2.399655199951666873e-02,1.324743133633678838e+01,1.095000000000000000e+03,1.141000000000000000e+03,3.320000000000000000e+02,2.630000000000000000e+02,2.909728308501314809e-01,7.921686746987951500e-01,4.900000000000000000e+01,3.410000000000000142e+01,5.789999999999999858e+01,1.000000000000000000e+00
1.783179872843932152e+09,8.011652998902718537e-03,2.833069799999066163e-02,1.885326900082873181e-02,2.480161499988753349e-02,1.250043204624359383e+01,1.149000000000000000e+03,1.095000000000000000e+03,2.790000000000000000e+02,2.100000000000000000e+02,2.547945205479452135e-01,7.526881720430107503e-01,5.539999999999999858e+01,3.400000000000000000e+01,5.789999999999999858e+01,1.000000000000000000e+00
1.783179872961366177e+09,1.010006999968027230e-02,3.020937700057402253e-02,1.748326799861388281e-02,2.924292700117803179e-02,1.148954585754039748e+01,1.150000000000000000e+03,1.149000000000000000e+03,4.600000000000000000e+02,3.640000000000000000e+02,4.003481288076588540e-01,7.913043478260869401e-01,5.179999999999999716e+01,3.410000000000000142e+01,5.739999999999999858e+01,1.000000000000000000e+00
1.783179873150968552e+09,8.791012000074260868e-03,2.711247399929561652e-02,9.471864999977697153e-02,2.830777300005138386e-02,6.292081876200185775e+00,1.164000000000000000e+03,1.150000000000000000e+03,4.650000000000000000e+02,3.850000000000000000e+02,4.043478260869565188e-01,8.279569892473118697e-01,5.229999999999999716e+01,3.410000000000000142e+01,5.739999999999999858e+01,1.000000000000000000e+00
1.783179873262684345e+09,7.139850000385195017e-03,3.088977500010514632e-02,1.741317599953617901e-02,2.389623899944126606e-02,1.260413536648172261e+01,1.136000000000000000e+03,1.164000000000000000e+03,4.510000000000000000e+02,3.880000000000000000e+02,3.874570446735395302e-01,8.603104212860310795e-01,5.189999999999999858e+01,3.400000000000000000e+01,5.739999999999999858e+01,1.000000000000000000e+00
1.783179873378709078e+09,6.950480999876162969e-03,3.062257499914267100e-02,1.855119900028512347e-02,2.382601700082886964e-02,1.250777483281531133e+01,1.170000000000000000e+03,1.136000000000000000e+03,4.530000000000000000e+02,3.860000000000000000e+02,3.987676056338028130e-01,8.520971302428256289e-01,5.270000000000000284e+01,3.400000000000000000e+01,5.839999999999999858e+01,1.000000000000000000e+00
1.783179873493749619e+09,9.335542999906465411e-03,2.809047899972938467e-02,1.775996799915446900e-02,2.530240500163927209e-02,1.242415133255747861e+01,1.133000000000000000e+03,1.170000000000000000e+03,4.140000000000000000e+02,3.520000000000000000e+02,3.538461538461538658e-01,8.502415458937198078e-01,5.189999999999999858e+01,3.400000000000000000e+01,5.739999999999999858e+01,1.000000000000000000e+00
1.783179873604699135e+09,7.557491999250487424e-03,2.796544400007405784e-02,1.854612399984034710e-02,2.410331000100995880e-02,1.279224360215461331e+01,1.147000000000000000e+03,1.133000000000000000e+03,3.890000000000000000e+02,3.160000000000000000e+02,3.433362753751103003e-01,8.123393316195373082e-01,5.100000000000000000e+01,3.410000000000000142e+01,5.689999999999999858e+01,1.000000000000000000e+00
1.783179873722893000e+09,1.259174000006169081e-02,2.795844399952329695e-02,1.801242700094007887e-02,2.526231299998471513e-02,1.192962608583955841e+01,1.127000000000000000e+03,1.147000000000000000e+03,4.950000000000000000e+02,4.300000000000000000e+02,4.315605928509154143e-01,8.686868686868687295e-01,5.360000000000000142e+01,3.410000000000000142e+01,5.689999999999999858e+01,1.000000000000000000e+00
1.783179873830234051e+09,8.133707000524736941e-03,2.752646799854119308e-02,1.640296799996576738e-02,2.475537500140490010e-02,1.301769450947122486e+01,1.156000000000000000e+03,1.127000000000000000e+03,4.850000000000000000e+02,4.070000000000000000e+02,4.303460514640639056e-01,8.391752577319587791e-01,4.470000000000000284e+01,3.410000000000000142e+01,5.789999999999999858e+01,1.000000000000000000e+00
1.783179873948054314e+09,6.984314999499474652e-03,2.948923800067859702e-02,1.889143500011414289e-02,2.464157999929739162e-02,1.249897383431232178e+01,1.141000000000000000e+03,1.156000000000000000e+03,4.910000000000000000e+02,4.220000000000000000e+02,4.247404844290657566e-01,8.594704684317718835e-01,4.570000000000000284e+01,3.410000000000000142e+01,5.739999999999999858e+01,1.000000000000000000e+00
1.783179874062255859e+09,7.806118999724276364e-03,3.051927999877079856e-02,1.657242800138192251e-02,2.364796399888291489e-02,1.273142694578998046e+01,1.156000000000000000e+03,1.141000000000000000e+03,4.540000000000000000e+02,3.880000000000000000e+02,3.978965819456616870e-01,8.546255506607929320e-01,4.689999999999999858e+01,3.410000000000000142e+01,5.889999999999999858e+01,1.000000000000000000e+00
1.783179874169182777e+09,7.255218999489443377e-03,2.912935399945126846e-02,1.786830000128247775e-02,2.242523899985826574e-02,1.304153133033502066e+01,1.160000000000000000e+03,1.156000000000000000e+03,4.740000000000000000e+02,4.150000000000000000e+02,4.100346020761245769e-01,8.755274261603375185e-01,4.439999999999999858e+01,3.410000000000000142e+01,5.839999999999999858e+01,1.000000000000000000e+00
1.783179874282504559e+09,9.677074998762691393e-03,2.999295400150003843e-02,1.952583299862453714e-02,2.402718099983758293e-02,1.201590285535848679e+01,1.171000000000000000e+03,1.160000000000000000e+03,4.520000000000000000e+02,3.820000000000000000e+02,3.896551724137931050e-01,8.451327433628318397e-01,4.679999999999999716e+01,3.400000000000000000e+01,5.789999999999999858e+01,1.000000000000000000e+00
1.783179874396838903e+09,8.198225001251557842e-03,2.823664399875269737e-02,1.771406100124295335e-02,2.297865800028375816e-02,1.296552927313311265e+01,1.145000000000000000e+03,1.171000000000000000e+03,4.180000000000000000e+02,3.560000000000000000e+02,3.569598633646455799e-01,8.516746411483253620e-01,4.050000000000000000e+01,3.410000000000000142e+01,5.939999999999999858e+01,1.000000000000000000e+00
1.783179874502257824e+09,6.583653999769012444e-03,2.882046900049317628e-02,1.861069699953077361e-02,1.941455800078983884e-02,1.361852745085302452e+01,1.134000000000000000e+03,1.145000000000000000e+03,4.280000000000000000e+02,3.950000000000000000e+02,3.737991266375546018e-01,9.228971962616822067e-01,3.900000000000000000e+01,3.410000000000000142e+01,5.739999999999999858e+01,1.000000000000000000e+00
1.783179874619853973e+09,8.179575999747612514e-03,2.993354799946246203e-02,1.774604199999885168e-02,2.842023400080506690e-02,1.186529567130086349e+01,1.131000000000000000e+03,1.134000000000000000e+03,4.680000000000000000e+02,3.710000000000000000e+02,4.126984126984126755e-01,7.927350427350426942e-01,4.260000000000000142e+01,3.410000000000000142e+01,5.789999999999999858e+01,1.000000000000000000e+00
1.783179874733338594e+09,7.353606000833678991e-03,2.867278600024292246e-02,1.698712600045837462e-02,2.600780299871985335e-02,1.265481249037554257e+01,1.135000000000000000e+03,1.131000000000000000e+03,4.100000000000000000e+02,3.360000000000000000e+02,3.625110521662245899e-01,8.195121951219511702e-01,4.189999999999999858e+01,3.400000000000000000e+01,5.739999999999999858e+01,1.000000000000000000e+00
1.783179874851624489e+09,8.209669000279973261e-03,3.131578800093848258e-02,1.834020099886402022e-02,2.616072700038785115e-02,1.190102370814122956e+01,1.133000000000000000e+03,1.135000000000000000e+03,4.100000000000000000e+02,3.210000000000000000e+02,3.612334801762114300e-01,7.829268292682927122e-01,4.000000000000000000e+01,3.410000000000000142e+01,5.839999999999999858e+01,1.000000000000000000e+00
1.783179874959800243e+09,7.941634999951929785e-03,2.984277100040344521e-02,1.714758700109086931e-02,1.944798299882677384e-02,1.344447865909945250e+01,1.142000000000000000e+03,1.133000000000000000e+03,4.030000000000000000e+02,3.540000000000000000e+02,3.556928508384818999e-01,8.784119106699751489e-01,4.050000000000000000e+01,3.410000000000000142e+01,5.839999999999999858e+01,1.000000000000000000e+00
1.783179875070354939e+09,6.424044999221223406e-03,3.086199700010183733e-02,1.790548499957367312e-02,2.444671300145273563e-02,1.255678176709595562e+01,1.146000000000000000e+03,1.142000000000000000e+03,4.830000000000000000e+02,4.280000000000000000e+02,4.229422066549912707e-01,8.861283643892339246e-01,3.900000000000000000e+01,3.400000000000000000e+01,5.789999999999999858e+01,1.000000000000000000e+00
1.783179875180459261e+09,8.508924000125261955e-03,2.978527100094652269e-02,1.859932700062927324e-02,2.321850699991045985e-02,1.248251994690939881e+01,1.135000000000000000e+03,1.146000000000000000e+03,5.050000000000000000e+02,4.580000000000000000e+02,4.406631762652705175e-01,9.069306930693069591e-01,4.889999999999999858e+01,3.410000000000000142e+01,5.839999999999999858e+01,1.000000000000000000e+00
1.783179875295504808e+09,9.425152999028796330e-03,2.933729600044898689e-02,1.658470499933173414e-02,2.280014200005098246e-02,1.279634806576776995e+01,1.089000000000000000e+03,1.135000000000000000e+03,3.580000000000000000e+02,2.870000000000000000e+02,3.154185022026431695e-01,8.016759776536312998e-01,4.050000000000000000e+01,3.410000000000000142e+01,5.789999999999999858e+01,1.000000000000000000e+00
1.783179875407884121e+09,8.125502999973832630e-03,2.749583900003926829e-02,1.666105599906586576e-02,2.920296500087715685e-02,1.227214266690495670e+01,1.065000000000000000e+03,1.089000000000000000e+03,3.450000000000000000e+02,2.630000000000000000e+02,3.168044077134986036e-01,7.623188405797101108e-01,4.350000000000000000e+01,3.410000000000000142e+01,5.739999999999999858e+01,1.000000000000000000e+00
1.783179875518798590e+09,8.234872000684845261e-03,3.140769499987072777e-02,1.591063999876496382e-02,2.520255499985069036e-02,1.238301732587530601e+01,1.102000000000000000e+03,1.065000000000000000e+03,2.810000000000000000e+02,2.120000000000000000e+02,2.638497652582159625e-01,7.544483985765124689e-01,4.289999999999999858e+01,3.410000000000000142e+01,5.789999999999999858e+01,1.000000000000000000e+00
1.783179875631343603e+09,6.720188999679521658e-03,2.947283100002096035e-02,1.621824799985915888e-02,2.669655300087470096e-02,1.264097515711511655e+01,1.098000000000000000e+03,1.102000000000000000e+03,3.920000000000000000e+02,3.050000000000000000e+02,3.557168784029038355e-01,7.780612244897958663e-01,4.089999999999999858e+01,3.410000000000000142e+01,5.689999999999999858e+01,1.000000000000000000e+00
1.783179875740046024e+09,8.902678000595187768e-03,2.999641700080246665e-02,1.853312399907736108e-02,1.811716700103715993e-02,1.323637494525745417e+01,1.141000000000000000e+03,1.098000000000000000e+03,3.310000000000000000e+02,2.830000000000000000e+02,3.014571948998178708e-01,8.549848942598187174e-01,4.289999999999999858e+01,3.400000000000000000e+01,5.739999999999999858e+01,1.000000000000000000e+00
1.783179875846795559e+09,8.325871000124607235e-03,2.961279200098942965e-02,1.731519699933414813e-02,2.114971899936790578e-02,1.308839210271036002e+01,1.124000000000000000e+03,1.141000000000000000e+03,4.130000000000000000e+02,3.540000000000000000e+02,3.619631901840490995e-01,8.571428571428570953e-01,4.000000000000000000e+01,3.410000000000000142e+01,5.989999999999999858e+01,1.000000000000000000e+00
1.783179875956213713e+09,8.369147999474080279e-03,2.754932000061671715e-02,1.650620700092986226e-02,2.100212799996370450e-02,1.361900503807300389e+01,1.131000000000000000e+03,1.124000000000000000e+03,4.320000000000000000e+02,3.830000000000000000e+02,3.843416370106761404e-01,8.865740740740740700e-01,4.150000000000000000e+01,3.410000000000000142e+01,5.789999999999999858e+01,1.000000000000000000e+00
1.783179876071322203e+09,7.598973001222475432e-03,2.819629300029191654e-02,1.727376999951957259e-02,2.713321400005952455e-02,1.246847812856080573e+01,1.113000000000000000e+03,1.131000000000000000e+03,4.370000000000000000e+02,3.510000000000000000e+02,3.863837312113174161e-01,8.032036613272310888e-01,4.129999999999999716e+01,3.389999999999999858e+01,5.739999999999999858e+01,1.000000000000000000e+00
1.783179876182529211e+09,9.692462999737472273e-03,2.785318600035679992e-02,1.772111699938250240e-02,2.369044499937444925e-02,1.266508767659674994e+01,1.078000000000000000e+03,1.113000000000000000e+03,4.330000000000000000e+02,3.690000000000000000e+02,3.890386343216531984e-01,8.521939953810623303e-01,3.900000000000000000e+01,3.400000000000000000e+01,5.789999999999999858e+01,1.000000000000000000e+00
1.783179876289826155e+09,7.481605000066338107e-03,2.827319899915892165e-02,1.674255500074650627e-02,2.124014400033047423e-02,1.356162006185510727e+01,1.127000000000000000e+03,1.078000000000000000e+03,3.730000000000000000e+02,3.180000000000000000e+02,3.460111317254174201e-01,8.525469168900804418e-01,4.050000000000000000e+01,3.400000000000000000e+01,5.889999999999999858e+01,1.000000000000000000e+00
1.783179876398119688e+09,9.028731999933370389e-03,2.962112500063085463e-02,1.664437200088286772e-02,2.052109800024481956e-02,1.318994508824955325e+01,1.140000000000000000e+03,1.127000000000000000e+03,4.150000000000000000e+02,3.600000000000000000e+02,3.682342502218278746e-01,8.674698795180723065e-01,4.189999999999999858e+01,3.400000000000000000e+01,5.839999999999999858e+01,1.000000000000000000e+00
1.783179876504981279e+09,7.413364999592886306e-03,2.776807599911990110e-02,1.794083500135457143e-02,2.042650699877412990e-02,1.359641804019723388e+01,1.135000000000000000e+03,1.140000000000000000e+03,4.330000000000000000e+02,3.700000000000000000e+02,3.798245614035087869e-01,8.545034642032333094e-01,4.650000000000000000e+01,3.400000000000000000e+01,5.889999999999999858e+01,1.000000000000000000e+00
1.783179876615818739e+09,5.810922999444301240e-03,3.010248900136502925e-02,1.717671699952916242e-02,2.255570099987380672e-02,1.321949934315207464e+01,1.124000000000000000e+03,1.135000000000000000e+03,4.400000000000000000e+02,3.840000000000000000e+02,3.876651982378854777e-01,8.727272727272726849e-01,4.320000000000000284e+01,3.400000000000000000e+01,5.789999999999999858e+01,1.000000000000000000e+00
1.783179876727656126e+09,8.210021000195411034e-03,2.999950899902614765e-02,1.624921099937637337e-02,2.157691700085706543e-02,1.315172415562140174e+01,1.124000000000000000e+03,1.124000000000000000e+03,4.260000000000000000e+02,3.630000000000000000e+02,3.790035587188612110e-01,8.521126760563380031e-01,4.250000000000000000e+01,3.400000000000000000e+01,5.789999999999999858e+01,1.000000000000000000e+00
1.783179876841147423e+09,8.106687999315909110e-03,2.970638400074676611e-02,1.823736900041694753e-02,2.225646399892866611e-02,1.277026591725922877e+01,1.129000000000000000e+03,1.124000000000000000e+03,4.330000000000000000e+02,3.660000000000000000e+02,3.852313167259786564e-01,8.452655889145496149e-01,3.860000000000000142e+01,3.410000000000000142e+01,5.839999999999999858e+01,1.000000000000000000e+00
1.783179876947625875e+09,1.094476199978089426e-02,2.960736699969857000e-02,1.578803099982906133e-02,2.018162100102927070e-02,1.306817466775355996e+01,1.093000000000000000e+03,1.129000000000000000e+03,4.180000000000000000e+02,3.620000000000000000e+02,3.702391496899911649e-01,8.660287081339712589e-01,4.150000000000000000e+01,3.410000000000000142e+01,5.839999999999999858e+01,1.000000000000000000e+00
1.783179877056858063e+09,8.451257999695371836e-03,2.969588400083011948e-02,1.661568700001225807e-02,2.047039500030223280e-02,1.329199982163246041e+01,1.129000000000000000e+03,1.093000000000000000e+03,3.780000000000000000e+02,3.210000000000000000e+02,3.458371454711802184e-01,8.492063492063491870e-01,4.650000000000000000e+01,3.400000000000000000e+01,5.939999999999999858e+01,1.000000000000000000e+00
1.783179877164339304e+09,7.503511000322760083e-03,2.919661299893050455e-02,1.646950400026980788e-02,2.021188000071560964e-02,1.362741141810205647e+01,1.111000000000000000e+03,1.129000000000000000e+03,4.200000000000000000e+02,3.750000000000000000e+02,3.720106288751107160e-01,8.928571428571429047e-01,4.420000000000000284e+01,3.410000000000000142e+01,5.789999999999999858e+01,1.000000000000000000e+00
1.783179877280448675e+09,9.105694000027142465e-03,3.008911899996746797e-02,2.007099299953551963e-02,2.736122900023474358e-02,1.154374035776145746e+01,1.131000000000000000e+03,1.111000000000000000e+03,4.620000000000000000e+02,3.800000000000000000e+02,4.158415841584158223e-01,8.225108225108225257e-01,4.000000000000000000e+01,3.400000000000000000e+01,5.789999999999999858e+01,1.000000000000000000e+00
1.783179877398798943e+09,7.597177000207011588e-03,2.923450100024638232e-02,1.712562399916350842e-02,2.399640400108182803e-02,1.282812647792571425e+01,1.133000000000000000e+03,1.131000000000000000e+03,4.540000000000000000e+02,3.790000000000000000e+02,4.014146772767462346e-01,8.348017621145374934e-01,4.089999999999999858e+01,3.410000000000000142e+01,5.889999999999999858e+01,1.000000000000000000e+00
1.783179877510422468e+09,9.086342000955482945e-03,2.931051799896522425e-02,1.852514300117036328e-02,2.391077599895652384e-02,1.237121885911421160e+01,1.110000000000000000e+03,1.133000000000000000e+03,4.810000000000000000e+02,4.200000000000000000e+02,4.245366284201235740e-01,8.731808731808732293e-01,4.350000000000000000e+01,3.400000000000000000e+01,5.839999999999999858e+01,1.000000000000000000e+00
1.783179877625361919e+09,9.330116999990423210e-03,2.794762899975467008e-02,1.724199300042528193e-02,2.637377999963064212e-02,1.236192976105366093e+01,1.111000000000000000e+03,1.110000000000000000e+03,4.070000000000000000e+02,3.270000000000000000e+02,3.666666666666666408e-01,8.034398034398034794e-01,4.220000000000000284e+01,3.410000000000000142e+01,5.739999999999999858e+01,1.000000000000000000e+00
1.783179877732911587e+09,8.034022999709122814e-03,2.755465300106152426e-02,1.913639399936073460e-02,1.981290399999124929e-02,1.341598042359394860e+01,1.097000000000000000e+03,1.111000000000000000e+03,3.900000000000000000e+02,3.330000000000000000e+02,3.510351035103510542e-01,8.538461538461538103e-01,4.000000000000000000e+01,3.400000000000000000e+01,5.789999999999999858e+01,1.000000000000000000e+00
1.783179877841970444e+09,7.876636000219150446e-03,2.759794899975531735e-02,1.938337200044770725e-02,1.930687400090391748e-02,1.348347979087446014e+01,1.137000000000000000e+03,1.097000000000000000e+03,4.050000000000000000e+02,3.600000000000000000e+02,3.691886964448495845e-01,8.888888888888888395e-01,4.320000000000000284e+01,3.400000000000000000e+01,5.889999999999999858e+01,1.000000000000000000e+00
1.783179877956285715e+09,9.705833999760216102e-03,2.813421900100365747e-02,1.738723199923697393e-02,2.489183699981367681e-02,1.248141486126514188e+01,1.104000000000000000e+03,1.137000000000000000e+03,4.430000000000000000e+02,3.770000000000000000e+02,3.896218117854001739e-01,8.510158013544018019e-01,4.220000000000000284e+01,3.410000000000000142e+01,5.889999999999999858e+01,1.000000000000000000e+00
1.783179878063347816e+09,6.727670001055230387e-03,2.982623400021111593e-02,1.680512899838504381e-02,2.198369000143429730e-02,1.327268195477338963e+01,1.121000000000000000e+03,1.104000000000000000e+03,4.050000000000000000e+02,3.390000000000000000e+02,3.668478260869565410e-01,8.370370370370370239e-01,4.000000000000000000e+01,3.410000000000000142e+01,5.839999999999999858e+01,1.000000000000000000e+00
1.783179878173271656e+09,8.782419999988633208e-03,2.769598499980929773e-02,1.815849999911733903e-02,2.210305800144851673e-02,1.303102009568677389e+01,1.104000000000000000e+03,1.121000000000000000e+03,4.650000000000000000e+02,4.320000000000000000e+02,4.148082069580731335e-01,9.290322580645161699e-01,4.050000000000000000e+01,3.410000000000000142e+01,5.789999999999999858e+01,1.000000000000000000e+00
1.783179878282076597e+09,1.117120399976556655e-02,2.677862599921354558e-02,1.822744300079648383e-02,2.153912200083141215e-02,1.286729782039155978e+01,1.121000000000000000e+03,1.104000000000000000e+03,3.820000000000000000e+02,3.230000000000000000e+02,3.460144927536231707e-01,8.455497382198953193e-01,4.150000000000000000e+01,3.400000000000000000e+01,5.889999999999999858e+01,1.000000000000000000e+00
1.783179878396335363e+09,7.210571000541676767e-03,2.968410599896742497e-02,1.706505100082722493e-02,2.331609800057776738e-02,1.294065753484370340e+01,1.106000000000000000e+03,1.121000000000000000e+03,3.880000000000000000e+02,3.180000000000000000e+02,3.461195361284567507e-01,8.195876288659793563e-01,3.810000000000000142e+01,3.400000000000000000e+01,5.739999999999999858e+01,1.000000000000000000e+00
1.783179878505696535e+09,7.902265000666375272e-03,2.808757200000400189e-02,1.913846800016472116e-02,2.093461099866544828e-02,1.314701108759183334e+01,1.107000000000000000e+03,1.106000000000000000e+03,4.310000000000000000e+02,3.770000000000000000e+02,3.896925858951175159e-01,8.747099767981438845e-01,4.050000000000000000e+01,3.410000000000000142e+01,5.789999999999999858e+01,1.000000000000000000e+00
1.783179878618329287e+09,9.745425999426515773e-03,2.716195500033791177e-02,1.732838099997024983e-02,2.233737000096880365e-02,1.305941096925241318e+01,1.068000000000000000e+03,1.107000000000000000e+03,3.650000000000000000e+02,3.030000000000000000e+02,3.297199638663053101e-01,8.301369863013698946e-01,4.320000000000000284e+01,3.400000000000000000e+01,5.889999999999999858e+01,1.000000000000000000e+00
1.783179878732359648e+09,8.163169000908965245e-03,2.671423799984040670e-02,1.769865399910486303e-02,2.506000100038363598e-02,1.288061210519585664e+01,1.103000000000000000e+03,1.068000000000000000e+03,3.950000000000000000e+02,3.180000000000000000e+02,3.698501872659176182e-01,8.050632911392404667e-01,3.950000000000000000e+01,3.400000000000000000e+01,5.789999999999999858e+01,1.000000000000000000e+00
1.783179878842049837e+09,7.868561999202938750e-03,2.784416700160363689e-02,1.902717399934772402e-02,2.153436200023861602e-02,1.311058192425516822e+01,1.101000000000000000e+03,1.103000000000000000e+03,3.860000000000000000e+02,3.190000000000000000e+02,3.499546690843154950e-01,8.264248704663212930e-01,3.900000000000000000e+01,3.410000000000000142e+01,5.939999999999999858e+01,1.000000000000000000e+00
1.783179878958549976e+09,8.180003000234137289e-03,2.906546599842840806e-02,1.720749400010390673e-02,2.639953800098737702e-02,1.236820120138330203e+01,1.105000000000000000e+03,1.101000000000000000e+03,4.200000000000000000e+02,3.280000000000000000e+02,3.814713896457765929e-01,7.809523809523809534e-01,4.350000000000000000e+01,3.400000000000000000e+01,5.989999999999999858e+01,1.000000000000000000e+00
1.783179879067870140e+09,8.470221000607125461e-03,3.010411899958853610e-02,1.619698899958166294e-02,2.346259600017219782e-02,1.278217857535136126e+01,1.107000000000000000e+03,1.105000000000000000e+03,4.530000000000000000e+02,3.970000000000000000e+02,4.099547511312217063e-01,8.763796909492274079e-01,4.220000000000000284e+01,3.400000000000000000e+01,5.889999999999999858e+01,1.000000000000000000e+00
1.783179879178603172e+09,7.756990000416408293e-03,2.930662899962044321e-02,1.859762400090403389e-02,2.151528799913648982e-02,1.295730693050970928e+01,1.125000000000000000e+03,1.107000000000000000e+03,4.390000000000000000e+02,3.830000000000000000e+02,3.965672990063233705e-01,8.724373576309795153e-01,4.150000000000000000e+01,3.400000000000000000e+01,5.839999999999999858e+01,1.000000000000000000e+00
1.783179879292849064e+09,9.709001000373973511e-03,2.775446499981626403e-02,1.568305099863209762e-02,2.429091800149763003e-02,1.291365087177626769e+01,1.066000000000000000e+03,1.125000000000000000e+03,3.470000000000000000e+02,2.760000000000000000e+02,3.084444444444444655e-01,7.953890489913544304e-01,4.050000000000000000e+01,3.400000000000000000e+01,5.889999999999999858e+01,1.000000000000000000e+00
1.783179879404535770e+09,8.861030999469221570e-03,2.877063699997961521e-02,1.717134600039571524e-02,2.253449700037890580e-02,1.293033596590806589e+01,1.086000000000000000e+03,1.066000000000000000e+03,3.300000000000000000e+02,2.620000000000000000e+02,3.095684803001876317e-01,7.939393939393939448e-01,4.189999999999999858e+01,3.400000000000000000e+01,5.839999999999999858e+01,1.000000000000000000e+00
1.783179879510095596e+09,7.681768000111333095e-03,2.750307899987092242e-02,1.898315600010391790e-02,2.048661700064258184e-02,1.339501828540870321e+01,1.063000000000000000e+03,1.086000000000000000e+03,3.790000000000000000e+02,3.380000000000000000e+02,3.489871086556169399e-01,8.918205804749340659e-01,4.320000000000000284e+01,3.410000000000000142e+01,5.839999999999999858e+01,1.000000000000000000e+00
1.783179879615618467e+09,9.714167999845813029e-03,2.901026300060038920e-02,1.618996999968658201e-02,1.905752499988011550e-02,1.351864219406461842e+01,1.084000000000000000e+03,1.063000000000000000e+03,3.660000000000000000e+02,3.250000000000000000e+02,3.443085606773282903e-01,8.879781420765027189e-01,4.520000000000000284e+01,3.400000000000000000e+01,5.839999999999999858e+01,1.000000000000000000e+00
1.783179879721724987e+09,8.362480999494437128e-03,2.825434799888171256e-02,1.718223500029125717e-02,1.873967699975764845e-02,1.378573692120892780e+01,1.084000000000000000e+03,1.084000000000000000e+03,3.410000000000000000e+02,2.930000000000000000e+02,3.145756457564575781e-01,8.592375366568915096e-01,4.389999999999999858e+01,3.400000000000000000e+01,5.839999999999999858e+01,1.000000000000000000e+00
1.783179879834096909e+09,7.493751998481457122e-03,2.952621900112717412e-02,1.744708399928640574e-02,2.466948700021021068e-02,1.263638737223704389e+01,1.100000000000000000e+03,1.084000000000000000e+03,3.350000000000000000e+02,2.670000000000000000e+02,3.090405904059040365e-01,7.970149253731343419e-01,4.220000000000000284e+01,3.400000000000000000e+01,5.989999999999999858e+01,1.000000000000000000e+00
1.783179879939292431e+09,8.117688001220813021e-03,2.587691599910613149e-02,1.793994699983159080e-02,2.069752200077346060e-02,1.376802228937026484e+01,1.098000000000000000e+03,1.100000000000000000e+03,3.980000000000000000e+02,3.370000000000000000e+02,3.618181818181818166e-01,8.467336683417084897e-01,4.650000000000000000e+01,3.400000000000000000e+01,5.789999999999999858e+01,1.000000000000000000e+00
1.783179880046695948e+09,8.527571999366045929e-03,2.881463599987910129e-02,1.756561900037922896e-02,2.163584200025070459e-02,1.306443776560582748e+01,1.060000000000000000e+03,1.098000000000000000e+03,3.640000000000000000e+02,2.970000000000000000e+02,3.315118397085610180e-01,8.159340659340659219e-01,4.000000000000000000e+01,3.400000000000000000e+01,5.839999999999999858e+01,1.000000000000000000e+00
1.783179880151985884e+09,9.418931000254815444e-03,2.899589300068328157e-02,1.663755700064939447e-02,1.797202099987771362e-02,1.369405257135738552e+01,1.103000000000000000e+03,1.060000000000000000e+03,3.390000000000000000e+02,2.950000000000000000e+02,3.198113207547169656e-01,8.702064896755161705e-01,4.520000000000000284e+01,3.400000000000000000e+01,5.889999999999999858e+01,1.000000000000000000e+00
1.783179880264492273e+09,7.721563999439240433e-03,2.753233799921872560e-02,1.727066000057675410e-02,2.304799000012280885e-02,1.323231746902633965e+01,1.096000000000000000e+03,1.103000000000000000e+03,4.930000000000000000e+02,4.620000000000000000e+02,4.469628286491387215e-01,9.371196754563894116e-01,4.320000000000000284e+01,3.410000000000000142e+01,5.839999999999999858e+01,1.000000000000000000e+00
1.783179880371804714e+09,8.606366998719749972e-03,2.979301200139161665e-02,1.759180399858450983e-02,2.016843599994899705e-02,1.313031778714377751e+01,1.083000000000000000e+03,1.096000000000000000e+03,3.780000000000000000e+02,3.170000000000000000e+02,3.448905109489051046e-01,8.386243386243386055e-01,3.900000000000000000e+01,3.400000000000000000e+01,5.789999999999999858e+01,1.000000000000000000e+00
1.783179880482429981e+09,1.045373200031463057e-02,2.822531099991465453e-02,1.796577999994042329e-02,2.050231999965035357e-02,1.296224281438824555e+01,1.067000000000000000e+03,1.083000000000000000e+03,3.980000000000000000e+02,3.420000000000000000e+02,3.674976915974145775e-01,8.592964824120602474e-01,4.289999999999999858e+01,3.400000000000000000e+01,5.939999999999999858e+01,1.000000000000000000e+00
1.783179880590830088e+09,9.378930999446311034e-03,2.573278899944853038e-02,1.675122200140322093e-02,2.173547099846473429e-02,1.358724949703480966e+01,9.810000000000000000e+02,1.067000000000000000e+03,3.460000000000000000e+02,2.850000000000000000e+02,3.242736644798500656e-01,8.236994219653178684e-01,4.189999999999999858e+01,3.400000000000000000e+01,5.789999999999999858e+01,1.000000000000000000e+00
1.783179880693135262e+09,7.298996000827173702e-03,2.716791700004250742e-02,1.514037299966730643e-02,2.073641000060888473e-02,1.421591495538861594e+01,9.910000000000000000e+02,9.810000000000000000e+02,2.480000000000000000e+02,1.940000000000000000e+02,2.528032619775739120e-01,7.822580645161290036e-01,4.100000000000000000e+01,3.400000000000000000e+01,5.939999999999999858e+01,1.000000000000000000e+00
1.783179880804772377e+09,8.103595999273238704e-03,2.682468100101687014e-02,1.811170499968284275e-02,2.532755199899838772e-02,1.276038620805812407e+01,1.070000000000000000e+03,9.910000000000000000e+02,2.750000000000000000e+02,2.060000000000000000e+02,2.774974772956609326e-01,7.490909090909091406e-01,4.320000000000000284e+01,3.410000000000000142e+01,5.939999999999999858e+01,1.000000000000000000e+00
1.783179880909152269e+09,8.421184000326320529e-03,2.752389400120591745e-02,1.763493299949914217e-02,1.948094500039587729e-02,1.368720113627400181e+01,1.051000000000000000e+03,1.070000000000000000e+03,3.440000000000000000e+02,2.910000000000000000e+02,3.214953271028037629e-01,8.459302325581394832e-01,4.650000000000000000e+01,3.400000000000000000e+01,5.939999999999999858e+01,1.000000000000000000e+00
1.783179881023184061e+09,9.255692000806448050e-03,2.706512199983990286e-02,1.730047400087642018e-02,2.505281599951558746e-02,1.271066271039835094e+01,1.072000000000000000e+03,1.051000000000000000e+03,3.190000000000000000e+02,2.510000000000000000e+02,3.035204567078972349e-01,7.868338557993730387e-01,4.439999999999999858e+01,3.400000000000000000e+01,5.939999999999999858e+01,1.000000000000000000e+00
1.783179881130301476e+09,7.562048000181675889e-03,2.739678400030243210e-02,1.729354800045257434e-02,2.210879999984172173e-02,1.344787697007406457e+01,1.073000000000000000e+03,1.072000000000000000e+03,3.510000000000000000e+02,2.980000000000000000e+02,3.274253731343283458e-01,8.490028490028490582e-01,4.220000000000000284e+01,3.410000000000000142e+01,5.889999999999999858e+01,1.000000000000000000e+00
1.783179881238436699e+09,1.003062599920667708e-02,2.770583600067766383e-02,1.925557799950183835e-02,1.995256900045205839e-02,1.299636209733812997e+01,1.083000000000000000e+03,1.073000000000000000e+03,3.880000000000000000e+02,3.350000000000000000e+02,3.616029822926374870e-01,8.634020618556701443e-01,4.150000000000000000e+01,3.400000000000000000e+01,5.889999999999999858e+01,1.000000000000000000e+00
1.783179881348464966e+09,1.156192000053124502e-02,2.688147699882392772e-02,1.849179100099718198e-02,1.784887499889009632e-02,1.337183298011141552e+01,1.073000000000000000e+03,1.083000000000000000e+03,3.220000000000000000e+02,2.770000000000000000e+02,2.973222530009233533e-01,8.602484472049689579e-01,4.289999999999999858e+01,3.400000000000000000e+01,5.789999999999999858e+01,1.000000000000000000e+00
1.783179881453001261e+09,7.483642000806867145e-03,2.845891799915989395e-02,1.529942700108222198e-02,1.956248100032098591e-02,1.412340249460883435e+01,1.023000000000000000e+03,1.073000000000000000e+03,3.320000000000000000e+02,2.830000000000000000e+02,3.094128611369990622e-01,8.524096385542169196e-01,4.520000000000000284e+01,3.400000000000000000e+01,5.889999999999999858e+01,1.000000000000000000e+00
1.783179881568069935e+09,8.711014001164585352e-03,2.853989899995212909e-02,1.711223599886579905e-02,2.863671200066164602e-02,1.204821294811853960e+01,1.077000000000000000e+03,1.023000000000000000e+03,2.780000000000000000e+02,2.050000000000000000e+02,2.717497556207233433e-01,7.374100719424460104e-01,4.129999999999999716e+01,3.400000000000000000e+01,5.889999999999999858e+01,1.000000000000000000e+00
1.783179881677997112e+09,9.969868000553105958e-03,2.763561400024627801e-02,1.844916299887700006e-02,2.132530900053097866e-02,1.292324366072019437e+01,1.081000000000000000e+03,1.077000000000000000e+03,3.990000000000000000e+02,3.400000000000000000e+02,3.704735376044568373e-01,8.521303258145362935e-01,4.320000000000000284e+01,3.400000000000000000e+01,5.739999999999999858e+01,1.000000000000000000e+00
1.783179881783319950e+09,8.382351999898673967e-03,2.911255800063372590e-02,1.630283899976348039e-02,1.894073099902016111e-02,1.374788145159759978e+01,1.072000000000000000e+03,1.081000000000000000e+03,3.580000000000000000e+02,3.130000000000000000e+02,3.311748381128584717e-01,8.743016759776536251e-01,4.520000000000000284e+01,3.400000000000000000e+01,5.939999999999999858e+01,1.000000000000000000e+00
1.783179881890625715e+09,8.802678999927593395e-03,2.747396899940213189e-02,1.658977999977651052e-02,2.016919500056246761e-02,1.369194865366639036e+01,1.071000000000000000e+03,1.072000000000000000e+03,4.070000000000000000e+02,3.630000000000000000e+02,3.796641791044776393e-01,8.918918918918918859e-01,4.320000000000000284e+01,3.400000000000000000e+01,5.939999999999999858e+01,1.000000000000000000e+00
1.783179881998711824e+09,7.388976000584079884e-03,2.865354499954264611e-02,1.671287099998153280e-02,2.282336399912310299e-02,1.323123127364216067e+01,1.034000000000000000e+03,1.071000000000000000e+03,3.580000000000000000e+02,2.900000000000000000e+02,3.342670401493930687e-01,8.100558659217876878e-01,4.420000000000000284e+01,3.410000000000000142e+01,5.889999999999999858e+01,1.000000000000000000e+00
1.783179882108450413e+09,1.135673799944925122e-02,2.901778200066473801e-02,1.676023999971221201e-02,1.881956500074011274e-02,1.316580721364509543e+01,1.090000000000000000e+03,1.034000000000000000e+03,3.500000000000000000e+02,3.030000000000000000e+02,3.384912959381044528e-01,8.657142857142857695e-01,4.150000000000000000e+01,3.400000000000000000e+01,5.889999999999999858e+01,1.000000000000000000e+00
1.783179882215220451e+09,1.049484199938888196e-02,2.603565500066906679e-02,1.620843299861007836e-02,2.229538900064653717e-02,1.332723496843004618e+01,1.053000000000000000e+03,1.090000000000000000e+03,3.800000000000000000e+02,3.240000000000000000e+02,3.486238532110091937e-01,8.526315789473684070e-01,4.150000000000000000e+01,3.410000000000000142e+01,5.939999999999999858e+01,1.000000000000000000e+00
1.783179882320497036e+09,8.465998998872237280e-03,2.752659700126969256e-02,1.680592599950614385e-02,1.872171399918443058e-02,1.398205677084628107e+01,1.058000000000000000e+03,1.053000000000000000e+03,3.830000000000000000e+02,3.490000000000000000e+02,3.637226970560303863e-01,9.112271540469973896e-01,4.000000000000000000e+01,3.400000000000000000e+01,5.939999999999999858e+01,1.000000000000000000e+00
1.783179882426012516e+09,7.191163000243250281e-03,2.902376299971365370e-02,1.718525400065118447e-02,2.028739699926518369e-02,1.357080855028955213e+01,1.056000000000000000e+03,1.058000000000000000e+03,3.700000000000000000e+02,3.210000000000000000e+02,3.497164461247637135e-01,8.675675675675675880e-01,4.389999999999999858e+01,3.410000000000000142e+01,5.989999999999999858e+01,1.000000000000000000e+00
1.783179882534780264e+09,8.145335999870439991e-03,2.822434800145856570e-02,1.677312899846583605e-02,2.414303200021095108e-02,1.293897996457080879e+01,1.045000000000000000e+03,1.056000000000000000e+03,3.760000000000000000e+02,3.110000000000000000e+02,3.560606060606060774e-01,8.271276595744680993e-01,4.439999999999999858e+01,3.400000000000000000e+01,5.889999999999999858e+01,1.000000000000000000e+00
1.783179882644329548e+09,7.324014000914758071e-03,2.730682299988984596e-02,1.882912099972600117e-02,2.131916100006492343e-02,1.337271705477081341e+01,1.050000000000000000e+03,1.045000000000000000e+03,3.590000000000000000e+02,3.090000000000000000e+02,3.435406698564593131e-01,8.607242339832869016e-01,4.289999999999999858e+01,3.400000000000000000e+01,5.889999999999999858e+01,1.000000000000000000e+00
1.783179882751926422e+09,9.974646000046050176e-03,2.785309299906657543e-02,1.648346600086370017e-02,2.081503900080861058e-02,1.331092766982403397e+01,1.063000000000000000e+03,1.050000000000000000e+03,3.750000000000000000e+02,3.190000000000000000e+02,3.571428571428571508e-01,8.506666666666666821e-01,4.000000000000000000e+01,3.400000000000000000e+01,5.839999999999999858e+01,1.000000000000000000e+00
1.783179882861176729e+09,7.716119000178878196e-03,2.829782899971178267e-02,1.786165100020298269e-02,1.844427400101267267e-02,1.382745791028563431e+01,1.074000000000000000e+03,1.063000000000000000e+03,3.350000000000000000e+02,2.990000000000000000e+02,3.151458137347130650e-01,8.925373134328358216e-01,4.439999999999999858e+01,3.410000000000000142e+01,5.989999999999999858e+01,1.000000000000000000e+00
1.783179882963777781e+09,8.002005000889766961e-03,2.974991999872145243e-02,1.760026600095443428e-02,1.558694199957244564e-02,1.409659179226299841e+01,1.041000000000000000e+03,1.074000000000000000e+03,3.400000000000000000e+02,3.200000000000000000e+02,3.165735567970204833e-01,9.411764705882352811e-01,4.389999999999999858e+01,3.410000000000000142e+01,5.889999999999999858e+01,1.000000000000000000e+00
1.783179883072504520e+09,7.675306000237469561e-03,2.945912699942709878e-02,1.699666400054411497e-02,2.184511699852009770e-02,1.316201410110711478e+01,1.038000000000000000e+03,1.041000000000000000e+03,3.280000000000000000e+02,2.720000000000000000e+02,3.150816522574447776e-01,8.292682926829267887e-01,4.000000000000000000e+01,3.410000000000000142e+01,5.939999999999999858e+01,1.000000000000000000e+00
1.783179883184996128e+09,1.012556900059280451e-02,2.704458600055659190e-02,1.660481599901686423e-02,2.629828099998121615e-02,1.248856484557612667e+01,1.000000000000000000e+03,1.038000000000000000e+03,3.180000000000000000e+02,2.650000000000000000e+02,3.063583815028901869e-01,8.333333333333333703e-01,4.050000000000000000e+01,3.400000000000000000e+01,5.839999999999999858e+01,1.000000000000000000e+00
1.783179883291733980e+09,8.011653000721707940e-03,2.747122800064971671e-02,1.621021099890640471e-02,2.140062299986311700e-02,1.368106683314798921e+01,1.052000000000000000e+03,1.000000000000000000e+03,2.800000000000000000e+02,2.240000000000000000e+02,2.800000000000000266e-01,8.000000000000000444e-01,4.550000000000000000e+01,3.410000000000000142e+01,5.939999999999999858e+01,1.000000000000000000e+00
1.783179883395460844e+09,8.254057000158354640e-03,2.632896500108472537e-02,1.700503400024899747e-02,2.107338699897809420e-02,1.376245720847477827e+01,1.041000000000000000e+03,1.052000000000000000e+03,3.480000000000000000e+02,3.040000000000000000e+02,3.307984790874524683e-01,8.735632183908046411e-01,4.289999999999999858e+01,3.400000000000000000e+01,5.889999999999999858e+01,1.000000000000000000e+00
1.783179883502409935e+09,8.580923000408802181e-03,2.729108200037444476e-02,1.872952899975643959e-02,1.853523600038897712e-02,1.367301290427923455e+01,1.062000000000000000e+03,1.041000000000000000e+03,3.590000000000000000e+02,3.150000000000000000e+02,3.448607108549471834e-01,8.774373259052924423e-01,4.250000000000000000e+01,3.400000000000000000e+01,5.839999999999999858e+01,1.000000000000000000e+00
1.783179883610372782e+09,9.805129000596934929e-03,2.653640700009418651e-02,1.767965399994864129e-02,2.063587500015273690e-02,1.339457960193566066e+01,1.037000000000000000e+03,1.062000000000000000e+03,3.840000000000000000e+02,3.290000000000000000e+02,3.615819209039548010e-01,8.567708333333333703e-01,4.289999999999999858e+01,3.400000000000000000e+01,5.839999999999999858e+01,1.000000000000000000e+00
1.783179883721075058e+09,9.250191998944501393e-03,2.928346299995610025e-02,1.563981100116507150e-02,2.281367799878353253e-02,1.298918167447473948e+01,1.054000000000000000e+03,1.037000000000000000e+03,4.470000000000000000e+02,4.150000000000000000e+02,4.310511089681774433e-01,9.284116331096197161e-01,4.420000000000000284e+01,3.410000000000000142e+01,5.889999999999999858e+01,1.000000000000000000e+00
1.783179883829740763e+09,6.796724999730940908e-03,2.823892200103728101e-02,1.688597899919841439e-02,2.412649500001862179e-02,1.314956881051924853e+01,1.027000000000000000e+03,1.054000000000000000e+03,3.650000000000000000e+02,3.360000000000000000e+02,3.462998102466793293e-01,9.205479452054794454e-01,4.289999999999999858e+01,3.410000000000000142e+01,5.889999999999999858e+01,1.000000000000000000e+00
1.783179883941023827e+09,8.217427999625215307e-03,2.891828300016641151e-02,1.673787099934997968e-02,2.514801800134591758e-02,1.265476781024214326e+01,1.047000000000000000e+03,1.027000000000000000e+03,3.580000000000000000e+02,2.760000000000000000e+02,3.485881207400194914e-01,7.709497206703910255e-01,4.089999999999999858e+01,3.400000000000000000e+01,5.889999999999999858e+01,1.000000000000000000e+00
1.783179884049435377e+09,9.096009000131743960e-03,2.572243699978571385e-02,1.603547200102184433e-02,2.078594599879579619e-02,1.395870879938713571e+01,1.055000000000000000e+03,1.047000000000000000e+03,3.750000000000000000e+02,3.320000000000000000e+02,3.581661891117478569e-01,8.853333333333333055e-01,4.000000000000000000e+01,3.410000000000000142e+01,5.839999999999999858e+01,1.000000000000000000e+00
1.783179884153594255e+09,8.276761000161059201e-03,2.715575100046407897e-02,1.679081399925053120e-02,2.016893600011826493e-02,1.381363107565396753e+01,1.048000000000000000e+03,1.055000000000000000e+03,3.750000000000000000e+02,3.420000000000000000e+02,3.554502369668246509e-01,9.120000000000000329e-01,4.100000000000000000e+01,3.410000000000000142e+01,6.029999999999999716e+01,1.000000000000000000e+00
1.783179884258105993e+09,8.185131999198347330e-03,2.863910100131761283e-02,1.643807799882779364e-02,1.991995800017321017e-02,1.366451209659269317e+01,1.034000000000000000e+03,1.048000000000000000e+03,3.480000000000000000e+02,3.100000000000000000e+02,3.320610687022900742e-01,8.908045977011493921e-01,4.000000000000000000e+01,3.410000000000000142e+01,5.939999999999999858e+01,1.000000000000000000e+00
1.783179884368112087e+09,8.232280000811442733e-03,2.805649800029641483e-02,1.663951999944401905e-02,2.484285500031546690e-02,1.285823806661124635e+01,1.032000000000000000e+03,1.034000000000000000e+03,3.860000000000000000e+02,3.080000000000000000e+02,3.733075435203094816e-01,7.979274611398963213e-01,4.289999999999999858e+01,3.410000000000000142e+01,6.079999999999999716e+01,1.000000000000000000e+00
1.783179884470619440e+09,7.870969999203225598e-03,3.005582299920206424e-02,1.700951500060909893e-02,1.537696299965318758e-02,1.422206627279436120e+01,1.043000000000000000e+03,1.032000000000000000e+03,3.340000000000000000e+02,3.040000000000000000e+02,3.236434108527131981e-01,9.101796407185628324e-01,4.250000000000000000e+01,3.410000000000000142e+01,5.989999999999999858e+01,1.000000000000000000e+00
1.783179884575006723e+09,9.390043000166770071e-03,2.559830799873452634e-02,1.836286700017808471e-02,1.901382200048828963e-02,1.381882743388208290e+01,1.048000000000000000e+03,1.043000000000000000e+03,4.000000000000000000e+02,3.580000000000000000e+02,3.835091083413231239e-01,8.950000000000000178e-01,4.520000000000000284e+01,3.410000000000000142e+01,5.989999999999999858e+01,1.000000000000000000e+00
1.783179884675241470e+09,1.040608400035125669e-02,2.805868300129077397e-02,1.578888299991376698e-02,1.527403799991589040e-02,1.438275928258729230e+01,1.036000000000000000e+03,1.048000000000000000e+03,3.540000000000000000e+02,3.280000000000000000e+02,3.377862595419847125e-01,9.265536723163841915e-01,4.050000000000000000e+01,3.410000000000000142e+01,5.889999999999999858e+01,1.000000000000000000e+00
1.783179884778957844e+09,1.151206900067336392e-02,2.657333299976016860e-02,1.752660000056494027e-02,1.702775599915185012e-02,1.376656568704332173e+01,1.021000000000000000e+03,1.036000000000000000e+03,3.010000000000000000e+02,2.670000000000000000e+02,2.905405405405405150e-01,8.870431893687708014e-01,4.770000000000000284e+01,3.400000000000000000e+01,5.989999999999999858e+01,1.000000000000000000e+00
1.783179884882109404e+09,8.696698998392093927e-03,2.649977800138003659e-02,1.596486199923674576e-02,1.740991699989535846e-02,1.458337003504762919e+01,1.028000000000000000e+03,1.021000000000000000e+03,3.300000000000000000e+02,2.960000000000000000e+02,3.232125367286973749e-01,8.969696969696969724e-01,3.950000000000000000e+01,3.410000000000000142e+01,5.939999999999999858e+01,1.000000000000000000e+00
1.783179884992680311e+09,7.307310999749461189e-03,2.565534400127944537e-02,1.575386500007880386e-02,2.240985099888348486e-02,1.405948294480149663e+01,9.830000000000000000e+02,1.028000000000000000e+03,3.070000000000000000e+02,2.440000000000000000e+02,2.986381322957198381e-01,7.947882736156351990e-01,4.050000000000000000e+01,3.410000000000000142e+01,5.889999999999999858e+01,1.000000000000000000e+00
1.783179885095074654e+09,6.954963000680436380e-03,2.526829499947780278e-02,1.456186200084630400e-02,2.421399299964832608e-02,1.408468300147361774e+01,9.130000000000000000e+02,9.830000000000000000e+02,2.230000000000000000e+02,1.690000000000000000e+02,2.268565615462868890e-01,7.578475336322869627e-01,4.000000000000000000e+01,3.410000000000000142e+01,5.839999999999999858e+01,1.000000000000000000e+00
1.783179885206103802e+09,6.533542999022756703e-03,2.564649300074961502e-02,1.445525300005101599e-02,2.815569999984290916e-02,1.337059468493539782e+01,9.210000000000000000e+02,9.130000000000000000e+02,2.140000000000000000e+02,1.610000000000000000e+02,2.343921139101861895e-01,7.523364485981308691e-01,4.320000000000000284e+01,3.410000000000000142e+01,5.889999999999999858e+01,1.000000000000000000e+00
1.783179885325669527e+09,9.232821999830775894e-03,2.623185600168653764e-02,1.643135599988454487e-02,3.149837799901433755e-02,1.199121111370159021e+01,9.990000000000000000e+02,9.210000000000000000e+02,2.430000000000000000e+02,1.710000000000000000e+02,2.638436482084690615e-01,7.037037037037037202e-01,4.350000000000000000e+01,3.410000000000000142e+01,5.889999999999999858e+01,1.000000000000000000e+00
1.783179885428203821e+09,8.074745001067640260e-03,2.723137899920402560e-02,1.629717300056654494e-02,1.864271500016911887e-02,1.423568358564839187e+01,1.008000000000000000e+03,9.990000000000000000e+02,3.150000000000000000e+02,2.730000000000000000e+02,3.153153153153153143e-01,8.666666666666666963e-01,4.100000000000000000e+01,3.410000000000000142e+01,5.889999999999999858e+01,1.000000000000000000e+00
1.783179885530952930e+09,7.424994000757578760e-03,2.890854199904424604e-02,1.689710900063801091e-02,1.600667700040503405e-02,1.444307739094526966e+01,1.024000000000000000e+03,1.008000000000000000e+03,3.170000000000000000e+02,2.790000000000000000e+02,3.144841269841269771e-01,8.801261829652996527e-01,3.950000000000000000e+01,3.410000000000000142e+01,5.989999999999999858e+01,1.000000000000000000e+00
1.783179885632143497e+09,6.612504999793600291e-03,2.618143000108830165e-02,1.698542299891414586e-02,1.609826800086011644e-02,1.517966054195759362e+01,1.034000000000000000e+03,1.024000000000000000e+03,3.050000000000000000e+02,2.800000000000000000e+02,2.978515625000000000e-01,9.180327868852459217e-01,4.500000000000000000e+01,3.400000000000000000e+01,5.989999999999999858e+01,1.000000000000000000e+00
1.783179885730964661e+09,7.523992999267647974e-03,2.866752699992503040e-02,1.784141099960834254e-02,1.382957600071677007e-02,1.473567724232624698e+01,1.005000000000000000e+03,1.034000000000000000e+03,2.870000000000000000e+02,2.600000000000000000e+02,2.775628626692456247e-01,9.059233449477351874e-01,4.210000000000000142e+01,3.410000000000000142e+01,5.889999999999999858e+01,1.000000000000000000e+00
1.783179885837608337e+09,1.036339999882329721e-02,2.782276000107231084e-02,1.710621699930925388e-02,1.803861299958953168e-02,1.363679939431392718e+01,9.730000000000000000e+02,1.005000000000000000e+03,3.000000000000000000e+02,2.530000000000000000e+02,2.985074626865671377e-01,8.433333333333333792e-01,4.250000000000000000e+01,3.410000000000000142e+01,5.989999999999999858e+01,1.000000000000000000e+00
1.783179885945754766e+09,8.322592999320477247e-03,2.838343800067377742e-02,1.669785299964132719e-02,2.241627700095705222e-02,1.318910414859424662e+01,9.830000000000000000e+02,9.730000000000000000e+02,2.510000000000000000e+02,1.920000000000000000e+02,2.579650565262076034e-01,7.649402390438246879e-01,4.320000000000000284e+01,3.410000000000000142e+01,5.889999999999999858e+01,1.000000000000000000e+00
1.783179886052768469e+09,1.146090399925014935e-02,2.712232500016398262e-02,1.553196100030618254e-02,2.149447400006465614e-02,1.322582256155567570e+01,1.028000000000000000e+03,9.830000000000000000e+02,2.590000000000000000e+02,2.040000000000000000e+02,2.634791454730416871e-01,7.876447876447876251e-01,4.050000000000000000e+01,3.410000000000000142e+01,5.989999999999999858e+01,1.000000000000000000e+00
1.783179886153665066e+09,8.380092998777399771e-03,2.756667100038612261e-02,1.541062900105316658e-02,1.680209199912496842e-02,1.467147235648360315e+01,9.950000000000000000e+02,1.028000000000000000e+03,3.040000000000000000e+02,2.750000000000000000e+02,2.957198443579766578e-01,9.046052631578946901e-01,4.050000000000000000e+01,3.410000000000000142e+01,5.989999999999999858e+01,1.000000000000000000e+00
1.783179886260857105e+09,6.647633999818935990e-03,2.771354000105930027e-02,1.495520900061819702e-02,2.604122799857577775e-02,1.327005974219434492e+01,9.640000000000000000e+02,9.950000000000000000e+02,3.040000000000000000e+02,2.370000000000000000e+02,3.055276381909547978e-01,7.796052631578946901e-01,4.150000000000000000e+01,3.410000000000000142e+01,5.989999999999999858e+01,1.000000000000000000e+00
1.783179886362068176e+09,7.255995999003062025e-03,2.567121500032953918e-02,1.587651099907816388e-02,1.896791500075778458e-02,1.475543522745759262e+01,1.033000000000000000e+03,9.640000000000000000e+02,3.060000000000000000e+02,2.600000000000000000e+02,3.174273858921161651e-01,8.496732026143790639e-01,4.250000000000000000e+01,3.410000000000000142e+01,5.939999999999999858e+01,1.000000000000000000e+00
1.783179886465986490e+09,7.604288000948145054e-03,2.928320399951189756e-02,1.737715799936268013e-02,1.794061400141799822e-02,1.384940577161821196e+01,9.980000000000000000e+02,1.033000000000000000e+03,2.980000000000000000e+02,2.520000000000000000e+02,2.884801548886737899e-01,8.456375838926174504e-01,4.520000000000000284e+01,3.410000000000000142e+01,5.989999999999999858e+01,1.000000000000000000e+00
1.783179886569586754e+09,7.922654000140028074e-03,2.643575999900349416e-02,1.601199100150552113e-02,1.861612399989098776e-02,1.449558362317622873e+01,9.560000000000000000e+02,9.980000000000000000e+02,2.560000000000000000e+02,2.080000000000000000e+02,2.565130260521041872e-01,8.125000000000000000e-01,4.250000000000000000e+01,3.410000000000000142e+01,5.939999999999999858e+01,1.000000000000000000e+00
1.783179886671794653e+09,9.575964999385178089e-03,2.803810899968084414e-02,1.581358700059354305e-02,1.706471800025610719e-02,1.418593065218009208e+01,9.740000000000000000e+02,9.560000000000000000e+02,2.940000000000000000e+02,2.560000000000000000e+02,3.075313807531380728e-01,8.707482993197278587e-01,4.210000000000000142e+01,3.410000000000000142e+01,5.939999999999999858e+01,1.000000000000000000e+00
1.783179886775635719e+09,1.031225199949403759e-02,2.706732600017858204e-02,1.610613800039573107e-02,1.827286899970204104e-02,1.393561481184724826e+01,9.480000000000000000e+02,9.740000000000000000e+02,2.870000000000000000e+02,2.420000000000000000e+02,2.946611909650924122e-01,8.432055749128919420e-01,3.950000000000000000e+01,3.410000000000000142e+01,5.939999999999999858e+01,1.000000000000000000e+00
1.783179886865677595e+09,9.925941998517373577e-03,2.818446000128460582e-02,1.397101799921074416e-02,5.989475999740534462e-03,1.722033012925216866e+01,1.010000000000000000e+03,9.480000000000000000e+02,4.400000000000000000e+01,4.200000000000000000e+01,4.641350210970464352e-02,9.545454545454545858e-01,4.720000000000000284e+01,3.400000000000000000e+01,5.939999999999999858e+01,1.000000000000000000e+00
1.783179886966503620e+09,7.346087999394512735e-03,2.880241400089289527e-02,1.607110199984163046e-02,1.680272100020374637e-02,1.448806599886599855e+01,9.600000000000000000e+02,1.010000000000000000e+03,2.980000000000000000e+02,2.650000000000000000e+02,2.950495049504950340e-01,8.892617449664429463e-01,4.500000000000000000e+01,3.400000000000000000e+01,5.989999999999999858e+01,1.000000000000000000e+00
1.783179887070694208e+09,9.142416000031516887e-03,2.672584900028596167e-02,1.667276000080164522e-02,1.663164999990840442e-02,1.445657551894798765e+01,9.900000000000000000e+02,9.600000000000000000e+02,2.700000000000000000e+02,2.350000000000000000e+02,2.812500000000000000e-01,8.703703703703703498e-01,3.950000000000000000e+01,3.410000000000000142e+01,5.889999999999999858e+01,1.000000000000000000e+00
1.783179887184615612e+09,1.059995200012053829e-02,2.569595500062860083e-02,1.826136899944685865e-02,2.267068100081814919e-02,1.294867867586951959e+01,9.110000000000000000e+02,9.900000000000000000e+02,2.950000000000000000e+02,2.380000000000000000e+02,2.979797979797979557e-01,8.067796610169492011e-01,4.320000000000000284e+01,3.400000000000000000e+01,5.939999999999999858e+01,1.000000000000000000e+00
1.783179887284662962e+09,8.476701999825309031e-03,2.674753399878682103e-02,1.408192400049301796e-02,1.694273800057999324e-02,1.509459070556543736e+01,9.340000000000000000e+02,9.110000000000000000e+02,2.460000000000000000e+02,2.110000000000000000e+02,2.700329308452250054e-01,8.577235772357723054e-01,4.100000000000000000e+01,3.410000000000000142e+01,5.939999999999999858e+01,1.000000000000000000e+00
1.783179887386410952e+09,8.163631999195786193e-03,2.675979299965547398e-02,1.526557500073977280e-02,1.618984100059606135e-02,1.506504158451910058e+01,8.960000000000000000e+02,9.340000000000000000e+02,2.550000000000000000e+02,2.260000000000000000e+02,2.730192719486081443e-01,8.862745098039215286e-01,4.360000000000000142e+01,3.400000000000000000e+01,6.029999999999999716e+01,1.000000000000000000e+00
1.783179887486154795e+09,7.860710000386461616e-03,2.707043699956557248e-02,1.418190399999730289e-02,1.843938500132935587e-02,1.480331516070080866e+01,9.360000000000000000e+02,8.960000000000000000e+02,2.720000000000000000e+02,2.350000000000000000e+02,3.035714285714285476e-01,8.639705882352941568e-01,4.389999999999999858e+01,3.410000000000000142e+01,5.889999999999999858e+01,1.000000000000000000e+00
1.783179887592970848e+09,8.292038999570650049e-03,2.806912699998065364e-02,1.444308600002841558e-02,2.274843899976985995e-02,1.359569563551172955e+01,9.490000000000000000e+02,9.360000000000000000e+02,2.370000000000000000e+02,1.830000000000000000e+02,2.532051282051281937e-01,7.721518987341772222e-01,4.000000000000000000e+01,3.400000000000000000e+01,5.939999999999999858e+01,1.000000000000000000e+00
1.783179887700521708e+09,8.067115000812918879e-03,2.982121599961828906e-02,1.659683499929087702e-02,1.703199600160587579e-02,1.398265775676936862e+01,9.560000000000000000e+02,9.490000000000000000e+02,2.920000000000000000e+02,2.520000000000000000e+02,3.076923076923077094e-01,8.630136986301369939e-01,4.250000000000000000e+01,3.410000000000000142e+01,5.889999999999999858e+01,1.000000000000000000e+00
1.783179887804886341e+09,9.743684999193646945e-03,2.687171700017643161e-02,1.712480999958643224e-02,1.712199500070710201e-02,1.411189465217682404e+01,1.003000000000000000e+03,9.560000000000000000e+02,2.910000000000000000e+02,2.570000000000000000e+02,3.043933054393305193e-01,8.831615120274913799e-01,4.150000000000000000e+01,3.410000000000000142e+01,5.989999999999999858e+01,1.000000000000000000e+00
1.783179887911737204e+09,9.251470000890549272e-03,2.559260499947413336e-02,1.930341000115731731e-02,1.804109399927256163e-02,1.385260679516898641e+01,9.580000000000000000e+02,1.003000000000000000e+03,2.770000000000000000e+02,2.340000000000000000e+02,2.761714855433698990e-01,8.447653429602888231e-01,4.250000000000000000e+01,3.400000000000000000e+01,5.939999999999999858e+01,1.000000000000000000e+00
1.783179888014447927e+09,9.422171000551315956e-03,2.687342100034584291e-02,1.512826199905248359e-02,1.590873400164127816e-02,1.485164954563119188e+01,9.630000000000000000e+02,9.580000000000000000e+02,2.560000000000000000e+02,2.270000000000000000e+02,2.672233820459289921e-01,8.867187500000000000e-01,4.629999999999999716e+01,3.410000000000000142e+01,5.889999999999999858e+01,1.000000000000000000e+00
1.783179888114162207e+09,8.325148999574594200e-03,2.593513700048788451e-02,1.577838399862230290e-02,1.722440100093081128e-02,1.486699886191213338e+01,9.720000000000000000e+02,9.630000000000000000e+02,2.870000000000000000e+02,2.490000000000000000e+02,2.980269989615784154e-01,8.675958188153309880e-01,4.250000000000000000e+01,3.410000000000000142e+01,5.889999999999999858e+01,1.000000000000000000e+00
1.783179888221618652e+09,7.308791999093955383e-03,2.606630300033430103e-02,1.593232500090380199e-02,2.000506799959111959e-02,1.442741458077667538e+01,9.600000000000000000e+02,9.720000000000000000e+02,2.740000000000000000e+02,2.320000000000000000e+02,2.818930041152263311e-01,8.467153284671532498e-01,4.250000000000000000e+01,3.410000000000000142e+01,5.889999999999999858e+01,1.000000000000000000e+00
1.783179888320300341e+09,8.307353000418515876e-03,2.744700599942007102e-02,1.573147700037225150e-02,1.694825599952309858e-02,1.461259981361172855e+01,9.780000000000000000e+02,9.600000000000000000e+02,2.610000000000000000e+02,2.320000000000000000e+02,2.718749999999999778e-01,8.888888888888888395e-01,3.779999999999999716e+01,3.410000000000000142e+01,5.889999999999999858e+01,1.000000000000000000e+00
1.783179888422949791e+09,7.755156000712304376e-03,2.630911400046898052e-02,1.649839199853886385e-02,1.938342799985548481e-02,1.429672480629105991e+01,9.850000000000000000e+02,9.780000000000000000e+02,2.850000000000000000e+02,2.530000000000000000e+02,2.914110429447852590e-01,8.877192982456140191e-01,4.389999999999999858e+01,3.400000000000000000e+01,5.889999999999999858e+01,1.000000000000000000e+00
1.783179888525115252e+09,7.202627000879147090e-03,2.562482699977408629e-02,1.603013900057703722e-02,2.014560299903678242e-02,1.449208236667950622e+01,9.890000000000000000e+02,9.850000000000000000e+02,3.330000000000000000e+02,2.940000000000000000e+02,3.380710659898477077e-01,8.828828828828828579e-01,4.100000000000000000e+01,3.410000000000000142e+01,5.839999999999999858e+01,1.000000000000000000e+00
1.783179888626315832e+09,6.742373998349648900e-03,2.601498800140689127e-02,1.917428199885762297e-02,1.856234700062486809e-02,1.418560625984127910e+01,1.022000000000000000e+03,9.890000000000000000e+02,2.800000000000000000e+02,2.460000000000000000e+02,2.831142568250758496e-01,8.785714285714285587e-01,4.100000000000000000e+01,3.410000000000000142e+01,5.839999999999999858e+01,1.000000000000000000e+00
1.783179888725056410e+09,7.148868000513175502e-03,2.792959299949870910e-02,1.599589900069986470e-02,1.610599000014190096e-02,1.488530500343170537e+01,9.920000000000000000e+02,1.022000000000000000e+03,2.640000000000000000e+02,2.360000000000000000e+02,2.583170254403130972e-01,8.939393939393939226e-01,4.470000000000000284e+01,3.410000000000000142e+01,5.889999999999999858e+01,1.000000000000000000e+00
1.783179888823488235e+09,7.096849998561083339e-03,2.766004100158170331e-02,1.576995699906547088e-02,1.692625699979544152e-02,1.482511442601152751e+01,9.450000000000000000e+02,9.920000000000000000e+02,2.190000000000000000e+02,1.850000000000000000e+02,2.207661290322580627e-01,8.447488584474885931e-01,4.050000000000000000e+01,3.410000000000000142e+01,6.029999999999999716e+01,1.000000000000000000e+00
1.783179888917502880e+09,7.760508000501431525e-03,2.503275999879406299e-02,1.353930200093600433e-02,1.762708099886367563e-02,1.563485704470380533e+01,8.580000000000000000e+02,9.450000000000000000e+02,1.980000000000000000e+02,1.620000000000000000e+02,2.095238095238095288e-01,8.181818181818182323e-01,4.000000000000000000e+01,3.410000000000000142e+01,5.989999999999999858e+01,1.000000000000000000e+00
1.783179889017894506e+09,8.633756000563153066e-03,2.694930899997416418e-02,1.376727999922877643e-02,1.928361499994935002e-02,1.457004666500586509e+01,9.590000000000000000e+02,8.580000000000000000e+02,1.870000000000000000e+02,1.500000000000000000e+02,2.179487179487179516e-01,8.021390374331550666e-01,3.950000000000000000e+01,3.410000000000000142e+01,5.789999999999999858e+01,1.000000000000000000e+00
1.783179889125586987e+09,7.614881000336026773e-03,2.264449500034970697e-02,1.245411299896659330e-02,3.255164199981663842e-02,1.328636497034802844e+01,6.750000000000000000e+02,9.590000000000000000e+02,1.190000000000000000e+02,7.900000000000000000e+01,1.240875912408759135e-01,6.638655462184873679e-01,4.420000000000000284e+01,3.410000000000000142e+01,5.989999999999999858e+01,1.000000000000000000e+00
1.783179889219851732e+09,6.782909998946706764e-03,2.704030800123291556e-02,1.140036699871416204e-02,1.775913500023307279e-02,1.587737080922931199e+01,9.750000000000000000e+02,6.750000000000000000e+02,1.320000000000000000e+02,1.030000000000000000e+02,1.955555555555555658e-01,7.803030303030302761e-01,4.320000000000000284e+01,3.410000000000000142e+01,5.939999999999999858e+01,1.000000000000000000e+00
1.783179889321060419e+09,8.669885000927024521e-03,2.677886699893861078e-02,1.688931300122931134e-02,1.688707199900818523e-02,1.444561965978500240e+01,9.780000000000000000e+02,9.750000000000000000e+02,2.750000000000000000e+02,2.410000000000000000e+02,2.820512820512820484e-01,8.763636363636363447e-01,4.050000000000000000e+01,3.410000000000000142e+01,5.889999999999999858e+01,1.000000000000000000e+00
1.783179889421568155e+09,8.271370999864302576e-03,2.721062099953996949e-02,1.563725500091095455e-02,1.614489699932164513e-02,1.486676170301667099e+01,9.820000000000000000e+02,9.780000000000000000e+02,2.770000000000000000e+02,2.510000000000000000e+02,2.832310838445807888e-01,9.061371841155234641e-01,4.500000000000000000e+01,3.410000000000000142e+01,5.889999999999999858e+01,1.000000000000000000e+00
1.783179889518371820e+09,8.358499999303603545e-03,2.632850300142308697e-02,1.583434499843860976e-02,1.679727700138755608e-02,1.485473002444401480e+01,9.340000000000000000e+02,9.820000000000000000e+02,2.590000000000000000e+02,2.270000000000000000e+02,2.637474541751527735e-01,8.764478764478764727e-01,4.100000000000000000e+01,3.410000000000000142e+01,5.939999999999999858e+01,1.000000000000000000e+00
1.783179889621738195e+09,8.614663998741889372e-03,2.672729300138598774e-02,1.465747199836187065e-02,1.873612200142815709e-02,1.454851216659621116e+01,9.680000000000000000e+02,9.340000000000000000e+02,2.650000000000000000e+02,2.270000000000000000e+02,2.837259100642398058e-01,8.566037735849056922e-01,4.210000000000000142e+01,3.410000000000000142e+01,5.939999999999999858e+01,1.000000000000000000e+00
1.783179889724752188e+09,7.400752998364623636e-03,2.692292100073245820e-02,1.560173700090672355e-02,1.910293199944135267e-02,1.448680290656894165e+01,9.260000000000000000e+02,9.680000000000000000e+02,3.290000000000000000e+02,2.940000000000000000e+02,3.398760330578512456e-01,8.936170212765957022e-01,4.650000000000000000e+01,3.410000000000000142e+01,5.989999999999999858e+01,1.000000000000000000e+00
1.783179889827462912e+09,7.927283000753959641e-03,2.788650100046652369e-02,1.541579500008083414e-02,2.137603099981788546e-02,1.377304040258852069e+01,9.820000000000000000e+02,9.260000000000000000e+02,3.130000000000000000e+02,2.580000000000000000e+02,3.380129589632829279e-01,8.242811501597444579e-01,3.950000000000000000e+01,3.410000000000000142e+01,5.889999999999999858e+01,1.000000000000000000e+00
1.783179889924726725e+09,7.121554001059848815e-03,2.546869899924786296e-02,1.611576799950853456e-02,1.922859600017545745e-02,1.472003588391647355e+01,9.840000000000000000e+02,9.820000000000000000e+02,2.800000000000000000e+02,2.390000000000000000e+02,2.851323828920570014e-01,8.535714285714285365e-01,4.050000000000000000e+01,3.410000000000000142e+01,5.989999999999999858e+01,1.000000000000000000e+00
1.783179890027053833e+09,8.416426000621868297e-03,2.663714600021194201e-02,1.669931599826668389e-02,1.914250500158232171e-02,1.410528890065351248e+01,9.860000000000000000e+02,9.840000000000000000e+02,2.920000000000000000e+02,2.510000000000000000e+02,2.967479674796748013e-01,8.595890410958904049e-01,4.389999999999999858e+01,3.410000000000000142e+01,5.889999999999999858e+01,1.000000000000000000e+00
1.783179890130299568e+09,7.798266999088809825e-03,2.730017500107351225e-02,1.940900099907594267e-02,1.713340300011623185e-02,1.395851746375259594e+01,9.770000000000000000e+02,9.860000000000000000e+02,2.650000000000000000e+02,2.300000000000000000e+02,2.687626774847869937e-01,8.679245283018868218e-01,4.250000000000000000e+01,3.410000000000000142e+01,6.079999999999999716e+01,1.000000000000000000e+00
1.783179890234470606e+09,9.221451000485103577e-03,2.585241599990695249e-02,1.938363199951709248e-02,1.893095199920935556e-02,1.362612218115915041e+01,9.740000000000000000e+02,9.770000000000000000e+02,3.680000000000000000e+02,3.410000000000000000e+02,3.766632548618218945e-01,9.266304347826086474e-01,4.250000000000000000e+01,3.410000000000000142e+01,5.989999999999999858e+01,1.000000000000000000e+00
1.783179890340380192e+09,1.223789299911004491e-02,2.686873600032413378e-02,1.672272299947508145e-02,1.698008899984415621e-02,1.373448259295276230e+01,9.810000000000000000e+02,9.740000000000000000e+02,3.390000000000000000e+02,3.120000000000000000e+02,3.480492813141684016e-01,9.203539823008849430e-01,4.389999999999999858e+01,3.410000000000000142e+01,5.939999999999999858e+01,1.000000000000000000e+00
1.783179890441155910e+09,8.426740001596044749e-03,2.745909799887158442e-02,1.769415400121943094e-02,1.502941199942142703e-02,1.457526143185624434e+01,9.830000000000000000e+02,9.810000000000000000e+02,2.920000000000000000e+02,2.730000000000000000e+02,2.976554536187563937e-01,9.349315068493150305e-01,4.500000000000000000e+01,3.410000000000000142e+01,5.939999999999999858e+01,1.000000000000000000e+00
1.783179890543472528e+09,9.816518000661744736e-03,2.567791900037263986e-02,1.766104299895232543e-02,1.830573900042509194e-02,1.399360399931377330e+01,9.980000000000000000e+02,9.830000000000000000e+02,3.400000000000000000e+02,3.060000000000000000e+02,3.458799593082400592e-01,9.000000000000000222e-01,4.250000000000000000e+01,3.410000000000000142e+01,5.989999999999999858e+01,1.000000000000000000e+00
1.783179890644912243e+09,1.029210399974544998e-02,2.705847499964875169e-02,1.591475100030947942e-02,1.494963500044832472e-02,1.465953988245499673e+01,9.790000000000000000e+02,9.980000000000000000e+02,2.670000000000000000e+02,2.440000000000000000e+02,2.675350701402805509e-01,9.138576779026217345e-01,4.050000000000000000e+01,3.410000000000000142e+01,6.079999999999999716e+01,1.000000000000000000e+00
1.783179890748625040e+09,1.096096599940210581e-02,2.744115399946167599e-02,1.524939100090705324e-02,1.731891800045559648e-02,1.409037558441149507e+01,9.990000000000000000e+02,9.790000000000000000e+02,2.700000000000000000e+02,2.410000000000000000e+02,2.757916241062308704e-01,8.925925925925926041e-01,4.500000000000000000e+01,3.400000000000000000e+01,5.989999999999999858e+01,1.000000000000000000e+00
1.783179890844127178e+09,7.027424999250797555e-03,2.508738899996387772e-02,1.540896299957239535e-02,1.576599400141276419e-02,1.580034157489434676e+01,9.870000000000000000e+02,9.990000000000000000e+02,2.450000000000000000e+02,2.170000000000000000e+02,2.452452452452452414e-01,8.857142857142856762e-01,4.470000000000000284e+01,3.410000000000000142e+01,6.029999999999999716e+01,1.000000000000000000e+00
1.783179890944318295e+09,1.011142199968162458e-02,2.625241100031416863e-02,1.436269800069567282e-02,1.620780299890611786e-02,1.494001568770389277e+01,9.300000000000000000e+02,9.870000000000000000e+02,2.410000000000000000e+02,2.020000000000000000e+02,2.441742654508611832e-01,8.381742738589211816e-01,4.050000000000000000e+01,3.410000000000000142e+01,5.989999999999999858e+01,1.000000000000000000e+00
1.783179891043893576e+09,8.171020999725442380e-03,2.671157099939591717e-02,1.456027000131143723e-02,1.919802299926232081e-02,1.456857673097369954e+01,9.410000000000000000e+02,9.300000000000000000e+02,2.640000000000000000e+02,2.170000000000000000e+02,2.838709677419354871e-01,8.219696969696970168e-01,4.389999999999999858e+01,3.410000000000000142e+01,5.939999999999999858e+01,1.000000000000000000e+00
1.783179891144420624e+09,9.471356001085950993e-03,2.716517599947110284e-02,1.516026200079068076e-02,1.704436599902692251e-02,1.452619334123012607e+01,9.800000000000000000e+02,9.410000000000000000e+02,2.570000000000000000e+02,2.210000000000000000e+02,2.731137088204038110e-01,8.599221789883269018e-01,4.360000000000000142e+01,3.410000000000000142e+01,5.939999999999999858e+01,1.000000000000000000e+00
1.783179891245659590e+09,6.880926999656367116e-03,2.562654899884364568e-02,1.724303000082727522e-02,1.708171800055424683e-02,1.496284187702286594e+01,9.810000000000000000e+02,9.800000000000000000e+02,2.600000000000000000e+02,2.250000000000000000e+02,2.653061224489796088e-01,8.653846153846154188e-01,4.500000000000000000e+01,3.410000000000000142e+01,5.939999999999999858e+01,1.000000000000000000e+00
1.783179891344890594e+09,7.056962000206112862e-03,2.547925500039127655e-02,1.708086600046954118e-02,1.563697699930344243e-02,1.532471696005312367e+01,9.190000000000000000e+02,9.810000000000000000e+02,2.770000000000000000e+02,2.530000000000000000e+02,2.823649337410805149e-01,9.133574007220216506e-01,4.360000000000000142e+01,3.410000000000000142e+01,5.889999999999999858e+01,1.000000000000000000e+00
1.783179891444266319e+09,7.301644000108353794e-03,2.487020699845743366e-02,1.651763300105812959e-02,1.837114499903691467e-02,1.491187921932509042e+01,8.910000000000000000e+02,9.190000000000000000e+02,2.380000000000000000e+02,1.950000000000000000e+02,2.589771490750816252e-01,8.193277310924369505e-01,4.250000000000000000e+01,3.410000000000000142e+01,5.939999999999999858e+01,1.000000000000000000e+00
1.783179891546068430e+09,8.642329999929643236e-03,2.572384400082228240e-02,1.604711999971186742e-02,1.498256099876016378e-02,1.529148904027429268e+01,9.800000000000000000e+02,8.910000000000000000e+02,1.990000000000000000e+02,1.680000000000000000e+02,2.233445566778900215e-01,8.442211055276381826e-01,4.750000000000000000e+01,3.410000000000000142e+01,5.939999999999999858e+01,1.000000000000000000e+00
1.783179891642562151e+09,7.978412999364081770e-03,2.438513900051475503e-02,1.564762599991809111e-02,1.371517000006861053e-02,1.620053724873174517e+01,9.580000000000000000e+02,9.800000000000000000e+02,2.410000000000000000e+02,2.170000000000000000e+02,2.459183673469387821e-01,9.004149377593361203e-01,4.050000000000000000e+01,3.410000000000000142e+01,5.989999999999999858e+01,1.000000000000000000e+00
1.783179891736517668e+09,1.087778099827119149e-02,2.489341100044839550e-02,1.330824900105653796e-02,1.396542600014072377e-02,1.586171955920406518e+01,7.750000000000000000e+02,9.580000000000000000e+02,1.300000000000000000e+01,1.000000000000000000e+01,1.356993736951983380e-02,7.692307692307692735e-01,4.739999999999999858e+01,3.410000000000000142e+01,5.989999999999999858e+01,0.000000000000000000e+00
1.783179891827094555e+09,7.424086999890278094e-03,2.490726199903292581e-02,1.495411600080842618e-02,1.342115499937790446e-02,1.647266805522475863e+01,9.590000000000000000e+02,7.750000000000000000e+02,1.650000000000000000e+02,1.420000000000000000e+02,2.129032258064516014e-01,8.606060606060605966e-01,4.410000000000000142e+01,3.410000000000000142e+01,5.989999999999999858e+01,1.000000000000000000e+00
1.783179891925721407e+09,8.006485999430879019e-03,2.559847500015166588e-02,1.516863200049556326e-02,1.729671499924734235e-02,1.513539183153512191e+01,9.520000000000000000e+02,9.590000000000000000e+02,2.660000000000000000e+02,2.380000000000000000e+02,2.773722627737226221e-01,8.947368421052631637e-01,4.360000000000000142e+01,3.410000000000000142e+01,5.989999999999999858e+01,1.000000000000000000e+00
1.783179892022745609e+09,7.182774999819230288e-03,2.614489400002639741e-02,1.476180399913573638e-02,1.662852000117709395e-02,1.545165345281259839e+01,9.360000000000000000e+02,9.520000000000000000e+02,2.480000000000000000e+02,2.090000000000000000e+02,2.605042016806722871e-01,8.427419354838709964e-01,3.820000000000000284e+01,3.410000000000000142e+01,6.129999999999999716e+01,1.000000000000000000e+00
1.783179892122418404e+09,6.176861999847460538e-03,2.690054999948188197e-02,1.531279700066079386e-02,1.955690700015111361e-02,1.471732810555081095e+01,9.630000000000000000e+02,9.360000000000000000e+02,2.820000000000000000e+02,2.380000000000000000e+02,3.012820512820512664e-01,8.439716312056737557e-01,4.360000000000000142e+01,3.410000000000000142e+01,5.839999999999999858e+01,1.000000000000000000e+00
1.783179892223633766e+09,8.683699999892269261e-03,2.416029000050912146e-02,1.534122200064302888e-02,2.172919399890815839e-02,1.430320383471009293e+01,9.790000000000000000e+02,9.630000000000000000e+02,2.630000000000000000e+02,2.080000000000000000e+02,2.731048805815161074e-01,7.908745247148288859e-01,4.250000000000000000e+01,3.410000000000000142e+01,5.989999999999999858e+01,1.000000000000000000e+00
1.783179892321738243e+09,7.686583001486724243e-03,2.465474699965852778e-02,1.577754999925673474e-02,1.800166900102340151e-02,1.512389136361288422e+01,9.130000000000000000e+02,9.790000000000000000e+02,2.840000000000000000e+02,2.560000000000000000e+02,2.900919305413687255e-01,9.014084507042253724e-01,4.210000000000000142e+01,3.410000000000000142e+01,5.939999999999999858e+01,1.000000000000000000e+00
1.783179892415290594e+09,6.795724999392405152e-03,2.291397299995878711e-02,1.369196700034081005e-02,1.862075300050491933e-02,1.612320242008018667e+01,7.360000000000000000e+02,9.130000000000000000e+02,2.510000000000000000e+02,2.190000000000000000e+02,2.749178532311062351e-01,8.725099601593625520e-01,4.620000000000000284e+01,3.410000000000000142e+01,6.029999999999999716e+01,1.000000000000000000e+00
1.783179892514777184e+09,8.168021000528824516e-03,2.590867499930027407e-02,1.219506000052206218e-02,1.771948699934000615e-02,1.562713823209882236e+01,9.120000000000000000e+02,7.360000000000000000e+02,1.970000000000000000e+02,1.590000000000000000e+02,2.676630434782608647e-01,8.071065989847715505e-01,4.170000000000000284e+01,3.410000000000000142e+01,5.939999999999999858e+01,1.000000000000000000e+00
1.783179892604511976e+09,8.408498999415314756e-03,2.419634600119024981e-02,1.182960199912486132e-02,1.172178900014841929e-02,1.780746131208219651e+01,6.730000000000000000e+02,9.120000000000000000e+02,6.500000000000000000e+01,5.500000000000000000e+01,7.127192982456140302e-02,8.461538461538461453e-01,4.320000000000000284e+01,3.410000000000000142e+01,5.889999999999999858e+01,1.000000000000000000e+00
1.783179892697787762e+09,1.148684699910518248e-02,2.462200700028915890e-02,1.171584400071878918e-02,1.284057100019708741e-02,1.648389624704188350e+01,7.720000000000000000e+02,6.730000000000000000e+02,1.580000000000000000e+02,1.350000000000000000e+02,2.347696879643387802e-01,8.544303797468354444e-01,4.410000000000000142e+01,3.400000000000000000e+01,5.989999999999999858e+01,1.000000000000000000e+00
1.783179892799602270e+09,8.739347000300767832e-03,2.697086499938450288e-02,1.393477800047548953e-02,2.065181800026039127e-02,1.422539697668788783e+01,9.800000000000000000e+02,7.720000000000000000e+02,1.950000000000000000e+02,1.550000000000000000e+02,2.525906735751295429e-01,7.948717948717948234e-01,4.100000000000000000e+01,3.410000000000000142e+01,6.029999999999999716e+01,1.000000000000000000e+00
1.783179892902415276e+09,8.311499999763327651e-03,2.623804100039706100e-02,1.701544100069440901e-02,1.831894199858652428e-02,1.430944261240960635e+01,9.650000000000000000e+02,9.800000000000000000e+02,2.910000000000000000e+02,2.510000000000000000e+02,2.969387755102040893e-01,8.625429553264605254e-01,4.210000000000000142e+01,3.410000000000000142e+01,5.939999999999999858e+01,1.000000000000000000e+00
1.783179893001105070e+09,1.030464100040262565e-02,2.436573200066050049e-02,1.702545899934193585e-02,1.574021700071170926e-02,1.482886400986273046e+01,1.001000000000000000e+03,9.650000000000000000e+02,2.830000000000000000e+02,2.520000000000000000e+02,2.932642487046632218e-01,8.904593639575971720e-01,4.360000000000000142e+01,3.410000000000000142e+01,6.029999999999999716e+01,1.000000000000000000e+00
1.783179893105446339e+09,6.996554999204818159e-03,2.754943100080708973e-02,1.869506599905434996e-02,1.687553600095270667e-02,1.426196037947153883e+01,9.800000000000000000e+02,1.001000000000000000e+03,3.170000000000000000e+02,2.870000000000000000e+02,3.166833166833166735e-01,9.053627760252366263e-01,4.210000000000000142e+01,3.400000000000000000e+01,5.989999999999999858e+01,1.000000000000000000e+00
1.783179893209241629e+09,1.121429600061674137e-02,2.485198499925900251e-02,1.526805600042280275e-02,1.831957200010947417e-02,1.435669604693890378e+01,8.340000000000000000e+02,9.800000000000000000e+02,1.890000000000000000e+02,1.560000000000000000e+02,1.928571428571428659e-01,8.253968253968253510e-01,4.250000000000000000e+01,3.410000000000000142e+01,5.939999999999999858e+01,1.000000000000000000e+00
1.783179893313603401e+09,9.278376999645843171e-03,2.587210099954972975e-02,1.456882499951461796e-02,2.088237100178957917e-02,1.416397010633092535e+01,8.450000000000000000e+02,8.340000000000000000e+02,8.100000000000000000e+01,5.900000000000000000e+01,9.712230215827338808e-02,7.283950617283950768e-01,4.520000000000000284e+01,3.400000000000000000e+01,5.939999999999999858e+01,1.000000000000000000e+00
1.783179893418374300e+09,1.087865100089402404e-02,2.667418299824930727e-02,1.390142700074648019e-02,2.197689400054514408e-02,1.361819788881268067e+01,9.300000000000000000e+02,8.450000000000000000e+02,2.330000000000000000e+02,1.790000000000000000e+02,2.757396449704141994e-01,7.682403433476394650e-01,4.000000000000000000e+01,3.410000000000000142e+01,5.939999999999999858e+01,1.000000000000000000e+00
1.783179893518981695e+09,6.782335998650523834e-03,2.530049800043343566e-02,1.706258800004434306e-02,1.822560999971756246e-02,1.484317473446348679e+01,9.350000000000000000e+02,9.300000000000000000e+02,2.610000000000000000e+02,2.230000000000000000e+02,2.806451612903225756e-01,8.544061302681992265e-01,4.500000000000000000e+01,3.400000000000000000e+01,5.939999999999999858e+01,1.000000000000000000e+00
1.783179893619063139e+09,8.129689000270445831e-03,2.582493500085547566e-02,1.484693199927278329e-02,1.904252600070321932e-02,1.473967913640217020e+01,8.850000000000000000e+02,9.350000000000000000e+02,1.990000000000000000e+02,1.580000000000000000e+02,2.128342245989304771e-01,7.939698492462311519e-01,4.250000000000000000e+01,3.400000000000000000e+01,6.029999999999999716e+01,1.000000000000000000e+00
1.783179893717869759e+09,7.599899001434096135e-03,2.492924299986043479e-02,1.384944599885784555e-02,1.901954400091199204e-02,1.529095662829826452e+01,8.040000000000000000e+02,8.850000000000000000e+02,2.210000000000000000e+02,1.860000000000000000e+02,2.497175141242937990e-01,8.416289592760181071e-01,4.620000000000000284e+01,3.410000000000000142e+01,6.029999999999999716e+01,1.000000000000000000e+00
1.783179893815818548e+09,7.809841001289896667e-03,2.794979600002989173e-02,1.362639299986767583e-02,1.670675999957893509e-02,1.513024340458927774e+01,9.400000000000000000e+02,8.040000000000000000e+02,2.060000000000000000e+02,1.780000000000000000e+02,2.562189054726368154e-01,8.640776699029125707e-01,4.210000000000000142e+01,3.410000000000000142e+01,5.939999999999999858e+01,1.000000000000000000e+00
1.783179893917635918e+09,7.962284000313957222e-03,2.625270699900283944e-02,1.709297700108436402e-02,1.802211199901648797e-02,1.442375373010387030e+01,9.740000000000000000e+02,9.400000000000000000e+02,2.970000000000000000e+02,2.750000000000000000e+02,3.159574468085106225e-01,9.259259259259259300e-01,4.150000000000000000e+01,3.410000000000000142e+01,6.029999999999999716e+01,1.000000000000000000e+00
1.783179894021396399e+09,8.738458000152604654e-03,2.530336800009536091e-02,1.667135299976507667e-02,2.002539999921282288e-02,1.413655764856322072e+01,9.830000000000000000e+02,9.740000000000000000e+02,3.220000000000000000e+02,2.870000000000000000e+02,3.305954825462012470e-01,8.913043478260869179e-01,4.100000000000000000e+01,3.410000000000000142e+01,5.989999999999999858e+01,1.000000000000000000e+00
1.783179894125614405e+09,6.880945999000687152e-03,2.638800100066873711e-02,1.765032100047392305e-02,2.194900499853247311e-02,1.372339371921401607e+01,9.650000000000000000e+02,9.830000000000000000e+02,4.420000000000000000e+02,4.240000000000000000e+02,4.496439471007120936e-01,9.592760180995475450e-01,4.250000000000000000e+01,3.410000000000000142e+01,5.989999999999999858e+01,1.000000000000000000e+00
1.783179894227337837e+09,7.690712998737581074e-03,2.480055900014122017e-02,1.570205099960730877e-02,2.045993200044904370e-02,1.456595175298695644e+01,9.880000000000000000e+02,9.650000000000000000e+02,3.480000000000000000e+02,3.140000000000000000e+02,3.606217616580311147e-01,9.022988505747125965e-01,4.050000000000000000e+01,3.410000000000000142e+01,6.129999999999999716e+01,1.000000000000000000e+00
1.783179894331695557e+09,8.294279001347604208e-03,2.741456199873937294e-02,1.719690100071602501e-02,1.975529300034395419e-02,1.376253448611370622e+01,9.790000000000000000e+02,9.880000000000000000e+02,3.690000000000000000e+02,3.400000000000000000e+02,3.734817813765182182e-01,9.214092140921409380e-01,4.420000000000000284e+01,3.410000000000000142e+01,6.079999999999999716e+01,1.000000000000000000e+00
1.783179894429814339e+09,7.931746999020106159e-03,2.668870100023923442e-02,1.747978700041130651e-02,1.495311600046989042e-02,1.491349776087855972e+01,9.660000000000000000e+02,9.790000000000000000e+02,2.550000000000000000e+02,2.220000000000000000e+02,2.604698672114402203e-01,8.705882352941176627e-01,4.050000000000000000e+01,3.410000000000000142e+01,5.989999999999999858e+01,1.000000000000000000e+00
1.783179894523009062e+09,8.046077999097178690e-03,2.309667500048817601e-02,1.447932599876367021e-02,1.585393800087331329e-02,1.626650601018361186e+01,8.570000000000000000e+02,9.660000000000000000e+02,1.770000000000000000e+02,1.470000000000000000e+02,1.832298136645962860e-01,8.305084745762711940e-01,4.720000000000000284e+01,3.410000000000000142e+01,5.939999999999999858e+01,1.000000000000000000e+00
1.783179894622105598e+09,8.030319000681629404e-03,1.970131300004140940e-02,7.581325000501237810e-03,3.250338299949362408e-02,1.474570877740400121e+01,3.340000000000000000e+02,8.570000000000000000e+02,4.300000000000000000e+01,2.800000000000000000e+01,5.017502917152858594e-02,6.511627906976744651e-01,4.500000000000000000e+01,3.410000000000000142e+01,5.989999999999999858e+01,1.000000000000000000e+00
1.783179894713936806e+09,7.308570000532199629e-03,2.116458899945428129e-02,5.668629000865621492e-03,2.648396299991873093e-02,1.649464103112364555e+01,4.340000000000000000e+02,3.340000000000000000e+02,8.900000000000000000e+01,6.300000000000000000e+01,2.664670658682634641e-01,7.078651685393257953e-01,4.000000000000000000e+01,3.410000000000000142e+01,5.939999999999999858e+01,1.000000000000000000e+00
1.783179894798886538e+09,8.923104000132298097e-03,2.538184800141607411e-02,7.741507999526220374e-03,1.064237799982947763e-02,1.897935194514711554e+01,7.970000000000000000e+02,4.340000000000000000e+02,7.500000000000000000e+01,6.400000000000000000e+01,1.728110599078341025e-01,8.533333333333333881e-01,4.239999999999999858e+01,3.410000000000000142e+01,6.129999999999999716e+01,1.000000000000000000e+00
1.783179894894810915e+09,7.964430998981697485e-03,2.642116800052463077e-02,1.571805099956691265e-02,1.406353499987744726e-02,1.558428969599262892e+01,9.950000000000000000e+02,7.970000000000000000e+02,1.930000000000000000e+02,1.650000000000000000e+02,2.421580928481806838e-01,8.549222797927461537e-01,4.739999999999999858e+01,3.410000000000000142e+01,6.029999999999999716e+01,1.000000000000000000e+00
1.783179894993763685e+09,7.880600000135018490e-03,2.646140800061402842e-02,1.534614800038980320e-02,1.705895899976894725e-02,1.498192094124816443e+01,9.440000000000000000e+02,9.950000000000000000e+02,2.490000000000000000e+02,2.120000000000000000e+02,2.502512562814070418e-01,8.514056224899598790e-01,4.500000000000000000e+01,3.410000000000000142e+01,5.989999999999999858e+01,1.000000000000000000e+00
1.783179895095061302e+09,8.061874999839346856e-03,2.608124600010341965e-02,1.598249199923884589e-02,1.648194800145574845e-02,1.501331057581332473e+01,9.190000000000000000e+02,9.440000000000000000e+02,2.300000000000000000e+02,2.070000000000000000e+02,2.436440677966101587e-01,9.000000000000000222e-01,4.470000000000000284e+01,3.410000000000000142e+01,6.029999999999999716e+01,1.000000000000000000e+00
1.783179895195647240e+09,6.970980999540188350e-03,2.841047500078275334e-02,1.701856999898154754e-02,1.595441800054686610e-02,1.462962671457286135e+01,1.007000000000000000e+03,9.190000000000000000e+02,2.350000000000000000e+02,2.030000000000000000e+02,2.557127312295973676e-01,8.638297872340425787e-01,4.389999999999999858e+01,3.410000000000000142e+01,5.939999999999999858e+01,1.000000000000000000e+00
1.783179895296366692e+09,6.599485999686294235e-03,2.792605600006936584e-02,1.793074299894215073e-02,1.660887200159777422e-02,1.447908096401953060e+01,9.830000000000000000e+02,1.007000000000000000e+03,2.840000000000000000e+02,2.450000000000000000e+02,2.820258192651439733e-01,8.626760563380281299e-01,4.500000000000000000e+01,3.410000000000000142e+01,6.029999999999999716e+01,1.000000000000000000e+00
1.783179895401428461e+09,8.180132001143647358e-03,2.674164499876496848e-02,1.770396900064952206e-02,2.054620899980363902e-02,1.366643818653001397e+01,9.830000000000000000e+02,9.830000000000000000e+02,3.190000000000000000e+02,2.620000000000000000e+02,3.245167853509664524e-01,8.213166144200626517e-01,4.100000000000000000e+01,3.410000000000000142e+01,5.989999999999999858e+01,1.000000000000000000e+00
1.783179895476494789e+09,8.301261001179227605e-03,2.121088499916368164e-02,1.009618100033549126e-02,3.642673000285867602e-03,2.312085269653199404e+01,4.580000000000000000e+02,9.830000000000000000e+02,8.000000000000000000e+00,8.000000000000000000e+00,8.138351983723295796e-03,1.000000000000000000e+00,4.479999999999999716e+01,3.410000000000000142e+01,6.029999999999999716e+01,0.000000000000000000e+00
1.783179895580966234e+09,8.653421999042620882e-03,2.396327399947040249e-02,1.006890400094562210e-02,2.886452399980043992e-02,1.397621616994479510e+01,8.460000000000000000e+02,4.580000000000000000e+02,9.800000000000000000e+01,6.700000000000000000e+01,2.139737991266375539e-01,6.836734693877550839e-01,4.389999999999999858e+01,3.410000000000000142e+01,5.939999999999999858e+01,1.000000000000000000e+00
1.783179895687458992e+09,7.402735000141547062e-03,2.797542500047711655e-02,1.374870699874009006e-02,2.293782500055385754e-02,1.387642092470488464e+01,9.860000000000000000e+02,8.460000000000000000e+02,2.330000000000000000e+02,1.780000000000000000e+02,2.754137115839243588e-01,7.639484978540772575e-01,4.520000000000000284e+01,3.410000000000000142e+01,6.029999999999999716e+01,1.000000000000000000e+00
1.783179895791691303e+09,7.059795001623569988e-03,2.812734899998758920e-02,1.564619999953720253e-02,1.976384899899130687e-02,1.416486913294161099e+01,1.013000000000000000e+03,9.860000000000000000e+02,3.290000000000000000e+02,2.900000000000000000e+02,3.336713995943204614e-01,8.814589665653494999e-01,4.250000000000000000e+01,3.410000000000000142e+01,6.029999999999999716e+01,1.000000000000000000e+00
1.783179895891019583e+09,7.585362000099848956e-03,2.592315599940775428e-02,1.619378499890444800e-02,1.844584800164739136e-02,1.467391242939412699e+01,1.005000000000000000e+03,1.013000000000000000e+03,3.120000000000000000e+02,2.710000000000000000e+02,3.079960513326752136e-01,8.685897435897436125e-01,4.520000000000000284e+01,3.410000000000000142e+01,5.889999999999999858e+01,1.000000000000000000e+00
1.783179895989196062e+09,6.676540999251301400e-03,2.590178600075887516e-02,1.543207299982896075e-02,1.792141000078117941e-02,1.516718561177967928e+01,1.024000000000000000e+03,1.005000000000000000e+03,2.910000000000000000e+02,2.520000000000000000e+02,2.895522388059701413e-01,8.659793814432990011e-01,4.470000000000000284e+01,3.410000000000000142e+01,6.029999999999999716e+01,1.000000000000000000e+00
1.783179896093929529e+09,8.512608999808435328e-03,2.509342600023956038e-02,1.736860300115949940e-02,2.093664799940597732e-02,1.390602304054844751e+01,1.027000000000000000e+03,1.024000000000000000e+03,4.340000000000000000e+02,4.140000000000000000e+02,4.238281250000000000e-01,9.539170506912442171e-01,3.850000000000000000e+01,3.410000000000000142e+01,6.129999999999999716e+01,1.000000000000000000e+00
1.783179896198559046e+09,9.224118999554775655e-03,2.872343300077773165e-02,1.775476500006334390e-02,1.649690999875019770e-02,1.385056380190646230e+01,1.011000000000000000e+03,1.027000000000000000e+03,3.300000000000000000e+02,3.060000000000000000e+02,3.213242453748783034e-01,9.272727272727272485e-01,4.520000000000000284e+01,3.410000000000000142e+01,5.989999999999999858e+01,1.000000000000000000e+00
1.783179896301891327e+09,9.421022999958950095e-03,2.667160899909504224e-02,1.770554299946525134e-02,1.866614100072183646e-02,1.379989566189340700e+01,1.026000000000000000e+03,1.011000000000000000e+03,3.670000000000000000e+02,3.440000000000000000e+02,3.630069238377843788e-01,9.373297002724795268e-01,4.150000000000000000e+01,3.410000000000000142e+01,6.029999999999999716e+01,1.000000000000000000e+00
1.783179896405527592e+09,8.483497998895472847e-03,2.677625599972088821e-02,1.762306199998420198e-02,1.600939899981312919e-02,1.451542819494228631e+01,1.003000000000000000e+03,1.026000000000000000e+03,2.670000000000000000e+02,2.380000000000000000e+02,2.602339181286549841e-01,8.913857677902621290e-01,4.050000000000000000e+01,3.410000000000000142e+01,5.939999999999999858e+01,1.000000000000000000e+00
1.783179896507226229e+09,8.483719999276218005e-03,2.839301200037880335e-02,1.609289800035185181e-02,1.589247399897431023e-02,1.452177528608180523e+01,1.022000000000000000e+03,1.003000000000000000e+03,3.020000000000000000e+02,2.770000000000000000e+02,3.010967098703888345e-01,9.172185430463576372e-01,4.650000000000000000e+01,3.410000000000000142e+01,5.989999999999999858e+01,1.000000000000000000e+00
1.783179896611308813e+09,9.895850000248174183e-03,2.626566999970236793e-02,1.883043499947234523e-02,1.699040499988768715e-02,1.389229250068457944e+01,1.014000000000000000e+03,1.022000000000000000e+03,2.870000000000000000e+02,2.620000000000000000e+02,2.808219178082191902e-01,9.128919860627178196e-01,4.389999999999999858e+01,3.410000000000000142e+01,6.029999999999999716e+01,1.000000000000000000e+00
1.783179896713283777e+09,9.097546000703005120e-03,2.512611100064532366e-02,1.688509099949442316e-02,1.883976799945230596e-02,1.429622895782066117e+01,1.017000000000000000e+03,1.014000000000000000e+03,3.120000000000000000e+02,2.750000000000000000e+02,3.076923076923077094e-01,8.814102564102563875e-01,4.250000000000000000e+01,3.400000000000000000e+01,6.029999999999999716e+01,1.000000000000000000e+00
1.783179896819508553e+09,8.495628000673605129e-03,2.757091099920216948e-02,1.755695300016668625e-02,1.924124399920401629e-02,1.372405988008165423e+01,1.033000000000000000e+03,1.017000000000000000e+03,2.990000000000000000e+02,2.650000000000000000e+02,2.940019665683382688e-01,8.862876254180601654e-01,4.389999999999999858e+01,3.410000000000000142e+01,5.989999999999999858e+01,1.000000000000000000e+00
1.783179896922924042e+09,7.152757001676945947e-03,2.620772599948395509e-02,1.665252000020700507e-02,1.805101999889302533e-02,1.469204957215306528e+01,1.009000000000000000e+03,1.033000000000000000e+03,2.700000000000000000e+02,2.440000000000000000e+02,2.613746369796708380e-01,9.037037037037036757e-01,4.100000000000000000e+01,3.410000000000000142e+01,6.029999999999999716e+01,1.000000000000000000e+00
1.783179897031197548e+09,8.972899999207584187e-03,2.820907000022998545e-02,1.812172199970518705e-02,2.148727100029645953e-02,1.302236566570082843e+01,1.025000000000000000e+03,1.009000000000000000e+03,4.100000000000000000e+02,3.830000000000000000e+02,4.063429137760158349e-01,9.341463414634146867e-01,4.050000000000000000e+01,3.410000000000000142e+01,5.989999999999999858e+01,1.000000000000000000e+00
1.783179897133147478e+09,7.663158001378178596e-03,2.650416699907509610e-02,1.862703000006149523e-02,1.790515200082154479e-02,1.414437020022075586e+01,9.960000000000000000e+02,1.025000000000000000e+03,3.240000000000000000e+02,2.940000000000000000e+02,3.160975609756097593e-01,9.074074074074074403e-01,4.000000000000000000e+01,3.410000000000000142e+01,5.989999999999999858e+01,1.000000000000000000e+00
1.783179897241600037e+09,8.050170999922556803e-03,2.793385199947806541e-02,1.824596100050257519e-02,2.272038400042220019e-02,1.299538944369663440e+01,1.033000000000000000e+03,9.960000000000000000e+02,5.090000000000000000e+02,4.910000000000000000e+02,5.110441767068273355e-01,9.646365422396856459e-01,4.289999999999999858e+01,3.410000000000000142e+01,6.129999999999999716e+01,1.000000000000000000e+00
1.783179897349621773e+09,9.940016998370992951e-03,2.750746800120396074e-02,1.710879100028250832e-02,2.032554499965044670e-02,1.335437609091493094e+01,1.031000000000000000e+03,1.033000000000000000e+03,4.460000000000000000e+02,4.290000000000000000e+02,4.317521781219748056e-01,9.618834080717488799e-01,4.520000000000000284e+01,3.410000000000000142e+01,6.079999999999999716e+01,1.000000000000000000e+00
1.783179897454652071e+09,6.811983999796211720e-03,2.526675700028135907e-02,1.623797000138438307e-02,2.145027099868457299e-02,1.433342780970373376e+01,1.042000000000000000e+03,1.031000000000000000e+03,4.490000000000000000e+02,4.200000000000000000e+02,4.354995150339476262e-01,9.354120267260579435e-01,4.150000000000000000e+01,3.410000000000000142e+01,6.079999999999999716e+01,1.000000000000000000e+00
1.783179897559435606e+09,8.265426999059855007e-03,2.867682299984153360e-02,1.769989500098745339e-02,1.995314200030406937e-02,1.340567266665806834e+01,1.038000000000000000e+03,1.042000000000000000e+03,3.600000000000000000e+02,3.320000000000000000e+02,3.454894433781189877e-01,9.222222222222222765e-01,4.150000000000000000e+01,3.410000000000000142e+01,5.939999999999999858e+01,1.000000000000000000e+00
1.783179897667273283e+09,7.572640999569557607e-03,2.865548999943712261e-02,1.770308000050135888e-02,2.135534599983657245e-02,1.328258376868934576e+01,1.051000000000000000e+03,1.038000000000000000e+03,4.270000000000000000e+02,3.950000000000000000e+02,4.113680154142582146e-01,9.250585480093677093e-01,4.670000000000000284e+01,3.410000000000000142e+01,5.889999999999999858e+01,1.000000000000000000e+00
1.783179897777094364e+09,7.290366000233916566e-03,2.863389799858850893e-02,1.837136700123664923e-02,2.246718399874225724e-02,1.302714081050330464e+01,1.034000000000000000e+03,1.051000000000000000e+03,4.870000000000000000e+02,4.700000000000000000e+02,4.633682207421503385e-01,9.650924024640656906e-01,4.289999999999999858e+01,3.410000000000000142e+01,5.939999999999999858e+01,1.000000000000000000e+00
1.783179897886239767e+09,1.055989700034842826e-02,2.583137900001020171e-02,1.693968299878179096e-02,2.079159400091157295e-02,1.349117049434736160e+01,1.018000000000000000e+03,1.034000000000000000e+03,3.430000000000000000e+02,3.080000000000000000e+02,3.317214700193423793e-01,8.979591836734693855e-01,4.289999999999999858e+01,3.410000000000000142e+01,5.989999999999999858e+01,1.000000000000000000e+00
1.783179897997177839e+09,6.940684999790391885e-03,2.769928100133256521e-02,1.843810699938330799e-02,2.357314999972004443e-02,1.304610625713105065e+01,1.038000000000000000e+03,1.018000000000000000e+03,5.110000000000000000e+02,4.840000000000000000e+02,5.019646365422396617e-01,9.471624266144813564e-01,4.050000000000000000e+01,3.410000000000000142e+01,6.179999999999999716e+01,1.000000000000000000e+00
1.783179898109581232e+09,7.618842999363550916e-03,2.873308200105384458e-02,1.936566899894387461e-02,2.371905499967397191e-02,1.258864784203252363e+01,1.038000000000000000e+03,1.038000000000000000e+03,4.790000000000000000e+02,4.540000000000000000e+02,4.614643545279383252e-01,9.478079331941544616e-01,4.320000000000000284e+01,3.420000000000000284e+01,6.029999999999999716e+01,1.000000000000000000e+00
1.783179898217552900e+09,8.996862001367844641e-03,2.568310399874462746e-02,1.852221700028167106e-02,2.411690200096927583e-02,1.293341740894070746e+01,1.031000000000000000e+03,1.038000000000000000e+03,4.910000000000000000e+02,4.660000000000000000e+02,4.730250481695568165e-01,9.490835030549897855e-01,4.189999999999999858e+01,3.410000000000000142e+01,5.939999999999999858e+01,1.000000000000000000e+00
1.783179898327632666e+09,7.159422999393427745e-03,2.805560900014825165e-02,1.860330900126427878e-02,2.220224200027587358e-02,1.315433216272189298e+01,1.020000000000000000e+03,1.031000000000000000e+03,4.650000000000000000e+02,4.460000000000000000e+02,4.510184287099903155e-01,9.591397849462365288e-01,4.550000000000000000e+01,3.410000000000000142e+01,6.179999999999999716e+01,1.000000000000000000e+00
1.783179898443721533e+09,1.216556100007437635e-02,2.891163499953108840e-02,1.856804999988526106e-02,2.431115900071745273e-02,1.191094354263406530e+01,1.029000000000000000e+03,1.020000000000000000e+03,5.680000000000000000e+02,5.490000000000000000e+02,5.568627450980392357e-01,9.665492957746478764e-01,3.860000000000000142e+01,3.410000000000000142e+01,6.079999999999999716e+01,1.000000000000000000e+00
1.783179898547461987e+09,9.734612000102060847e-03,2.821407000010367483e-02,1.674851799907628447e-02,1.915820899921527598e-02,1.353996969971890074e+01,1.030000000000000000e+03,1.029000000000000000e+03,3.740000000000000000e+02,3.470000000000000000e+02,3.634596695821185608e-01,9.278074866310160873e-01,4.650000000000000000e+01,3.410000000000000142e+01,5.989999999999999858e+01,1.000000000000000000e+00
1.783179898660416842e+09,8.791883999947458506e-03,2.714110200031427667e-02,1.745919499990122858e-02,2.575091700055054389e-02,1.263534060785672786e+01,1.020000000000000000e+03,1.030000000000000000e+03,5.180000000000000000e+02,4.900000000000000000e+02,5.029126213592233219e-01,9.459459459459459429e-01,3.950000000000000000e+01,3.410000000000000142e+01,5.989999999999999858e+01,1.000000000000000000e+00
1.783179898775815010e+09,1.015964300131599884e-02,2.707949300020118244e-02,1.908754299984138925e-02,2.486594799847807735e-02,1.231638927019828955e+01,1.059000000000000000e+03,1.020000000000000000e+03,5.550000000000000000e+02,5.390000000000000000e+02,5.441176470588234837e-01,9.711711711711711326e-01,4.570000000000000284e+01,3.410000000000000142e+01,6.029999999999999716e+01,1.000000000000000000e+00
1.783179898890083313e+09,1.008601499961514492e-02,2.647153700127091724e-02,1.838960799977940042e-02,2.515873999982431997e-02,1.248347499989246501e+01,1.023000000000000000e+03,1.059000000000000000e+03,5.560000000000000000e+02,5.400000000000000000e+02,5.250236071765816970e-01,9.712230215827337698e-01,4.350000000000000000e+01,3.410000000000000142e+01,6.029999999999999716e+01,1.000000000000000000e+00
1.783179898996622801e+09,7.415548998324084096e-03,2.679379300025175326e-02,1.782242999979644082e-02,2.156471400121517945e-02,1.358760525612059133e+01,1.032000000000000000e+03,1.023000000000000000e+03,3.840000000000000000e+02,3.510000000000000000e+02,3.753665689149560114e-01,9.140625000000000000e-01,4.320000000000000284e+01,3.410000000000000142e+01,5.989999999999999858e+01,1.000000000000000000e+00
1.783179899103379488e+09,7.911228000011760741e-03,2.535057100067206193e-02,1.740874999995867256e-02,2.099950000047101639e-02,1.395282986320357210e+01,1.016000000000000000e+03,1.032000000000000000e+03,4.570000000000000000e+02,4.410000000000000000e+02,4.428294573643410947e-01,9.649890590809627744e-01,4.520000000000000284e+01,3.410000000000000142e+01,6.029999999999999716e+01,1.000000000000000000e+00
1.783179899209886789e+09,6.790964998799609020e-03,2.820208900084253401e-02,1.823279500058561098e-02,2.169184199919982348e-02,1.334798212090707281e+01,1.022000000000000000e+03,1.016000000000000000e+03,4.920000000000000000e+02,4.690000000000000000e+02,4.842519685039369803e-01,9.532520325203251987e-01,4.389999999999999858e+01,3.410000000000000142e+01,5.939999999999999858e+01,1.000000000000000000e+00
