timestamp,preprocessing_time,detection_time,matching_time,pose_estimation_time,fps,detected_keypoints,raw_matches,good_matches,inliners,match_ratio,inliner_ratio,cpu_usage,memory_usage,cpu_temperature,tracking_ok
1.783178393924968243e+09,7.023934998869663104e-03,2.924728000107279513e-02,1.863357399997767061e-02,3.283356999963871203e-02,1.139752340256361585e+01,1.233000000000000000e+03,1.226000000000000000e+03,7.540000000000000000e+02,7.360000000000000000e+02,6.150081566068515970e-01,9.761273209549071739e-01,3.300000000000000000e+01,3.370000000000000284e+01,5.400000000000000000e+01,1.000000000000000000e+00
1.783178394052631140e+09,1.043013399976189248e-02,2.924568799971893895e-02,2.049140300005092286e-02,3.392513200014946051e-02,1.062785577795004066e+01,1.231000000000000000e+03,1.233000000000000000e+03,7.510000000000000000e+02,7.320000000000000000e+02,6.090835360908353202e-01,9.747003994673768545e-01,4.170000000000000284e+01,3.389999999999999858e+01,5.450000000000000000e+01,1.000000000000000000e+00
1.783178394183941603e+09,8.418769999479991384e-03,3.437644100085890386e-02,2.045251499839650933e-02,3.444470000067667570e-02,1.023620807621276718e+01,1.235000000000000000e+03,1.231000000000000000e+03,8.040000000000000000e+02,7.860000000000000000e+02,6.531275385865150662e-01,9.776119402985075091e-01,4.120000000000000284e+01,3.389999999999999858e+01,5.400000000000000000e+01,1.000000000000000000e+00
1.783178394316301584e+09,7.553409999673021957e-03,3.372454200143693015e-02,2.121806099967216142e-02,3.617404999931750353e-02,1.013478627249878627e+01,1.235000000000000000e+03,1.235000000000000000e+03,7.870000000000000000e+02,7.700000000000000000e+02,6.372469635627530105e-01,9.783989834815756126e-01,4.229999999999999716e+01,3.400000000000000000e+01,5.500000000000000000e+01,1.000000000000000000e+00
1.783178394442868948e+09,6.821659999332041480e-03,3.381813300075009465e-02,1.982448499984457158e-02,3.318904799925803673e-02,1.067767737377212889e+01,1.236000000000000000e+03,1.235000000000000000e+03,7.820000000000000000e+02,7.540000000000000000e+02,6.331983805668016663e-01,9.641943734015345768e-01,4.079999999999999716e+01,3.400000000000000000e+01,5.400000000000000000e+01,1.000000000000000000e+00
1.783178394567095518e+09,7.183877998613752425e-03,3.306193800017354079e-02,2.040009000120335259e-02,3.317873299965867773e-02,1.065818116287916162e+01,1.230000000000000000e+03,1.236000000000000000e+03,7.660000000000000000e+02,7.290000000000000000e+02,6.197411003236246163e-01,9.516971279373368509e-01,4.629999999999999716e+01,3.410000000000000142e+01,5.400000000000000000e+01,1.000000000000000000e+00
1.783178394696552753e+09,9.428073000890435651e-03,3.275794199907977600e-02,1.864496199959830847e-02,3.406314899984863587e-02,1.053806006924118854e+01,1.237000000000000000e+03,1.230000000000000000e+03,7.750000000000000000e+02,7.520000000000000000e+02,6.300813008130081716e-01,9.703225806451613034e-01,4.079999999999999716e+01,3.400000000000000000e+01,5.400000000000000000e+01,1.000000000000000000e+00
1.783178394821967602e+09,9.449553999729687348e-03,3.182021300017368048e-02,1.881905299887876026e-02,3.231170600156474393e-02,1.082244921415540340e+01,1.230000000000000000e+03,1.237000000000000000e+03,7.660000000000000000e+02,7.470000000000000000e+02,6.192400970088924872e-01,9.751958224543081366e-01,4.310000000000000142e+01,3.410000000000000142e+01,5.500000000000000000e+01,1.000000000000000000e+00
1.783178394952225208e+09,7.471614000678528100e-03,3.337184200063347816e-02,2.151713199964433443e-02,3.333641700010048226e-02,1.044964782324124464e+01,1.234000000000000000e+03,1.230000000000000000e+03,8.040000000000000000e+02,7.820000000000000000e+02,6.536585365853658791e-01,9.726368159203979680e-01,4.079999999999999716e+01,3.400000000000000000e+01,5.400000000000000000e+01,1.000000000000000000e+00
1.783178395081044674e+09,7.990885998879093677e-03,3.191673000037553720e-02,1.981589299975894392e-02,3.410011100095289294e-02,1.065829691926571776e+01,1.232000000000000000e+03,1.234000000000000000e+03,8.040000000000000000e+02,7.750000000000000000e+02,6.515397082658023198e-01,9.639303482587064931e-01,3.750000000000000000e+01,3.410000000000000142e+01,5.450000000000000000e+01,1.000000000000000000e+00
1.783178395209009171e+09,7.778609999149921350e-03,3.446592200089071412e-02,2.104322999912255909e-02,3.185558299992408138e-02,1.051045661690361221e+01,1.231000000000000000e+03,1.232000000000000000e+03,7.580000000000000000e+02,7.440000000000000000e+02,6.152597402597402843e-01,9.815303430079155289e-01,4.079999999999999716e+01,3.400000000000000000e+01,5.400000000000000000e+01,1.000000000000000000e+00
1.783178395333340168e+09,7.552114000645815395e-03,3.220276399952126667e-02,1.907045699954323936e-02,3.579540600003383588e-02,1.056850738468327933e+01,1.228000000000000000e+03,1.231000000000000000e+03,7.730000000000000000e+02,7.560000000000000000e+02,6.279447603574329628e-01,9.780077619663648525e-01,4.529999999999999716e+01,3.400000000000000000e+01,5.500000000000000000e+01,1.000000000000000000e+00
1.783178395464921713e+09,8.357622000403353013e-03,3.418403599971497897e-02,2.075495600001886487e-02,3.493019400048069656e-02,1.018052016913457614e+01,1.236000000000000000e+03,1.228000000000000000e+03,7.990000000000000000e+02,7.730000000000000000e+02,6.506514657980455585e-01,9.674593241551939782e-01,3.879999999999999716e+01,3.400000000000000000e+01,5.500000000000000000e+01,1.000000000000000000e+00
1.783178395595079899e+09,1.075016799950390123e-02,3.282971899898257107e-02,1.881034899997757748e-02,3.470040000138396863e-02,1.029965443836999306e+01,1.222000000000000000e+03,1.236000000000000000e+03,7.870000000000000000e+02,7.650000000000000000e+02,6.367313915857605311e-01,9.720457433290978777e-01,4.000000000000000000e+01,3.400000000000000000e+01,5.550000000000000000e+01,1.000000000000000000e+00
1.783178395724512100e+09,8.939503999499720521e-03,3.327743599948007613e-02,1.945723100106988568e-02,3.502665499945578631e-02,1.034117330088901276e+01,1.219000000000000000e+03,1.222000000000000000e+03,7.870000000000000000e+02,7.490000000000000000e+02,6.440261865793780460e-01,9.517153748411689707e-01,4.339999999999999858e+01,3.400000000000000000e+01,5.450000000000000000e+01,1.000000000000000000e+00
1.783178395854178667e+09,7.337875000303029083e-03,3.251098199871194083e-02,2.027779499985626899e-02,3.416120300062175374e-02,1.060581980579977390e+01,1.228000000000000000e+03,1.219000000000000000e+03,7.850000000000000000e+02,7.580000000000000000e+02,6.439704675963905389e-01,9.656050955414012815e-01,3.960000000000000142e+01,3.400000000000000000e+01,5.550000000000000000e+01,1.000000000000000000e+00
1.783178395985514164e+09,7.846331998734967783e-03,3.415079600017634220e-02,2.032114600115164649e-02,3.556085299896949437e-02,1.021668286855363128e+01,1.228000000000000000e+03,1.228000000000000000e+03,8.080000000000000000e+02,7.700000000000000000e+02,6.579804560260585911e-01,9.529702970297029285e-01,4.120000000000000284e+01,3.400000000000000000e+01,5.450000000000000000e+01,1.000000000000000000e+00
1.783178396113243341e+09,7.960423999975319020e-03,3.344550800102297217e-02,2.046136699937051162e-02,3.453462400102580432e-02,1.037323705654225847e+01,1.231000000000000000e+03,1.228000000000000000e+03,7.770000000000000000e+02,7.520000000000000000e+02,6.327361563517914789e-01,9.678249678249678523e-01,4.000000000000000000e+01,3.410000000000000142e+01,5.450000000000000000e+01,1.000000000000000000e+00
1.783178396239609003e+09,8.587767999415518716e-03,3.268614700027683284e-02,2.095691599970450625e-02,3.290181100055633578e-02,1.051163910701115611e+01,1.229000000000000000e+03,1.231000000000000000e+03,7.790000000000000000e+02,7.540000000000000000e+02,6.328188464662876100e-01,9.679075738125801909e-01,4.400000000000000000e+01,3.410000000000000142e+01,5.500000000000000000e+01,1.000000000000000000e+00
1.783178396364861488e+09,7.363782000538776629e-03,3.204617300070822239e-02,1.833691100000578444e-02,3.498671099987404887e-02,1.078358057931755098e+01,1.228000000000000000e+03,1.229000000000000000e+03,8.090000000000000000e+02,7.810000000000000000e+02,6.582587469487387599e-01,9.653893695920889861e-01,4.310000000000000142e+01,3.400000000000000000e+01,5.450000000000000000e+01,1.000000000000000000e+00
1.783178396493607521e+09,1.042820799921173602e-02,3.295108800011803396e-02,1.907284700064337812e-02,3.373702300086733885e-02,1.039618120809221047e+01,1.228000000000000000e+03,1.228000000000000000e+03,7.790000000000000000e+02,7.630000000000000000e+02,6.343648208469054861e-01,9.794608472400513355e-01,3.670000000000000284e+01,3.400000000000000000e+01,5.500000000000000000e+01,1.000000000000000000e+00
1.783178396617475510e+09,9.245537999959196895e-03,3.309997499854944181e-02,1.871364700127742253e-02,3.181878599934861995e-02,1.076681863754089363e+01,1.224000000000000000e+03,1.228000000000000000e+03,7.420000000000000000e+02,7.210000000000000000e+02,6.042345276872964632e-01,9.716981132075471761e-01,4.170000000000000284e+01,3.400000000000000000e+01,5.450000000000000000e+01,1.000000000000000000e+00
1.783178396742280245e+09,9.094502998777898028e-03,3.215157900012854952e-02,1.961796900104673114e-02,3.449980999903345946e-02,1.048615261089970119e+01,1.225000000000000000e+03,1.224000000000000000e+03,7.650000000000000000e+02,7.420000000000000000e+02,6.250000000000000000e-01,9.699346405228758128e-01,3.960000000000000142e+01,3.400000000000000000e+01,5.500000000000000000e+01,1.000000000000000000e+00
1.783178396864191532e+09,7.045193999147159047e-03,3.224520799994934350e-02,2.016931400066823699e-02,3.259749999961059075e-02,1.086280949455158051e+01,1.233000000000000000e+03,1.225000000000000000e+03,7.840000000000000000e+02,7.520000000000000000e+02,6.400000000000000133e-01,9.591836734693877098e-01,4.489999999999999858e+01,3.400000000000000000e+01,5.550000000000000000e+01,1.000000000000000000e+00
1.783178396991976976e+09,1.027137699929880910e-02,3.205021000030683354e-02,1.899629200124763884e-02,3.372913399834942538e-02,1.052110916950528896e+01,1.230000000000000000e+03,1.233000000000000000e+03,7.780000000000000000e+02,7.410000000000000000e+02,6.309813463098135067e-01,9.524421593830334487e-01,4.079999999999999716e+01,3.400000000000000000e+01,5.550000000000000000e+01,1.000000000000000000e+00
1.783178397117086887e+09,1.015124900004593655e-02,3.212315299970214255e-02,1.833802200053469278e-02,3.325652900093700737e-02,1.065314960940286149e+01,1.228000000000000000e+03,1.230000000000000000e+03,7.860000000000000000e+02,7.600000000000000000e+02,6.390243902439024515e-01,9.669211195928753000e-01,4.039999999999999858e+01,3.400000000000000000e+01,5.600000000000000000e+01,1.000000000000000000e+00
1.783178397241549730e+09,7.054155999867361970e-03,3.296660699925269000e-02,2.029405400026007555e-02,3.336482300073839724e-02,1.067467808371952387e+01,1.225000000000000000e+03,1.228000000000000000e+03,8.030000000000000000e+02,7.810000000000000000e+02,6.539087947882735730e-01,9.726027397260273988e-01,4.079999999999999716e+01,3.400000000000000000e+01,5.600000000000000000e+01,1.000000000000000000e+00
1.783178397366834879e+09,7.213488001070800237e-03,3.276623799865774345e-02,1.916743800029507838e-02,3.288919999977224506e-02,1.086527060110955745e+01,1.228000000000000000e+03,1.225000000000000000e+03,8.070000000000000000e+02,7.840000000000000000e+02,6.587755102040816491e-01,9.714993804213134521e-01,4.260000000000000142e+01,3.400000000000000000e+01,5.639999999999999858e+01,1.000000000000000000e+00
1.783178397483057499e+09,9.258093999960692599e-03,3.045439500056090765e-02,1.751773499927367084e-02,2.338586900077643804e-02,1.240447115184443660e+01,1.197000000000000000e+03,1.228000000000000000e+03,3.210000000000000000e+02,2.530000000000000000e+02,2.614006514657980507e-01,7.881619937694703815e-01,4.350000000000000000e+01,3.410000000000000142e+01,5.550000000000000000e+01,1.000000000000000000e+00
1.783178397599698544e+09,7.539149999502114952e-03,3.255451900076877791e-02,1.902616199913609307e-02,2.505449700038298033e-02,1.188010672330517714e+01,1.225000000000000000e+03,1.197000000000000000e+03,3.470000000000000000e+02,2.710000000000000000e+02,2.898913951545530332e-01,7.809798270893372196e-01,4.000000000000000000e+01,3.400000000000000000e+01,5.600000000000000000e+01,1.000000000000000000e+00
1.783178397716834784e+09,8.721766000235220417e-03,3.209465399959299248e-02,1.712940700053877663e-02,2.593381900078384206e-02,1.192184335144046692e+01,1.216000000000000000e+03,1.225000000000000000e+03,3.660000000000000000e+02,2.820000000000000000e+02,2.987755102040816069e-01,7.704918032786884918e-01,4.089999999999999858e+01,3.400000000000000000e+01,5.450000000000000000e+01,1.000000000000000000e+00
1.783178397831094027e+09,9.885141000268049538e-03,3.171367700088012498e-02,1.921275199856609106e-02,2.173966600093990564e-02,1.211368900632905898e+01,1.219000000000000000e+03,1.216000000000000000e+03,3.980000000000000000e+02,3.330000000000000000e+02,3.273026315789473450e-01,8.366834170854271502e-01,3.860000000000000142e+01,3.400000000000000000e+01,5.600000000000000000e+01,1.000000000000000000e+00
1.783178397946818590e+09,8.225846000641467981e-03,2.950679499917896464e-02,1.872657300009450410e-02,2.151516900084970985e-02,1.282472475595213979e+01,1.222000000000000000e+03,1.219000000000000000e+03,4.050000000000000000e+02,3.490000000000000000e+02,3.322395406070549617e-01,8.617283950617283805e-01,4.050000000000000000e+01,3.400000000000000000e+01,5.500000000000000000e+01,1.000000000000000000e+00
1.783178398061322212e+09,8.509990999300498515e-03,3.248888999951304868e-02,1.917236299959768075e-02,2.270435900027223397e-02,1.206627721328176328e+01,1.228000000000000000e+03,1.222000000000000000e+03,4.660000000000000000e+02,3.980000000000000000e+02,3.813420621931259968e-01,8.540772532188841693e-01,4.129999999999999716e+01,3.410000000000000142e+01,5.550000000000000000e+01,1.000000000000000000e+00
1.783178398180746794e+09,1.168813799995405134e-02,3.159845600021071732e-02,1.796154399926308542e-02,2.713238000069395639e-02,1.131471078273858666e+01,1.227000000000000000e+03,1.228000000000000000e+03,4.900000000000000000e+02,3.930000000000000000e+02,3.990228013029316068e-01,8.020408163265305701e-01,4.129999999999999716e+01,3.400000000000000000e+01,5.450000000000000000e+01,1.000000000000000000e+00
1.783178398298979282e+09,7.536520999565254897e-03,3.296656900056404993e-02,1.952093299951229710e-02,2.692753100018308032e-02,1.150065702105814225e+01,1.229000000000000000e+03,1.227000000000000000e+03,5.280000000000000000e+02,4.400000000000000000e+02,4.303178484107579305e-01,8.333333333333333703e-01,4.000000000000000000e+01,3.400000000000000000e+01,5.400000000000000000e+01,1.000000000000000000e+00
1.783178398422273636e+09,9.401387000252725556e-03,3.155649399923277088e-02,1.855170400085626170e-02,3.048183999999309890e-02,1.111216985391973822e+01,1.217000000000000000e+03,1.229000000000000000e+03,4.870000000000000000e+02,3.710000000000000000e+02,3.962571196094385462e-01,7.618069815195072092e-01,4.129999999999999716e+01,3.400000000000000000e+01,5.550000000000000000e+01,1.000000000000000000e+00
1.783178398543511629e+09,8.586416000980534591e-03,3.157786299925646745e-02,2.037088700126332697e-02,2.630153699828952085e-02,1.151586789289340018e+01,1.223000000000000000e+03,1.217000000000000000e+03,5.360000000000000000e+02,4.730000000000000000e+02,4.404272801972062279e-01,8.824626865671642006e-01,4.129999999999999716e+01,3.400000000000000000e+01,5.600000000000000000e+01,1.000000000000000000e+00
1.783178398657383442e+09,8.785117001025355421e-03,3.231774300002143718e-02,1.852296399920305703e-02,2.291696700012835208e-02,1.211492836479709112e+01,1.211000000000000000e+03,1.223000000000000000e+03,4.750000000000000000e+02,4.110000000000000000e+02,3.883892068683564847e-01,8.652631578947368451e-01,4.089999999999999858e+01,3.400000000000000000e+01,5.550000000000000000e+01,1.000000000000000000e+00
1.783178398771119118e+09,8.806858000752981752e-03,3.203685799962840974e-02,1.882934899913379923e-02,2.366793900000629947e-02,1.199889552573354656e+01,1.204000000000000000e+03,1.211000000000000000e+03,4.840000000000000000e+02,4.150000000000000000e+02,3.996696944673823193e-01,8.574380165289255951e-01,4.089999999999999858e+01,3.400000000000000000e+01,5.500000000000000000e+01,1.000000000000000000e+00
1.783178398886178255e+09,9.673421000115922652e-03,3.101359299944306258e-02,1.812341300137632061e-02,2.205942199907440227e-02,1.236554800541150989e+01,1.196000000000000000e+03,1.204000000000000000e+03,4.950000000000000000e+02,4.480000000000000000e+02,4.111295681063122931e-01,9.050505050505051052e-01,4.320000000000000284e+01,3.400000000000000000e+01,5.639999999999999858e+01,1.000000000000000000e+00
1.783178399001970530e+09,8.617601000878494233e-03,3.196165499866765458e-02,1.863975900050718337e-02,2.647483200053102337e-02,1.166944926621372147e+01,1.191000000000000000e+03,1.196000000000000000e+03,5.100000000000000000e+02,4.300000000000000000e+02,4.264214046822742410e-01,8.431372549019607865e-01,4.260000000000000142e+01,3.400000000000000000e+01,5.689999999999999858e+01,1.000000000000000000e+00
1.783178399114689827e+09,9.376222000355483033e-03,3.088694600046437699e-02,1.776065800004289486e-02,2.328955499979201704e-02,1.229809888229770642e+01,1.197000000000000000e+03,1.191000000000000000e+03,4.810000000000000000e+02,4.190000000000000000e+02,4.038623005877414185e-01,8.711018711018710947e-01,4.189999999999999858e+01,3.400000000000000000e+01,5.550000000000000000e+01,1.000000000000000000e+00
1.783178399232302666e+09,8.562175000406568870e-03,3.208465399984561373e-02,2.004063099957420491e-02,2.256280400069954339e-02,1.201197391991072294e+01,1.189000000000000000e+03,1.197000000000000000e+03,4.330000000000000000e+02,3.630000000000000000e+02,3.617376775271511913e-01,8.383371824480368995e-01,4.220000000000000284e+01,3.400000000000000000e+01,5.550000000000000000e+01,1.000000000000000000e+00
1.783178399345044374e+09,6.925603000127011910e-03,3.142186500008392613e-02,1.862581500063242856e-02,2.146066899877041578e-02,1.274958069185298903e+01,1.186000000000000000e+03,1.189000000000000000e+03,4.510000000000000000e+02,3.880000000000000000e+02,3.793103448275861878e-01,8.603104212860310795e-01,4.320000000000000284e+01,3.400000000000000000e+01,5.500000000000000000e+01,1.000000000000000000e+00
1.783178399535887241e+09,9.310850999099784531e-03,3.156397500060847960e-02,9.418605999962892383e-02,2.461654000035196077e-02,6.262626002011998594e+00,1.200000000000000000e+03,1.186000000000000000e+03,4.820000000000000000e+02,4.180000000000000000e+02,4.064080944350758617e-01,8.672199170124481604e-01,4.420000000000000284e+01,3.410000000000000142e+01,5.550000000000000000e+01,1.000000000000000000e+00
1.783178399653380394e+09,8.353122999324114062e-03,3.178143500008445699e-02,1.780428699930780567e-02,2.466803900097147562e-02,1.210552863855485306e+01,1.199000000000000000e+03,1.200000000000000000e+03,5.370000000000000000e+02,4.940000000000000000e+02,4.475000000000000089e-01,9.199255121042830829e-01,4.089999999999999858e+01,3.400000000000000000e+01,5.639999999999999858e+01,1.000000000000000000e+00
1.783178399761148453e+09,8.230271998399985023e-03,3.038815600120869931e-02,1.867014699928404298e-02,1.913673499984724913e-02,1.308467051054797103e+01,1.188000000000000000e+03,1.199000000000000000e+03,4.010000000000000000e+02,3.390000000000000000e+02,3.344453711426188525e-01,8.453865336658353824e-01,4.050000000000000000e+01,3.400000000000000000e+01,5.500000000000000000e+01,1.000000000000000000e+00
1.783178399882817507e+09,8.655248000650317408e-03,3.213704200061329175e-02,1.840144699963275343e-02,2.625126100065244827e-02,1.170343523188886437e+01,1.199000000000000000e+03,1.188000000000000000e+03,2.910000000000000000e+02,2.160000000000000000e+02,2.449494949494949447e-01,7.422680412371134295e-01,4.350000000000000000e+01,3.400000000000000000e+01,5.600000000000000000e+01,1.000000000000000000e+00
1.783178399999274731e+09,8.793005999905290082e-03,3.164819599987822585e-02,2.023605499925906770e-02,2.523593900150444824e-02,1.163965544936347918e+01,1.219000000000000000e+03,1.199000000000000000e+03,4.670000000000000000e+02,3.750000000000000000e+02,3.894912427022518830e-01,8.029978586723768297e-01,4.260000000000000142e+01,3.400000000000000000e+01,5.600000000000000000e+01,1.000000000000000000e+00
1.783178400111593962e+09,9.570053000061307102e-03,3.153840100094384979e-02,1.780626799882156774e-02,2.268708100018557161e-02,1.225463118749777358e+01,1.206000000000000000e+03,1.219000000000000000e+03,4.550000000000000000e+02,3.880000000000000000e+02,3.732567678424938418e-01,8.527472527472527153e-01,3.900000000000000000e+01,3.400000000000000000e+01,5.689999999999999858e+01,1.000000000000000000e+00
1.783178400225472450e+09,9.003299999676528387e-03,3.117151600054057781e-02,1.937278699915623292e-02,2.191409000079147518e-02,1.227570853453753763e+01,1.226000000000000000e+03,1.206000000000000000e+03,4.630000000000000000e+02,3.930000000000000000e+02,3.839137645107794095e-01,8.488120950323974068e-01,3.500000000000000000e+01,3.400000000000000000e+01,5.639999999999999858e+01,1.000000000000000000e+00
1.783178400346177816e+09,1.233703800062357914e-02,3.102361099990957882e-02,1.867268500063801184e-02,2.511132899962831289e-02,1.147517203653453599e+01,1.220000000000000000e+03,1.226000000000000000e+03,5.210000000000000000e+02,4.430000000000000000e+02,4.249592169657422369e-01,8.502879078694817183e-01,4.350000000000000000e+01,3.400000000000000000e+01,5.689999999999999858e+01,1.000000000000000000e+00
1.783178400458254576e+09,6.831714999862015247e-03,3.247566800018830691e-02,1.867399900038435590e-02,2.144676200077810790e-02,1.258999580784275985e+01,1.213000000000000000e+03,1.220000000000000000e+03,4.780000000000000000e+02,4.110000000000000000e+02,3.918032786885246033e-01,8.598326359832636490e-01,3.950000000000000000e+01,3.410000000000000142e+01,5.639999999999999858e+01,1.000000000000000000e+00
1.783178400578180313e+09,9.222149999914108776e-03,3.231641000093077309e-02,1.841242800037434790e-02,2.880806399844004773e-02,1.126645651875415233e+01,1.208000000000000000e+03,1.213000000000000000e+03,5.010000000000000000e+02,4.000000000000000000e+02,4.130255564715581418e-01,7.984031936127744533e-01,4.129999999999999716e+01,3.400000000000000000e+01,5.639999999999999858e+01,1.000000000000000000e+00
1.783178400691703081e+09,7.907850000265170820e-03,3.325743699861050118e-02,2.043083000171463937e-02,1.872736899895244278e-02,1.244965887070305399e+01,1.226000000000000000e+03,1.208000000000000000e+03,4.370000000000000000e+02,3.840000000000000000e+02,3.617549668874172064e-01,8.787185354691074979e-01,4.220000000000000284e+01,3.400000000000000000e+01,5.550000000000000000e+01,1.000000000000000000e+00
1.783178400808666468e+09,1.126804999876185320e-02,3.086074299972096924e-02,1.787973099999362603e-02,2.214455000103043858e-02,1.217239905114204745e+01,1.217000000000000000e+03,1.226000000000000000e+03,4.740000000000000000e+02,4.070000000000000000e+02,3.866231647634584268e-01,8.586497890295358149e-01,4.320000000000000284e+01,3.400000000000000000e+01,5.600000000000000000e+01,1.000000000000000000e+00
1.783178400921420813e+09,8.155235998856369406e-03,3.064154100138694048e-02,1.829137399909086525e-02,2.442585700009658467e-02,1.226783008887237258e+01,1.213000000000000000e+03,1.217000000000000000e+03,4.850000000000000000e+02,4.070000000000000000e+02,3.985209531635168223e-01,8.391752577319587791e-01,3.860000000000000142e+01,3.410000000000000142e+01,5.689999999999999858e+01,1.000000000000000000e+00
1.783178401031374931e+09,9.177167999951052479e-03,3.116255399982037488e-02,1.845796400084509514e-02,2.166205599860404618e-02,1.242857577159130322e+01,1.207000000000000000e+03,1.213000000000000000e+03,4.510000000000000000e+02,3.870000000000000000e+02,3.718054410552349420e-01,8.580931263858092573e-01,4.289999999999999858e+01,3.400000000000000000e+01,5.600000000000000000e+01,1.000000000000000000e+00
1.783178401145535946e+09,6.904416999532259069e-03,3.266468400033772923e-02,1.847807599915540777e-02,2.001994599959289189e-02,1.280948959804371157e+01,1.211000000000000000e+03,1.207000000000000000e+03,4.270000000000000000e+02,3.760000000000000000e+02,3.537696768848384576e-01,8.805620608899297208e-01,4.189999999999999858e+01,3.400000000000000000e+01,5.639999999999999858e+01,1.000000000000000000e+00
1.783178401260547400e+09,6.576533000043127686e-03,3.137490299923229031e-02,1.942347200019867159e-02,2.222403099949588068e-02,1.256298152432584914e+01,1.226000000000000000e+03,1.211000000000000000e+03,5.190000000000000000e+02,4.520000000000000000e+02,4.285714285714285476e-01,8.709055876685934949e-01,4.129999999999999716e+01,3.400000000000000000e+01,5.689999999999999858e+01,1.000000000000000000e+00
1.783178401384048223e+09,1.156295400141971186e-02,3.104601799896045122e-02,1.811102500141714700e-02,2.966786799879628234e-02,1.106343202147138705e+01,1.225000000000000000e+03,1.226000000000000000e+03,5.530000000000000000e+02,4.630000000000000000e+02,4.510603588907014516e-01,8.372513562386980634e-01,4.370000000000000284e+01,3.400000000000000000e+01,5.600000000000000000e+01,1.000000000000000000e+00
1.783178401508859873e+09,7.815203000063775107e-03,3.197996999915631022e-02,2.009805600027902983e-02,2.995993900003668386e-02,1.112926814116521967e+01,1.216000000000000000e+03,1.225000000000000000e+03,5.130000000000000000e+02,4.110000000000000000e+02,4.187755102040816579e-01,8.011695906432748648e-01,4.079999999999999716e+01,3.400000000000000000e+01,5.639999999999999858e+01,1.000000000000000000e+00
1.783178401623989820e+09,7.588983000459847972e-03,3.131564500108652283e-02,1.850833399839757476e-02,2.597365300061937887e-02,1.199233234246580793e+01,1.225000000000000000e+03,1.216000000000000000e+03,5.510000000000000000e+02,4.680000000000000000e+02,4.531250000000000000e-01,8.493647912885662343e-01,4.220000000000000284e+01,3.400000000000000000e+01,5.639999999999999858e+01,1.000000000000000000e+00
1.783178401735902786e+09,8.553711999411461875e-03,3.190549000100872945e-02,1.856385199971555267e-02,1.969108000048436224e-02,1.270419871470760320e+01,1.208000000000000000e+03,1.225000000000000000e+03,3.680000000000000000e+02,3.090000000000000000e+02,3.004081632653061162e-01,8.396739130434782705e-01,4.570000000000000284e+01,3.400000000000000000e+01,5.689999999999999858e+01,1.000000000000000000e+00
1.783178401851747513e+09,7.315042001209803857e-03,3.084516799935954623e-02,1.840200299920979887e-02,2.417582199996104464e-02,1.238573616515707698e+01,1.211000000000000000e+03,1.208000000000000000e+03,5.440000000000000000e+02,5.060000000000000000e+02,4.503311258278145934e-01,9.301470588235294379e-01,3.860000000000000142e+01,3.410000000000000142e+01,5.739999999999999858e+01,1.000000000000000000e+00
1.783178401964504242e+09,9.417553999810479581e-03,3.144819900080619846e-02,1.906369800053653307e-02,1.921404799941228703e-02,1.263527658781998930e+01,1.214000000000000000e+03,1.211000000000000000e+03,4.810000000000000000e+02,4.240000000000000000e+02,3.971924029727497696e-01,8.814968814968815458e-01,3.850000000000000000e+01,3.400000000000000000e+01,5.639999999999999858e+01,1.000000000000000000e+00
1.783178402080255032e+09,8.350733000042964704e-03,3.177986100126872770e-02,1.850014999945415184e-02,2.100297099968884140e-02,1.255749527689735778e+01,1.212000000000000000e+03,1.214000000000000000e+03,4.840000000000000000e+02,4.340000000000000000e+02,3.986820428336079192e-01,8.966942148760330689e-01,4.000000000000000000e+01,3.400000000000000000e+01,5.550000000000000000e+01,1.000000000000000000e+00
1.783178402194047928e+09,9.020096000313060358e-03,2.941162999923108146e-02,1.978113400036818348e-02,2.310222400046768598e-02,1.229784132050243883e+01,1.197000000000000000e+03,1.212000000000000000e+03,4.920000000000000000e+02,4.140000000000000000e+02,4.059405940594059681e-01,8.414634146341463117e-01,4.350000000000000000e+01,3.400000000000000000e+01,5.600000000000000000e+01,1.000000000000000000e+00
1.783178402309285879e+09,9.303945000283420086e-03,3.152228999897488393e-02,1.890477400047529954e-02,2.338944300026923884e-02,1.203073342286403680e+01,1.189000000000000000e+03,1.197000000000000000e+03,5.020000000000000000e+02,4.780000000000000000e+02,4.193817878028404111e-01,9.521912350597609986e-01,4.679999999999999716e+01,3.400000000000000000e+01,5.639999999999999858e+01,1.000000000000000000e+00
1.783178402421028614e+09,8.318160000271745957e-03,3.063996699893323239e-02,1.811428400105796754e-02,2.300113199999032076e-02,1.248851946012726088e+01,1.181000000000000000e+03,1.189000000000000000e+03,4.690000000000000000e+02,4.110000000000000000e+02,3.944491169049621493e-01,8.763326226012793096e-01,3.810000000000000142e+01,3.400000000000000000e+01,5.550000000000000000e+01,1.000000000000000000e+00
1.783178402534108877e+09,8.083348000582191162e-03,3.364282000075036194e-02,1.869809199888550211e-02,2.014686999973491766e-02,1.241139351031298332e+01,1.174000000000000000e+03,1.181000000000000000e+03,3.780000000000000000e+02,3.170000000000000000e+02,3.200677392040643388e-01,8.386243386243386055e-01,4.050000000000000000e+01,3.400000000000000000e+01,5.689999999999999858e+01,1.000000000000000000e+00
1.783178402647940636e+09,9.277167000618646853e-03,2.737956199962354731e-02,1.722047899966128170e-02,2.387397399979818147e-02,1.286154080594989679e+01,1.162000000000000000e+03,1.174000000000000000e+03,3.710000000000000000e+02,2.900000000000000000e+02,3.160136286201022382e-01,7.816711590296495649e-01,4.439999999999999858e+01,3.400000000000000000e+01,5.600000000000000000e+01,1.000000000000000000e+00
1.783178402760618210e+09,8.375178000278538093e-03,3.151184600028500427e-02,1.844950200029416010e-02,2.209553200009395368e-02,1.243285357671897629e+01,1.183000000000000000e+03,1.162000000000000000e+03,3.900000000000000000e+02,3.210000000000000000e+02,3.356282271944922568e-01,8.230769230769230393e-01,3.810000000000000142e+01,3.400000000000000000e+01,5.639999999999999858e+01,1.000000000000000000e+00
1.783178402873280048e+09,8.419030000368366018e-03,3.084555699933844153e-02,1.788508299978275318e-02,2.430259800166822970e-02,1.227712898044515732e+01,1.166000000000000000e+03,1.183000000000000000e+03,4.760000000000000000e+02,4.180000000000000000e+02,4.023668639053254448e-01,8.781512605042016695e-01,4.320000000000000284e+01,3.400000000000000000e+01,5.639999999999999858e+01,1.000000000000000000e+00
1.783178402984102249e+09,7.999405001100967638e-03,3.082137199999124277e-02,1.692839099996490404e-02,2.317533399946114514e-02,1.267033651974685249e+01,1.181000000000000000e+03,1.166000000000000000e+03,3.800000000000000000e+02,3.050000000000000000e+02,3.259005145797598813e-01,8.026315789473684736e-01,4.320000000000000284e+01,3.400000000000000000e+01,5.639999999999999858e+01,1.000000000000000000e+00
1.783178403092576265e+09,7.154765999075607397e-03,3.114862800066475756e-02,1.856433400098467246e-02,1.808309899934101850e-02,1.334208093526597949e+01,1.148000000000000000e+03,1.181000000000000000e+03,3.460000000000000000e+02,2.990000000000000000e+02,2.929720575783234526e-01,8.641618497109826436e-01,3.850000000000000000e+01,3.400000000000000000e+01,5.689999999999999858e+01,1.000000000000000000e+00
1.783178403204350710e+09,1.090561099954356905e-02,3.107694400023319758e-02,1.739775500027462840e-02,2.091984199978469405e-02,1.245327655173107573e+01,1.131000000000000000e+03,1.148000000000000000e+03,3.830000000000000000e+02,3.240000000000000000e+02,3.336236933797909199e-01,8.459530026109660650e-01,4.439999999999999858e+01,3.400000000000000000e+01,5.689999999999999858e+01,1.000000000000000000e+00
1.783178403317409754e+09,8.532915999239776284e-03,3.112959200007026084e-02,1.748671699897386134e-02,2.115265400061616674e-02,1.277108560848261831e+01,1.152000000000000000e+03,1.131000000000000000e+03,3.590000000000000000e+02,3.040000000000000000e+02,3.174182139699381344e-01,8.467966573816155806e-01,4.579999999999999716e+01,3.400000000000000000e+01,5.600000000000000000e+01,1.000000000000000000e+00
1.783178403428511381e+09,7.547205999799189158e-03,3.220761500051594339e-02,1.949806400079978630e-02,2.002596399870526511e-02,1.261370482311452434e+01,1.155000000000000000e+03,1.152000000000000000e+03,3.840000000000000000e+02,3.470000000000000000e+02,3.333333333333333148e-01,9.036458333333333703e-01,3.900000000000000000e+01,3.400000000000000000e+01,5.639999999999999858e+01,1.000000000000000000e+00
1.783178403535396814e+09,8.277197001007152721e-03,3.098740799941879231e-02,1.845770500040089246e-02,1.947584200024721213e-02,1.295367795832842184e+01,1.144000000000000000e+03,1.155000000000000000e+03,3.810000000000000000e+02,3.410000000000000000e+02,3.298701298701298690e-01,8.950131233595800540e-01,4.150000000000000000e+01,3.400000000000000000e+01,5.639999999999999858e+01,1.000000000000000000e+00
1.783178403644177675e+09,7.310226999834412709e-03,3.155290100039565004e-02,1.720923900029447395e-02,1.813506100006634369e-02,1.347573992177760793e+01,1.148000000000000000e+03,1.144000000000000000e+03,3.220000000000000000e+02,2.840000000000000000e+02,2.814685314685314577e-01,8.819875776397515521e-01,3.900000000000000000e+01,3.400000000000000000e+01,5.639999999999999858e+01,1.000000000000000000e+00
1.783178403754145384e+09,7.432004000293090940e-03,3.171267700054158922e-02,1.875442399978055619e-02,1.670859699879656546e-02,1.340344191284545694e+01,1.117000000000000000e+03,1.148000000000000000e+03,3.530000000000000000e+02,3.160000000000000000e+02,3.074912891986062990e-01,8.951841359773371476e-01,4.000000000000000000e+01,3.400000000000000000e+01,5.639999999999999858e+01,1.000000000000000000e+00
1.783178403859660149e+09,7.131451000532251783e-03,3.068420799900195561e-02,1.798682200023904443e-02,2.000466900062747300e-02,1.319136783264789514e+01,1.104000000000000000e+03,1.117000000000000000e+03,2.940000000000000000e+02,2.340000000000000000e+02,2.632050134288272392e-01,7.959183673469387710e-01,4.189999999999999858e+01,3.400000000000000000e+01,5.600000000000000000e+01,1.000000000000000000e+00
1.783178403961483717e+09,1.016315700144332368e-02,2.902050499869801570e-02,1.752429100088193081e-02,1.357835599992540665e-02,1.422752189173147030e+01,1.105000000000000000e+03,1.104000000000000000e+03,2.720000000000000000e+02,2.440000000000000000e+02,2.463768115942029102e-01,8.970588235294117974e-01,4.210000000000000142e+01,3.400000000000000000e+01,5.639999999999999858e+01,1.000000000000000000e+00
1.783178404063660622e+09,1.029071000084513798e-02,2.959977599857666064e-02,1.670374500099569559e-02,1.489941500040004030e-02,1.398725699327972372e+01,1.112000000000000000e+03,1.105000000000000000e+03,2.850000000000000000e+02,2.560000000000000000e+02,2.579185520361991224e-01,8.982456140350877360e-01,4.360000000000000142e+01,3.400000000000000000e+01,5.789999999999999858e+01,1.000000000000000000e+00
1.783178404170899630e+09,9.556293000059667975e-03,2.999412399913126137e-02,1.720292400023026858e-02,1.912895699933869764e-02,1.317830411535958568e+01,1.100000000000000000e+03,1.112000000000000000e+03,3.490000000000000000e+02,3.200000000000000000e+02,3.138489208633093441e-01,9.169054441260745536e-01,4.289999999999999858e+01,3.410000000000000142e+01,5.639999999999999858e+01,1.000000000000000000e+00
1.783178404275463343e+09,7.949201000883476809e-03,2.964727600010519382e-02,1.765606699882482644e-02,1.840957600143156014e-02,1.357549850565117744e+01,1.120000000000000000e+03,1.100000000000000000e+03,3.010000000000000000e+02,2.690000000000000000e+02,2.736363636363636220e-01,8.936877076411959830e-01,4.250000000000000000e+01,3.410000000000000142e+01,5.689999999999999858e+01,1.000000000000000000e+00
1.783178404377964258e+09,9.320461998868267983e-03,3.009178899992548395e-02,1.704137100023217499e-02,1.442023500021605287e-02,1.410957498772354590e+01,1.122000000000000000e+03,1.120000000000000000e+03,2.790000000000000000e+02,2.520000000000000000e+02,2.491071428571428603e-01,9.032258064516128782e-01,4.250000000000000000e+01,3.400000000000000000e+01,5.639999999999999858e+01,1.000000000000000000e+00
1.783178404483530760e+09,8.445380999546614476e-03,3.014293600062956102e-02,1.947763799944368657e-02,1.587764299983973615e-02,1.352382122394569386e+01,1.131000000000000000e+03,1.122000000000000000e+03,2.430000000000000000e+02,2.060000000000000000e+02,2.165775401069518769e-01,8.477366255144033191e-01,4.420000000000000284e+01,3.400000000000000000e+01,5.739999999999999858e+01,1.000000000000000000e+00
1.783178404590353727e+09,8.318547999806469306e-03,2.970766399994317908e-02,1.898421800069627352e-02,1.781054599996423349e-02,1.336523597332542401e+01,1.094000000000000000e+03,1.131000000000000000e+03,3.690000000000000000e+02,3.370000000000000000e+02,3.262599469496021420e-01,9.132791327913278856e-01,4.389999999999999858e+01,3.400000000000000000e+01,5.600000000000000000e+01,1.000000000000000000e+00
1.783178404694131613e+09,8.483194000291405246e-03,2.946196300035808235e-02,1.847516899943002500e-02,1.609710400043695699e-02,1.378978819289208069e+01,1.120000000000000000e+03,1.094000000000000000e+03,3.120000000000000000e+02,2.680000000000000000e+02,2.851919561243144163e-01,8.589743589743589203e-01,4.520000000000000284e+01,3.400000000000000000e+01,5.639999999999999858e+01,1.000000000000000000e+00
1.783178404806808472e+09,9.764956999788410030e-03,2.846342000157164875e-02,1.827126299940573517e-02,2.501516399934189394e-02,1.226771029221488263e+01,1.106000000000000000e+03,1.120000000000000000e+03,3.380000000000000000e+02,2.580000000000000000e+02,3.017857142857142683e-01,7.633136094674556338e-01,4.439999999999999858e+01,3.400000000000000000e+01,5.689999999999999858e+01,1.000000000000000000e+00
1.783178404914913177e+09,8.049551999647519551e-03,2.875904500069736969e-02,1.908960599939746317e-02,1.810133900107757654e-02,1.351359715157317964e+01,1.110000000000000000e+03,1.106000000000000000e+03,3.340000000000000000e+02,2.930000000000000000e+02,3.019891500904159365e-01,8.772455089820359042e-01,3.950000000000000000e+01,3.400000000000000000e+01,5.739999999999999858e+01,1.000000000000000000e+00
1.783178405020563364e+09,8.569452998926863074e-03,2.925618800145457499e-02,1.884784899993974250e-02,1.747338399945874698e-02,1.348674524030464283e+01,1.057000000000000000e+03,1.110000000000000000e+03,2.840000000000000000e+02,2.420000000000000000e+02,2.558558558558558516e-01,8.521126760563380031e-01,4.000000000000000000e+01,3.410000000000000142e+01,5.639999999999999858e+01,1.000000000000000000e+00
1.783178405129643679e+09,8.287771001050714403e-03,3.005127100004756358e-02,2.005402000031608623e-02,1.810335799927997869e-02,1.307250718387766675e+01,1.138000000000000000e+03,1.057000000000000000e+03,2.640000000000000000e+02,2.170000000000000000e+02,2.497634815515610285e-01,8.219696969696970168e-01,3.900000000000000000e+01,3.400000000000000000e+01,5.639999999999999858e+01,1.000000000000000000e+00
1.783178405235996246e+09,8.652470998640637845e-03,2.971177400104352273e-02,1.854731599996739533e-02,1.565264599958027247e-02,1.378089889427973880e+01,1.104000000000000000e+03,1.138000000000000000e+03,2.700000000000000000e+02,2.490000000000000000e+02,2.372583479789103778e-01,9.222222222222222765e-01,4.650000000000000000e+01,3.400000000000000000e+01,5.739999999999999858e+01,1.000000000000000000e+00
1.783178405347808599e+09,7.192043000031844713e-03,2.825870000015129335e-02,1.714699900003324728e-02,2.199981100056902505e-02,1.340526545139451642e+01,1.066000000000000000e+03,1.104000000000000000e+03,2.580000000000000000e+02,2.160000000000000000e+02,2.336956521739130543e-01,8.372093023255814392e-01,4.050000000000000000e+01,3.400000000000000000e+01,5.689999999999999858e+01,1.000000000000000000e+00
1.783178405456182003e+09,8.920430000216583721e-03,3.152573500119615346e-02,1.906169799985946156e-02,1.654078399951686151e-02,1.314947785973923011e+01,1.126000000000000000e+03,1.066000000000000000e+03,2.710000000000000000e+02,2.370000000000000000e+02,2.542213883677298392e-01,8.745387453874539085e-01,4.050000000000000000e+01,3.400000000000000000e+01,5.689999999999999858e+01,1.000000000000000000e+00
1.783178405566068411e+09,9.251760000552167185e-03,2.997858699927746784e-02,1.908384600028512068e-02,1.966387600077723619e-02,1.282411853502759769e+01,1.124000000000000000e+03,1.126000000000000000e+03,3.230000000000000000e+02,2.740000000000000000e+02,2.868561278863232533e-01,8.482972136222910464e-01,4.150000000000000000e+01,3.400000000000000000e+01,5.689999999999999858e+01,1.000000000000000000e+00
1.783178405674895763e+09,8.071996000580838881e-03,2.953566599899204448e-02,1.769458499984466471e-02,1.956952500040642917e-02,1.335616846362806776e+01,1.109000000000000000e+03,1.124000000000000000e+03,3.370000000000000000e+02,2.950000000000000000e+02,2.998220640569395079e-01,8.753709198813056647e-01,4.420000000000000284e+01,3.400000000000000000e+01,5.739999999999999858e+01,1.000000000000000000e+00
1.783178405774480820e+09,8.690545000717975199e-03,2.630288899854349438e-02,1.831604100152617320e-02,1.392524099901493173e-02,1.487326874412522848e+01,1.128000000000000000e+03,1.109000000000000000e+03,2.620000000000000000e+02,2.390000000000000000e+02,2.362488728584310194e-01,9.122137404580152875e-01,4.100000000000000000e+01,3.400000000000000000e+01,5.739999999999999858e+01,1.000000000000000000e+00
1.783178405883837700e+09,7.266950000484939665e-03,2.792485200006922241e-02,1.968080199912947137e-02,1.814458000080776401e-02,1.369540627577845449e+01,1.103000000000000000e+03,1.128000000000000000e+03,2.710000000000000000e+02,2.250000000000000000e+02,2.402482269503546097e-01,8.302583025830257979e-01,4.520000000000000284e+01,3.400000000000000000e+01,5.739999999999999858e+01,1.000000000000000000e+00
1.783178405989289761e+09,1.076679700054228306e-02,2.907993100052408408e-02,1.817096800004946999e-02,1.579518200014717877e-02,1.354777143336544754e+01,1.136000000000000000e+03,1.103000000000000000e+03,3.100000000000000000e+02,2.690000000000000000e+02,2.810516772438803046e-01,8.677419354838710186e-01,4.189999999999999858e+01,3.400000000000000000e+01,5.689999999999999858e+01,1.000000000000000000e+00
1.783178406095930338e+09,8.272161001514177769e-03,2.940188899992790539e-02,2.066616099909879267e-02,1.719773900003929157e-02,1.323837885450054586e+01,1.149000000000000000e+03,1.136000000000000000e+03,3.260000000000000000e+02,2.830000000000000000e+02,2.869718309859154992e-01,8.680981595092024383e-01,4.420000000000000284e+01,3.400000000000000000e+01,5.639999999999999858e+01,1.000000000000000000e+00
1.783178406204321623e+09,9.078965000298921950e-03,2.947651899921766017e-02,1.906068000062077772e-02,1.874496100026590284e-02,1.309566877118061079e+01,1.134000000000000000e+03,1.149000000000000000e+03,3.240000000000000000e+02,2.770000000000000000e+02,2.819843342036553735e-01,8.549382716049382935e-01,4.389999999999999858e+01,3.400000000000000000e+01,5.639999999999999858e+01,1.000000000000000000e+00
1.783178406311276197e+09,8.178364998457254842e-03,2.657397900111391209e-02,1.724129399917728733e-02,1.946939700064831413e-02,1.399324839769877116e+01,1.130000000000000000e+03,1.134000000000000000e+03,3.420000000000000000e+02,2.970000000000000000e+02,3.015873015873015706e-01,8.684210526315789824e-01,4.520000000000000284e+01,3.400000000000000000e+01,5.789999999999999858e+01,1.000000000000000000e+00
1.783178406414917469e+09,7.189154999650781974e-03,2.728274800028884783e-02,2.009257499958039261e-02,1.764630800062150229e-02,1.384834669986891065e+01,1.138000000000000000e+03,1.130000000000000000e+03,3.240000000000000000e+02,2.960000000000000000e+02,2.867256637168141831e-01,9.135802469135801962e-01,4.289999999999999858e+01,3.400000000000000000e+01,5.789999999999999858e+01,1.000000000000000000e+00
1.783178406523547888e+09,8.507380000082775950e-03,2.981332899980770890e-02,2.041149700016831048e-02,1.932547300020814873e-02,1.281103938533171238e+01,1.129000000000000000e+03,1.138000000000000000e+03,2.930000000000000000e+02,2.460000000000000000e+02,2.574692442882249299e-01,8.395904436860067710e-01,3.850000000000000000e+01,3.400000000000000000e+01,5.689999999999999858e+01,1.000000000000000000e+00
1.783178406631196260e+09,6.806937000874313526e-03,2.958297999975911807e-02,2.060912399974768050e-02,1.693311300005007070e-02,1.352591458371641409e+01,1.118000000000000000e+03,1.129000000000000000e+03,2.930000000000000000e+02,2.470000000000000000e+02,2.595217006200177257e-01,8.430034129692832723e-01,4.650000000000000000e+01,3.400000000000000000e+01,5.689999999999999858e+01,1.000000000000000000e+00
1.783178406742433071e+09,9.693420999610680155e-03,2.694962299938197248e-02,1.835405800011358224e-02,2.388160400005290285e-02,1.267769276046009352e+01,1.150000000000000000e+03,1.118000000000000000e+03,3.750000000000000000e+02,2.980000000000000000e+02,3.354203935599284203e-01,7.946666666666666323e-01,4.320000000000000284e+01,3.400000000000000000e+01,5.739999999999999858e+01,1.000000000000000000e+00
1.783178406849173307e+09,8.465177001198753715e-03,2.955907299838145263e-02,1.932108400069409981e-02,1.831370699983381201e-02,1.321719105583919607e+01,1.129000000000000000e+03,1.150000000000000000e+03,3.120000000000000000e+02,2.620000000000000000e+02,2.713043478260869779e-01,8.397435897435897578e-01,4.050000000000000000e+01,3.400000000000000000e+01,5.639999999999999858e+01,1.000000000000000000e+00
1.783178406954746723e+09,8.434696001131669618e-03,3.055831999881775118e-02,1.914829000088502653e-02,1.763808499890728854e-02,1.319620000645568858e+01,1.142000000000000000e+03,1.129000000000000000e+03,3.410000000000000000e+02,2.930000000000000000e+02,3.020372010628875059e-01,8.592375366568915096e-01,3.950000000000000000e+01,3.400000000000000000e+01,5.639999999999999858e+01,1.000000000000000000e+00
1.783178407064649820e+09,9.444424000321305357e-03,2.912413299964100588e-02,1.902831000006699469e-02,1.792121200014662463e-02,1.324186225655541804e+01,1.131000000000000000e+03,1.142000000000000000e+03,3.780000000000000000e+02,3.350000000000000000e+02,3.309982486865148954e-01,8.862433862433862775e-01,4.550000000000000000e+01,3.400000000000000000e+01,5.739999999999999858e+01,1.000000000000000000e+00
1.783178407168626070e+09,8.460176999506074935e-03,2.883437799937382806e-02,1.813330200093332678e-02,1.610399200035317335e-02,1.397978682191863520e+01,1.098000000000000000e+03,1.131000000000000000e+03,2.790000000000000000e+02,2.450000000000000000e+02,2.466843501326259902e-01,8.781362007168458383e-01,4.520000000000000284e+01,3.400000000000000000e+01,5.889999999999999858e+01,1.000000000000000000e+00
1.783178407268845320e+09,9.310444998845923692e-03,2.656573800049955025e-02,1.673837400085176341e-02,1.575214500007859897e-02,1.462700365443934025e+01,1.121000000000000000e+03,1.098000000000000000e+03,3.040000000000000000e+02,2.690000000000000000e+02,2.768670309653916140e-01,8.848684210526315264e-01,4.389999999999999858e+01,3.400000000000000000e+01,5.689999999999999858e+01,1.000000000000000000e+00
1.783178407372216940e+09,7.859498999096103944e-03,2.886391399988497142e-02,1.763066000057733618e-02,1.511281899911409710e-02,1.439534677928457995e+01,1.091000000000000000e+03,1.121000000000000000e+03,2.880000000000000000e+02,2.570000000000000000e+02,2.569134701159678791e-01,8.923611111111111605e-01,4.050000000000000000e+01,3.400000000000000000e+01,5.839999999999999858e+01,1.000000000000000000e+00
1.783178407474381685e+09,7.272154000020236708e-03,2.916618800009018742e-02,1.741970000148285180e-02,1.589645799867867026e-02,1.433599265991586691e+01,1.116000000000000000e+03,1.091000000000000000e+03,3.120000000000000000e+02,2.860000000000000000e+02,2.859761686526122726e-01,9.166666666666666297e-01,4.150000000000000000e+01,3.400000000000000000e+01,5.639999999999999858e+01,1.000000000000000000e+00
1.783178407577546835e+09,7.185821999883046374e-03,2.882224800123367459e-02,1.746105099846317898e-02,1.767834400015999563e-02,1.405531454990920359e+01,1.071000000000000000e+03,1.116000000000000000e+03,3.390000000000000000e+02,3.020000000000000000e+02,3.037634408602150615e-01,8.908554572271386585e-01,4.360000000000000142e+01,3.400000000000000000e+01,5.739999999999999858e+01,1.000000000000000000e+00
1.783178407683391333e+09,9.886214998914510943e-03,2.873210200050380081e-02,1.716909099923213944e-02,1.784132400098314974e-02,1.358165450961421250e+01,1.081000000000000000e+03,1.071000000000000000e+03,3.350000000000000000e+02,2.950000000000000000e+02,3.127917833800186731e-01,8.805970149253731227e-01,4.520000000000000284e+01,3.400000000000000000e+01,5.689999999999999858e+01,1.000000000000000000e+00
1.783178407791932106e+09,7.716203999734716490e-03,2.949327799979073461e-02,1.907140199909918010e-02,2.022601700082304887e-02,1.307071632671697436e+01,1.075000000000000000e+03,1.081000000000000000e+03,3.410000000000000000e+02,2.850000000000000000e+02,3.154486586493986944e-01,8.357771260997067797e-01,4.420000000000000284e+01,3.400000000000000000e+01,5.739999999999999858e+01,1.000000000000000000e+00
1.783178407896414042e+09,1.116919999913079664e-02,2.832529199986311141e-02,1.744445800068206154e-02,1.505632000043988228e-02,1.388980137165109419e+01,1.056000000000000000e+03,1.075000000000000000e+03,2.410000000000000000e+02,2.050000000000000000e+02,2.241860465116279066e-01,8.506224066390041250e-01,4.389999999999999858e+01,3.400000000000000000e+01,5.739999999999999858e+01,1.000000000000000000e+00
1.783178407999589205e+09,8.495657000821665861e-03,2.748300500024924986e-02,1.551992599888762925e-02,1.926428899969323538e-02,1.413170354852758415e+01,9.560000000000000000e+02,1.056000000000000000e+03,1.550000000000000000e+02,1.190000000000000000e+02,1.467803030303030387e-01,7.677419354838709298e-01,4.520000000000000284e+01,3.400000000000000000e+01,5.689999999999999858e+01,1.000000000000000000e+00
1.783178408096228361e+09,9.203372001138632186e-03,2.437048699903243687e-02,1.523268800156074576e-02,1.643937799963168800e-02,1.532662767795999592e+01,9.620000000000000000e+02,9.560000000000000000e+02,2.330000000000000000e+02,1.960000000000000000e+02,2.437238493723849486e-01,8.412017167381974359e-01,4.320000000000000284e+01,3.400000000000000000e+01,5.739999999999999858e+01,1.000000000000000000e+00
1.783178408199700594e+09,1.013641600002301857e-02,2.910463399894069880e-02,1.670328200088988524e-02,1.731297900005301926e-02,1.365051469062623113e+01,1.036000000000000000e+03,9.620000000000000000e+02,2.440000000000000000e+02,2.100000000000000000e+02,2.536382536382536523e-01,8.606557377049179891e-01,4.389999999999999858e+01,3.400000000000000000e+01,5.789999999999999858e+01,1.000000000000000000e+00
1.783178408311754942e+09,9.306666999691515230e-03,2.923603900126181543e-02,1.737579299879143946e-02,2.011274100004811771e-02,1.315248837192085851e+01,1.039000000000000000e+03,1.036000000000000000e+03,2.750000000000000000e+02,2.350000000000000000e+02,2.654440154440154687e-01,8.545454545454544970e-01,4.420000000000000284e+01,3.400000000000000000e+01,5.639999999999999858e+01,1.000000000000000000e+00
1.783178408415525436e+09,8.888967000530101359e-03,2.883219300019845832e-02,1.791152700025122613e-02,1.671059699947363697e-02,1.382298320869332287e+01,1.008000000000000000e+03,1.039000000000000000e+03,2.480000000000000000e+02,2.170000000000000000e+02,2.386910490856593015e-01,8.750000000000000000e-01,4.000000000000000000e+01,3.400000000000000000e+01,5.789999999999999858e+01,1.000000000000000000e+00
1.783178408521551371e+09,7.941533998746308498e-03,2.944511200075794477e-02,1.703629599978739861e-02,1.760567900055320933e-02,1.388337005649676215e+01,9.750000000000000000e+02,1.008000000000000000e+03,2.040000000000000000e+02,1.650000000000000000e+02,2.023809523809523836e-01,8.088235294117647189e-01,4.100000000000000000e+01,3.410000000000000142e+01,5.739999999999999858e+01,1.000000000000000000e+00
1.783178408625576973e+09,9.154020001005847007e-03,2.894759899936616421e-02,1.828563299932284281e-02,1.158984300127485767e-02,1.471083752528310740e+01,9.620000000000000000e+02,9.750000000000000000e+02,1.470000000000000000e+02,1.310000000000000000e+02,1.507692307692307665e-01,8.911564625850340038e-01,4.250000000000000000e+01,3.400000000000000000e+01,5.789999999999999858e+01,1.000000000000000000e+00
1.783178408733583689e+09,1.138897500095481519e-02,2.627622399995743763e-02,1.680076199954783078e-02,2.031538700066448655e-02,1.337231845546514997e+01,9.220000000000000000e+02,9.620000000000000000e+02,1.350000000000000000e+02,1.030000000000000000e+02,1.403326403326403404e-01,7.629629629629629539e-01,4.320000000000000284e+01,3.400000000000000000e+01,5.789999999999999858e+01,1.000000000000000000e+00
1.783178408836189032e+09,8.005016001334297471e-03,2.767705800033581909e-02,1.676444799886667170e-02,1.734621899959165603e-02,1.432813764970428139e+01,9.810000000000000000e+02,9.220000000000000000e+02,1.590000000000000000e+02,1.260000000000000000e+02,1.724511930585683195e-01,7.924528301886792914e-01,4.650000000000000000e+01,3.410000000000000142e+01,5.639999999999999858e+01,1.000000000000000000e+00
1.783178408936019897e+09,7.023954000032972544e-03,2.747572699990996625e-02,1.674007800102117471e-02,1.398212899948703125e-02,1.533227618300597150e+01,9.800000000000000000e+02,9.810000000000000000e+02,1.810000000000000000e+02,1.620000000000000000e+02,1.845056065239551457e-01,8.950276243093923112e-01,4.360000000000000142e+01,3.400000000000000000e+01,5.639999999999999858e+01,1.000000000000000000e+00
1.783178409032170534e+09,8.194105999791645445e-03,2.767524299997603521e-02,1.636185999996087048e-02,1.299936400027945638e-02,1.533023479649454046e+01,9.470000000000000000e+02,9.800000000000000000e+02,1.750000000000000000e+02,1.560000000000000000e+02,1.785714285714285754e-01,8.914285714285714590e-01,4.750000000000000000e+01,3.400000000000000000e+01,5.739999999999999858e+01,1.000000000000000000e+00
1.783178409142730951e+09,1.024241499908384867e-02,2.597472699926584028e-02,1.660469000125885941e-02,2.400954699987778440e-02,1.301551544462953913e+01,9.040000000000000000e+02,9.470000000000000000e+02,1.400000000000000000e+02,1.050000000000000000e+02,1.478352692713833239e-01,7.500000000000000000e-01,4.000000000000000000e+01,3.400000000000000000e+01,5.839999999999999858e+01,1.000000000000000000e+00
1.783178409238501787e+09,7.777573999192100018e-03,2.741850600068573840e-02,1.608397400013927836e-02,1.466684399929363281e-02,1.516371550956728242e+01,9.860000000000000000e+02,9.040000000000000000e+02,1.420000000000000000e+02,1.230000000000000000e+02,1.570796460176991094e-01,8.661971830985915055e-01,4.760000000000000142e+01,3.400000000000000000e+01,5.739999999999999858e+01,1.000000000000000000e+00
1.783178409335818768e+09,9.260482000172487460e-03,2.690417899975727778e-02,1.692455699958372861e-02,1.339952499984065071e-02,1.504013995285959560e+01,9.740000000000000000e+02,9.860000000000000000e+02,1.360000000000000000e+02,1.140000000000000000e+02,1.379310344827586188e-01,8.382352941176470784e-01,4.470000000000000284e+01,3.400000000000000000e+01,5.739999999999999858e+01,1.000000000000000000e+00
1.783178409443965435e+09,7.844832000046153553e-03,2.845708600034413394e-02,1.833502199951908551e-02,1.571973800128034782e-02,1.421329187803736538e+01,9.800000000000000000e+02,9.740000000000000000e+02,1.840000000000000000e+02,1.580000000000000000e+02,1.889117043121149864e-01,8.586956521739130821e-01,4.250000000000000000e+01,3.400000000000000000e+01,5.739999999999999858e+01,1.000000000000000000e+00
1.783178409552131891e+09,7.110581000233651139e-03,2.827820000129577238e-02,1.894810699923255015e-02,2.040147799925762229e-02,1.338000886987197191e+01,9.810000000000000000e+02,9.800000000000000000e+02,1.610000000000000000e+02,1.220000000000000000e+02,1.642857142857142849e-01,7.577639751552794900e-01,4.220000000000000284e+01,3.410000000000000142e+01,5.789999999999999858e+01,1.000000000000000000e+00
1.783178409650800467e+09,9.406794999449630268e-03,2.707636199920671061e-02,1.725709000129427295e-02,1.267766299861250445e-02,1.505617987710895989e+01,9.320000000000000000e+02,9.810000000000000000e+02,1.470000000000000000e+02,1.240000000000000000e+02,1.498470948012232407e-01,8.435374149659864429e-01,4.470000000000000284e+01,3.400000000000000000e+01,5.789999999999999858e+01,1.000000000000000000e+00
1.783178409747827291e+09,6.553940998855978251e-03,2.541049200044653844e-02,1.705866700103797484e-02,1.534844599882490002e-02,1.553481409337233465e+01,9.510000000000000000e+02,9.320000000000000000e+02,1.610000000000000000e+02,1.320000000000000000e+02,1.727467811158798217e-01,8.198757763975155211e-01,4.470000000000000284e+01,3.400000000000000000e+01,5.739999999999999858e+01,1.000000000000000000e+00
1.783178409843853712e+09,9.226612000929890200e-03,2.726445199914451223e-02,1.717111000107252039e-02,1.071914999920409173e-02,1.553245472234382518e+01,9.600000000000000000e+02,9.510000000000000000e+02,1.350000000000000000e+02,1.200000000000000000e+02,1.419558359621451160e-01,8.888888888888888395e-01,4.620000000000000284e+01,3.410000000000000142e+01,5.689999999999999858e+01,1.000000000000000000e+00
1.783178409940557480e+09,7.341671998801757582e-03,2.673881000009714626e-02,1.538500100105011370e-02,1.401124000039999373e-02,1.575380632038143780e+01,9.520000000000000000e+02,9.600000000000000000e+02,1.400000000000000000e+02,1.160000000000000000e+02,1.458333333333333426e-01,8.285714285714286254e-01,4.050000000000000000e+01,3.400000000000000000e+01,5.689999999999999858e+01,1.000000000000000000e+00
1.783178410044032335e+09,7.919294999737758189e-03,2.435594900089199655e-02,1.992781800072407350e-02,1.354568999886396341e-02,1.520941416495156417e+01,1.007000000000000000e+03,9.520000000000000000e+02,1.450000000000000000e+02,1.210000000000000000e+02,1.523109243697478854e-01,8.344827586206896575e-01,4.500000000000000000e+01,3.400000000000000000e+01,5.789999999999999858e+01,1.000000000000000000e+00
1.783178410149016142e+09,9.638866000386769883e-03,2.764131799995084293e-02,1.774289899913128465e-02,1.456499300002178643e-02,1.437027803452015284e+01,9.970000000000000000e+02,1.007000000000000000e+03,2.170000000000000000e+02,1.980000000000000000e+02,2.154915590863952235e-01,9.124423963133641013e-01,4.100000000000000000e+01,3.400000000000000000e+01,5.639999999999999858e+01,1.000000000000000000e+00
1.783178410243018866e+09,7.738907001112238504e-03,2.761511499920743518e-02,1.749834600013855379e-02,9.274240999729954638e-03,1.609616259591717125e+01,9.460000000000000000e+02,9.970000000000000000e+02,9.900000000000000000e+01,8.900000000000000000e+01,9.929789368104312286e-02,8.989898989898990056e-01,4.360000000000000142e+01,3.400000000000000000e+01,5.689999999999999858e+01,1.000000000000000000e+00
1.783178410344602108e+09,9.329147998869302683e-03,2.727360000062617473e-02,1.763095699971017893e-02,1.559370200084231328e-02,1.432102440807107513e+01,9.840000000000000000e+02,9.460000000000000000e+02,1.560000000000000000e+02,1.260000000000000000e+02,1.649048625792811917e-01,8.076923076923077094e-01,4.360000000000000142e+01,3.400000000000000000e+01,5.689999999999999858e+01,1.000000000000000000e+00
1.783178410446857691e+09,7.173506999606615864e-03,2.713495399984822143e-02,1.910692000092240050e-02,1.423786699888296425e-02,1.478125632653934218e+01,9.480000000000000000e+02,9.840000000000000000e+02,1.730000000000000000e+02,1.470000000000000000e+02,1.758130081300812997e-01,8.497109826589595016e-01,4.100000000000000000e+01,3.400000000000000000e+01,5.739999999999999858e+01,1.000000000000000000e+00
1.783178410546936750e+09,7.036693999907583930e-03,2.720060100000409875e-02,1.901993899991794024e-02,1.279944000089017209e-02,1.513851575374659930e+01,9.790000000000000000e+02,9.480000000000000000e+02,1.350000000000000000e+02,1.130000000000000000e+02,1.424050632911392500e-01,8.370370370370370239e-01,4.389999999999999858e+01,3.410000000000000142e+01,5.839999999999999858e+01,1.000000000000000000e+00
1.783178410642358303e+09,7.932794000225840136e-03,2.858041800027422141e-02,1.858711100067012012e-02,9.522311998807708733e-03,1.547445411349045408e+01,9.860000000000000000e+02,9.790000000000000000e+02,1.340000000000000000e+02,1.260000000000000000e+02,1.368743615934627234e-01,9.402985074626866169e-01,4.589999999999999858e+01,3.400000000000000000e+01,5.789999999999999858e+01,1.000000000000000000e+00
1.783178410742891073e+09,7.156841000323765911e-03,2.728815499904158060e-02,1.948393400016357191e-02,1.407998000104271341e-02,1.470395570215130299e+01,9.760000000000000000e+02,9.860000000000000000e+02,2.080000000000000000e+02,1.840000000000000000e+02,2.109533468559837699e-01,8.846153846153845812e-01,4.050000000000000000e+01,3.400000000000000000e+01,5.639999999999999858e+01,1.000000000000000000e+00
1.783178410838592052e+09,6.752068000423605554e-03,2.829008799926668871e-02,1.711931400132016279e-02,1.342869099971721880e-02,1.524618913481407212e+01,9.950000000000000000e+02,9.760000000000000000e+02,1.600000000000000000e+02,1.390000000000000000e+02,1.639344262295081844e-01,8.687500000000000222e-01,4.500000000000000000e+01,3.400000000000000000e+01,5.689999999999999858e+01,1.000000000000000000e+00
1.783178410942924738e+09,7.917979999547242187e-03,2.692230800130346324e-02,2.050514399888925254e-02,1.279099500061420258e-02,1.467643731883390679e+01,9.730000000000000000e+02,9.950000000000000000e+02,1.740000000000000000e+02,1.600000000000000000e+02,1.748743718592964957e-01,9.195402298850574585e-01,4.500000000000000000e+01,3.410000000000000142e+01,5.739999999999999858e+01,1.000000000000000000e+00
1.783178411038963318e+09,7.322375000512693077e-03,2.665390400034084450e-02,1.962109899977804162e-02,1.004382499922940042e-02,1.571309077866086845e+01,9.580000000000000000e+02,9.730000000000000000e+02,1.560000000000000000e+02,1.510000000000000000e+02,1.603288797533401755e-01,9.679487179487179516e-01,4.100000000000000000e+01,3.410000000000000142e+01,5.839999999999999858e+01,1.000000000000000000e+00
1.783178411139366388e+09,6.980527999985497445e-03,2.761933600049815141e-02,1.702598199881322216e-02,1.605623400064359885e-02,1.477495963482327390e+01,9.680000000000000000e+02,9.580000000000000000e+02,1.660000000000000000e+02,1.340000000000000000e+02,1.732776617954071008e-01,8.072289156626506479e-01,4.210000000000000142e+01,3.400000000000000000e+01,5.689999999999999858e+01,1.000000000000000000e+00
1.783178411236766815e+09,9.228203998645767570e-03,2.694040100141137373e-02,1.692701999854762107e-02,1.214424300087557640e-02,1.532805063321043804e+01,9.920000000000000000e+02,9.680000000000000000e+02,1.790000000000000000e+02,1.630000000000000000e+02,1.849173553719008212e-01,9.106145251396647877e-01,4.470000000000000284e+01,3.400000000000000000e+01,5.639999999999999858e+01,1.000000000000000000e+00
1.783178411333631754e+09,7.161895999161060899e-03,2.750000500054738950e-02,1.681009599997196347e-02,1.272966299984545913e-02,1.557592124576506265e+01,9.610000000000000000e+02,9.920000000000000000e+02,1.210000000000000000e+02,1.070000000000000000e+02,1.219758064516129059e-01,8.842975206611570771e-01,4.500000000000000000e+01,3.400000000000000000e+01,5.739999999999999858e+01,1.000000000000000000e+00
1.783178411430256844e+09,8.081883999693673104e-03,2.689614200062351301e-02,1.639428599992243107e-02,1.221937199989042711e-02,1.572532660084854861e+01,9.320000000000000000e+02,9.610000000000000000e+02,1.650000000000000000e+02,1.460000000000000000e+02,1.716961498439125988e-01,8.848484848484848841e-01,4.360000000000000142e+01,3.400000000000000000e+01,5.739999999999999858e+01,1.000000000000000000e+00
1.783178411533204079e+09,8.331474999067722820e-03,2.703404699968814384e-02,1.701709299959475175e-02,1.476321300106064882e-02,1.489295805554394114e+01,9.620000000000000000e+02,9.320000000000000000e+02,1.490000000000000000e+02,1.240000000000000000e+02,1.598712446351931438e-01,8.322147651006711611e-01,4.629999999999999716e+01,3.400000000000000000e+01,5.739999999999999858e+01,1.000000000000000000e+00
1.783178411626923800e+09,8.278733999759424478e-03,2.515338500052166637e-02,1.613888099927862640e-02,1.131373600037477445e-02,1.642447788557506172e+01,9.570000000000000000e+02,9.620000000000000000e+02,1.380000000000000000e+02,1.200000000000000000e+02,1.434511434511434591e-01,8.695652173913043237e-01,4.439999999999999858e+01,3.400000000000000000e+01,5.839999999999999858e+01,1.000000000000000000e+00
1.783178411724377632e+09,9.942362999936449341e-03,2.697315899968089070e-02,1.681326200014154892e-02,1.101923900023393799e-02,1.544448700773629390e+01,9.600000000000000000e+02,9.570000000000000000e+02,1.180000000000000000e+02,1.030000000000000000e+02,1.233019853709508840e-01,8.728813559322033955e-01,4.750000000000000000e+01,3.410000000000000142e+01,5.739999999999999858e+01,1.000000000000000000e+00
1.783178411821870804e+09,8.367159000044921413e-03,2.808557199932693038e-02,1.852948300074785948e-02,1.090785099950153381e-02,1.517679486286359314e+01,9.710000000000000000e+02,9.600000000000000000e+02,2.050000000000000000e+02,1.940000000000000000e+02,2.135416666666666574e-01,9.463414634146340987e-01,3.889999999999999858e+01,3.400000000000000000e+01,5.739999999999999858e+01,1.000000000000000000e+00
1.783178411917147636e+09,7.682704001126694493e-03,2.674151399878610391e-02,1.817826500155206304e-02,8.294919000036315992e-03,1.642106177165569392e+01,9.810000000000000000e+02,9.710000000000000000e+02,7.600000000000000000e+01,7.200000000000000000e+01,7.826982492276003678e-02,9.473684210526315264e-01,4.170000000000000284e+01,3.400000000000000000e+01,5.689999999999999858e+01,1.000000000000000000e+00
1.783178412026771307e+09,7.614167998326593079e-03,2.832001400020089932e-02,1.992391000021598302e-02,1.703055600046354812e-02,1.371955753673575273e+01,9.680000000000000000e+02,9.810000000000000000e+02,2.100000000000000000e+02,1.720000000000000000e+02,2.140672782874617763e-01,8.190476190476190244e-01,4.550000000000000000e+01,3.400000000000000000e+01,5.789999999999999858e+01,1.000000000000000000e+00
1.783178412129096031e+09,9.196389999488019384e-03,2.975792200049909297e-02,1.691209499949763995e-02,1.248970200140320230e-02,1.462927036977792028e+01,9.810000000000000000e+02,9.680000000000000000e+02,1.540000000000000000e+02,1.370000000000000000e+02,1.590909090909090884e-01,8.896103896103896291e-01,4.500000000000000000e+01,3.400000000000000000e+01,5.789999999999999858e+01,1.000000000000000000e+00
1.783178412229831934e+09,1.086951800061797258e-02,2.749683799993363209e-02,1.643352599967329297e-02,1.418116400054714177e-02,1.449673581332483607e+01,1.002000000000000000e+03,9.810000000000000000e+02,2.250000000000000000e+02,2.030000000000000000e+02,2.293577981651376274e-01,9.022222222222222587e-01,4.520000000000000284e+01,3.400000000000000000e+01,5.789999999999999858e+01,1.000000000000000000e+00
1.783178412327095985e+09,1.044763400022930000e-02,2.742459900036919862e-02,1.627917499899922404e-02,1.183593300083884969e-02,1.515442181544160150e+01,9.500000000000000000e+02,1.002000000000000000e+03,1.940000000000000000e+02,1.750000000000000000e+02,1.936127744510978133e-01,9.020618556701031077e-01,4.210000000000000142e+01,3.410000000000000142e+01,5.739999999999999858e+01,1.000000000000000000e+00
1.783178412428536415e+09,1.286827199874096550e-02,2.835806900111492723e-02,1.627387999906204641e-02,1.170061900120344944e-02,1.445069163897787767e+01,1.010000000000000000e+03,9.500000000000000000e+02,1.420000000000000000e+02,1.240000000000000000e+02,1.494736842105263142e-01,8.732394366197182567e-01,5.000000000000000000e+01,3.400000000000000000e+01,5.739999999999999858e+01,1.000000000000000000e+00
1.783178412531797171e+09,1.073374199950194452e-02,2.466385300067486241e-02,1.736055199944530614e-02,1.867014800154720433e-02,1.400005417998048962e+01,9.890000000000000000e+02,1.010000000000000000e+03,2.410000000000000000e+02,1.950000000000000000e+02,2.386138613861386037e-01,8.091286307053942028e-01,4.100000000000000000e+01,3.400000000000000000e+01,5.739999999999999858e+01,1.000000000000000000e+00
1.783178412634141684e+09,9.955232999345753342e-03,2.863921300013316795e-02,1.588875500056019519e-02,1.641682199988281354e-02,1.410436777998084956e+01,1.049000000000000000e+03,9.890000000000000000e+02,2.480000000000000000e+02,2.110000000000000000e+02,2.507583417593528541e-01,8.508064516129032473e-01,4.520000000000000284e+01,3.400000000000000000e+01,5.839999999999999858e+01,1.000000000000000000e+00
1.783178412742933750e+09,8.277511999040143564e-03,2.987764300087292213e-02,1.649117399938404560e-02,1.910243800011812709e-02,1.355954873127477711e+01,1.050000000000000000e+03,1.049000000000000000e+03,2.910000000000000000e+02,2.400000000000000000e+02,2.774070543374642650e-01,8.247422680412370699e-01,4.670000000000000284e+01,3.400000000000000000e+01,5.839999999999999858e+01,1.000000000000000000e+00
1.783178412845616341e+09,6.971156999497907236e-03,2.899746900038735475e-02,1.672763399983523414e-02,1.487880300010147039e-02,1.479835838262754777e+01,1.083000000000000000e+03,1.050000000000000000e+03,2.180000000000000000e+02,1.860000000000000000e+02,2.076190476190476197e-01,8.532110091743119185e-01,4.500000000000000000e+01,3.400000000000000000e+01,5.839999999999999858e+01,1.000000000000000000e+00
1.783178412951714754e+09,7.906109998657484539e-03,2.958586800014018081e-02,1.810671000021102373e-02,1.868288799960282631e-02,1.346228841481085681e+01,1.101000000000000000e+03,1.083000000000000000e+03,3.450000000000000000e+02,2.940000000000000000e+02,3.185595567867036126e-01,8.521739130434782261e-01,4.189999999999999858e+01,3.410000000000000142e+01,5.839999999999999858e+01,1.000000000000000000e+00
1.783178413054984331e+09,9.008966000692453235e-03,2.963834999900427647e-02,1.811324700065597426e-02,1.608208499965257943e-02,1.372822141226836656e+01,1.086000000000000000e+03,1.101000000000000000e+03,3.220000000000000000e+02,2.910000000000000000e+02,2.924613987284286898e-01,9.037267080745341463e-01,4.770000000000000284e+01,3.400000000000000000e+01,5.789999999999999858e+01,1.000000000000000000e+00
1.783178413160632133e+09,8.541860999685013667e-03,2.941920400007802527e-02,1.856466800018097274e-02,1.661139399948297068e-02,1.367294616327812307e+01,1.100000000000000000e+03,1.086000000000000000e+03,3.180000000000000000e+02,2.770000000000000000e+02,2.928176795580110237e-01,8.710691823899371355e-01,4.650000000000000000e+01,3.400000000000000000e+01,5.789999999999999858e+01,1.000000000000000000e+00
1.783178413265688658e+09,9.326907000286155380e-03,2.924424299999373034e-02,1.823889400111511350e-02,1.729757099928974640e-02,1.349388993277897519e+01,1.101000000000000000e+03,1.100000000000000000e+03,3.410000000000000000e+02,3.130000000000000000e+02,3.099999999999999978e-01,9.178885630498533343e-01,5.310000000000000142e+01,3.400000000000000000e+01,5.550000000000000000e+01,1.000000000000000000e+00
1.783178413376550674e+09,1.033152500167489052e-02,2.981534799982910044e-02,1.720488699902489316e-02,1.939639800002623815e-02,1.302962867190593599e+01,1.105000000000000000e+03,1.101000000000000000e+03,3.280000000000000000e+02,2.770000000000000000e+02,2.979109900090826657e-01,8.445121951219511924e-01,5.000000000000000000e+01,3.400000000000000000e+01,5.789999999999999858e+01,1.000000000000000000e+00
1.783178413483246088e+09,7.881757999712135643e-03,2.882289599983778317e-02,1.943360100085556041e-02,1.859807399887358770e-02,1.338037355313031718e+01,1.106000000000000000e+03,1.105000000000000000e+03,3.740000000000000000e+02,3.170000000000000000e+02,3.384615384615384803e-01,8.475935828877004807e-01,5.200000000000000000e+01,3.400000000000000000e+01,5.789999999999999858e+01,1.000000000000000000e+00
1.783178413585376978e+09,7.917590000943164341e-03,2.660277500035590492e-02,1.861435199862171430e-02,1.839865100009774324e-02,1.397948996333768257e+01,1.097000000000000000e+03,1.106000000000000000e+03,3.210000000000000000e+02,2.650000000000000000e+02,2.902350813743218572e-01,8.255451713395638436e-01,5.210000000000000142e+01,3.400000000000000000e+01,5.789999999999999858e+01,1.000000000000000000e+00
1.783178413698816538e+09,8.889726999768754467e-03,3.427244299928133842e-02,1.936771300097461790e-02,1.732275599897548091e-02,1.252306764730118260e+01,1.151000000000000000e+03,1.097000000000000000e+03,2.770000000000000000e+02,2.310000000000000000e+02,2.525068368277119668e-01,8.339350180505414878e-01,5.279999999999999716e+01,3.400000000000000000e+01,5.789999999999999858e+01,1.000000000000000000e+00
1.783178413812628746e+09,7.579984001495176926e-03,2.965866399972583167e-02,1.830150400019192602e-02,2.434572699894488323e-02,1.251785687925547919e+01,1.134000000000000000e+03,1.151000000000000000e+03,3.990000000000000000e+02,3.480000000000000000e+02,3.466550825369243971e-01,8.721804511278195005e-01,5.450000000000000000e+01,3.400000000000000000e+01,5.839999999999999858e+01,1.000000000000000000e+00
1.783178413924154043e+09,8.518991000528330915e-03,3.017345499938528519e-02,1.930687999993097037e-02,1.917062299980898388e-02,1.295841208868090888e+01,1.131000000000000000e+03,1.134000000000000000e+03,3.530000000000000000e+02,3.070000000000000000e+02,3.112874779541446313e-01,8.696883852691218442e-01,5.379999999999999716e+01,3.400000000000000000e+01,5.639999999999999858e+01,1.000000000000000000e+00
1.783178414042194366e+09,9.315258999777142890e-03,3.090846399936708622e-02,2.177583299999241717e-02,2.050894000058178790e-02,1.211996398532597929e+01,1.138000000000000000e+03,1.131000000000000000e+03,3.660000000000000000e+02,3.190000000000000000e+02,3.236074270557029453e-01,8.715846994535518810e-01,5.179999999999999716e+01,3.400000000000000000e+01,5.789999999999999858e+01,1.000000000000000000e+00
1.783178414146239758e+09,7.733110998742631637e-03,2.763855900047929026e-02,1.776987999983248301e-02,1.880764599991380237e-02,1.389869596338978575e+01,1.148000000000000000e+03,1.138000000000000000e+03,2.770000000000000000e+02,2.280000000000000000e+02,2.434094903339191485e-01,8.231046931407942635e-01,5.000000000000000000e+01,3.400000000000000000e+01,5.789999999999999858e+01,1.000000000000000000e+00
1.783178414258193254e+09,7.868757998949149624e-03,3.072641099970496725e-02,1.966763500058732461e-02,2.104391499960911460e-02,1.260927210990147884e+01,1.144000000000000000e+03,1.148000000000000000e+03,3.960000000000000000e+02,3.450000000000000000e+02,3.449477351916376278e-01,8.712121212121212155e-01,5.539999999999999858e+01,3.400000000000000000e+01,5.789999999999999858e+01,1.000000000000000000e+00
1.783178414367935896e+09,9.787143000721698627e-03,3.127084799962176476e-02,1.825217099940346088e-02,1.864698100143868942e-02,1.282756090721271569e+01,1.166000000000000000e+03,1.144000000000000000e+03,3.590000000000000000e+02,3.330000000000000000e+02,3.138111888111888015e-01,9.275766016713091755e-01,5.289999999999999858e+01,3.400000000000000000e+01,5.789999999999999858e+01,1.000000000000000000e+00
1.783178414480659485e+09,1.089351800146687310e-02,2.956123900003149174e-02,1.823804199921141844e-02,2.048660699983884115e-02,1.262954662722616384e+01,1.152000000000000000e+03,1.166000000000000000e+03,3.690000000000000000e+02,3.170000000000000000e+02,3.164665523156089399e-01,8.590785907859078696e-01,5.100000000000000000e+01,3.400000000000000000e+01,5.989999999999999858e+01,1.000000000000000000e+00
1.783178414588207245e+09,7.967460000145365484e-03,3.034984199985046871e-02,1.917028899879369419e-02,1.792358200145827141e-02,1.326063446853842187e+01,1.147000000000000000e+03,1.152000000000000000e+03,3.590000000000000000e+02,3.110000000000000000e+02,3.116319444444444198e-01,8.662952646239554522e-01,5.379999999999999716e+01,3.400000000000000000e+01,5.789999999999999858e+01,1.000000000000000000e+00
1.783178414699973345e+09,8.950690000347094610e-03,3.150686399931146298e-02,1.825333799934014678e-02,2.069803000085812528e-02,1.259304338625580399e+01,1.191000000000000000e+03,1.147000000000000000e+03,3.450000000000000000e+02,2.830000000000000000e+02,3.007846556233653157e-01,8.202898550724637694e-01,5.289999999999999858e+01,3.400000000000000000e+01,5.789999999999999858e+01,1.000000000000000000e+00
1.783178414813763380e+09,6.659938999291625805e-03,3.056083800038322806e-02,2.075741899898275733e-02,2.328048100025625899e-02,1.230637806241130860e+01,1.175000000000000000e+03,1.191000000000000000e+03,4.380000000000000000e+02,3.740000000000000000e+02,3.677581863979849097e-01,8.538812785388127935e-01,4.470000000000000284e+01,3.400000000000000000e+01,5.689999999999999858e+01,1.000000000000000000e+00
1.783178414926539660e+09,8.533213000191608444e-03,3.101464800056419335e-02,1.916343799894093536e-02,2.386880700032634195e-02,1.210945406148692172e+01,1.165000000000000000e+03,1.175000000000000000e+03,4.380000000000000000e+02,3.580000000000000000e+02,3.727659574468085157e-01,8.173515981735159919e-01,4.789999999999999858e+01,3.400000000000000000e+01,5.839999999999999858e+01,1.000000000000000000e+00
1.783178415036947489e+09,9.740253999552805908e-03,2.778648300045460928e-02,1.935371299987309612e-02,2.136044899998523761e-02,1.278103923629144312e+01,1.138000000000000000e+03,1.165000000000000000e+03,3.620000000000000000e+02,3.000000000000000000e+02,3.107296137339055631e-01,8.287292817679557944e-01,4.670000000000000284e+01,3.400000000000000000e+01,5.889999999999999858e+01,1.000000000000000000e+00
1.783178415149801731e+09,7.041341999865835533e-03,3.038230300080613233e-02,1.743503299985604826e-02,2.523453200046787970e-02,1.248545288655013152e+01,1.168000000000000000e+03,1.138000000000000000e+03,3.330000000000000000e+02,2.530000000000000000e+02,2.926186291739894529e-01,7.597597597597597341e-01,4.579999999999999716e+01,3.400000000000000000e+01,5.889999999999999858e+01,1.000000000000000000e+00
1.783178415259124279e+09,8.139846999256405979e-03,3.050083900052413810e-02,1.878470199881121516e-02,1.931102900016412605e-02,1.303162226112554656e+01,1.182000000000000000e+03,1.168000000000000000e+03,2.900000000000000000e+02,2.320000000000000000e+02,2.482876712328767055e-01,8.000000000000000444e-01,4.770000000000000284e+01,3.410000000000000142e+01,5.789999999999999858e+01,1.000000000000000000e+00
1.783178415369235039e+09,9.364722000100300647e-03,3.146271600053296424e-02,1.842120599940244574e-02,2.112243300143745728e-02,1.244228691848524626e+01,1.173000000000000000e+03,1.182000000000000000e+03,4.140000000000000000e+02,3.550000000000000000e+02,3.502538071065989800e-01,8.574879227053140429e-01,4.439999999999999858e+01,3.400000000000000000e+01,5.839999999999999858e+01,1.000000000000000000e+00
1.783178415483030319e+09,9.968176998881972395e-03,2.988255099990055896e-02,1.722897900071984623e-02,2.235467799982870929e-02,1.258900663747092530e+01,1.160000000000000000e+03,1.173000000000000000e+03,3.680000000000000000e+02,2.990000000000000000e+02,3.137254901960784270e-01,8.125000000000000000e-01,4.189999999999999858e+01,3.400000000000000000e+01,5.839999999999999858e+01,1.000000000000000000e+00
1.783178415589651108e+09,8.058606999838957563e-03,3.021123200051079039e-02,1.987885499875119422e-02,1.616560300135461148e-02,1.345636089370353439e+01,1.193000000000000000e+03,1.160000000000000000e+03,3.060000000000000000e+02,2.640000000000000000e+02,2.637931034482758896e-01,8.627450980392157298e-01,4.550000000000000000e+01,3.400000000000000000e+01,5.839999999999999858e+01,1.000000000000000000e+00
1.783178415708322048e+09,8.398010999371763319e-03,3.289484800006903242e-02,1.896032900003774557e-02,2.532438300113426521e-02,1.168530478614354706e+01,1.188000000000000000e+03,1.193000000000000000e+03,4.360000000000000000e+02,3.500000000000000000e+02,3.654652137468566431e-01,8.027522935779816127e-01,3.860000000000000142e+01,3.400000000000000000e+01,5.839999999999999858e+01,1.000000000000000000e+00
1.783178415823369980e+09,8.040774999244604260e-03,3.155853000134811737e-02,1.987854099934338592e-02,2.379825199932383839e-02,1.200824755272379285e+01,1.203000000000000000e+03,1.188000000000000000e+03,4.550000000000000000e+02,3.880000000000000000e+02,3.829966329966330019e-01,8.527472527472527153e-01,3.860000000000000142e+01,3.400000000000000000e+01,5.789999999999999858e+01,1.000000000000000000e+00
1.783178415938764572e+09,1.144082700011495035e-02,3.004704799968749285e-02,1.894155199988745153e-02,2.031707199967058841e-02,1.238443786903900445e+01,1.190000000000000000e+03,1.203000000000000000e+03,2.980000000000000000e+02,2.510000000000000000e+02,2.477140482128013244e-01,8.422818791946308226e-01,4.189999999999999858e+01,3.400000000000000000e+01,5.789999999999999858e+01,1.000000000000000000e+00
1.783178416052137613e+09,7.835147000150755048e-03,3.114875800019945018e-02,1.720916500016755890e-02,2.225747500051511452e-02,1.274688403996217012e+01,1.187000000000000000e+03,1.190000000000000000e+03,2.730000000000000000e+02,2.120000000000000000e+02,2.294117647058823428e-01,7.765567765567765735e-01,3.660000000000000142e+01,3.400000000000000000e+01,5.789999999999999858e+01,1.000000000000000000e+00
1.783178416166289568e+09,7.834442998500890099e-03,3.033686000162560958e-02,1.955956299934769049e-02,2.504534900072030723e-02,1.208076498783678687e+01,1.193000000000000000e+03,1.187000000000000000e+03,3.650000000000000000e+02,2.840000000000000000e+02,3.074978938500421144e-01,7.780821917808219412e-01,4.350000000000000000e+01,3.400000000000000000e+01,5.789999999999999858e+01,1.000000000000000000e+00
1.783178416277045727e+09,9.074076999240787700e-03,3.076067000074544922e-02,1.761634499962383416e-02,2.129518999936408363e-02,1.269901225321377325e+01,1.193000000000000000e+03,1.193000000000000000e+03,3.260000000000000000e+02,2.680000000000000000e+02,2.732606873428332084e-01,8.220858895705521752e-01,4.089999999999999858e+01,3.400000000000000000e+01,5.789999999999999858e+01,1.000000000000000000e+00
1.783178416394949198e+09,7.759629999782191589e-03,3.290908799863245804e-02,1.978117100043164100e-02,2.134541200030071195e-02,1.222564117724108002e+01,1.195000000000000000e+03,1.193000000000000000e+03,3.120000000000000000e+02,2.460000000000000000e+02,2.615255658005029571e-01,7.884615384615384359e-01,4.350000000000000000e+01,3.400000000000000000e+01,5.739999999999999858e+01,1.000000000000000000e+00
1.783178416508385181e+09,1.068094699985522311e-02,3.012384400062728673e-02,1.864437000040197745e-02,2.120880199981911574e-02,1.239803192142698585e+01,1.192000000000000000e+03,1.195000000000000000e+03,3.410000000000000000e+02,2.780000000000000000e+02,2.853556485355648320e-01,8.152492668621701410e-01,4.220000000000000284e+01,3.400000000000000000e+01,5.789999999999999858e+01,1.000000000000000000e+00
1.783178416629860878e+09,1.255388699973991606e-02,3.182304599977214821e-02,2.076280700021015946e-02,2.491233200089482125e-02,1.110468618637834304e+01,1.193000000000000000e+03,1.192000000000000000e+03,5.120000000000000000e+02,4.570000000000000000e+02,4.295302013422818699e-01,8.925781250000000000e-01,3.829999999999999716e+01,3.400000000000000000e+01,5.839999999999999858e+01,1.000000000000000000e+00
1.783178416740232229e+09,6.706217000100878067e-03,3.194063699993421324e-02,1.859235200026887469e-02,1.963159799925051630e-02,1.300884013136893458e+01,1.212000000000000000e+03,1.193000000000000000e+03,3.960000000000000000e+02,3.470000000000000000e+02,3.319362950544845203e-01,8.762626262626262985e-01,4.150000000000000000e+01,3.400000000000000000e+01,5.739999999999999858e+01,1.000000000000000000e+00
1.783178416849857330e+09,6.921454998519038782e-03,3.231329900154378265e-02,2.002435299982607830e-02,1.832981799998378847e-02,1.288843736398771966e+01,1.208000000000000000e+03,1.212000000000000000e+03,3.850000000000000000e+02,3.330000000000000000e+02,3.176567656765676428e-01,8.649350649350648901e-01,3.750000000000000000e+01,3.400000000000000000e+01,5.839999999999999858e+01,1.000000000000000000e+00
1.783178416961537361e+09,7.526298999437130988e-03,3.153325300081633031e-02,1.911023499997099862e-02,2.070797399937873706e-02,1.267784464628795149e+01,1.206000000000000000e+03,1.208000000000000000e+03,3.760000000000000000e+02,3.120000000000000000e+02,3.112582781456953440e-01,8.297872340425531679e-01,4.420000000000000284e+01,3.400000000000000000e+01,5.739999999999999858e+01,1.000000000000000000e+00
1.783178417074637890e+09,8.662860000185901299e-03,2.906739399986690842e-02,1.802217299882613588e-02,2.273034000063489657e-02,1.274165066079021535e+01,1.200000000000000000e+03,1.206000000000000000e+03,4.750000000000000000e+02,4.070000000000000000e+02,3.938640132669983251e-01,8.568421052631578494e-01,3.810000000000000142e+01,3.400000000000000000e+01,5.839999999999999858e+01,1.000000000000000000e+00
1.783178417185158253e+09,7.525707000240799971e-03,3.081635400121740531e-02,1.884301599966420326e-02,2.099343400004727300e-02,1.279123875850025271e+01,1.184000000000000000e+03,1.200000000000000000e+03,4.400000000000000000e+02,3.900000000000000000e+02,3.666666666666666408e-01,8.863636363636363535e-01,4.220000000000000284e+01,3.400000000000000000e+01,5.789999999999999858e+01,1.000000000000000000e+00
1.783178417296886683e+09,8.298844999444554560e-03,2.829208900038793217e-02,1.933093499974347651e-02,2.192733099946053699e-02,1.284534715851128261e+01,1.212000000000000000e+03,1.184000000000000000e+03,4.450000000000000000e+02,3.840000000000000000e+02,3.758445945945945721e-01,8.629213483146067620e-01,4.150000000000000000e+01,3.400000000000000000e+01,5.939999999999999858e+01,1.000000000000000000e+00
1.783178417416820765e+09,8.765229000346153043e-03,3.331950900064839516e-02,1.854674199967121240e-02,2.390825099973881152e-02,1.182875777065359202e+01,1.230000000000000000e+03,1.212000000000000000e+03,3.750000000000000000e+02,3.050000000000000000e+02,3.094059405940594032e-01,8.133333333333333526e-01,4.129999999999999716e+01,3.400000000000000000e+01,5.739999999999999858e+01,1.000000000000000000e+00
1.783178417531056881e+09,6.773344999601249583e-03,3.245757500008039642e-02,1.972887600095418748e-02,2.424093299850937910e-02,1.201912545754585615e+01,1.244000000000000000e+03,1.230000000000000000e+03,5.000000000000000000e+02,4.310000000000000000e+02,4.065040650406503975e-01,8.619999999999999885e-01,3.860000000000000142e+01,3.400000000000000000e+01,5.839999999999999858e+01,1.000000000000000000e+00
1.783178417647227764e+09,8.296957001221016981e-03,2.883508099876053166e-02,1.924458500070613809e-02,2.485723999961919617e-02,1.231013721452865362e+01,1.221000000000000000e+03,1.244000000000000000e+03,4.810000000000000000e+02,3.990000000000000000e+02,3.866559485530546847e-01,8.295218295218295124e-01,4.570000000000000284e+01,3.410000000000000142e+01,5.789999999999999858e+01,1.000000000000000000e+00
1.783178417759923220e+09,8.147958000336075202e-03,3.113316599956306163e-02,1.929630599988740869e-02,2.066045700121321715e-02,1.262022547354629509e+01,1.249000000000000000e+03,1.221000000000000000e+03,4.330000000000000000e+02,3.640000000000000000e+02,3.546273546273546184e-01,8.406466512702078786e-01,4.089999999999999858e+01,3.400000000000000000e+01,5.739999999999999858e+01,1.000000000000000000e+00
1.783178417884048223e+09,1.094781400024658069e-02,2.934792700034449808e-02,1.883773800000199117e-02,3.040528500059735961e-02,1.116834715282315926e+01,1.249000000000000000e+03,1.249000000000000000e+03,5.070000000000000000e+02,4.360000000000000000e+02,4.059247397918334666e-01,8.599605522682445269e-01,4.260000000000000142e+01,3.400000000000000000e+01,5.789999999999999858e+01,1.000000000000000000e+00
1.783178418000748634e+09,7.474615000319317915e-03,3.224585499992826954e-02,1.969754300080239773e-02,2.312390899896854535e-02,1.211505591061685649e+01,1.224000000000000000e+03,1.249000000000000000e+03,4.140000000000000000e+02,3.400000000000000000e+02,3.314651721377101512e-01,8.212560386473429785e-01,3.950000000000000000e+01,3.400000000000000000e+01,5.789999999999999858e+01,1.000000000000000000e+00
1.783178418121953487e+09,9.323740001491387375e-03,3.273488699960580561e-02,1.842035399931774009e-02,2.778411300096195191e-02,1.132976371737433396e+01,1.226000000000000000e+03,1.224000000000000000e+03,4.730000000000000000e+02,3.660000000000000000e+02,3.864379084967320410e-01,7.737843551797040087e-01,4.170000000000000284e+01,3.400000000000000000e+01,5.789999999999999858e+01,1.000000000000000000e+00
1.783178418239741325e+09,8.154088000082992949e-03,3.213830100139603019e-02,2.056014299887465313e-02,2.583991400024387985e-02,1.153503039922425444e+01,1.241000000000000000e+03,1.226000000000000000e+03,4.950000000000000000e+02,3.930000000000000000e+02,4.037520391517128715e-01,7.939393939393939448e-01,4.129999999999999716e+01,3.400000000000000000e+01,5.889999999999999858e+01,1.000000000000000000e+00
1.783178418350950003e+09,7.802518000971758738e-03,3.225557800033129752e-02,1.807972799906565342e-02,1.851803799945628271e-02,1.304531674305981959e+01,1.225000000000000000e+03,1.241000000000000000e+03,3.180000000000000000e+02,2.650000000000000000e+02,2.562449637389202506e-01,8.333333333333333703e-01,4.770000000000000284e+01,3.400000000000000000e+01,5.839999999999999858e+01,1.000000000000000000e+00
1.783178418465492487e+09,8.375843999601784162e-03,3.308340100011264440e-02,1.929762200052209664e-02,2.324199999929987825e-02,1.190492247955581462e+01,1.211000000000000000e+03,1.225000000000000000e+03,4.760000000000000000e+02,4.070000000000000000e+02,3.885714285714285676e-01,8.550420168067226490e-01,3.570000000000000284e+01,3.400000000000000000e+01,5.739999999999999858e+01,1.000000000000000000e+00
1.783178418587577820e+09,1.033989499956078362e-02,3.427912799998011906e-02,1.838594699984241743e-02,2.551614000003610272e-02,1.129674040470751706e+01,1.216000000000000000e+03,1.211000000000000000e+03,4.980000000000000000e+02,4.200000000000000000e+02,4.112303881090008106e-01,8.433734939759036653e-01,3.779999999999999716e+01,3.400000000000000000e+01,5.839999999999999858e+01,1.000000000000000000e+00
1.783178418704623938e+09,7.112100000085774809e-03,3.378783700100029819e-02,1.980920799906016327e-02,2.456224399975326378e-02,1.172726293928645447e+01,1.239000000000000000e+03,1.216000000000000000e+03,4.240000000000000000e+02,3.380000000000000000e+02,3.486842105263157632e-01,7.971698113207547065e-01,4.129999999999999716e+01,3.400000000000000000e+01,5.839999999999999858e+01,1.000000000000000000e+00
1.783178418825925589e+09,7.815554999979212880e-03,3.445312499934516381e-02,2.016731500043533742e-02,2.547495500039076433e-02,1.137514723704257946e+01,1.243000000000000000e+03,1.239000000000000000e+03,4.740000000000000000e+02,3.990000000000000000e+02,3.825665859564164606e-01,8.417721518987342222e-01,4.370000000000000284e+01,3.400000000000000000e+01,5.789999999999999858e+01,1.000000000000000000e+00
1.783178418940454245e+09,7.174266998845268972e-03,3.406463000101211946e-02,1.872975799960840959e-02,2.030677599941554945e-02,1.245711156647586471e+01,1.218000000000000000e+03,1.243000000000000000e+03,3.470000000000000000e+02,2.940000000000000000e+02,2.791633145615446399e-01,8.472622478386167000e-01,4.439999999999999858e+01,3.400000000000000000e+01,5.839999999999999858e+01,1.000000000000000000e+00
1.783178419063365936e+09,8.946153000579215586e-03,3.313282599992817268e-02,1.986678200046299025e-02,2.653927499886776786e-02,1.130134591346981132e+01,1.237000000000000000e+03,1.218000000000000000e+03,5.140000000000000000e+02,4.290000000000000000e+02,4.220032840722495737e-01,8.346303501945525616e-01,4.079999999999999716e+01,3.410000000000000142e+01,5.839999999999999858e+01,1.000000000000000000e+00
1.783178419179048300e+09,9.666736999861313961e-03,3.280818200073554181e-02,1.823287499973957893e-02,2.237632499964092858e-02,1.203599450817156047e+01,1.228000000000000000e+03,1.237000000000000000e+03,4.460000000000000000e+02,3.750000000000000000e+02,3.605497170573969123e-01,8.408071748878923612e-01,3.950000000000000000e+01,3.400000000000000000e+01,5.889999999999999858e+01,1.000000000000000000e+00
1.783178419297198057e+09,6.771382000806625001e-03,3.310034599962818902e-02,1.975107799989928026e-02,2.223856799901113845e-02,1.221577346121747887e+01,1.236000000000000000e+03,1.228000000000000000e+03,4.150000000000000000e+02,3.450000000000000000e+02,3.379478827361563353e-01,8.313253012048192891e-01,4.220000000000000284e+01,3.400000000000000000e+01,5.789999999999999858e+01,1.000000000000000000e+00
1.783178419411206961e+09,9.393258000272908248e-03,3.207102399937866721e-02,1.793724900016968604e-02,2.188184999977238476e-02,1.230263785416356193e+01,1.238000000000000000e+03,1.236000000000000000e+03,4.320000000000000000e+02,3.590000000000000000e+02,3.495145631067961278e-01,8.310185185185184897e-01,4.089999999999999858e+01,3.400000000000000000e+01,5.889999999999999858e+01,1.000000000000000000e+00
1.783178419530281544e+09,7.785462999891024083e-03,3.336208300061116461e-02,2.025659099854237866e-02,2.707565800119482446e-02,1.130201533578705053e+01,1.259000000000000000e+03,1.238000000000000000e+03,5.080000000000000000e+02,4.060000000000000000e+02,4.103392568659127715e-01,7.992125984251968740e-01,4.000000000000000000e+01,3.400000000000000000e+01,5.789999999999999858e+01,1.000000000000000000e+00
1.783178419652037382e+09,9.889603999909013510e-03,3.205093199903785717e-02,1.869370200074627064e-02,2.955659200051741209e-02,1.108760169961475484e+01,1.258000000000000000e+03,1.259000000000000000e+03,4.850000000000000000e+02,3.730000000000000000e+02,3.852263701350278069e-01,7.690721649484536515e-01,3.779999999999999716e+01,3.400000000000000000e+01,5.739999999999999858e+01,1.000000000000000000e+00
1.783178419768089294e+09,9.272000001146807335e-03,3.165884400004870258e-02,2.054632899853459094e-02,2.327446300114388578e-02,1.179918225991162828e+01,1.257000000000000000e+03,1.258000000000000000e+03,4.330000000000000000e+02,3.550000000000000000e+02,3.441971383147853780e-01,8.198614318706697324e-01,4.189999999999999858e+01,3.400000000000000000e+01,5.839999999999999858e+01,1.000000000000000000e+00
1.783178419886562347e+09,9.382887999890954234e-03,3.277525699922989588e-02,2.010650000011082739e-02,2.289981900139537174e-02,1.174198665763501026e+01,1.271000000000000000e+03,1.257000000000000000e+03,4.380000000000000000e+02,3.560000000000000000e+02,3.484486873508353399e-01,8.127853881278538362e-01,4.289999999999999858e+01,3.400000000000000000e+01,5.889999999999999858e+01,1.000000000000000000e+00
1.783178420007811308e+09,8.169384000211721286e-03,3.147147599884192459e-02,2.099321199966652784e-02,2.772752100099751260e-02,1.131713413092490228e+01,1.261000000000000000e+03,1.271000000000000000e+03,5.670000000000000000e+02,4.670000000000000000e+02,4.461054287962234466e-01,8.236331569664903096e-01,4.220000000000000284e+01,3.400000000000000000e+01,5.839999999999999858e+01,1.000000000000000000e+00
1.783178420124816179e+09,7.491854999898350798e-03,3.191508199961390346e-02,2.020973999970010482e-02,2.552258400100981817e-02,1.174546253105709326e+01,1.268000000000000000e+03,1.261000000000000000e+03,5.420000000000000000e+02,4.480000000000000000e+02,4.298176050753370614e-01,8.265682656826568442e-01,4.370000000000000284e+01,3.400000000000000000e+01,5.739999999999999858e+01,1.000000000000000000e+00
1.783178420242493153e+09,7.555316999059868976e-03,3.367161700043652672e-02,2.018559200041636359e-02,2.264702600041346159e-02,1.189632797467346847e+01,1.263000000000000000e+03,1.268000000000000000e+03,5.050000000000000000e+02,4.300000000000000000e+02,3.982649842271293594e-01,8.514851485148514643e-01,4.320000000000000284e+01,3.400000000000000000e+01,5.789999999999999858e+01,1.000000000000000000e+00
1.783178420362737656e+09,7.362522999756038189e-03,3.265136899972276296e-02,1.983935600037511904e-02,2.697712199915258680e-02,1.151670780639817337e+01,1.271000000000000000e+03,1.263000000000000000e+03,4.120000000000000000e+02,3.290000000000000000e+02,3.262074425969913039e-01,7.985436893203883280e-01,4.170000000000000284e+01,3.400000000000000000e+01,5.839999999999999858e+01,1.000000000000000000e+00
1.783178420491889715e+09,7.152377000238629989e-03,3.252763000091363210e-02,1.988959599839290604e-02,3.204067300066526514e-02,1.091580599536347762e+01,1.281000000000000000e+03,1.271000000000000000e+03,5.590000000000000000e+02,4.270000000000000000e+02,4.398111723052714472e-01,7.638640429338103832e-01,4.400000000000000000e+01,3.410000000000000142e+01,5.889999999999999858e+01,1.000000000000000000e+00
1.783178420611672163e+09,8.908041998438420705e-03,3.094320400123251602e-02,2.014968599905841984e-02,2.850936300092143938e-02,1.129812074407779754e+01,1.277000000000000000e+03,1.281000000000000000e+03,5.610000000000000000e+02,4.490000000000000000e+02,4.379391100702575979e-01,8.003565062388592333e-01,4.039999999999999858e+01,3.400000000000000000e+01,5.789999999999999858e+01,1.000000000000000000e+00
1.783178420726718903e+09,7.292652999240090139e-03,3.284171899940702133e-02,2.105321199996978976e-02,2.143704000081925187e-02,1.210292950932913492e+01,1.274000000000000000e+03,1.277000000000000000e+03,4.650000000000000000e+02,3.960000000000000000e+02,3.641346906812842343e-01,8.516129032258064058e-01,4.220000000000000284e+01,3.400000000000000000e+01,5.789999999999999858e+01,1.000000000000000000e+00
1.783178420851412773e+09,8.564286999899195507e-03,3.257662900068680756e-02,1.979168999969260767e-02,3.069357700042019133e-02,1.091391092863023005e+01,1.270000000000000000e+03,1.274000000000000000e+03,4.240000000000000000e+02,3.180000000000000000e+02,3.328100470957613966e-01,7.500000000000000000e-01,4.170000000000000284e+01,3.400000000000000000e+01,5.789999999999999858e+01,1.000000000000000000e+00
1.783178420972268105e+09,6.230296001376700588e-03,3.474169599940069020e-02,2.113937700050882995e-02,2.672855099990556482e-02,1.125620104100256924e+01,1.291000000000000000e+03,1.270000000000000000e+03,5.660000000000000000e+02,4.740000000000000000e+02,4.456692913385826849e-01,8.374558303886925348e-01,4.039999999999999858e+01,3.400000000000000000e+01,5.789999999999999858e+01,1.000000000000000000e+00
1.783178421093185186e+09,9.495739001067704521e-03,3.226013299899932463e-02,2.101586000026145484e-02,2.526562400089460425e-02,1.135881454670341562e+01,1.274000000000000000e+03,1.291000000000000000e+03,5.480000000000000000e+02,4.450000000000000000e+02,4.244771494965143277e-01,8.120437956204379359e-01,4.379999999999999716e+01,3.400000000000000000e+01,5.889999999999999858e+01,1.000000000000000000e+00
1.783178421215007067e+09,1.121514400074374862e-02,3.298662399902241305e-02,1.969022800039965659e-02,2.581070999985968228e-02,1.114793571555930285e+01,1.276000000000000000e+03,1.274000000000000000e+03,5.700000000000000000e+02,4.900000000000000000e+02,4.474097331240188269e-01,8.596491228070175517e-01,4.129999999999999716e+01,3.400000000000000000e+01,5.839999999999999858e+01,1.000000000000000000e+00
1.783178421335992336e+09,9.089854000194463879e-03,3.332715800024743658e-02,2.092365700082154945e-02,2.645412899983057287e-02,1.113650258434588203e+01,1.289000000000000000e+03,1.276000000000000000e+03,4.620000000000000000e+02,3.650000000000000000e+02,3.620689655172413812e-01,7.900432900432899919e-01,3.910000000000000142e+01,3.400000000000000000e+01,5.839999999999999858e+01,1.000000000000000000e+00
1.783178421462030411e+09,8.717710999917471781e-03,3.294840200032922439e-02,2.203166300023440272e-02,3.047850700022536330e-02,1.061838467326745672e+01,1.291000000000000000e+03,1.289000000000000000e+03,7.060000000000000000e+02,6.110000000000000000e+02,5.477114041892939822e-01,8.654390934844192751e-01,4.310000000000000142e+01,3.400000000000000000e+01,5.689999999999999858e+01,1.000000000000000000e+00
1.783178421583255768e+09,1.016567499937082175e-02,3.060787499998696148e-02,1.999190900096436962e-02,2.627827899959811475e-02,1.148847720672239525e+01,1.279000000000000000e+03,1.291000000000000000e+03,5.490000000000000000e+02,4.500000000000000000e+02,4.252517428350116035e-01,8.196721311475410054e-01,4.220000000000000284e+01,3.410000000000000142e+01,5.789999999999999858e+01,1.000000000000000000e+00
1.783178421705906391e+09,7.081731000653235242e-03,3.451012499863281846e-02,2.120878300047479570e-02,2.755604199955996592e-02,1.106725024580658001e+01,1.275000000000000000e+03,1.279000000000000000e+03,5.910000000000000000e+02,5.110000000000000000e+02,4.620797498045348117e-01,8.646362098138747898e-01,4.310000000000000142e+01,3.400000000000000000e+01,5.789999999999999858e+01,1.000000000000000000e+00
1.783178421831639767e+09,6.744493999576661736e-03,3.382578099990496412e-02,2.222299400091287680e-02,2.933550099987769499e-02,1.085437263513933281e+01,1.286000000000000000e+03,1.275000000000000000e+03,4.670000000000000000e+02,3.610000000000000000e+02,3.662745098039215663e-01,7.730192719486080888e-01,4.200000000000000000e+01,3.400000000000000000e+01,5.839999999999999858e+01,1.000000000000000000e+00
1.783178421962364435e+09,7.499355000618379563e-03,3.451995800060103647e-02,2.127844999995431863e-02,3.451036499973270111e-02,1.022409916679657194e+01,1.277000000000000000e+03,1.286000000000000000e+03,6.340000000000000000e+02,4.940000000000000000e+02,4.930015552099533682e-01,7.791798107255520911e-01,4.120000000000000284e+01,3.400000000000000000e+01,5.889999999999999858e+01,1.000000000000000000e+00
1.783178422093351364e+09,1.045165299910877366e-02,3.563014800056407694e-02,2.080858499903115444e-02,2.937727900098252576e-02,1.038770390871385807e+01,1.276000000000000000e+03,1.277000000000000000e+03,6.430000000000000000e+02,5.600000000000000000e+02,5.035238841033672363e-01,8.709175738724728166e-01,4.000000000000000000e+01,3.400000000000000000e+01,5.889999999999999858e+01,1.000000000000000000e+00
1.783178422214655161e+09,8.087293001153739169e-03,3.397850100009236485e-02,2.004296499944757670e-02,2.754563400048937183e-02,1.115394312007448718e+01,1.281000000000000000e+03,1.276000000000000000e+03,5.870000000000000000e+02,4.740000000000000000e+02,4.600313479623824309e-01,8.074957410562180193e-01,4.289999999999999858e+01,3.400000000000000000e+01,5.889999999999999858e+01,1.000000000000000000e+00
1.783178422334047318e+09,7.468874000551295467e-03,3.309119699952134397e-02,2.183592500114173163e-02,2.621683500001381617e-02,1.128504742147488571e+01,1.277000000000000000e+03,1.281000000000000000e+03,4.540000000000000000e+02,3.540000000000000000e+02,3.544106167056986778e-01,7.797356828193832134e-01,4.489999999999999858e+01,3.400000000000000000e+01,5.889999999999999858e+01,1.000000000000000000e+00
1.783178422461071014e+09,8.086328998615499586e-03,3.360519200032285880e-02,2.121567200083518401e-02,3.064602299855323508e-02,1.068910340845883056e+01,1.294000000000000000e+03,1.277000000000000000e+03,5.660000000000000000e+02,4.340000000000000000e+02,4.432263116679718284e-01,7.667844522968197962e-01,4.200000000000000000e+01,3.400000000000000000e+01,5.939999999999999858e+01,1.000000000000000000e+00
1.783178422579847574e+09,1.055916999939654488e-02,3.234202100065886043e-02,1.952869299930171110e-02,2.518416199927742127e-02,1.141369501433120703e+01,1.289000000000000000e+03,1.294000000000000000e+03,4.870000000000000000e+02,3.960000000000000000e+02,3.763523956723338615e-01,8.131416837782340368e-01,4.129999999999999716e+01,3.400000000000000000e+01,5.789999999999999858e+01,1.000000000000000000e+00
1.783178422701034546e+09,7.206488000520039350e-03,3.117629499865870457e-02,2.167481500146095641e-02,2.826845799972943496e-02,1.132168745308655922e+01,1.295000000000000000e+03,1.289000000000000000e+03,5.210000000000000000e+02,4.050000000000000000e+02,4.041892940263770440e-01,7.773512476007677918e-01,4.129999999999999716e+01,3.410000000000000142e+01,5.889999999999999858e+01,1.000000000000000000e+00
1.783178422825009823e+09,7.632038999872747809e-03,3.385544699995080009e-02,2.220712400048796553e-02,2.512799599935533479e-02,1.125839518831220509e+01,1.285000000000000000e+03,1.295000000000000000e+03,5.100000000000000000e+02,4.200000000000000000e+02,3.938223938223938125e-01,8.235294117647058432e-01,4.379999999999999716e+01,3.400000000000000000e+01,5.839999999999999858e+01,1.000000000000000000e+00
1.783178422948398113e+09,8.480491000227630138e-03,3.291462599918304477e-02,2.082686200083117001e-02,2.824305200010712724e-02,1.105399499610122760e+01,1.286000000000000000e+03,1.285000000000000000e+03,5.600000000000000000e+02,4.560000000000000000e+02,4.357976653696498115e-01,8.142857142857142794e-01,4.289999999999999858e+01,3.410000000000000142e+01,5.789999999999999858e+01,1.000000000000000000e+00
1.783178423073633432e+09,9.718032000819221139e-03,2.991484700032742694e-02,2.193870100018102676e-02,3.238068700011353940e-02,1.064370272177317567e+01,1.298000000000000000e+03,1.286000000000000000e+03,6.710000000000000000e+02,5.330000000000000000e+02,5.217729393468117927e-01,7.943368107302533065e-01,4.200000000000000000e+01,3.400000000000000000e+01,5.839999999999999858e+01,1.000000000000000000e+00
1.783178423196979046e+09,9.402720999787561595e-03,3.316630800145503599e-02,2.170653699977265205e-02,2.671640299922728445e-02,1.098998088498705350e+01,1.283000000000000000e+03,1.298000000000000000e+03,6.250000000000000000e+02,5.430000000000000000e+02,4.815100154083205020e-01,8.688000000000000167e-01,4.129999999999999716e+01,3.400000000000000000e+01,5.789999999999999858e+01,1.000000000000000000e+00
1.783178423315591335e+09,1.128875399990647566e-02,3.283790400018915534e-02,1.989415099887992255e-02,2.211053199971502181e-02,1.161017567362851821e+01,1.281000000000000000e+03,1.283000000000000000e+03,4.950000000000000000e+02,4.230000000000000000e+02,3.858144972720187194e-01,8.545454545454544970e-01,4.370000000000000284e+01,3.400000000000000000e+01,5.739999999999999858e+01,1.000000000000000000e+00
1.783178423443006516e+09,7.844702000511460938e-03,3.478960299980826676e-02,2.174661100070807151e-02,2.896037599930423312e-02,1.071337216969787320e+01,1.286000000000000000e+03,1.281000000000000000e+03,5.410000000000000000e+02,4.370000000000000000e+02,4.223263075722092363e-01,8.077634011090573107e-01,4.039999999999999858e+01,3.410000000000000142e+01,5.739999999999999858e+01,1.000000000000000000e+00
1.783178423563803673e+09,8.459898999717552215e-03,3.152838299865834415e-02,2.128869000080158003e-02,2.906800500022654887e-02,1.106868398457389269e+01,1.275000000000000000e+03,1.286000000000000000e+03,7.210000000000000000e+02,6.480000000000000000e+02,5.606531881804043271e-01,8.987517337031900588e-01,4.420000000000000284e+01,3.400000000000000000e+01,5.889999999999999858e+01,1.000000000000000000e+00
1.783178423691869974e+09,7.843962001061299816e-03,3.344230400034575723e-02,1.963965399954759050e-02,3.279283099982421845e-02,1.067022329386025703e+01,1.280000000000000000e+03,1.275000000000000000e+03,6.170000000000000000e+02,4.830000000000000000e+02,4.839215686274510042e-01,7.828200972447325601e-01,4.310000000000000142e+01,3.400000000000000000e+01,5.889999999999999858e+01,1.000000000000000000e+00
1.783178423811355114e+09,7.930387000669725239e-03,3.372537500035832636e-02,1.897077300054661464e-02,2.593704299943055958e-02,1.155220270571980556e+01,1.275000000000000000e+03,1.280000000000000000e+03,4.830000000000000000e+02,3.920000000000000000e+02,3.773437499999999778e-01,8.115942028985507761e-01,4.470000000000000284e+01,3.410000000000000142e+01,5.889999999999999858e+01,1.000000000000000000e+00
1.783178423942325354e+09,8.503916998961358331e-03,3.342882300057681277e-02,2.148279900029592682e-02,3.247564899902499747e-02,1.042848692219662432e+01,1.267000000000000000e+03,1.275000000000000000e+03,7.160000000000000000e+02,5.790000000000000000e+02,5.615686274509803511e-01,8.086592178770949380e-01,3.750000000000000000e+01,3.400000000000000000e+01,5.839999999999999858e+01,1.000000000000000000e+00
1.783178424066764116e+09,9.663699000157066621e-03,3.305067899964342359e-02,2.097621300163154956e-02,3.118083099980140105e-02,1.054058196773944012e+01,1.270000000000000000e+03,1.267000000000000000e+03,6.220000000000000000e+02,5.050000000000000000e+02,4.909234411996842851e-01,8.118971061093247510e-01,4.000000000000000000e+01,3.400000000000000000e+01,5.839999999999999858e+01,1.000000000000000000e+00
1.783178424193835020e+09,8.642564000183483586e-03,3.252275999875564594e-02,1.967222799976298120e-02,3.028678600094281137e-02,1.097401662335145467e+01,1.267000000000000000e+03,1.270000000000000000e+03,5.970000000000000000e+02,4.830000000000000000e+02,4.700787401574803015e-01,8.090452261306532167e-01,4.289999999999999858e+01,3.410000000000000142e+01,5.839999999999999858e+01,1.000000000000000000e+00
1.783178424319722414e+09,9.790883001187467016e-03,3.413548099888430443e-02,2.044038600070052780e-02,2.782951900007901713e-02,1.084642590027982934e+01,1.251000000000000000e+03,1.267000000000000000e+03,4.610000000000000000e+02,3.620000000000000000e+02,3.638516179952643870e-01,7.852494577006507992e-01,4.400000000000000000e+01,3.400000000000000000e+01,5.839999999999999858e+01,1.000000000000000000e+00
1.783178424446579456e+09,6.747141000232659280e-03,3.452577299867698457e-02,2.313853900159301702e-02,2.891476500008138828e-02,1.071510258771808211e+01,1.268000000000000000e+03,1.251000000000000000e+03,6.900000000000000000e+02,5.790000000000000000e+02,5.515587529976019310e-01,8.391304347826087362e-01,3.960000000000000142e+01,3.400000000000000000e+01,5.939999999999999858e+01,1.000000000000000000e+00
1.783178424574314594e+09,8.287938000648864545e-03,3.347234099965135101e-02,2.156976100013707764e-02,2.931481700034055393e-02,1.079390731847752782e+01,1.269000000000000000e+03,1.268000000000000000e+03,6.270000000000000000e+02,5.110000000000000000e+02,4.944794952681387801e-01,8.149920255183412676e-01,3.829999999999999716e+01,3.410000000000000142e+01,5.839999999999999858e+01,1.000000000000000000e+00
1.783178424695210457e+09,8.882207999704405665e-03,3.122436800003924873e-02,2.040323800065380055e-02,2.679730999989260454e-02,1.145381904913827853e+01,1.256000000000000000e+03,1.269000000000000000e+03,6.130000000000000000e+02,5.300000000000000000e+02,4.830575256107170756e-01,8.646003262642740772e-01,3.910000000000000142e+01,3.400000000000000000e+01,5.839999999999999858e+01,1.000000000000000000e+00
1.783178424811759949e+09,1.100259099985123612e-02,3.221630000007280614e-02,1.869459199951961637e-02,2.203855100015061907e-02,1.191156369129582693e+01,1.238000000000000000e+03,1.256000000000000000e+03,4.350000000000000000e+02,3.680000000000000000e+02,3.463375796178344013e-01,8.459770114942528618e-01,4.470000000000000284e+01,3.400000000000000000e+01,5.789999999999999858e+01,1.000000000000000000e+00
1.783178424934991121e+09,8.131181000862852670e-03,3.293162499903701246e-02,2.086165800028538797e-02,3.068243000052461866e-02,1.079833214136665198e+01,1.244000000000000000e+03,1.238000000000000000e+03,6.930000000000000000e+02,5.820000000000000000e+02,5.597738287560581893e-01,8.398268398268398105e-01,4.170000000000000284e+01,3.410000000000000142e+01,5.889999999999999858e+01,1.000000000000000000e+00
1.783178425056987762e+09,8.042867000767728314e-03,3.188913799931469839e-02,1.909517900094215292e-02,2.900226499878044706e-02,1.135983482075657314e+01,1.237000000000000000e+03,1.244000000000000000e+03,6.610000000000000000e+02,5.930000000000000000e+02,5.313504823151125045e-01,8.971255673222390259e-01,4.170000000000000284e+01,3.400000000000000000e+01,5.789999999999999858e+01,1.000000000000000000e+00
1.783178425177805901e+09,1.032726599987654481e-02,3.248409299885679502e-02,1.933828800065384712e-02,2.645155400023213588e-02,1.128652872328780887e+01,1.245000000000000000e+03,1.237000000000000000e+03,5.480000000000000000e+02,4.570000000000000000e+02,4.430072756669361511e-01,8.339416058394160114e-01,4.220000000000000284e+01,3.400000000000000000e+01,5.889999999999999858e+01,1.000000000000000000e+00
1.783178425301273823e+09,8.632303999547730200e-03,3.297910599940223619e-02,2.003044600132852793e-02,2.983338499871024396e-02,1.093191981873056839e+01,1.216000000000000000e+03,1.245000000000000000e+03,5.050000000000000000e+02,4.030000000000000000e+02,4.056224899598393496e-01,7.980198019801980625e-01,4.039999999999999858e+01,3.400000000000000000e+01,5.939999999999999858e+01,1.000000000000000000e+00
1.783178425426896811e+09,7.237617999635403976e-03,3.277701600018190220e-02,1.954322900019178633e-02,3.044287699958658777e-02,1.111101975388749530e+01,1.223000000000000000e+03,1.216000000000000000e+03,6.660000000000000000e+02,5.570000000000000000e+02,5.476973684210526550e-01,8.363363363363363057e-01,3.960000000000000142e+01,3.400000000000000000e+01,5.739999999999999858e+01,1.000000000000000000e+00
1.783178425553875685e+09,8.368474000235437416e-03,3.241835399967385456e-02,1.908960499895329122e-02,3.337339800054905936e-02,1.072388002511564231e+01,1.225000000000000000e+03,1.223000000000000000e+03,6.720000000000000000e+02,5.440000000000000000e+02,5.494685200327064090e-01,8.095238095238095344e-01,3.960000000000000142e+01,3.400000000000000000e+01,5.789999999999999858e+01,1.000000000000000000e+00
1.783178425673770666e+09,7.326097000259323977e-03,3.338289800012717023e-02,1.914458600003854372e-02,2.855986299982760102e-02,1.131049707776503510e+01,1.228000000000000000e+03,1.225000000000000000e+03,6.360000000000000000e+02,5.340000000000000000e+02,5.191836734693877631e-01,8.396226415094339979e-01,4.129999999999999716e+01,3.400000000000000000e+01,5.789999999999999858e+01,1.000000000000000000e+00
1.783178425791892529e+09,1.087748100144381169e-02,2.910433799843303859e-02,1.948702700065041427e-02,2.602505899994866922e-02,1.169674025293888597e+01,1.207000000000000000e+03,1.228000000000000000e+03,5.600000000000000000e+02,4.770000000000000000e+02,4.560260586319218046e-01,8.517857142857142572e-01,3.860000000000000142e+01,3.400000000000000000e+01,5.839999999999999858e+01,1.000000000000000000e+00
1.783178425919241667e+09,9.044151000125566497e-03,3.185563800070667639e-02,1.863077699999848846e-02,3.317751099893939681e-02,1.078654667815490953e+01,1.214000000000000000e+03,1.207000000000000000e+03,6.740000000000000000e+02,5.390000000000000000e+02,5.584092792046395637e-01,7.997032640949555127e-01,4.510000000000000142e+01,3.400000000000000000e+01,5.839999999999999858e+01,1.000000000000000000e+00
1.783178426044519186e+09,8.071349000601912849e-03,3.263170199898013379e-02,1.977732000159448944e-02,3.151414199965074658e-02,1.087021353100708509e+01,1.207000000000000000e+03,1.214000000000000000e+03,6.980000000000000000e+02,5.880000000000000000e+02,5.749588138385502978e-01,8.424068767908309274e-01,4.079999999999999716e+01,3.410000000000000142e+01,5.839999999999999858e+01,1.000000000000000000e+00
1.783178426164588213e+09,6.958509999094530940e-03,3.240665000157605391e-02,2.055067999935999978e-02,2.864489899911859538e-02,1.129168535968977416e+01,1.209000000000000000e+03,1.207000000000000000e+03,6.190000000000000000e+02,5.440000000000000000e+02,5.128417564208782586e-01,8.788368336025847993e-01,4.039999999999999858e+01,3.410000000000000142e+01,5.939999999999999858e+01,1.000000000000000000e+00
1.783178426284004450e+09,8.071274000030825846e-03,3.152141999999003019e-02,1.771388100132753607e-02,2.894587700029660482e-02,1.159387329627368857e+01,1.220000000000000000e+03,1.209000000000000000e+03,4.570000000000000000e+02,3.410000000000000000e+02,3.779983457402812386e-01,7.461706783369802531e-01,4.260000000000000142e+01,3.400000000000000000e+01,5.739999999999999858e+01,1.000000000000000000e+00
1.783178426411923409e+09,8.922356999391922727e-03,3.226180000092426781e-02,2.029462799873726908e-02,3.421303499999339692e-02,1.045021403093765500e+01,1.238000000000000000e+03,1.220000000000000000e+03,5.190000000000000000e+02,3.840000000000000000e+02,4.254098360655737543e-01,7.398843930635837784e-01,4.310000000000000142e+01,3.400000000000000000e+01,5.889999999999999858e+01,1.000000000000000000e+00
1.783178426541116953e+09,8.269216001281165518e-03,3.297010599999339320e-02,2.111480299936374649e-02,3.495556400048371870e-02,1.027646897513432123e+01,1.227000000000000000e+03,1.238000000000000000e+03,6.960000000000000000e+02,5.550000000000000000e+02,5.621970920840064778e-01,7.974137931034482873e-01,4.000000000000000000e+01,3.400000000000000000e+01,5.839999999999999858e+01,1.000000000000000000e+00
1.783178426663390636e+09,7.216173000415437855e-03,3.192708099959418178e-02,1.996863200110965408e-02,3.259825900022406131e-02,1.090391908098446905e+01,1.226000000000000000e+03,1.227000000000000000e+03,7.340000000000000000e+02,6.320000000000000000e+02,5.982070089649551559e-01,8.610354223433241971e-01,3.910000000000000142e+01,3.410000000000000142e+01,5.939999999999999858e+01,1.000000000000000000e+00
1.783178426783333540e+09,1.111412600039329845e-02,3.161664099934569094e-02,1.851835299930826295e-02,2.500527500160387717e-02,1.159361212831474930e+01,1.222000000000000000e+03,1.226000000000000000e+03,6.190000000000000000e+02,5.410000000000000000e+02,5.048939641109299048e-01,8.739903069466882224e-01,4.000000000000000000e+01,3.410000000000000142e+01,5.939999999999999858e+01,1.000000000000000000e+00
1.783178426908921242e+09,7.213635999505640939e-03,3.338502699989476241e-02,2.095484299934469163e-02,2.898913500030175783e-02,1.104451989654826960e+01,1.235000000000000000e+03,1.222000000000000000e+03,4.340000000000000000e+02,3.470000000000000000e+02,3.551554828150572662e-01,7.995391705069124777e-01,4.289999999999999858e+01,3.400000000000000000e+01,5.889999999999999858e+01,1.000000000000000000e+00
1.783178427034223795e+09,7.237875999635434709e-03,3.362224700140359346e-02,2.114434000031906180e-02,3.061876399988250341e-02,1.079642798438242757e+01,1.228000000000000000e+03,1.235000000000000000e+03,6.630000000000000000e+02,5.780000000000000000e+02,5.368421052631578982e-01,8.717948717948718063e-01,4.000000000000000000e+01,3.400000000000000000e+01,5.839999999999999858e+01,1.000000000000000000e+00
1.783178427163902521e+09,8.647396000014850870e-03,3.330645400092180353e-02,2.110032299970043823e-02,3.404361100001551677e-02,1.029889621366929298e+01,1.232000000000000000e+03,1.228000000000000000e+03,7.220000000000000000e+02,6.120000000000000000e+02,5.879478827361563908e-01,8.476454293628808978e-01,3.879999999999999716e+01,3.410000000000000142e+01,5.939999999999999858e+01,1.000000000000000000e+00
1.783178427290644884e+09,9.204890999171766452e-03,3.361954200045147445e-02,1.923577100023976527e-02,2.883683999971253797e-02,1.100145786924236724e+01,1.220000000000000000e+03,1.232000000000000000e+03,6.470000000000000000e+02,5.670000000000000000e+02,5.251623376623376638e-01,8.763523956723338060e-01,3.829999999999999716e+01,3.400000000000000000e+01,5.939999999999999858e+01,1.000000000000000000e+00
1.783178427422810555e+09,1.142340000114927534e-02,3.087026100001821760e-02,1.816531999975268263e-02,3.871555600017018151e-02,1.008323336048451324e+01,1.204000000000000000e+03,1.220000000000000000e+03,5.400000000000000000e+02,3.890000000000000000e+02,4.426229508196721230e-01,7.203703703703703276e-01,4.229999999999999716e+01,3.410000000000000142e+01,5.839999999999999858e+01,1.000000000000000000e+00
1.783178427548594713e+09,1.268592300039017573e-02,3.208487599840736948e-02,1.920369700019364245e-02,3.142566099995747209e-02,1.048216304309667279e+01,1.230000000000000000e+03,1.204000000000000000e+03,4.590000000000000000e+02,3.440000000000000000e+02,3.812292358803986980e-01,7.494553376906317732e-01,3.960000000000000142e+01,3.410000000000000142e+01,5.889999999999999858e+01,1.000000000000000000e+00
1.783178427673077106e+09,8.202920998883200809e-03,3.194537800118268933e-02,2.052101399931416381e-02,3.167089900125574786e-02,1.082951813011989373e+01,1.226000000000000000e+03,1.230000000000000000e+03,6.570000000000000000e+02,5.200000000000000000e+02,5.341463414634146645e-01,7.914764079147640352e-01,4.039999999999999858e+01,3.400000000000000000e+01,5.839999999999999858e+01,1.000000000000000000e+00
1.783178427798050880e+09,8.044718999371980317e-03,3.212159800023073331e-02,2.006048200018994976e-02,3.076417000011133496e-02,1.099010166603517646e+01,1.230000000000000000e+03,1.226000000000000000e+03,6.040000000000000000e+02,4.710000000000000000e+02,4.926590538336051983e-01,7.798013245033112995e-01,4.170000000000000284e+01,3.400000000000000000e+01,5.839999999999999858e+01,1.000000000000000000e+00
1.783178427916411161e+09,7.070915999065618962e-03,3.254407399981573690e-02,1.865101800103730056e-02,2.347014499900978990e-02,1.223448820760025058e+01,1.247000000000000000e+03,1.230000000000000000e+03,5.280000000000000000e+02,4.510000000000000000e+02,4.292682926829268220e-01,8.541666666666666297e-01,4.220000000000000284e+01,3.410000000000000142e+01,5.839999999999999858e+01,1.000000000000000000e+00
1.783178428041677475e+09,7.472430001143948175e-03,3.273829399950045627e-02,2.039168199917185120e-02,3.129716399962489959e-02,1.088144373261029507e+01,1.236000000000000000e+03,1.247000000000000000e+03,6.400000000000000000e+02,5.170000000000000000e+02,5.132317562149157908e-01,8.078125000000000444e-01,4.510000000000000142e+01,3.400000000000000000e+01,6.029999999999999716e+01,1.000000000000000000e+00
1.783178428166744947e+09,8.282327000415534712e-03,3.269331299998157192e-02,2.120974699937505648e-02,3.258155500043358188e-02,1.055220289790324628e+01,1.235000000000000000e+03,1.236000000000000000e+03,7.890000000000000000e+02,7.330000000000000000e+02,6.383495145631068457e-01,9.290240811153358536e-01,4.120000000000000284e+01,3.400000000000000000e+01,5.839999999999999858e+01,1.000000000000000000e+00
1.783178428292103529e+09,8.160902001691283658e-03,3.197328499845752958e-02,1.956430300015199464e-02,3.076902199973119423e-02,1.105369184906562019e+01,1.241000000000000000e+03,1.235000000000000000e+03,6.790000000000000000e+02,5.740000000000000000e+02,5.497975708502024217e-01,8.453608247422680355e-01,4.170000000000000284e+01,3.400000000000000000e+01,5.889999999999999858e+01,1.000000000000000000e+00
1.783178428414604902e+09,1.246723999975074548e-02,3.172886200081848074e-02,1.840496499971777666e-02,2.705493599933106452e-02,1.115374282304621545e+01,1.239000000000000000e+03,1.241000000000000000e+03,5.670000000000000000e+02,4.640000000000000000e+02,4.568896051571313399e-01,8.183421516754849634e-01,4.260000000000000142e+01,3.400000000000000000e+01,5.839999999999999858e+01,1.000000000000000000e+00
1.783178428546775341e+09,1.020215599965013098e-02,3.155714200147485826e-02,2.090637899891589768e-02,3.663832200072647538e-02,1.007008791249456792e+01,1.229000000000000000e+03,1.239000000000000000e+03,6.520000000000000000e+02,4.880000000000000000e+02,5.262308313155771300e-01,7.484662576687116653e-01,4.229999999999999716e+01,3.400000000000000000e+01,5.839999999999999858e+01,1.000000000000000000e+00
1.783178428668500423e+09,8.129162000841461122e-03,3.305591999924217816e-02,2.099528699909569696e-02,2.727528500145126600e-02,1.117872325871040751e+01,1.255000000000000000e+03,1.229000000000000000e+03,6.040000000000000000e+02,4.990000000000000000e+02,4.914564686737184496e-01,8.261589403973509382e-01,4.370000000000000284e+01,3.400000000000000000e+01,5.939999999999999858e+01,1.000000000000000000e+00
1.783178428790056467e+09,8.015700999749242328e-03,3.146797599947603885e-02,1.865099899987399112e-02,2.902420899954449851e-02,1.147329959550951628e+01,1.229000000000000000e+03,1.255000000000000000e+03,4.290000000000000000e+02,3.210000000000000000e+02,3.418326693227091706e-01,7.482517482517482277e-01,4.289999999999999858e+01,3.400000000000000000e+01,5.989999999999999858e+01,1.000000000000000000e+00
1.783178428912725925e+09,9.559071000694530085e-03,3.230068899938487448e-02,1.903773500089300796e-02,2.996738299952994566e-02,1.100535236501909253e+01,1.266000000000000000e+03,1.229000000000000000e+03,5.090000000000000000e+02,4.000000000000000000e+02,4.141578519121236757e-01,7.858546168958742140e-01,4.400000000000000000e+01,3.400000000000000000e+01,5.939999999999999858e+01,1.000000000000000000e+00
1.783178429043738842e+09,9.230112000295775943e-03,3.264290599872765597e-02,2.179142500062880572e-02,3.678037499958008993e-02,9.955715186896378910e+00,1.260000000000000000e+03,1.266000000000000000e+03,6.980000000000000000e+02,5.590000000000000000e+02,5.513428120063190718e-01,8.008595988538681487e-01,3.879999999999999716e+01,3.400000000000000000e+01,5.939999999999999858e+01,1.000000000000000000e+00
1.783178429171930552e+09,8.978967000075499527e-03,3.230292899934283923e-02,2.113452499906998128e-02,3.438823800024692900e-02,1.033008132401008616e+01,1.254000000000000000e+03,1.260000000000000000e+03,6.490000000000000000e+02,5.040000000000000000e+02,5.150793650793650258e-01,7.765793528505392507e-01,3.960000000000000142e+01,3.400000000000000000e+01,5.939999999999999858e+01,1.000000000000000000e+00
1.783178429297518730e+09,9.894955999698140658e-03,3.269475799970678054e-02,2.075480699932086281e-02,2.989805100150988437e-02,1.072471488664504591e+01,1.257000000000000000e+03,1.254000000000000000e+03,6.470000000000000000e+02,5.400000000000000000e+02,5.159489633173843792e-01,8.346213292117464766e-01,4.170000000000000284e+01,3.400000000000000000e+01,5.939999999999999858e+01,1.000000000000000000e+00
1.783178429418422699e+09,8.412973998929373920e-03,3.100327700121852104e-02,1.870035100000677630e-02,2.876332300002104603e-02,1.151013884965919942e+01,1.243000000000000000e+03,1.257000000000000000e+03,3.820000000000000000e+02,2.840000000000000000e+02,3.038981702466189150e-01,7.434554973821989599e-01,3.860000000000000142e+01,3.410000000000000142e+01,5.839999999999999858e+01,1.000000000000000000e+00
1.783178429552876234e+09,9.456645999307511374e-03,3.215533799993863795e-02,2.126083899929653853e-02,3.886853600124595687e-02,9.828844531181044175e+00,1.257000000000000000e+03,1.243000000000000000e+03,4.900000000000000000e+02,3.410000000000000000e+02,3.942075623491552716e-01,6.959183673469387932e-01,4.260000000000000142e+01,3.400000000000000000e+01,5.989999999999999858e+01,1.000000000000000000e+00
1.783178429679492950e+09,9.299278000980848446e-03,3.223920699929294642e-02,2.043038600095314905e-02,3.192087800016452093e-02,1.065079000248663732e+01,1.267000000000000000e+03,1.257000000000000000e+03,5.760000000000000000e+02,4.560000000000000000e+02,4.582338902147971571e-01,7.916666666666666297e-01,4.079999999999999716e+01,3.400000000000000000e+01,5.839999999999999858e+01,1.000000000000000000e+00
1.783178429807714224e+09,9.285574000386986881e-03,3.215096799976890907e-02,2.093230599894013721e-02,3.245570500075700693e-02,1.054579186892185838e+01,1.279000000000000000e+03,1.267000000000000000e+03,5.490000000000000000e+02,4.190000000000000000e+02,4.333070244672454496e-01,7.632058287795993046e-01,4.310000000000000142e+01,3.410000000000000142e+01,5.989999999999999858e+01,1.000000000000000000e+00
1.783178429938915491e+09,8.933171000535367057e-03,3.307562299960409291e-02,2.172655600043071900e-02,3.403603799961274490e-02,1.022794112320599424e+01,1.275000000000000000e+03,1.279000000000000000e+03,7.330000000000000000e+02,6.240000000000000000e+02,5.731039874902267295e-01,8.512960436562073685e-01,4.120000000000000284e+01,3.400000000000000000e+01,5.839999999999999858e+01,1.000000000000000000e+00
1.783178430073305368e+09,9.369981000418192707e-03,3.382648499973583966e-02,2.252598999984911643e-02,3.378789300040807575e-02,1.004920603781489596e+01,1.281000000000000000e+03,1.275000000000000000e+03,6.810000000000000000e+02,5.640000000000000000e+02,5.341176470588234748e-01,8.281938325991189398e-01,3.920000000000000284e+01,3.400000000000000000e+01,5.939999999999999858e+01,1.000000000000000000e+00
1.783178430198814392e+09,8.704803000000538304e-03,2.921704000073077623e-02,2.207766200081096031e-02,3.352854399963689502e-02,1.069197968608745697e+01,1.282000000000000000e+03,1.281000000000000000e+03,7.890000000000000000e+02,7.350000000000000000e+02,6.159250585480093854e-01,9.315589353612167001e-01,4.310000000000000142e+01,3.410000000000000142e+01,5.889999999999999858e+01,1.000000000000000000e+00
1.783178430319733143e+09,9.107149999181274325e-03,3.237491000072623137e-02,1.963137699931394309e-02,2.487362800093251280e-02,1.162965615814668752e+01,1.280000000000000000e+03,1.282000000000000000e+03,4.520000000000000000e+02,3.630000000000000000e+02,3.525741029641185631e-01,8.030973451327433343e-01,4.000000000000000000e+01,3.400000000000000000e+01,5.789999999999999858e+01,1.000000000000000000e+00
1.783178430448178530e+09,7.301634999748785049e-03,3.705511299995123409e-02,2.140474400039238390e-02,3.054107999923871830e-02,1.038393865541769401e+01,1.274000000000000000e+03,1.280000000000000000e+03,6.740000000000000000e+02,5.880000000000000000e+02,5.265625000000000444e-01,8.724035608308605694e-01,4.339999999999999858e+01,3.400000000000000000e+01,5.889999999999999858e+01,1.000000000000000000e+00
1.783178430576031446e+09,9.312592999776825309e-03,3.345760000047448557e-02,2.129946800050674938e-02,2.954936899914173409e-02,1.068158898891678632e+01,1.273000000000000000e+03,1.274000000000000000e+03,6.370000000000000000e+02,5.500000000000000000e+02,5.000000000000000000e-01,8.634222919937205587e-01,4.079999999999999716e+01,3.410000000000000142e+01,5.839999999999999858e+01,1.000000000000000000e+00
1.783178430699019670e+09,8.474954000121215358e-03,3.295460599838406779e-02,2.112097000099311117e-02,2.719869400061725173e-02,1.114215761908661761e+01,1.285000000000000000e+03,1.273000000000000000e+03,6.220000000000000000e+02,5.500000000000000000e+02,4.886095836606441645e-01,8.842443729903537442e-01,4.039999999999999858e+01,3.410000000000000142e+01,5.889999999999999858e+01,1.000000000000000000e+00
1.783178430828642368e+09,7.576335001431289129e-03,3.197019199978967663e-02,2.132702299968514126e-02,3.672309899957326706e-02,1.024625343432732194e+01,1.276000000000000000e+03,1.285000000000000000e+03,6.780000000000000000e+02,5.150000000000000000e+02,5.276264591439688845e-01,7.595870206489675480e-01,4.420000000000000284e+01,3.400000000000000000e+01,5.839999999999999858e+01,1.000000000000000000e+00
1.783178430957623243e+09,9.108188000027439557e-03,3.264231399953132495e-02,2.087700999982189387e-02,3.048989499984600116e-02,1.073913065479051632e+01,1.280000000000000000e+03,1.276000000000000000e+03,7.120000000000000000e+02,6.370000000000000000e+02,5.579937304075235360e-01,8.946629213483145993e-01,4.310000000000000142e+01,3.410000000000000142e+01,5.839999999999999858e+01,1.000000000000000000e+00
1.783178431083033562e+09,9.448868000617949292e-03,3.308960499998647720e-02,2.044636699974944349e-02,2.728802599995105993e-02,1.107752577609114653e+01,1.266000000000000000e+03,1.280000000000000000e+03,6.340000000000000000e+02,5.280000000000000000e+02,4.953124999999999889e-01,8.328075709779180213e-01,3.960000000000000142e+01,3.410000000000000142e+01,5.939999999999999858e+01,1.000000000000000000e+00
1.783178431202657223e+09,9.756049999850802124e-03,3.280095999980403576e-02,2.082902900110639166e-02,2.324814900021010544e-02,1.154278724224653807e+01,1.292000000000000000e+03,1.266000000000000000e+03,4.530000000000000000e+02,3.730000000000000000e+02,3.578199052132701175e-01,8.233995584988962335e-01,4.170000000000000284e+01,3.410000000000000142e+01,5.939999999999999858e+01,1.000000000000000000e+00
1.783178431331259489e+09,9.109131999139208347e-03,3.241103900109010283e-02,2.179372099999454804e-02,3.306616099871462211e-02,1.037559089131247880e+01,1.284000000000000000e+03,1.292000000000000000e+03,6.710000000000000000e+02,5.360000000000000000e+02,5.193498452012383915e-01,7.988077496274217371e-01,4.200000000000000000e+01,3.410000000000000142e+01,5.989999999999999858e+01,1.000000000000000000e+00
1.783178431452923536e+09,8.747988000322948210e-03,3.062906000013754237e-02,2.128856099989206996e-02,2.857291799955419265e-02,1.120592230305465442e+01,1.283000000000000000e+03,1.284000000000000000e+03,6.320000000000000000e+02,5.190000000000000000e+02,4.922118380062305287e-01,8.212025316455696666e-01,4.129999999999999716e+01,3.400000000000000000e+01,5.889999999999999858e+01,1.000000000000000000e+00
1.783178431583833456e+09,8.359177998499944806e-03,3.248285300105635542e-02,2.103897099914320279e-02,3.612551200058078393e-02,1.020340341874973333e+01,1.279000000000000000e+03,1.283000000000000000e+03,6.820000000000000000e+02,5.330000000000000000e+02,5.315666406858924331e-01,7.815249266862169808e-01,4.000000000000000000e+01,3.400000000000000000e+01,5.989999999999999858e+01,1.000000000000000000e+00
1.783178431717461109e+09,9.993140000005951151e-03,3.321828800108050928e-02,2.224214200032292865e-02,3.733823899892740883e-02,9.728401608310283777e+00,1.288000000000000000e+03,1.279000000000000000e+03,7.360000000000000000e+02,6.000000000000000000e+02,5.754495699765441730e-01,8.152173913043477826e-01,3.920000000000000284e+01,3.400000000000000000e+01,5.889999999999999858e+01,1.000000000000000000e+00
1.783178431854041815e+09,9.088503000384662300e-03,3.337786100019002333e-02,2.389712200056237634e-02,3.434651499992469326e-02,9.929500447422865861e+00,1.287000000000000000e+03,1.288000000000000000e+03,7.290000000000000000e+02,6.210000000000000000e+02,5.659937888198758316e-01,8.518518518518518601e-01,4.150000000000000000e+01,3.400000000000000000e+01,5.889999999999999858e+01,1.000000000000000000e+00
1.783178431976248264e+09,8.876727000824757852e-03,3.462066099928051699e-02,2.081993600040732417e-02,2.352068199979839846e-02,1.138459358920851905e+01,1.280000000000000000e+03,1.287000000000000000e+03,5.570000000000000000e+02,4.710000000000000000e+02,4.327894327894327708e-01,8.456014362657091610e-01,4.170000000000000284e+01,3.400000000000000000e+01,5.939999999999999858e+01,1.000000000000000000e+00
1.783178432097248793e+09,8.545658000002731569e-03,3.383257700079411734e-02,2.307122399906802457e-02,2.288917199985007755e-02,1.132007581148984343e+01,1.264000000000000000e+03,1.280000000000000000e+03,4.870000000000000000e+02,4.230000000000000000e+02,3.804687500000000222e-01,8.685831622176591882e-01,3.779999999999999716e+01,3.400000000000000000e+01,5.889999999999999858e+01,1.000000000000000000e+00
1.783178432222416639e+09,7.008583001152146608e-03,3.348174799975822680e-02,2.187220199994044378e-02,2.653348000058031175e-02,1.124909842676410143e+01,1.265000000000000000e+03,1.264000000000000000e+03,6.370000000000000000e+02,5.460000000000000000e+02,5.039556962025316666e-01,8.571428571428570953e-01,3.829999999999999716e+01,3.400000000000000000e+01,5.939999999999999858e+01,1.000000000000000000e+00
1.783178432345445871e+09,9.701680999569362029e-03,3.267362800033879466e-02,2.096063799945113715e-02,2.735548900091089308e-02,1.102639944963514296e+01,1.267000000000000000e+03,1.265000000000000000e+03,6.450000000000000000e+02,5.590000000000000000e+02,5.098814229249012397e-01,8.666666666666666963e-01,4.289999999999999858e+01,3.400000000000000000e+01,5.939999999999999858e+01,1.000000000000000000e+00
1.783178432471164227e+09,8.107495999865932390e-03,3.256738900017808191e-02,2.145607700003893115e-02,3.126868199979071505e-02,1.070667892482922845e+01,1.264000000000000000e+03,1.267000000000000000e+03,7.220000000000000000e+02,6.350000000000000000e+02,5.698500394632991517e-01,8.795013850415512868e-01,4.039999999999999858e+01,3.410000000000000142e+01,5.939999999999999858e+01,1.000000000000000000e+00
1.783178432591948509e+09,8.546304999981657602e-03,3.204870999979902990e-02,2.100745200004894286e-02,2.638603700142994057e-02,1.136512106156146018e+01,1.267000000000000000e+03,1.264000000000000000e+03,6.270000000000000000e+02,5.630000000000000000e+02,4.960443037974683334e-01,8.979266347687400174e-01,3.910000000000000142e+01,3.400000000000000000e+01,5.889999999999999858e+01,1.000000000000000000e+00
1.783178432717534781e+09,1.110579399937705602e-02,3.219944800002849661e-02,2.022692600075970404e-02,2.984597599970584270e-02,1.070914410122973059e+01,1.263000000000000000e+03,1.267000000000000000e+03,6.510000000000000000e+02,5.370000000000000000e+02,5.138121546961326169e-01,8.248847926267280917e-01,4.039999999999999858e+01,3.400000000000000000e+01,5.839999999999999858e+01,1.000000000000000000e+00
1.783178432841540337e+09,8.137365999573376030e-03,3.346191499986161944e-02,2.282509799988474697e-02,2.731234000020776875e-02,1.090076046871864435e+01,1.266000000000000000e+03,1.263000000000000000e+03,6.090000000000000000e+02,5.090000000000000000e+02,4.821852731591448893e-01,8.357963875205254300e-01,4.289999999999999858e+01,3.410000000000000142e+01,5.989999999999999858e+01,1.000000000000000000e+00
1.783178432960315704e+09,7.545742999354843050e-03,3.374415300095279235e-02,2.200234799965983257e-02,2.115309900000283960e-02,1.184197925515385208e+01,1.247000000000000000e+03,1.266000000000000000e+03,4.940000000000000000e+02,4.470000000000000000e+02,3.902053712480252901e-01,9.048582995951417463e-01,4.370000000000000284e+01,3.400000000000000000e+01,5.989999999999999858e+01,1.000000000000000000e+00
1.783178433086207390e+09,8.970670000053360127e-03,3.411870400123007130e-02,2.026718399974924978e-02,2.654577499924926087e-02,1.112318186444465162e+01,1.251000000000000000e+03,1.247000000000000000e+03,6.020000000000000000e+02,5.080000000000000000e+02,4.827586206896551935e-01,8.438538205980066209e-01,3.750000000000000000e+01,3.400000000000000000e+01,5.839999999999999858e+01,1.000000000000000000e+00
1.783178433206092834e+09,7.256766000864445232e-03,3.458678999959374778e-02,2.010833399981493130e-02,2.481307400012155995e-02,1.152538944170427015e+01,1.254000000000000000e+03,1.251000000000000000e+03,5.360000000000000000e+02,4.520000000000000000e+02,4.284572342126298783e-01,8.432835820895522305e-01,4.260000000000000142e+01,3.400000000000000000e+01,5.839999999999999858e+01,1.000000000000000000e+00
1.783178433323675156e+09,6.744438000168884173e-03,3.289951399892743211e-02,1.998911400005454198e-02,2.170511100121075287e-02,1.229434979831862051e+01,1.237000000000000000e+03,1.254000000000000000e+03,4.490000000000000000e+02,3.820000000000000000e+02,3.580542264752791248e-01,8.507795100222717011e-01,4.470000000000000284e+01,3.400000000000000000e+01,5.989999999999999858e+01,1.000000000000000000e+00
1.783178433445845366e+09,7.945293999000568874e-03,3.222292999998899177e-02,1.949706300001707859e-02,2.816020099999150261e-02,1.138621626573150891e+01,1.242000000000000000e+03,1.237000000000000000e+03,5.970000000000000000e+02,5.070000000000000000e+02,4.826192400970089058e-01,8.492462311557789079e-01,4.400000000000000000e+01,3.410000000000000142e+01,5.939999999999999858e+01,1.000000000000000000e+00
1.783178433563387394e+09,6.907269000294036232e-03,3.444519999902695417e-02,2.146865100075956434e-02,2.341784999953233637e-02,1.159568580195807996e+01,1.234000000000000000e+03,1.242000000000000000e+03,4.530000000000000000e+02,3.730000000000000000e+02,3.647342995169082225e-01,8.233995584988962335e-01,4.129999999999999716e+01,3.410000000000000142e+01,5.939999999999999858e+01,1.000000000000000000e+00
1.783178433682226658e+09,8.776173001024289988e-03,3.259833300035097636e-02,1.899777299877314363e-02,2.131124600055045448e-02,1.224237078396707545e+01,1.228000000000000000e+03,1.234000000000000000e+03,4.650000000000000000e+02,3.930000000000000000e+02,3.768233387358184694e-01,8.451612903225806939e-01,4.129999999999999716e+01,3.400000000000000000e+01,5.839999999999999858e+01,1.000000000000000000e+00
1.783178433800090551e+09,7.801165998898795806e-03,3.212745000018912833e-02,2.007859300101699773e-02,2.413669399902573787e-02,1.188440236733886302e+01,1.252000000000000000e+03,1.228000000000000000e+03,3.640000000000000000e+02,2.840000000000000000e+02,2.964169381107492063e-01,7.802197802197802234e-01,3.860000000000000142e+01,3.410000000000000142e+01,5.839999999999999858e+01,1.000000000000000000e+00
1.783178433916877747e+09,6.902843000716529787e-03,3.204185799950209912e-02,1.835602199935237877e-02,2.516244000071310438e-02,1.212662677026534475e+01,1.241000000000000000e+03,1.252000000000000000e+03,5.070000000000000000e+02,4.280000000000000000e+02,4.049520766773163083e-01,8.441814595660749321e-01,4.470000000000000284e+01,3.410000000000000142e+01,5.939999999999999858e+01,1.000000000000000000e+00
1.783178434033395290e+09,7.160376999308937229e-03,3.226248499959183391e-02,2.111502600018866360e-02,2.420491399971069768e-02,1.180041226409009880e+01,1.253000000000000000e+03,1.241000000000000000e+03,4.640000000000000000e+02,3.740000000000000000e+02,3.738920225624496330e-01,8.060344827586206629e-01,4.350000000000000000e+01,3.400000000000000000e+01,6.029999999999999716e+01,1.000000000000000000e+00
1.783178434147166729e+09,7.889238999268854968e-03,3.007415900174237322e-02,1.855561199954536278e-02,2.298391099975560792e-02,1.257815420386973138e+01,1.241000000000000000e+03,1.253000000000000000e+03,4.400000000000000000e+02,3.630000000000000000e+02,3.511572226656025641e-01,8.249999999999999556e-01,3.810000000000000142e+01,3.400000000000000000e+01,5.939999999999999858e+01,1.000000000000000000e+00
1.783178434260968208e+09,9.142964998318348080e-03,2.881376700133841950e-02,2.042871899902820587e-02,2.081488099975103978e-02,1.262620969846120289e+01,1.233000000000000000e+03,1.241000000000000000e+03,4.310000000000000000e+02,3.550000000000000000e+02,3.473005640612409350e-01,8.236658932714616688e-01,4.320000000000000284e+01,3.400000000000000000e+01,6.079999999999999716e+01,1.000000000000000000e+00
1.783178434379937172e+09,9.785660999114043079e-03,3.308403099981660489e-02,1.933095400090678595e-02,2.456398399954196066e-02,1.152543380876692147e+01,1.223000000000000000e+03,1.233000000000000000e+03,5.360000000000000000e+02,4.640000000000000000e+02,4.347120843471208307e-01,8.656716417910447214e-01,3.779999999999999716e+01,3.400000000000000000e+01,5.839999999999999858e+01,1.000000000000000000e+00
1.783178434499228001e+09,8.161829000528086908e-03,3.114821999952255283e-02,2.024398100002144929e-02,2.522297599898593035e-02,1.179565128793426965e+01,1.221000000000000000e+03,1.223000000000000000e+03,4.580000000000000000e+02,3.820000000000000000e+02,3.744889615699100727e-01,8.340611353711789855e-01,4.579999999999999716e+01,3.400000000000000000e+01,5.939999999999999858e+01,1.000000000000000000e+00
1.783178434615601301e+09,7.668426998861832544e-03,3.223131900085718371e-02,1.918665999983204529e-02,2.400652799951785710e-02,1.203471765735465837e+01,1.238000000000000000e+03,1.221000000000000000e+03,5.320000000000000000e+02,4.830000000000000000e+02,4.357084357084357040e-01,9.078947368421053099e-01,4.129999999999999716e+01,3.410000000000000142e+01,5.839999999999999858e+01,1.000000000000000000e+00
1.783178434729810238e+09,8.145439000145415775e-03,3.123753500040038489e-02,2.057173499997588806e-02,2.347042399924248457e-02,1.198679539417488016e+01,1.232000000000000000e+03,1.238000000000000000e+03,3.730000000000000000e+02,3.110000000000000000e+02,3.012924071082390687e-01,8.337801608579088475e-01,4.320000000000000284e+01,3.410000000000000142e+01,5.839999999999999858e+01,1.000000000000000000e+00
1.783178434842720747e+09,8.548435000193421729e-03,3.094859299926611129e-02,1.975578299970948137e-02,2.072458600014215335e-02,1.250353271698268465e+01,1.218000000000000000e+03,1.232000000000000000e+03,4.180000000000000000e+02,3.570000000000000000e+02,3.392857142857143016e-01,8.540669856459329745e-01,4.320000000000000284e+01,3.410000000000000142e+01,5.989999999999999858e+01,1.000000000000000000e+00
1.783178434961465836e+09,9.786865000933175907e-03,2.982388400050695054e-02,2.059519899921724573e-02,2.798694299963244703e-02,1.133878239683416034e+01,1.219000000000000000e+03,1.218000000000000000e+03,5.350000000000000000e+02,4.250000000000000000e+02,4.392446633825944358e-01,7.943925233644859585e-01,4.260000000000000142e+01,3.410000000000000142e+01,5.989999999999999858e+01,1.000000000000000000e+00
1.783178435072827816e+09,9.341276998384273611e-03,3.091022400076326448e-02,1.839029800066782627e-02,2.151874299852352124e-02,1.247496555126488893e+01,1.200000000000000000e+03,1.219000000000000000e+03,4.050000000000000000e+02,3.330000000000000000e+02,3.322395406070549617e-01,8.222222222222221877e-01,4.189999999999999858e+01,3.400000000000000000e+01,5.789999999999999858e+01,1.000000000000000000e+00
1.783178435192112446e+09,9.507090000624884851e-03,2.987303199915913865e-02,2.042970100046659354e-02,2.642190599908644799e-02,1.159665950809925050e+01,1.103000000000000000e+03,1.200000000000000000e+03,3.220000000000000000e+02,2.370000000000000000e+02,2.683333333333333126e-01,7.360248447204968958e-01,3.720000000000000284e+01,3.400000000000000000e+01,5.889999999999999858e+01,1.000000000000000000e+00
1.783178435316318512e+09,1.008839799942506943e-02,3.220594800040998962e-02,1.748084700011531822e-02,3.076611399956163950e-02,1.104468262210296636e+01,1.206000000000000000e+03,1.103000000000000000e+03,2.270000000000000000e+02,1.710000000000000000e+02,2.058023572076155827e-01,7.533039647577092213e-01,4.600000000000000000e+01,3.410000000000000142e+01,5.889999999999999858e+01,1.000000000000000000e+00
1.783178435431166649e+09,7.882517000325606205e-03,3.149191999909817241e-02,1.967969100041955244e-02,2.736245099913503509e-02,1.157185359086966692e+01,1.185000000000000000e+03,1.206000000000000000e+03,4.940000000000000000e+02,3.980000000000000000e+02,4.096185737976782981e-01,8.056680161943320373e-01,4.000000000000000000e+01,3.410000000000000142e+01,5.939999999999999858e+01,1.000000000000000000e+00
1.783178435545378447e+09,8.843820000038249418e-03,2.794246200028283056e-02,1.873599900136468932e-02,2.553600999999616761e-02,1.233680093229760111e+01,1.201000000000000000e+03,1.185000000000000000e+03,3.930000000000000000e+02,3.040000000000000000e+02,3.316455696202531556e-01,7.735368956743002844e-01,4.320000000000000284e+01,3.400000000000000000e+01,5.889999999999999858e+01,1.000000000000000000e+00
1.783178435658751011e+09,8.514250001098844223e-03,3.061294899998756591e-02,1.864964799824520014e-02,2.275095000004512258e-02,1.241807223420926043e+01,1.171000000000000000e+03,1.201000000000000000e+03,3.200000000000000000e+02,2.460000000000000000e+02,2.664446294754371225e-01,7.687500000000000444e-01,4.050000000000000000e+01,3.410000000000000142e+01,5.889999999999999858e+01,1.000000000000000000e+00
1.783178435774734259e+09,1.352289399983419571e-02,3.064896700016106479e-02,1.788887899965629913e-02,2.284104200043657329e-02,1.177831579552666952e+01,1.203000000000000000e+03,1.171000000000000000e+03,3.470000000000000000e+02,2.720000000000000000e+02,2.963279248505550911e-01,7.838616714697406174e-01,4.470000000000000284e+01,3.410000000000000142e+01,5.939999999999999858e+01,1.000000000000000000e+00
1.783178435885716915e+09,8.637842000098316930e-03,3.025530499871820211e-02,1.910814199982269201e-02,2.122748700094234664e-02,1.262167675044331716e+01,1.178000000000000000e+03,1.203000000000000000e+03,3.980000000000000000e+02,3.250000000000000000e+02,3.308395677472984464e-01,8.165829145728643601e-01,4.189999999999999858e+01,3.410000000000000142e+01,5.839999999999999858e+01,1.000000000000000000e+00
1.783178436003536940e+09,6.960417000300367363e-03,3.287894000095548108e-02,1.937408399862761144e-02,2.588100499997381121e-02,1.175164828033168263e+01,1.185000000000000000e+03,1.178000000000000000e+03,4.150000000000000000e+02,3.280000000000000000e+02,3.522920203735144251e-01,7.903614457831324991e-01,4.379999999999999716e+01,3.410000000000000142e+01,5.939999999999999858e+01,1.000000000000000000e+00
1.783178436123871088e+09,7.563614000900997780e-03,3.125675599949317984e-02,1.897029199972166680e-02,2.642920300058904104e-02,1.187368324553394139e+01,1.189000000000000000e+03,1.185000000000000000e+03,3.360000000000000000e+02,2.520000000000000000e+02,2.835443037974683667e-01,7.500000000000000000e-01,4.129999999999999716e+01,3.400000000000000000e+01,6.029999999999999716e+01,1.000000000000000000e+00
1.783178436235703230e+09,9.235722998710116372e-03,2.916102200106251985e-02,2.054088399927422870e-02,1.750625400018179789e-02,1.308149142567875955e+01,1.177000000000000000e+03,1.189000000000000000e+03,3.340000000000000000e+02,2.970000000000000000e+02,2.809083263246425766e-01,8.892215568862275044e-01,4.189999999999999858e+01,3.410000000000000142e+01,5.939999999999999858e+01,1.000000000000000000e+00
1.783178436355290651e+09,9.165150000626454130e-03,3.070872599892027210e-02,1.785934200051997323e-02,2.984847699917736463e-02,1.141791101449488011e+01,1.176000000000000000e+03,1.177000000000000000e+03,4.560000000000000000e+02,3.450000000000000000e+02,3.874256584536958092e-01,7.565789473684210176e-01,4.000000000000000000e+01,3.410000000000000142e+01,5.889999999999999858e+01,1.000000000000000000e+00
1.783178436475003958e+09,9.116872000959119760e-03,3.053898699909041170e-02,1.837594800053921062e-02,2.465811299953202251e-02,1.209337244489460872e+01,1.157000000000000000e+03,1.176000000000000000e+03,4.080000000000000000e+02,3.230000000000000000e+02,3.469387755102040782e-01,7.916666666666666297e-01,4.129999999999999716e+01,3.400000000000000000e+01,5.989999999999999858e+01,1.000000000000000000e+00
1.783178436580478430e+09,8.106532999590854160e-03,2.724824899996747263e-02,1.891925500058277976e-02,1.858050099872343708e-02,1.372598094048150053e+01,1.163000000000000000e+03,1.157000000000000000e+03,3.250000000000000000e+02,2.760000000000000000e+02,2.808988764044944020e-01,8.492307692307692335e-01,4.420000000000000284e+01,3.400000000000000000e+01,5.989999999999999858e+01,1.000000000000000000e+00
1.783178436697551012e+09,1.002793600127915852e-02,2.977092199944308959e-02,1.833409599930746481e-02,2.684749400032160338e-02,1.176741266409734443e+01,1.124000000000000000e+03,1.163000000000000000e+03,3.670000000000000000e+02,2.780000000000000000e+02,3.155631986242476428e-01,7.574931880108991544e-01,3.860000000000000142e+01,3.410000000000000142e+01,5.939999999999999858e+01,1.000000000000000000e+00
1.783178436811198950e+09,6.921362000866793096e-03,3.057883799920091406e-02,1.711464800064277370e-02,2.256076699995901436e-02,1.295746072112706848e+01,1.141000000000000000e+03,1.124000000000000000e+03,3.490000000000000000e+02,2.770000000000000000e+02,3.104982206405694223e-01,7.936962750716332060e-01,4.050000000000000000e+01,3.400000000000000000e+01,5.889999999999999858e+01,1.000000000000000000e+00
1.783178436920086622e+09,6.900102000145125203e-03,2.903333900030702353e-02,1.546812999913527165e-02,2.204969900049036369e-02,1.361446847684105421e+01,1.042000000000000000e+03,1.141000000000000000e+03,2.660000000000000000e+02,2.100000000000000000e+02,2.331288343558282072e-01,7.894736842105263275e-01,4.439999999999999858e+01,3.400000000000000000e+01,5.939999999999999858e+01,1.000000000000000000e+00
1.783178437031378031e+09,1.192559899936895818e-02,2.970153400019626133e-02,1.676517000123567414e-02,2.010501899894734379e-02,1.273928809957627983e+01,1.159000000000000000e+03,1.042000000000000000e+03,1.650000000000000000e+02,1.260000000000000000e+02,1.583493282149712189e-01,7.636363636363636687e-01,4.289999999999999858e+01,3.410000000000000142e+01,5.889999999999999858e+01,1.000000000000000000e+00
1.783178437141908884e+09,6.277868998949998058e-03,3.076448399951914325e-02,1.735870100128522608e-02,1.985303999936149921e-02,1.346727090915561931e+01,1.163000000000000000e+03,1.159000000000000000e+03,4.010000000000000000e+02,3.460000000000000000e+02,3.459879206212251868e-01,8.628428927680797944e-01,4.189999999999999858e+01,3.400000000000000000e+01,5.789999999999999858e+01,1.000000000000000000e+00
1.783178437253305912e+09,6.754234998879837804e-03,2.974423700106854085e-02,1.919734500006597955e-02,2.039020099982735701e-02,1.314301926014948485e+01,1.173000000000000000e+03,1.163000000000000000e+03,3.500000000000000000e+02,2.900000000000000000e+02,3.009458297506448776e-01,8.285714285714286254e-01,4.189999999999999858e+01,3.400000000000000000e+01,5.889999999999999858e+01,1.000000000000000000e+00
1.783178437367256403e+09,9.152427001026808284e-03,3.009826999914366752e-02,1.858522300062759314e-02,2.108176699948671740e-02,1.267143067683156232e+01,1.173000000000000000e+03,1.173000000000000000e+03,3.970000000000000000e+02,3.360000000000000000e+02,3.384484228473998435e-01,8.463476070528966888e-01,4.189999999999999858e+01,3.410000000000000142e+01,5.989999999999999858e+01,1.000000000000000000e+00
1.783178437473715782e+09,9.172502001092652790e-03,2.758365199952095281e-02,1.743156900010944810e-02,1.839837300030922052e-02,1.377674313804917361e+01,1.176000000000000000e+03,1.173000000000000000e+03,3.310000000000000000e+02,2.850000000000000000e+02,2.821824381926683611e-01,8.610271903323263309e-01,4.770000000000000284e+01,3.400000000000000000e+01,5.889999999999999858e+01,1.000000000000000000e+00
1.783178437587205410e+09,7.860294999773032032e-03,3.003347499907249585e-02,1.940332400045008399e-02,2.249002700045821257e-02,1.253335109062382813e+01,1.166000000000000000e+03,1.176000000000000000e+03,4.670000000000000000e+02,3.970000000000000000e+02,3.971088435374149905e-01,8.501070663811562955e-01,4.089999999999999858e+01,3.410000000000000142e+01,5.839999999999999858e+01,1.000000000000000000e+00
1.783178437696066856e+09,8.551453998734359629e-03,3.005665900127496570e-02,1.804095099942060187e-02,1.684157700037758332e-02,1.360717482383395271e+01,1.163000000000000000e+03,1.166000000000000000e+03,3.870000000000000000e+02,3.410000000000000000e+02,3.319039451114922934e-01,8.811369509043928128e-01,4.420000000000000284e+01,3.400000000000000000e+01,5.939999999999999858e+01,1.000000000000000000e+00
1.783178437814770222e+09,7.300819999727536924e-03,3.163801099981355947e-02,1.772091800012276508e-02,2.230047500052023679e-02,1.266460439622952983e+01,1.154000000000000000e+03,1.163000000000000000e+03,3.600000000000000000e+02,3.020000000000000000e+02,3.095442820292347297e-01,8.388888888888889062e-01,4.579999999999999716e+01,3.400000000000000000e+01,5.839999999999999858e+01,1.000000000000000000e+00
1.783178437928845882e+09,6.637475999013986439e-03,2.875178599970240612e-02,1.700996399995347019e-02,2.604218900160049088e-02,1.274836768302246170e+01,1.031000000000000000e+03,1.154000000000000000e+03,2.460000000000000000e+02,1.790000000000000000e+02,2.131715771230502654e-01,7.276422764227642448e-01,4.350000000000000000e+01,3.400000000000000000e+01,6.079999999999999716e+01,1.000000000000000000e+00
1.783178438124520779e+09,9.781217000636388548e-03,2.764442899933783337e-02,9.527634299956844188e-02,2.910172700103430543e-02,6.180327774403117758e+00,1.141000000000000000e+03,1.031000000000000000e+03,3.270000000000000000e+02,2.420000000000000000e+02,3.171677982541222240e-01,7.400611620795106704e-01,4.079999999999999716e+01,3.410000000000000142e+01,6.079999999999999716e+01,1.000000000000000000e+00
1.783178438241570234e+09,9.056168999450164847e-03,3.185643500000878703e-02,1.880310900014592335e-02,2.098297100019408390e-02,1.239177580643683463e+01,1.164000000000000000e+03,1.141000000000000000e+03,3.810000000000000000e+02,3.230000000000000000e+02,3.339176161262050746e-01,8.477690288713910505e-01,4.089999999999999858e+01,3.400000000000000000e+01,5.939999999999999858e+01,1.000000000000000000e+00
1.783178438354432583e+09,7.627074999618344009e-03,3.280944200014346279e-02,1.932515800035616849e-02,1.931634299944562372e-02,1.264573930021258974e+01,1.163000000000000000e+03,1.164000000000000000e+03,3.460000000000000000e+02,2.920000000000000000e+02,2.972508591065292083e-01,8.439306358381503115e-01,4.089999999999999858e+01,3.410000000000000142e+01,5.889999999999999858e+01,1.000000000000000000e+00
1.783178438472387314e+09,9.791160999157000333e-03,3.199443300036364235e-02,1.950621099967975169e-02,2.406123100081458688e-02,1.171604487507420878e+01,1.157000000000000000e+03,1.163000000000000000e+03,4.760000000000000000e+02,4.000000000000000000e+02,4.092863284608770358e-01,8.403361344537815247e-01,4.470000000000000284e+01,3.410000000000000142e+01,5.989999999999999858e+01,1.000000000000000000e+00
1.783178438584916115e+09,7.019841999863274395e-03,3.078916900085459929e-02,1.949584099929779768e-02,2.074606799942557700e-02,1.281214878706309612e+01,1.146000000000000000e+03,1.157000000000000000e+03,4.600000000000000000e+02,4.000000000000000000e+02,3.975799481417459091e-01,8.695652173913043237e-01,4.350000000000000000e+01,3.400000000000000000e+01,5.889999999999999858e+01,1.000000000000000000e+00
1.783178438696977854e+09,7.194136000180151314e-03,3.155078999952820595e-02,1.963667299969529267e-02,1.987646599991421681e-02,1.277823570016350985e+01,1.157000000000000000e+03,1.146000000000000000e+03,3.860000000000000000e+02,3.390000000000000000e+02,3.368237347294938955e-01,8.782383419689119286e-01,4.050000000000000000e+01,3.400000000000000000e+01,6.029999999999999716e+01,1.000000000000000000e+00
1.783178438808881521e+09,8.343863000845885836e-03,3.105909199985035229e-02,1.739721800004190300e-02,1.893994000056409277e-02,1.320304341218511901e+01,1.155000000000000000e+03,1.157000000000000000e+03,3.350000000000000000e+02,2.920000000000000000e+02,2.895419187554019169e-01,8.716417910447761264e-01,4.320000000000000284e+01,3.410000000000000142e+01,5.839999999999999858e+01,1.000000000000000000e+00
1.783178438924540043e+09,6.679717000224627554e-03,3.205700600119598676e-02,2.120385799935320392e-02,2.160257499963336159e-02,1.226344489284921124e+01,1.180000000000000000e+03,1.155000000000000000e+03,4.360000000000000000e+02,3.700000000000000000e+02,3.774891774891774854e-01,8.486238532110091937e-01,4.089999999999999858e+01,3.400000000000000000e+01,6.029999999999999716e+01,1.000000000000000000e+00
1.783178439041828871e+09,8.560750000469852239e-03,3.064033699956780765e-02,1.986500400016666390e-02,2.521745800004282501e-02,1.186471158205580068e+01,1.169000000000000000e+03,1.180000000000000000e+03,4.930000000000000000e+02,4.140000000000000000e+02,4.177966101694915446e-01,8.397565922920892101e-01,4.170000000000000284e+01,3.400000000000000000e+01,5.939999999999999858e+01,1.000000000000000000e+00
1.783178439149951935e+09,7.557281000117654912e-03,3.163302900065900758e-02,1.890273699973477051e-02,1.726153500021609943e-02,1.327059315371618986e+01,1.145000000000000000e+03,1.169000000000000000e+03,3.880000000000000000e+02,3.470000000000000000e+02,3.319076133447391164e-01,8.943298969072165372e-01,4.150000000000000000e+01,3.400000000000000000e+01,5.939999999999999858e+01,1.000000000000000000e+00
1.783178439258762598e+09,7.299746001081075519e-03,3.360802399947715458e-02,1.799167399985890370e-02,1.728655300030368380e-02,1.312577165578785632e+01,1.141000000000000000e+03,1.145000000000000000e+03,3.090000000000000000e+02,2.630000000000000000e+02,2.698689956331877804e-01,8.511326860841423869e-01,4.670000000000000284e+01,3.400000000000000000e+01,6.029999999999999716e+01,1.000000000000000000e+00
1.783178439373840332e+09,1.023332200020377059e-02,3.053635799915355165e-02,1.713455500066629611e-02,2.523682799983362202e-02,1.202775095624790147e+01,1.158000000000000000e+03,1.141000000000000000e+03,5.200000000000000000e+02,4.520000000000000000e+02,4.557405784399649606e-01,8.692307692307692513e-01,4.189999999999999858e+01,3.410000000000000142e+01,6.079999999999999716e+01,1.000000000000000000e+00
1.783178439483426332e+09,9.258907999537768774e-03,3.030876800039550290e-02,1.851481599987891968e-02,1.992039099968678784e-02,1.282003897223161815e+01,1.169000000000000000e+03,1.158000000000000000e+03,4.320000000000000000e+02,3.800000000000000000e+02,3.730569948186528428e-01,8.796296296296296502e-01,4.320000000000000284e+01,3.410000000000000142e+01,6.129999999999999716e+01,1.000000000000000000e+00
1.783178439593706846e+09,7.496614000046974979e-03,2.992862400060403161e-02,1.881621999928029254e-02,2.158172300005389843e-02,1.284964180531492595e+01,1.141000000000000000e+03,1.169000000000000000e+03,3.830000000000000000e+02,3.210000000000000000e+02,3.276304533789563544e-01,8.381201044386422661e-01,4.420000000000000284e+01,3.400000000000000000e+01,5.989999999999999858e+01,1.000000000000000000e+00
1.783178439697518587e+09,9.752975998708279803e-03,2.920396600165986456e-02,1.634532399839372374e-02,1.761099300165369641e-02,1.371492666367170088e+01,1.123000000000000000e+03,1.141000000000000000e+03,3.060000000000000000e+02,2.670000000000000000e+02,2.681858019281332384e-01,8.725490196078431460e-01,4.500000000000000000e+01,3.400000000000000000e+01,6.079999999999999716e+01,1.000000000000000000e+00
1.783178439812654257e+09,9.838623000177904032e-03,2.942176000033214223e-02,1.625969499946222641e-02,2.529032699931121897e-02,1.237464408214346356e+01,1.134000000000000000e+03,1.123000000000000000e+03,4.230000000000000000e+02,3.450000000000000000e+02,3.766696349065004612e-01,8.156028368794325800e-01,4.439999999999999858e+01,3.410000000000000142e+01,5.939999999999999858e+01,1.000000000000000000e+00
1.783178439923680544e+09,7.834813999579637311e-03,3.129649600123229902e-02,1.865816600002290215e-02,2.125185799923201557e-02,1.265160833443365540e+01,1.125000000000000000e+03,1.134000000000000000e+03,4.720000000000000000e+02,4.180000000000000000e+02,4.162257495590828693e-01,8.855932203389830226e-01,4.189999999999999858e+01,3.400000000000000000e+01,5.839999999999999858e+01,1.000000000000000000e+00
1.783178440038141966e+09,1.220135400035360362e-02,3.035610100050689653e-02,1.806072799990943167e-02,1.927686300041386858e-02,1.251642060491689357e+01,1.113000000000000000e+03,1.125000000000000000e+03,3.770000000000000000e+02,3.380000000000000000e+02,3.351111111111111374e-01,8.965517241379310498e-01,4.470000000000000284e+01,3.400000000000000000e+01,5.839999999999999858e+01,1.000000000000000000e+00
1.783178440144042969e+09,8.138458000757964328e-03,2.948635099892271683e-02,1.611914100067224354e-02,1.700072299900057260e-02,1.413533991469772566e+01,1.128000000000000000e+03,1.113000000000000000e+03,3.010000000000000000e+02,2.580000000000000000e+02,2.704402515723270395e-01,8.571428571428570953e-01,4.389999999999999858e+01,3.410000000000000142e+01,5.839999999999999858e+01,1.000000000000000000e+00
1.783178440252727270e+09,7.884479999120230787e-03,3.045408100115309935e-02,1.887284899930818938e-02,2.026475700040464289e-02,1.290719506038777808e+01,1.093000000000000000e+03,1.128000000000000000e+03,4.410000000000000000e+02,3.920000000000000000e+02,3.909574468085106336e-01,8.888888888888888395e-01,4.439999999999999858e+01,3.400000000000000000e+01,5.939999999999999858e+01,1.000000000000000000e+00
1.783178440363249302e+09,9.660162000727723353e-03,2.988055000059830490e-02,1.777808399856439792e-02,1.854342700062261429e-02,1.318179141670073662e+01,1.105000000000000000e+03,1.093000000000000000e+03,3.940000000000000000e+02,3.470000000000000000e+02,3.604757548032936909e-01,8.807106598984771884e-01,4.670000000000000284e+01,3.410000000000000142e+01,5.939999999999999858e+01,1.000000000000000000e+00
1.783178440475061655e+09,9.205131000271649100e-03,2.928607600006216671e-02,1.663500500035297591e-02,2.222758700008853339e-02,1.292761329007224269e+01,1.101000000000000000e+03,1.105000000000000000e+03,4.330000000000000000e+02,3.700000000000000000e+02,3.918552036199094979e-01,8.545034642032333094e-01,4.439999999999999858e+01,3.410000000000000142e+01,5.939999999999999858e+01,1.000000000000000000e+00
1.783178440586221457e+09,8.929133999117766507e-03,2.994680899973900523e-02,1.744825400055560749e-02,2.138335600102436729e-02,1.286876193353276321e+01,1.105000000000000000e+03,1.101000000000000000e+03,2.750000000000000000e+02,2.130000000000000000e+02,2.497729336966394154e-01,7.745454545454545370e-01,4.689999999999999858e+01,3.410000000000000142e+01,6.029999999999999716e+01,1.000000000000000000e+00
1.783178440699199915e+09,9.980195998650742695e-03,2.950718499960203189e-02,1.825861500037717633e-02,2.224795599977369420e-02,1.250094507169687041e+01,1.107000000000000000e+03,1.105000000000000000e+03,4.560000000000000000e+02,3.840000000000000000e+02,4.126696832579185292e-01,8.421052631578946901e-01,4.439999999999999858e+01,3.400000000000000000e+01,5.939999999999999858e+01,1.000000000000000000e+00
1.783178440806265354e+09,9.787975999643094838e-03,2.630764900095527992e-02,1.642611900024348870e-02,2.009562999955960549e-02,1.377080917294629003e+01,1.111000000000000000e+03,1.107000000000000000e+03,4.320000000000000000e+02,3.780000000000000000e+02,3.902439024390244038e-01,8.750000000000000000e-01,4.670000000000000284e+01,3.410000000000000142e+01,5.889999999999999858e+01,1.000000000000000000e+00
1.783178440909985065e+09,7.527816998845082708e-03,2.844919800008938182e-02,1.585097700080950744e-02,1.994700199975341093e-02,1.393242889030408982e+01,1.067000000000000000e+03,1.111000000000000000e+03,3.680000000000000000e+02,3.190000000000000000e+02,3.312331233123312346e-01,8.668478260869565410e-01,5.110000000000000142e+01,3.400000000000000000e+01,5.939999999999999858e+01,1.000000000000000000e+00
1.783178441012408972e+09,8.342529999936232343e-03,2.915257800123072229e-02,1.712716600013663992e-02,1.506426400010241196e-02,1.434997387845302086e+01,1.080000000000000000e+03,1.067000000000000000e+03,2.870000000000000000e+02,2.560000000000000000e+02,2.689784442361761729e-01,8.919860627177700341e-01,4.629999999999999716e+01,3.400000000000000000e+01,5.939999999999999858e+01,1.000000000000000000e+00
1.783178441124289751e+09,8.062126000368152745e-03,3.039337799964414444e-02,1.769090000016149133e-02,2.323190800052543636e-02,1.259789953698172837e+01,1.073000000000000000e+03,1.080000000000000000e+03,4.700000000000000000e+02,3.970000000000000000e+02,4.351851851851851749e-01,8.446808510638298406e-01,4.679999999999999716e+01,3.400000000000000000e+01,5.989999999999999858e+01,1.000000000000000000e+00
1.783178441230258942e+09,9.638199999244534411e-03,2.922113299973716494e-02,1.617204700050933752e-02,2.016261099925031886e-02,1.329893501751674023e+01,1.081000000000000000e+03,1.073000000000000000e+03,3.360000000000000000e+02,2.750000000000000000e+02,3.131407269338303823e-01,8.184523809523809312e-01,4.670000000000000284e+01,3.400000000000000000e+01,5.989999999999999858e+01,1.000000000000000000e+00
1.783178441335039139e+09,8.034608001253218390e-03,2.829995799947937485e-02,1.671728200017241761e-02,1.925589900019986089e-02,1.382977677322348065e+01,1.075000000000000000e+03,1.081000000000000000e+03,3.720000000000000000e+02,3.200000000000000000e+02,3.441258094357076969e-01,8.602150537634408733e-01,4.770000000000000284e+01,3.410000000000000142e+01,5.939999999999999858e+01,1.000000000000000000e+00
1.783178441435933113e+09,7.225932000437751412e-03,2.551364000100875273e-02,1.583288499932677951e-02,1.808358000016596634e-02,1.500239205619003435e+01,1.051000000000000000e+03,1.075000000000000000e+03,3.190000000000000000e+02,2.740000000000000000e+02,2.967441860465116488e-01,8.589341692789969063e-01,4.879999999999999716e+01,3.410000000000000142e+01,5.939999999999999858e+01,1.000000000000000000e+00
1.783178441547650099e+09,9.545570999762276188e-03,2.947649999987334013e-02,1.799382200078980532e-02,2.154413199968985282e-02,1.272912018547006063e+01,1.053000000000000000e+03,1.051000000000000000e+03,4.350000000000000000e+02,3.780000000000000000e+02,4.138915318744053051e-01,8.689655172413792705e-01,5.189999999999999858e+01,3.400000000000000000e+01,5.989999999999999858e+01,1.000000000000000000e+00
1.783178441649156809e+09,6.587550999029190280e-03,2.920346599967160728e-02,1.676852200034772977e-02,1.588788400113116950e-02,1.460975382517139742e+01,1.059000000000000000e+03,1.053000000000000000e+03,3.320000000000000000e+02,3.010000000000000000e+02,3.152896486229819772e-01,9.066265060240963347e-01,5.000000000000000000e+01,3.400000000000000000e+01,5.939999999999999858e+01,1.000000000000000000e+00
1.783178441751635551e+09,8.175439001206541434e-03,2.879672999915783294e-02,1.624419499967189040e-02,1.716298000064853113e-02,1.420871442038831667e+01,1.051000000000000000e+03,1.059000000000000000e+03,3.160000000000000000e+02,2.710000000000000000e+02,2.983947119924457159e-01,8.575949367088607778e-01,5.210000000000000142e+01,3.400000000000000000e+01,5.989999999999999858e+01,1.000000000000000000e+00
1.783178441861421585e+09,1.108686799852875993e-02,2.491796100002829917e-02,1.376483600142819341e-02,2.475042599871812854e-02,1.341919993116218279e+01,7.840000000000000000e+02,1.051000000000000000e+03,1.660000000000000000e+02,1.180000000000000000e+02,1.579448144624167327e-01,7.108433734939758608e-01,5.579999999999999716e+01,3.410000000000000142e+01,5.989999999999999858e+01,1.000000000000000000e+00
1.783178441975933790e+09,1.115049699910741765e-02,2.368556900000839960e-02,9.150353000222821720e-03,3.727109200008271728e-02,1.230655465200159959e+01,5.750000000000000000e+02,7.840000000000000000e+02,1.850000000000000000e+02,1.200000000000000000e+02,2.359693877551020391e-01,6.486486486486486847e-01,5.089999999999999858e+01,3.400000000000000000e+01,5.989999999999999858e+01,1.000000000000000000e+00
1.783178442071654081e+09,9.254593000150634907e-03,2.525303200127382297e-02,1.001636199907807168e-02,1.873834999969403725e-02,1.580719346483979670e+01,1.001000000000000000e+03,5.750000000000000000e+02,1.790000000000000000e+02,1.420000000000000000e+02,3.113043478260869579e-01,7.932960893854749118e-01,5.620000000000000284e+01,3.400000000000000000e+01,5.989999999999999858e+01,1.000000000000000000e+00
1.783178442173523188e+09,9.114483998928335495e-03,2.701152900044689886e-02,1.408377600091625936e-02,1.795919299911474809e-02,1.466942839206121718e+01,9.660000000000000000e+02,1.001000000000000000e+03,2.600000000000000000e+02,2.150000000000000000e+02,2.597402597402597157e-01,8.269230769230768718e-01,5.510000000000000142e+01,3.400000000000000000e+01,5.989999999999999858e+01,1.000000000000000000e+00
1.783178442272075176e+09,7.035953000013250858e-03,2.789548200053104665e-02,1.419720000012603123e-02,1.864605499940807931e-02,1.475477054928385634e+01,9.830000000000000000e+02,9.660000000000000000e+02,3.280000000000000000e+02,2.780000000000000000e+02,3.395445134575569290e-01,8.475609756097560732e-01,5.210000000000000142e+01,3.410000000000000142e+01,5.939999999999999858e+01,1.000000000000000000e+00
1.783178442375387907e+09,9.336832001281436533e-03,2.720611999939137604e-02,1.356959700024162885e-02,1.903610599947569426e-02,1.446159726453620920e+01,9.720000000000000000e+02,9.830000000000000000e+02,3.020000000000000000e+02,2.510000000000000000e+02,3.072227873855544189e-01,8.311258278145695622e-01,5.400000000000000000e+01,3.400000000000000000e+01,6.029999999999999716e+01,1.000000000000000000e+00
1.783178442478263140e+09,9.147889999439939857e-03,2.664996000021346845e-02,1.316195399886055384e-02,1.854368600106681697e-02,1.481404887371320100e+01,9.190000000000000000e+02,9.720000000000000000e+02,2.620000000000000000e+02,2.150000000000000000e+02,2.695473251028806527e-01,8.206106870229007422e-01,5.110000000000000142e+01,3.410000000000000142e+01,5.889999999999999858e+01,1.000000000000000000e+00
1.783178442573103428e+09,7.900923999841324985e-03,2.774652000152855180e-02,1.249457299854839221e-02,1.548713000011048280e-02,1.571606798374254765e+01,9.620000000000000000e+02,9.190000000000000000e+02,2.510000000000000000e+02,2.170000000000000000e+02,2.731229597388465935e-01,8.645418326693227185e-01,5.529999999999999716e+01,3.400000000000000000e+01,5.989999999999999858e+01,1.000000000000000000e+00
1.783178442674177885e+09,7.305209001060575247e-03,2.767181699891807511e-02,1.371748500059766229e-02,1.987174399982905015e-02,1.458443369838542303e+01,9.850000000000000000e+02,9.620000000000000000e+02,3.620000000000000000e+02,3.080000000000000000e+02,3.762993762993763203e-01,8.508287292817680036e-01,5.320000000000000284e+01,3.400000000000000000e+01,6.029999999999999716e+01,1.000000000000000000e+00
1.783178442773278713e+09,9.285203999752411619e-03,2.744458000051963609e-02,1.309251000020594802e-02,1.573903399912524037e-02,1.525289420626213932e+01,9.340000000000000000e+02,9.850000000000000000e+02,3.170000000000000000e+02,2.900000000000000000e+02,3.218274111675126781e-01,9.148264984227129082e-01,5.220000000000000284e+01,3.410000000000000142e+01,6.029999999999999716e+01,1.000000000000000000e+00
1.783178442876106501e+09,8.916930999475880526e-03,2.696932599974388722e-02,1.346552399991196580e-02,2.172896299998683389e-02,1.406850778056572437e+01,9.800000000000000000e+02,9.340000000000000000e+02,3.010000000000000000e+02,2.380000000000000000e+02,3.222698072805139091e-01,7.906976744186046124e-01,5.210000000000000142e+01,3.400000000000000000e+01,5.939999999999999858e+01,1.000000000000000000e+00
1.783178442977282524e+09,8.762061999732395634e-03,2.694004800105176400e-02,1.330352699915238190e-02,1.924139900074806064e-02,1.465265099556805239e+01,9.440000000000000000e+02,9.800000000000000000e+02,2.450000000000000000e+02,2.070000000000000000e+02,2.500000000000000000e-01,8.448979591836734970e-01,5.210000000000000142e+01,3.410000000000000142e+01,5.939999999999999858e+01,1.000000000000000000e+00
1.783178443077141285e+09,1.021956300064630341e-02,2.714747199934208766e-02,1.296745599938731175e-02,1.649060000090685207e-02,1.496443903077919835e+01,9.080000000000000000e+02,9.440000000000000000e+02,3.650000000000000000e+02,3.440000000000000000e+02,3.866525423728813804e-01,9.424657534246575485e-01,4.879999999999999716e+01,3.400000000000000000e+01,5.989999999999999858e+01,1.000000000000000000e+00
1.783178443176072121e+09,8.131385000524460338e-03,2.687617899937322363e-02,1.282993899985740427e-02,1.899364299970329739e-02,1.496308323080535274e+01,9.250000000000000000e+02,9.080000000000000000e+02,3.610000000000000000e+02,3.260000000000000000e+02,3.975770925110131970e-01,9.030470914127424198e-01,4.500000000000000000e+01,3.400000000000000000e+01,5.839999999999999858e+01,1.000000000000000000e+00
1.783178443263655186e+09,6.731161000061547384e-03,2.555082400067476556e-02,1.099853599953348748e-02,1.395281399891246110e-02,1.747233496028648148e+01,7.660000000000000000e+02,9.250000000000000000e+02,2.180000000000000000e+02,1.940000000000000000e+02,2.356756756756756832e-01,8.899082568807339388e-01,4.860000000000000142e+01,3.410000000000000142e+01,5.989999999999999858e+01,1.000000000000000000e+00
1.783178443362150908e+09,7.377726999038713984e-03,2.459668800111103337e-02,1.049398499890230596e-02,1.852874200085352641e-02,1.639421073206262491e+01,7.150000000000000000e+02,7.660000000000000000e+02,2.220000000000000000e+02,1.750000000000000000e+02,2.898172323759791169e-01,7.882882882882883413e-01,4.750000000000000000e+01,3.400000000000000000e+01,5.939999999999999858e+01,1.000000000000000000e+00
1.783178443455888987e+09,8.800172001429018565e-03,2.494094299981952645e-02,9.873233999314834364e-03,1.274301500052388292e-02,1.774391009453010781e+01,7.530000000000000000e+02,7.150000000000000000e+02,2.090000000000000000e+02,1.920000000000000000e+02,2.923076923076923239e-01,9.186602870813397326e-01,4.720000000000000284e+01,3.410000000000000142e+01,6.029999999999999716e+01,1.000000000000000000e+00
1.783178443545427084e+09,9.061966000444954261e-03,2.321092599959229119e-02,1.135145700027351268e-02,1.394903700020222459e-02,1.736913649635076240e+01,7.580000000000000000e+02,7.530000000000000000e+02,1.720000000000000000e+02,1.460000000000000000e+02,2.284196547144754230e-01,8.488372093023255349e-01,4.170000000000000284e+01,3.400000000000000000e+01,6.079999999999999716e+01,1.000000000000000000e+00
1.783178443625470400e+09,7.992885999556165189e-03,2.311692700095591135e-02,9.870956999293412082e-03,7.043989999147015624e-03,2.082259234656897107e+01,8.230000000000000000e+02,7.580000000000000000e+02,8.800000000000000000e+01,8.600000000000000000e+01,1.160949868073878621e-01,9.772727272727272929e-01,3.700000000000000000e+01,3.400000000000000000e+01,6.029999999999999716e+01,1.000000000000000000e+00
1.783178443721497774e+09,9.973141000955365598e-03,2.544839899928774685e-02,1.227952000044751912e-02,1.575701600086176768e-02,1.575843553743319703e+01,7.970000000000000000e+02,8.230000000000000000e+02,2.650000000000000000e+02,2.260000000000000000e+02,3.219927095990279264e-01,8.528301886792453157e-01,4.120000000000000284e+01,3.400000000000000000e+01,5.939999999999999858e+01,1.000000000000000000e+00
1.783178443814268827e+09,9.351573999083484523e-03,2.477168500081461389e-02,1.179365600000892300e-02,1.413090499954705592e-02,1.665339391187043105e+01,7.730000000000000000e+02,7.970000000000000000e+02,1.920000000000000000e+02,1.640000000000000000e+02,2.409033877038895821e-01,8.541666666666666297e-01,3.820000000000000284e+01,3.410000000000000142e+01,5.939999999999999858e+01,1.000000000000000000e+00
1.783178443907906771e+09,8.974762999059748836e-03,2.558147300078417175e-02,1.111090400081593543e-02,1.643137799874239136e-02,1.610344388588509901e+01,7.250000000000000000e+02,7.730000000000000000e+02,2.600000000000000000e+02,2.260000000000000000e+02,3.363518758085381477e-01,8.692307692307692513e-01,4.589999999999999858e+01,3.410000000000000142e+01,5.889999999999999858e+01,1.000000000000000000e+00
1.783178443998936176e+09,6.752752000465989113e-03,2.552943599948775955e-02,1.031691400021372829e-02,1.637824899989936966e-02,1.695566150468281563e+01,7.370000000000000000e+02,7.250000000000000000e+02,2.310000000000000000e+02,1.960000000000000000e+02,3.186206896551724288e-01,8.484848484848485084e-01,3.820000000000000284e+01,3.410000000000000142e+01,5.889999999999999858e+01,1.000000000000000000e+00
1.783178444092075109e+09,8.127532999424147420e-03,2.516173600088222884e-02,1.055878199986182153e-02,1.483378599914431106e-02,1.704104798238875063e+01,7.320000000000000000e+02,7.370000000000000000e+02,2.590000000000000000e+02,2.470000000000000000e+02,3.514246947082768080e-01,9.536679536679536495e-01,4.439999999999999858e+01,3.400000000000000000e+01,5.889999999999999858e+01,1.000000000000000000e+00
1.783178444186969042e+09,1.022802599982242100e-02,2.510012600032496266e-02,1.101944299989554565e-02,1.483321100022294559e-02,1.634499552025604530e+01,7.540000000000000000e+02,7.320000000000000000e+02,1.620000000000000000e+02,1.360000000000000000e+02,2.213114754098360615e-01,8.395061728395061262e-01,4.000000000000000000e+01,3.410000000000000142e+01,5.989999999999999858e+01,1.000000000000000000e+00
1.783178444280624628e+09,9.838956000749021769e-03,2.460340999823529273e-02,1.171306400101457257e-02,1.573629300037282519e-02,1.615724933031827604e+01,7.440000000000000000e+02,7.540000000000000000e+02,2.670000000000000000e+02,2.330000000000000000e+02,3.541114058355437910e-01,8.726591760299625689e-01,4.289999999999999858e+01,3.400000000000000000e+01,6.029999999999999716e+01,1.000000000000000000e+00
1.783178444374588728e+09,8.170586999767692760e-03,2.511681100077112205e-02,9.668106999015435576e-03,1.786202800030878279e-02,1.644262683266439140e+01,6.960000000000000000e+02,7.440000000000000000e+02,2.140000000000000000e+02,1.720000000000000000e+02,2.876344086021505597e-01,8.037383177570093240e-01,4.289999999999999858e+01,3.400000000000000000e+01,5.989999999999999858e+01,1.000000000000000000e+00
1.783178444467695713e+09,9.926454999003908597e-03,2.445937499942374416e-02,8.847783001328934915e-03,1.774800999919534661e-02,1.639838283768187921e+01,6.150000000000000000e+02,6.960000000000000000e+02,1.870000000000000000e+02,1.520000000000000000e+02,2.686781609195402210e-01,8.128342245989305104e-01,4.470000000000000284e+01,3.400000000000000000e+01,6.129999999999999716e+01,1.000000000000000000e+00
1.783178444560760498e+09,9.485831000347388908e-03,2.412578599978587590e-02,8.687044000907917507e-03,1.671854099913616665e-02,1.694421229927157313e+01,6.560000000000000000e+02,6.150000000000000000e+02,1.360000000000000000e+02,1.100000000000000000e+02,2.211382113821138140e-01,8.088235294117647189e-01,4.439999999999999858e+01,3.410000000000000142e+01,5.939999999999999858e+01,1.000000000000000000e+00
1.783178444655381918e+09,1.150012099969899282e-02,2.520269900014682207e-02,1.033545099926413968e-02,1.271555200037255418e-02,1.673533089269719909e+01,7.480000000000000000e+02,6.560000000000000000e+02,2.220000000000000000e+02,1.980000000000000000e+02,3.384146341463414864e-01,8.918918918918918859e-01,4.289999999999999858e+01,3.400000000000000000e+01,6.029999999999999716e+01,1.000000000000000000e+00
1.783178444748964787e+09,9.684272999948007055e-03,2.387330800047493540e-02,1.177973000085330568e-02,1.611743699868384283e-02,1.627213571847450169e+01,7.310000000000000000e+02,7.480000000000000000e+02,2.050000000000000000e+02,1.680000000000000000e+02,2.740641711229946376e-01,8.195121951219511702e-01,4.210000000000000142e+01,3.410000000000000142e+01,5.939999999999999858e+01,1.000000000000000000e+00
1.783178444840276241e+09,9.249740998711786233e-03,2.675269900100829545e-02,1.061363299959339201e-02,1.284240200038766488e-02,1.681846027845528013e+01,6.850000000000000000e+02,7.310000000000000000e+02,1.690000000000000000e+02,1.460000000000000000e+02,2.311901504787961803e-01,8.639053254437869533e-01,4.410000000000000142e+01,3.400000000000000000e+01,5.939999999999999858e+01,1.000000000000000000e+00
1.783178444927203417e+09,8.726414000193472020e-03,2.363251399947330356e-02,9.310962999734329060e-03,1.394896300007530954e-02,1.797951464460978954e+01,6.680000000000000000e+02,6.850000000000000000e+02,1.610000000000000000e+02,1.390000000000000000e+02,2.350364963503649707e-01,8.633540372670807095e-01,4.710000000000000142e+01,3.410000000000000142e+01,5.989999999999999858e+01,1.000000000000000000e+00
1.783178445025930643e+09,1.029280299917445518e-02,2.408761900005629286e-02,1.023123000049963593e-02,1.894123700003547128e-02,1.573492591349677738e+01,6.500000000000000000e+02,6.680000000000000000e+02,1.970000000000000000e+02,1.640000000000000000e+02,2.949101796407185838e-01,8.324873096446701037e-01,3.889999999999999858e+01,3.400000000000000000e+01,5.989999999999999858e+01,1.000000000000000000e+00
1.783178445117112875e+09,8.538176000001840293e-03,2.496642400001292117e-02,1.034609899943461642e-02,1.380957500077784061e-02,1.734296302504666087e+01,7.190000000000000000e+02,6.500000000000000000e+02,1.720000000000000000e+02,1.470000000000000000e+02,2.646153846153846412e-01,8.546511627906976383e-01,4.120000000000000284e+01,3.410000000000000142e+01,5.939999999999999858e+01,1.000000000000000000e+00
1.783178445209169865e+09,8.327233999807504006e-03,2.442957800121803302e-02,9.894548999000107870e-03,1.681692800048040226e-02,1.681568474235891486e+01,6.970000000000000000e+02,7.190000000000000000e+02,2.320000000000000000e+02,1.960000000000000000e+02,3.226703755215576952e-01,8.448275862068965747e-01,4.120000000000000284e+01,3.400000000000000000e+01,6.079999999999999716e+01,1.000000000000000000e+00
1.783178445296396971e+09,7.055304000459727831e-03,2.371151299848861527e-02,9.278371000618790276e-03,1.504735700109449681e-02,1.815127618424580902e+01,6.690000000000000000e+02,6.970000000000000000e+02,1.540000000000000000e+02,1.280000000000000000e+02,2.209469153515064566e-01,8.311688311688312236e-01,3.939999999999999858e+01,3.410000000000000142e+01,5.939999999999999858e+01,1.000000000000000000e+00
1.783178445388829470e+09,9.899399999994784594e-03,2.462478000052215066e-02,9.415721000550547615e-03,1.525494799898297060e-02,1.689336178556934343e+01,7.260000000000000000e+02,6.690000000000000000e+02,2.410000000000000000e+02,2.060000000000000000e+02,3.602391629297458930e-01,8.547717842323651061e-01,4.720000000000000284e+01,3.410000000000000142e+01,6.029999999999999716e+01,1.000000000000000000e+00
1.783178445481670618e+09,9.672366000813781284e-03,2.315377900049497839e-02,1.155350999943038914e-02,1.434408800014352892e-02,1.702888727622435283e+01,8.050000000000000000e+02,7.260000000000000000e+02,2.660000000000000000e+02,2.340000000000000000e+02,3.663911845730027372e-01,8.796992481203007586e-01,4.000000000000000000e+01,3.410000000000000142e+01,5.939999999999999858e+01,1.000000000000000000e+00
1.783178445565874100e+09,7.242171999678248540e-03,2.366951400108519010e-02,1.083149999976740219e-02,1.095301799978187773e-02,1.897669896666685219e+01,7.730000000000000000e+02,8.050000000000000000e+02,9.400000000000000000e+01,8.300000000000000000e+01,1.167701863354037306e-01,8.829787234042553168e-01,4.710000000000000142e+01,3.400000000000000000e+01,5.939999999999999858e+01,1.000000000000000000e+00
1.783178445661515474e+09,6.966879998799413443e-03,2.486683200004335959e-02,1.060859599965624511e-02,2.140137400056119077e-02,1.566325701601483722e+01,7.790000000000000000e+02,7.730000000000000000e+02,2.860000000000000000e+02,2.350000000000000000e+02,3.699870633893919680e-01,8.216783216783216659e-01,4.500000000000000000e+01,3.400000000000000000e+01,5.989999999999999858e+01,1.000000000000000000e+00
1.783178445754831076e+09,1.049144900025567040e-02,2.267450699946493842e-02,1.104555300116771832e-02,1.628747199902136344e-02,1.652920402083289275e+01,7.880000000000000000e+02,7.790000000000000000e+02,2.920000000000000000e+02,2.570000000000000000e+02,3.748395378690628776e-01,8.801369863013698280e-01,4.120000000000000284e+01,3.400000000000000000e+01,5.989999999999999858e+01,1.000000000000000000e+00
1.783178445848676682e+09,9.402553998370422050e-03,2.455842900053539779e-02,1.191389499945216812e-02,1.597410500107798725e-02,1.616841460447489354e+01,7.940000000000000000e+02,7.880000000000000000e+02,2.660000000000000000e+02,2.280000000000000000e+02,3.375634517766497589e-01,8.571428571428570953e-01,4.320000000000000284e+01,3.410000000000000142e+01,5.989999999999999858e+01,1.000000000000000000e+00
1.783178445948478460e+09,9.200760001476737671e-03,2.413319299921568017e-02,1.002221400085545611e-02,2.529636500003107358e-02,1.456610515074667411e+01,6.600000000000000000e+02,7.940000000000000000e+02,2.250000000000000000e+02,1.630000000000000000e+02,2.833753148614609474e-01,7.244444444444444464e-01,4.050000000000000000e+01,3.400000000000000000e+01,5.989999999999999858e+01,1.000000000000000000e+00
1.783178446041878700e+09,7.228933000078541227e-03,2.639079500113439281e-02,1.038967299973592162e-02,1.503104199946392328e-02,1.693754228763169323e+01,8.240000000000000000e+02,6.600000000000000000e+02,2.000000000000000000e+02,1.720000000000000000e+02,3.030303030303030387e-01,8.599999999999999867e-01,4.439999999999999858e+01,3.400000000000000000e+01,5.889999999999999858e+01,1.000000000000000000e+00
1.783178446139483452e+09,7.566002999737975188e-03,2.691069700085790828e-02,1.293188199997530319e-02,1.599329099917667918e-02,1.577240470488903057e+01,8.610000000000000000e+02,8.240000000000000000e+02,3.260000000000000000e+02,3.000000000000000000e+02,3.956310679611650394e-01,9.202453987730061513e-01,4.360000000000000142e+01,3.410000000000000142e+01,5.939999999999999858e+01,1.000000000000000000e+00
1.783178446235072374e+09,7.638352999492781237e-03,2.315657500002998859e-02,1.347643199915182777e-02,2.011792600023909472e-02,1.553053407079045556e+01,9.000000000000000000e+02,8.610000000000000000e+02,3.160000000000000000e+02,2.740000000000000000e+02,3.670150987224157779e-01,8.670886075949366667e-01,4.050000000000000000e+01,3.410000000000000142e+01,5.939999999999999858e+01,1.000000000000000000e+00
1.783178446362132072e+09,6.644549999691662379e-03,2.181224000014481135e-02,4.187356998954783194e-03,1.475210200078436173e-02,2.109871606103162023e+01,5.940000000000000000e+02,2.310000000000000000e+02,6.700000000000000000e+01,5.300000000000000000e+01,2.900432900432900474e-01,7.910447761194029370e-01,4.260000000000000142e+01,3.400000000000000000e+01,6.079999999999999716e+01,1.000000000000000000e+00
1.783178446454587221e+09,7.148247999793966301e-03,2.424434000022301916e-02,9.405053999216761440e-03,1.773152900022978429e-02,1.708549741818768908e+01,6.950000000000000000e+02,5.940000000000000000e+02,2.190000000000000000e+02,1.770000000000000000e+02,3.686868686868686740e-01,8.082191780821917915e-01,4.439999999999999858e+01,3.410000000000000142e+01,6.029999999999999716e+01,1.000000000000000000e+00
1.783178446557318687e+09,1.087303699932817835e-02,2.540704900093260221e-02,1.194663499882153701e-02,1.951454400114016607e-02,1.476205087101216229e+01,8.920000000000000000e+02,6.950000000000000000e+02,2.940000000000000000e+02,2.440000000000000000e+02,4.230215827338129619e-01,8.299319727891156795e-01,4.500000000000000000e+01,3.410000000000000142e+01,5.989999999999999858e+01,1.000000000000000000e+00
1.783178446656488895e+09,9.637682000175118446e-03,2.670536600089690182e-02,1.352963499994075391e-02,1.836761399863462429e-02,1.465409800319548772e+01,8.340000000000000000e+02,8.920000000000000000e+02,3.400000000000000000e+02,3.010000000000000000e+02,3.811659192825112008e-01,8.852941176470587870e-01,3.950000000000000000e+01,3.410000000000000142e+01,5.989999999999999858e+01,1.000000000000000000e+00
1.783178446761468410e+09,9.968528998797410168e-03,2.627850099997885991e-02,1.383550200080208015e-02,2.048425499924633186e-02,1.417097252871461244e+01,8.520000000000000000e+02,8.340000000000000000e+02,3.870000000000000000e+02,3.470000000000000000e+02,4.640287769784172678e-01,8.966408268733849773e-01,3.950000000000000000e+01,3.410000000000000142e+01,6.029999999999999716e+01,1.000000000000000000e+00
1.783178446861078978e+09,9.768643001734744757e-03,2.683328999955847394e-02,1.254770199921040330e-02,1.626743599990732037e-02,1.528652971934066152e+01,8.530000000000000000e+02,8.520000000000000000e+02,3.410000000000000000e+02,3.140000000000000000e+02,4.002347417840375621e-01,9.208211143695014256e-01,4.360000000000000142e+01,3.400000000000000000e+01,6.029999999999999716e+01,1.000000000000000000e+00
1.783178446963943720e+09,8.427177001067320816e-03,2.684564299852354452e-02,1.276866199987125583e-02,2.094102800037944689e-02,1.449642815261863760e+01,8.810000000000000000e+02,8.530000000000000000e+02,3.620000000000000000e+02,3.130000000000000000e+02,4.243845252051582917e-01,8.646408839779005095e-01,4.100000000000000000e+01,3.410000000000000142e+01,5.989999999999999858e+01,1.000000000000000000e+00
1.783178447061236143e+09,7.233784001073217951e-03,2.715297199938504491e-02,1.267182999981741887e-02,1.784295400102564599e-02,1.540795488026862259e+01,8.150000000000000000e+02,8.810000000000000000e+02,3.500000000000000000e+02,3.210000000000000000e+02,3.972758229284903408e-01,9.171428571428571486e-01,4.500000000000000000e+01,3.400000000000000000e+01,5.939999999999999858e+01,1.000000000000000000e+00
1.783178447162983179e+09,8.059607000177493319e-03,2.652025799943658058e-02,1.311030600118101574e-02,2.000911299910512753e-02,1.477120496579363973e+01,8.900000000000000000e+02,8.150000000000000000e+02,3.540000000000000000e+02,3.140000000000000000e+02,4.343558282208588861e-01,8.870056497175141663e-01,3.779999999999999716e+01,3.410000000000000142e+01,5.989999999999999858e+01,1.000000000000000000e+00
1.783178447266041279e+09,7.759906999126542360e-03,2.801661000012245495e-02,1.346391300103277899e-02,2.026338799987570383e-02,1.438769881674319251e+01,8.650000000000000000e+02,8.900000000000000000e+02,3.800000000000000000e+02,3.360000000000000000e+02,4.269662921348314488e-01,8.842105263157894468e-01,3.950000000000000000e+01,3.410000000000000142e+01,6.029999999999999716e+01,1.000000000000000000e+00
1.783178447372442722e+09,8.418474000791320577e-03,2.583902399965154473e-02,1.308036299997183960e-02,2.112443300029553939e-02,1.460658037531762687e+01,8.990000000000000000e+02,8.650000000000000000e+02,3.990000000000000000e+02,3.660000000000000000e+02,4.612716763005780263e-01,9.172932330827067160e-01,4.250000000000000000e+01,3.410000000000000142e+01,6.029999999999999716e+01,1.000000000000000000e+00
1.783178447475116014e+09,8.942356000261497684e-03,2.634394500091730151e-02,1.352783800030010752e-02,2.142393000031006522e-02,1.423729345370428589e+01,8.890000000000000000e+02,8.990000000000000000e+02,3.840000000000000000e+02,3.360000000000000000e+02,4.271412680756396241e-01,8.750000000000000000e-01,4.389999999999999858e+01,3.400000000000000000e+01,6.079999999999999716e+01,1.000000000000000000e+00
1.783178447578138590e+09,1.079307500003778841e-02,2.580513599968980998e-02,1.285868000013579149e-02,2.206538400059798732e-02,1.398165816165032815e+01,8.830000000000000000e+02,8.890000000000000000e+02,4.470000000000000000e+02,4.250000000000000000e+02,5.028121484814398467e-01,9.507829977628635687e-01,3.950000000000000000e+01,3.410000000000000142e+01,6.029999999999999716e+01,1.000000000000000000e+00
1.783178447684826136e+09,8.787098000539117493e-03,2.731456299989076797e-02,1.327674899948760867e-02,2.293024400023568887e-02,1.382960330028936191e+01,8.830000000000000000e+02,8.830000000000000000e+02,3.960000000000000000e+02,3.520000000000000000e+02,4.484711211778029671e-01,8.888888888888888395e-01,4.550000000000000000e+01,3.400000000000000000e+01,5.939999999999999858e+01,1.000000000000000000e+00
1.783178447789848089e+09,1.091707300111011136e-02,2.580104399930860382e-02,1.463997300015762448e-02,1.900253299936593976e-02,1.421249496328110062e+01,8.710000000000000000e+02,8.830000000000000000e+02,3.780000000000000000e+02,3.480000000000000000e+02,4.280860702151755293e-01,9.206349206349205838e-01,3.950000000000000000e+01,3.410000000000000142e+01,6.029999999999999716e+01,1.000000000000000000e+00
1.783178447896262407e+09,9.526755999104352668e-03,2.685321699937048834e-02,1.527929900112212636e-02,2.088610200007678941e-02,1.378447645751329453e+01,9.110000000000000000e+02,8.710000000000000000e+02,4.060000000000000000e+02,3.760000000000000000e+02,4.661308840413317944e-01,9.261083743842364324e-01,4.150000000000000000e+01,3.400000000000000000e+01,5.939999999999999858e+01,1.000000000000000000e+00
1.783178447995010853e+09,8.026126999538973905e-03,2.608822500042151660e-02,1.338258100076927803e-02,1.777245399898674805e-02,1.532111830626421067e+01,8.860000000000000000e+02,9.110000000000000000e+02,3.520000000000000000e+02,3.320000000000000000e+02,3.863885839736553307e-01,9.431818181818182323e-01,4.360000000000000142e+01,3.410000000000000142e+01,5.939999999999999858e+01,1.000000000000000000e+00
1.783178448098854542e+09,8.103070000288425945e-03,2.723104500000772532e-02,1.340558000083547086e-02,1.952595199873030651e-02,1.464865630002778119e+01,8.790000000000000000e+02,8.860000000000000000e+02,3.750000000000000000e+02,3.380000000000000000e+02,4.232505643340857548e-01,9.013333333333333197e-01,4.250000000000000000e+01,3.400000000000000000e+01,6.029999999999999716e+01,1.000000000000000000e+00
1.783178448201466560e+09,9.066929000255186111e-03,2.622268699997221120e-02,1.335019200087117497e-02,1.936265799849934410e-02,1.470534906786928531e+01,8.810000000000000000e+02,8.790000000000000000e+02,3.380000000000000000e+02,3.010000000000000000e+02,3.845278725824801125e-01,8.905325443786982209e-01,4.289999999999999858e+01,3.410000000000000142e+01,5.989999999999999858e+01,1.000000000000000000e+00
1.783178448304563284e+09,6.818234000093070790e-03,2.668442199865239672e-02,1.317488000131561421e-02,2.187392299856583122e-02,1.458758157167785541e+01,8.770000000000000000e+02,8.810000000000000000e+02,4.620000000000000000e+02,4.410000000000000000e+02,5.244040862656073054e-01,9.545454545454545858e-01,4.629999999999999716e+01,3.400000000000000000e+01,5.939999999999999858e+01,1.000000000000000000e+00
1.783178448405800343e+09,8.482991999699152075e-03,2.560536100099852774e-02,1.272118099950603209e-02,2.143874399916967377e-02,1.465238434307721782e+01,8.770000000000000000e+02,8.770000000000000000e+02,4.170000000000000000e+02,3.880000000000000000e+02,4.754846066134549853e-01,9.304556354916067029e-01,4.210000000000000142e+01,3.400000000000000000e+01,5.889999999999999858e+01,1.000000000000000000e+00
1.783178448508111000e+09,7.332041999688954093e-03,2.692093800033035222e-02,1.358068999979877844e-02,2.147979899928031955e-02,1.442721038840239700e+01,9.240000000000000000e+02,8.770000000000000000e+02,4.270000000000000000e+02,4.030000000000000000e+02,4.868871151653363927e-01,9.437939110070258097e-01,4.360000000000000142e+01,3.400000000000000000e+01,5.989999999999999858e+01,1.000000000000000000e+00
