timestamp,frame_x,frame_y,world_x_m,world_y_m,world_x_smooth_m,world_y_smooth_m,time_elapsed
1783178357.8617513,1295,337,,,-0.1144,0.1260,0.000
1783178359.764336,1295,337,,,-0.1144,0.1260,1.903
1783178359.8492427,1295,337,,,-0.1144,0.1260,1.987
1783178360.163602,1295,337,,,-0.1144,0.1260,2.302
1783178360.2614357,1295,337,,,-0.1144,0.1260,2.400
1783178360.3562484,1295,337,,,-0.1144,0.1260,2.494
1783178360.4606884,1295,337,,,-0.1144,0.1260,2.599
1783178360.5497053,1295,337,,,-0.1144,0.1260,2.688
1783178360.6326983,1295,337,,,-0.1144,0.1260,2.771
1783178360.7155857,1295,337,,,-0.1144,0.1260,2.854
1783178360.798545,1295,337,,,-0.1144,0.1260,2.937
1783178360.869563,1295,337,,,-0.1144,0.1260,3.008
1783178360.9468062,1295,337,,,-0.1144,0.1260,3.085
1783178361.0288205,1295,337,,,-0.1144,0.1260,3.167
1783178361.099793,1295,337,,,-0.1144,0.1260,3.238
1783178361.1716945,1295,337,,,-0.1144,0.1260,3.310
1783178361.2463913,1295,337,,,-0.1144,0.1260,3.385
1783178361.3175712,1295,337,,,-0.1144,0.1260,3.456
1783178361.3880966,1295,337,,,-0.1144,0.1260,3.526
1783178361.4660928,1295,337,,,-0.1144,0.1260,3.604
1783178361.538443,1295,337,,,-0.1144,0.1260,3.677
1783178361.6105149,1295,337,,,-0.1144,0.1260,3.749
1783178361.6898487,1295,337,,,-0.1144,0.1260,3.828
1783178361.7824824,1295,337,,,-0.1144,0.1260,3.921
1783178361.8816729,1295,337,,,-0.1144,0.1260,4.020
1783178361.9673,1295,337,,,-0.1144,0.1260,4.106
1783178362.0441992,1295,337,,,-0.1144,0.1260,4.182
1783178362.1182902,1295,337,,,-0.1144,0.1260,4.257
1783178362.2005596,1295,337,,,-0.1144,0.1260,4.339
1783178362.2817008,1295,337,,,-0.1144,0.1260,4.420
1783178362.3532686,1295,337,,,-0.1144,0.1260,4.492
1783178362.4242835,1295,337,,,-0.1144,0.1260,4.563
1783178362.4978888,1295,337,,,-0.1144,0.1260,4.636
1783178362.5717041,1295,337,,,-0.1144,0.1260,4.710
1783178362.644456,1295,337,,,-0.1144,0.1260,4.783
1783178362.723211,1295,337,,,-0.1144,0.1260,4.861
1783178362.7981653,1295,337,,,-0.1144,0.1260,4.936
1783178362.8704984,1295,337,,,-0.1144,0.1260,5.009
1783178362.9445992,1295,337,,,-0.1144,0.1260,5.083
1783178363.027533,1295,337,,,-0.1144,0.1260,5.166
1783178363.1025352,1295,337,,,-0.1144,0.1260,5.241
1783178363.172419,1295,337,,,-0.1144,0.1260,5.311
1783178363.2495325,1295,337,,,-0.1144,0.1260,5.388
1783178363.3269033,1295,337,,,-0.1144,0.1260,5.465
1783178363.413833,1295,337,,,-0.1144,0.1260,5.552
1783178363.49431,1295,337,,,-0.1144,0.1260,5.633
1783178363.5663369,1295,337,,,-0.1144,0.1260,5.705
1783178363.6440825,1295,337,,,-0.1144,0.1260,5.782
1783178363.7175922,1295,337,,,-0.1144,0.1260,5.856
1783178363.793297,1295,337,,,-0.1144,0.1260,5.932
1783178363.8758914,1295,337,,,-0.1144,0.1260,6.014
1783178363.9607587,1295,337,,,-0.1144,0.1260,6.099
1783178364.0461433,1295,337,,,-0.1144,0.1260,6.184
1783178364.1291115,1295,337,,,-0.1144,0.1260,6.267
1783178364.209664,1295,337,,,-0.1144,0.1260,6.348
1783178364.2928972,1295,337,,,-0.1144,0.1260,6.431
1783178364.374051,1295,337,,,-0.1144,0.1260,6.512
1783178364.456572,1295,337,,,-0.1144,0.1260,6.595
1783178364.5347123,1295,337,,,-0.1144,0.1260,6.673
1783178364.609451,1295,337,,,-0.1144,0.1260,6.748
1783178364.684718,1295,337,,,-0.1144,0.1260,6.823
1783178364.7562244,1295,337,,,-0.1144,0.1260,6.894
1783178364.8293371,1295,337,,,-0.1144,0.1260,6.968
1783178364.9023342,1295,337,,,-0.1144,0.1260,7.041
1783178364.9838598,1295,337,,,-0.1144,0.1260,7.122
1783178365.0648925,1295,337,,,-0.1144,0.1260,7.203
1783178365.146222,1295,337,,,-0.1144,0.1260,7.284
1783178365.220879,1295,337,,,-0.1144,0.1260,7.359
1783178365.294594,1295,337,,,-0.1144,0.1260,7.433
1783178365.3680773,1295,337,,,-0.1144,0.1260,7.506
1783178365.4427245,1295,337,,,-0.1144,0.1260,7.581
1783178365.5282562,1295,337,,,-0.1144,0.1260,7.667
1783178365.64641,1295,337,,,-0.1144,0.1260,7.785
1783178365.743238,1295,337,,,-0.1144,0.1260,7.881
1783178365.82544,1295,337,,,-0.1144,0.1260,7.964
1783178365.8997455,1295,337,,,-0.1144,0.1260,8.038
1783178365.9691398,1295,337,,,-0.1144,0.1260,8.107
1783178366.0435984,1295,337,,,-0.1144,0.1260,8.182
1783178366.1173637,1295,337,,,-0.1144,0.1260,8.256
1783178366.188438,1295,337,,,-0.1144,0.1260,8.327
1783178366.2670689,1295,337,,,-0.1144,0.1260,8.405
1783178366.3381345,1295,337,,,-0.1144,0.1260,8.476
1783178366.4089344,1295,337,,,-0.1144,0.1260,8.547
1783178366.4793394,1295,337,,,-0.1144,0.1260,8.618
1783178366.5516746,1295,337,,,-0.1144,0.1260,8.690
1783178366.6227612,1295,337,,,-0.1144,0.1260,8.761
1783178366.6972165,1295,337,,,-0.1144,0.1260,8.835
1783178366.7677379,1295,337,,,-0.1144,0.1260,8.906
1783178366.8398647,1295,337,,,-0.1144,0.1260,8.978
1783178366.911362,1295,337,,,-0.1144,0.1260,9.050
1783178366.9835923,1295,337,,,-0.1144,0.1260,9.122
1783178367.0537353,1295,337,,,-0.1144,0.1260,9.192
1783178367.1251493,1295,337,,,-0.1144,0.1260,9.263
1783178367.1964743,1295,337,,,-0.1144,0.1260,9.335
1783178367.2679539,1295,337,,,-0.1144,0.1260,9.406
1783178367.3454685,1295,337,,,-0.1144,0.1260,9.484
1783178367.4166813,1295,337,,,-0.1144,0.1260,9.555
1783178367.4871876,1295,337,,,-0.1144,0.1260,9.625
1783178367.5643191,1295,337,,,-0.1144,0.1260,9.703
1783178367.6355276,1295,337,,,-0.1144,0.1260,9.774
1783178367.707046,1295,337,,,-0.1144,0.1260,9.845
1783178367.782325,1295,337,,,-0.1144,0.1260,9.921
1783178367.8550797,1295,337,,,-0.1144,0.1260,9.993
1783178367.9274912,1295,337,,,-0.1144,0.1260,10.066
1783178367.9980974,1295,337,,,-0.1144,0.1260,10.136
1783178368.0739088,1295,337,,,-0.1144,0.1260,10.212
1783178368.1449897,1295,337,,,-0.1144,0.1260,10.283
1783178368.2166598,1295,337,,,-0.1144,0.1260,10.355
1783178368.288802,1295,337,,,-0.1144,0.1260,10.427
1783178368.3608983,1295,337,,,-0.1144,0.1260,10.499
1783178368.4374185,1295,337,,,-0.1144,0.1260,10.576
1783178368.5103703,1295,337,,,-0.1144,0.1260,10.649
1783178368.5809352,1295,337,,,-0.1144,0.1260,10.719
1783178368.653594,1295,337,,,-0.1144,0.1260,10.792
1783178368.7307463,1295,337,,,-0.1144,0.1260,10.869
1783178368.8028297,1295,337,,,-0.1144,0.1260,10.941
1783178368.873187,1295,337,,,-0.1144,0.1260,11.011
1783178368.9446151,1295,337,,,-0.1144,0.1260,11.083
1783178369.0141788,1295,337,,,-0.1144,0.1260,11.152
1783178369.08794,1295,337,,,-0.1144,0.1260,11.226
1783178369.1575441,1295,337,,,-0.1144,0.1260,11.296
1783178369.2276106,1295,337,,,-0.1144,0.1260,11.366
1783178369.3032498,1295,337,,,-0.1144,0.1260,11.441
1783178369.3745463,1295,337,,,-0.1144,0.1260,11.513
1783178369.4456418,1295,337,,,-0.1144,0.1260,11.584
1783178369.522148,1295,337,,,-0.1144,0.1260,11.660
1783178369.5926383,1295,337,,,-0.1144,0.1260,11.731
1783178369.6643515,1295,337,,,-0.1144,0.1260,11.803
1783178369.7364628,1295,337,,,-0.1144,0.1260,11.875
1783178369.8111281,1295,337,,,-0.1144,0.1260,11.949
1783178369.881562,1295,337,,,-0.1144,0.1260,12.020
1783178369.9517405,1295,337,,,-0.1144,0.1260,12.090
1783178370.0222096,1295,337,,,-0.1144,0.1260,12.160
1783178370.090112,1295,337,,,-0.1144,0.1260,12.228
1783178370.1648579,1295,337,,,-0.1144,0.1260,12.303
1783178370.2364888,1295,337,,,-0.1144,0.1260,12.375
1783178370.306939,1295,337,,,-0.1144,0.1260,12.445
1783178370.3775275,1295,337,,,-0.1144,0.1260,12.516
1783178370.4491756,1295,337,,,-0.1144,0.1260,12.587
1783178370.5212634,1295,337,,,-0.1144,0.1260,12.660
1783178370.5897174,1295,337,,,-0.1144,0.1260,12.728
1783178370.6653068,1295,337,,,-0.1144,0.1260,12.804
1783178370.7421923,1295,337,,,-0.1144,0.1260,12.880
1783178370.81516,1295,337,,,-0.1144,0.1260,12.953
1783178370.8932467,1295,337,,,-0.1144,0.1260,13.031
1783178370.9625196,1295,337,,,-0.1144,0.1260,13.101
1783178371.032891,1295,337,,,-0.1144,0.1260,13.171
1783178371.1036406,1295,337,,,-0.1144,0.1260,13.242
1783178371.1742506,1295,337,,,-0.1144,0.1260,13.312
1783178371.2438707,1295,337,,,-0.1144,0.1260,13.382
1783178371.315475,1295,337,,,-0.1144,0.1260,13.454
1783178371.3978882,1295,337,,,-0.1144,0.1260,13.536
1783178371.4655352,1295,337,,,-0.1144,0.1260,13.604
1783178371.534397,1295,337,,,-0.1144,0.1260,13.673
1783178371.6045525,1295,337,,,-0.1144,0.1260,13.743
1783178371.674203,1295,337,,,-0.1144,0.1260,13.812
1783178371.7453136,1295,337,,,-0.1144,0.1260,13.884
1783178371.8168547,1295,337,,,-0.1144,0.1260,13.955
1783178371.893859,1295,337,,,-0.1144,0.1260,14.032
1783178371.973108,1295,337,,,-0.1144,0.1260,14.111
1783178372.0534272,1295,337,,,-0.1144,0.1260,14.192
1783178372.1238363,1295,337,,,-0.1144,0.1260,14.262
1783178372.193781,1295,337,,,-0.1144,0.1260,14.332
1783178372.265382,1295,337,,,-0.1144,0.1260,14.404
1783178372.3376813,1295,337,,,-0.1144,0.1260,14.476
1783178372.408914,1295,337,,,-0.1144,0.1260,14.547
1783178372.4792292,1295,337,,,-0.1144,0.1260,14.617
1783178372.5500994,1295,337,,,-0.1144,0.1260,14.688
1783178372.627355,1295,337,,,-0.1144,0.1260,14.766
1783178372.6984203,1295,337,,,-0.1144,0.1260,14.837
1783178372.776407,1295,337,,,-0.1144,0.1260,14.915
1783178372.8470204,1295,337,,,-0.1144,0.1260,14.985
1783178372.9294968,1295,337,,,-0.1144,0.1260,15.068
1783178373.001573,1295,337,,,-0.1144,0.1260,15.140
1783178373.0732446,1295,337,,,-0.1144,0.1260,15.211
1783178373.1458828,1295,337,,,-0.1144,0.1260,15.284
1783178373.2157629,1295,337,,,-0.1144,0.1260,15.354
1783178373.285809,1295,337,,,-0.1144,0.1260,15.424
1783178373.357874,1295,337,,,-0.1144,0.1260,15.496
1783178373.428437,1295,337,,,-0.1144,0.1260,15.567
1783178373.4961512,1295,337,,,-0.1144,0.1260,15.634
1783178373.5680504,1295,337,,,-0.1144,0.1260,15.706
1783178373.6463475,1295,337,,,-0.1144,0.1260,15.785
1783178373.7168148,1295,337,,,-0.1144,0.1260,15.855
1783178373.787706,1295,337,,,-0.1144,0.1260,15.926
1783178373.860199,1295,337,,,-0.1144,0.1260,15.998
1783178373.9341831,1295,337,,,-0.1144,0.1260,16.072
1783178374.0054424,1295,337,,,-0.1144,0.1260,16.144
1783178374.0739093,1295,337,,,-0.1144,0.1260,16.212
1783178374.1505933,1295,337,,,-0.1144,0.1260,16.289
1783178374.2224362,1295,337,,,-0.1144,0.1260,16.361
1783178374.2997637,1295,337,,,-0.1144,0.1260,16.438
1783178374.381851,1295,337,,,-0.1144,0.1260,16.520
1783178374.4532363,1295,337,,,-0.1144,0.1260,16.591
1783178374.5236876,1295,337,,,-0.1144,0.1260,16.662
1783178374.595292,1295,337,,,-0.1144,0.1260,16.734
1783178374.6670372,1295,337,,,-0.1144,0.1260,16.805
1783178374.7446568,1295,337,,,-0.1144,0.1260,16.883
1783178374.8155267,1295,337,,,-0.1144,0.1260,16.954
1783178374.8874924,1295,337,,,-0.1144,0.1260,17.026
1783178374.957691,1295,337,,,-0.1144,0.1260,17.096
1783178375.029636,1295,337,,,-0.1144,0.1260,17.168
1783178375.1015933,1295,337,,,-0.1144,0.1260,17.240
1783178375.1745079,1295,337,,,-0.1144,0.1260,17.313
1783178375.2458775,1295,337,,,-0.1144,0.1260,17.384
1783178375.3154924,1295,337,,,-0.1144,0.1260,17.454
1783178375.3857527,1295,337,,,-0.1144,0.1260,17.524
1783178375.4588623,1295,337,,,-0.1144,0.1260,17.597
1783178375.5325496,1295,337,,,-0.1144,0.1260,17.671
1783178375.6047888,1295,337,,,-0.1144,0.1260,17.743
1783178375.6798341,1295,337,,,-0.1144,0.1260,17.818
1783178375.7517896,1295,337,,,-0.1144,0.1260,17.890
1783178375.823945,1295,337,,,-0.1144,0.1260,17.962
1783178375.8941193,1295,337,,,-0.1144,0.1260,18.032
1783178375.969881,1295,337,,,-0.1144,0.1260,18.108
1783178376.0381203,1295,337,,,-0.1144,0.1260,18.176
1783178376.1085143,1295,337,,,-0.1144,0.1260,18.247
1783178376.177094,1295,337,,,-0.1144,0.1260,18.315
1783178376.2471106,1295,337,,,-0.1144,0.1260,18.385
1783178376.3242455,1295,337,,,-0.1144,0.1260,18.462
1783178376.3957636,1295,337,,,-0.1144,0.1260,18.534
1783178376.4708116,1295,337,,,-0.1144,0.1260,18.609
1783178376.5395215,1295,337,,,-0.1144,0.1260,18.678
1783178376.6151671,1295,337,,,-0.1144,0.1260,18.753
1783178376.6919417,1295,337,,,-0.1144,0.1260,18.830
1783178376.771967,1295,337,,,-0.1144,0.1260,18.910
1783178376.8448553,1295,337,,,-0.1144,0.1260,18.983
1783178376.916026,1295,337,,,-0.1144,0.1260,19.054
1783178376.9874673,1295,337,,,-0.1144,0.1260,19.126
1783178377.0613832,1295,337,,,-0.1144,0.1260,19.200
1783178377.1336606,1295,337,,,-0.1144,0.1260,19.272
1783178377.2102997,1295,337,,,-0.1144,0.1260,19.349
1783178377.2864819,1295,337,,,-0.1144,0.1260,19.425
1783178377.358112,1295,337,,,-0.1144,0.1260,19.496
1783178377.4301646,1295,337,,,-0.1144,0.1260,19.568
1783178377.5017886,1295,337,,,-0.1144,0.1260,19.640
1783178377.5775175,1295,337,,,-0.1144,0.1260,19.716
1783178377.650541,1295,337,,,-0.1144,0.1260,19.789
1783178377.7209547,1295,337,,,-0.1144,0.1260,19.859
1783178377.7927928,1295,337,,,-0.1144,0.1260,19.931
1783178377.8655908,1295,337,,,-0.1144,0.1260,20.004
1783178377.9367247,1295,337,,,-0.1144,0.1260,20.075
1783178378.0140097,1295,337,,,-0.1144,0.1260,20.152
1783178378.0847766,1295,337,,,-0.1144,0.1260,20.223
1783178378.1552424,1295,337,,,-0.1144,0.1260,20.293
1783178378.2312737,1295,337,,,-0.1144,0.1260,20.370
1783178378.3027442,1295,337,,,-0.1144,0.1260,20.441
1783178378.3737974,1295,337,,,-0.1144,0.1260,20.512
1783178378.4438844,1295,337,,,-0.1144,0.1260,20.582
1783178378.5144732,1295,337,,,-0.1144,0.1260,20.653
1783178378.5908837,1295,337,,,-0.1144,0.1260,20.729
1783178378.6654148,1295,337,,,-0.1144,0.1260,20.804
1783178378.7535472,1295,337,,,-0.1144,0.1260,20.892
1783178378.837406,1295,337,,,-0.1144,0.1260,20.976
1783178378.916351,1295,337,,,-0.1144,0.1260,21.055
1783178378.9992013,1295,337,,,-0.1144,0.1260,21.137
1783178379.0780594,1295,337,,,-0.1144,0.1260,21.216
1783178379.1622553,1295,337,,,-0.1144,0.1260,21.301
1783178379.2447658,1295,337,,,-0.1144,0.1260,21.383
1783178379.3225996,1295,337,,,-0.1144,0.1260,21.461
1783178379.4035518,1295,337,,,-0.1144,0.1260,21.542
1783178379.4877539,1295,337,,,-0.1144,0.1260,21.626
1783178379.5765955,1295,337,,,-0.1144,0.1260,21.715
1783178379.690764,1295,337,,,-0.1144,0.1260,21.829
1783178379.7718375,1295,337,,,-0.1144,0.1260,21.910
1783178379.8506658,1295,337,,,-0.1144,0.1260,21.989
1783178379.9318404,1295,337,,,-0.1144,0.1260,22.070
1783178380.0134826,1295,337,,,-0.1144,0.1260,22.152
1783178380.1389875,1295,337,,,-0.1144,0.1260,22.277
1783178380.2701743,1295,337,,,-0.1144,0.1260,22.408
1783178380.3857596,1295,337,,,-0.1144,0.1260,22.524
1783178380.4825594,1295,337,,,-0.1144,0.1260,22.621
1783178380.561485,1295,337,,,-0.1144,0.1260,22.700
1783178380.6376936,1295,337,,,-0.1144,0.1260,22.776
1783178380.7206128,1295,337,,,-0.1144,0.1260,22.859
1783178380.8034077,1295,337,,,-0.1144,0.1260,22.942
1783178380.8816726,1295,337,,,-0.1144,0.1260,23.020
1783178380.9622002,1295,337,,,-0.1144,0.1260,23.100
1783178381.0412982,1295,337,,,-0.1144,0.1260,23.180
1783178381.1191928,1295,337,,,-0.1144,0.1260,23.257
1783178381.1910973,1295,337,,,-0.1144,0.1260,23.329
1783178381.26687,1295,337,,,-0.1144,0.1260,23.405
1783178381.3435013,1295,337,,,-0.1144,0.1260,23.482
1783178381.4183023,1295,337,,,-0.1144,0.1260,23.557
1783178381.4933805,1295,337,,,-0.1144,0.1260,23.632
1783178381.571023,1295,337,,,-0.1144,0.1260,23.709
1783178381.6418157,1295,337,,,-0.1144,0.1260,23.780
1783178381.7123067,1295,337,,,-0.1144,0.1260,23.851
1783178381.7805266,1295,337,,,-0.1144,0.1260,23.919
1783178381.857492,1295,337,,,-0.1144,0.1260,23.996
1783178381.938517,1295,337,,,-0.1144,0.1260,24.077
1783178382.0095725,1295,337,,,-0.1144,0.1260,24.148
1783178382.0832348,1295,337,,,-0.1144,0.1260,24.221
1783178382.1533558,1295,337,,,-0.1144,0.1260,24.292
1783178382.2282827,1295,337,,,-0.1144,0.1260,24.367
1783178382.3044548,1295,337,,,-0.1144,0.1260,24.443
1783178382.3745008,1295,337,,,-0.1144,0.1260,24.513
1783178382.4515328,1295,337,,,-0.1144,0.1260,24.590
1783178382.521505,1295,337,,,-0.1144,0.1260,24.660
1783178382.5905108,1295,337,,,-0.1144,0.1260,24.729
1783178382.6693888,1295,337,,,-0.1144,0.1260,24.808
1783178382.7403238,1295,337,,,-0.1144,0.1260,24.879
1783178382.8085952,1295,337,,,-0.1144,0.1260,24.947
1783178382.882615,1295,337,,,-0.1144,0.1260,25.021
1783178382.958877,1295,337,,,-0.1144,0.1260,25.097
1783178383.0286953,1295,337,,,-0.1144,0.1260,25.167
1783178383.1013012,1295,337,,,-0.1144,0.1260,25.240
1783178383.1772583,1295,337,,,-0.1144,0.1260,25.316
1783178383.2475784,1295,337,,,-0.1144,0.1260,25.386
1783178383.316336,1295,337,,,-0.1144,0.1260,25.455
1783178383.3867612,1295,337,,,-0.1144,0.1260,25.525
1783178383.4548917,1295,337,,,-0.1144,0.1260,25.593
1783178383.5301557,1295,337,,,-0.1144,0.1260,25.668
1783178383.603861,1295,337,,,-0.1144,0.1260,25.742
1783178383.6768935,1295,337,,,-0.1144,0.1260,25.815
1783178383.7451992,1295,337,,,-0.1144,0.1260,25.883
1783178383.8154142,1295,337,,,-0.1144,0.1260,25.954
1783178383.888387,1295,337,,,-0.1144,0.1260,26.027
1783178383.9613183,1295,337,,,-0.1144,0.1260,26.100
1783178384.0318267,1295,337,,,-0.1144,0.1260,26.170
1783178384.102968,1295,337,,,-0.1144,0.1260,26.241
1783178384.1731317,1295,337,,,-0.1144,0.1260,26.311
1783178384.2471406,1295,337,,,-0.1144,0.1260,26.385
1783178384.3163936,1295,337,,,-0.1144,0.1260,26.455
1783178384.3875892,1295,337,,,-0.1144,0.1260,26.526
1783178384.4584622,1295,337,,,-0.1144,0.1260,26.597
1783178384.5287645,1295,337,,,-0.1144,0.1260,26.667
1783178384.6061022,1295,337,,,-0.1144,0.1260,26.744
1783178384.67672,1295,337,,,-0.1144,0.1260,26.815
1783178384.756651,1295,337,,,-0.1144,0.1260,26.895
1783178384.8273945,1295,337,,,-0.1144,0.1260,26.966
1783178384.907939,1295,337,,,-0.1144,0.1260,27.046
1783178384.9809084,1295,337,,,-0.1144,0.1260,27.119
1783178385.0577104,1295,337,,,-0.1144,0.1260,27.196
1783178385.1280355,1295,337,,,-0.1144,0.1260,27.266
1783178385.198879,1295,337,,,-0.1144,0.1260,27.337
1783178385.2693067,1295,337,,,-0.1144,0.1260,27.408
1783178385.3396995,1295,337,,,-0.1144,0.1260,27.478
1783178385.4104328,1295,337,,,-0.1144,0.1260,27.549
1783178385.481362,1295,337,,,-0.1144,0.1260,27.620
1783178385.549533,1295,337,,,-0.1144,0.1260,27.688
1783178385.625509,1295,337,,,-0.1144,0.1260,27.764
1783178385.69555,1295,337,,,-0.1144,0.1260,27.834
1783178385.7659037,1295,337,,,-0.1144,0.1260,27.904
1783178385.8422842,1295,337,,,-0.1144,0.1260,27.981
1783178385.9132824,1295,337,,,-0.1144,0.1260,28.052
1783178385.987968,1295,337,,,-0.1144,0.1260,28.126
1783178386.0580997,1295,337,,,-0.1144,0.1260,28.196
1783178386.134292,1295,337,,,-0.1144,0.1260,28.273
1783178386.2053254,1295,337,,,-0.1144,0.1260,28.344
1783178386.2823663,1295,337,,,-0.1144,0.1260,28.421
1783178386.35677,1295,337,,,-0.1144,0.1260,28.495
1783178386.432685,1295,337,,,-0.1144,0.1260,28.571
1783178386.5049093,1295,337,,,-0.1144,0.1260,28.643
1783178386.5783796,1295,337,,,-0.1144,0.1260,28.717
1783178386.6546319,1295,337,,,-0.1144,0.1260,28.793
1783178386.725939,1295,337,,,-0.1144,0.1260,28.864
1783178386.8024096,1295,337,,,-0.1144,0.1260,28.941
1783178386.8739808,1295,337,,,-0.1144,0.1260,29.012
1783178386.9478633,1295,337,,,-0.1144,0.1260,29.086
1783178387.0179362,1295,337,,,-0.1144,0.1260,29.156
1783178387.09549,1295,337,,,-0.1144,0.1260,29.234
1783178387.1662307,1295,337,,,-0.1144,0.1260,29.304
1783178387.2387214,1295,337,,,-0.1144,0.1260,29.377
1783178387.3112185,1295,337,,,-0.1144,0.1260,29.449
1783178387.3798041,1295,337,,,-0.1144,0.1260,29.518
1783178387.4573922,1295,337,,,-0.1144,0.1260,29.596
1783178387.533826,1295,337,,,-0.1144,0.1260,29.672
1783178387.6038303,1295,337,,,-0.1144,0.1260,29.742
1783178387.6731756,1295,337,,,-0.1144,0.1260,29.811
1783178387.749687,1295,337,,,-0.1144,0.1260,29.888
1783178387.8213925,1295,337,,,-0.1144,0.1260,29.960
1783178387.8982897,1295,337,,,-0.1144,0.1260,30.037
1783178387.9682772,1295,337,,,-0.1144,0.1260,30.107
1783178388.0400677,1295,337,,,-0.1144,0.1260,30.178
1783178388.1128073,1295,337,,,-0.1144,0.1260,30.251
1783178388.1852083,1295,337,,,-0.1144,0.1260,30.323
1783178388.266122,1295,337,,,-0.1144,0.1260,30.404
1783178388.3385518,1295,337,,,-0.1144,0.1260,30.477
1783178388.4107554,1295,337,,,-0.1144,0.1260,30.549
1783178388.4803605,1295,337,,,-0.1144,0.1260,30.619
1783178388.5516284,1295,337,,,-0.1144,0.1260,30.690
1783178388.622646,1295,337,,,-0.1144,0.1260,30.761
1783178388.6956613,1295,337,,,-0.1144,0.1260,30.834
1783178388.7661495,1295,337,,,-0.1144,0.1260,30.904
1783178388.8425553,1295,337,,,-0.1144,0.1260,30.981
1783178388.9139354,1295,337,,,-0.1144,0.1260,31.052
1783178388.9853177,1295,337,,,-0.1144,0.1260,31.124
1783178389.057563,1295,337,,,-0.1144,0.1260,31.196
1783178389.1323698,1295,337,,,-0.1144,0.1260,31.271
1783178389.2042882,1295,337,,,-0.1144,0.1260,31.343
1783178389.2739549,1295,337,,,-0.1144,0.1260,31.412
1783178389.3504138,1295,337,,,-0.1144,0.1260,31.489
1783178389.420687,1295,337,,,-0.1144,0.1260,31.559
1783178389.4919462,1295,337,,,-0.1144,0.1260,31.630
1783178389.5692298,1295,337,,,-0.1144,0.1260,31.707
1783178389.6461422,1295,337,,,-0.1144,0.1260,31.784
1783178389.7264256,1295,337,,,-0.1144,0.1260,31.865
1783178389.7995067,1295,337,,,-0.1144,0.1260,31.938
1783178389.8708293,1295,337,,,-0.1144,0.1260,32.009
1783178389.9493287,1295,337,,,-0.1144,0.1260,32.088
1783178390.0210514,1295,337,,,-0.1144,0.1260,32.159
1783178390.0933936,1295,337,,,-0.1144,0.1260,32.232
1783178390.167124,1295,337,,,-0.1144,0.1260,32.305
1783178390.245257,1295,337,,,-0.1144,0.1260,32.384
1783178390.3221836,1295,337,,,-0.1144,0.1260,32.460
1783178390.4106016,1295,337,,,-0.1144,0.1260,32.549
1783178390.5035136,1295,337,,,-0.1144,0.1260,32.642
1783178390.595652,1295,337,,,-0.1144,0.1260,32.734
1783178390.6898677,1295,337,,,-0.1144,0.1260,32.828
1783178390.7733703,1295,337,,,-0.1144,0.1260,32.912
1783178390.8459277,1295,337,,,-0.1144,0.1260,32.984
1783178390.9226782,1295,337,,,-0.1144,0.1260,33.061
1783178390.9992454,1295,337,,,-0.1144,0.1260,33.137
1783178391.070911,1295,337,,,-0.1144,0.1260,33.209
1783178391.1462505,1295,337,,,-0.1144,0.1260,33.284
1783178391.2248266,1295,337,,,-0.1144,0.1260,33.363
1783178391.2983494,1295,337,,,-0.1144,0.1260,33.437
1783178391.3740542,1295,337,,,-0.1144,0.1260,33.512
1783178391.445792,1295,337,,,-0.1144,0.1260,33.584
1783178391.5170753,1295,337,,,-0.1144,0.1260,33.655
1783178391.5939956,1295,337,,,-0.1144,0.1260,33.732
1783178391.6653855,1295,337,,,-0.1144,0.1260,33.804
1783178391.736136,1295,337,,,-0.1144,0.1260,33.874
1783178391.8074577,1295,337,,,-0.1144,0.1260,33.946
1783178391.8817909,1295,337,,,-0.1144,0.1260,34.020
1783178391.952489,1295,337,,,-0.1144,0.1260,34.091
1783178392.0237186,1295,337,,,-0.1144,0.1260,34.162
1783178392.0942245,1295,337,,,-0.1144,0.1260,34.232
1783178392.1665418,1295,337,,,-0.1144,0.1260,34.305
1783178392.2373443,1295,337,,,-0.1144,0.1260,34.376
1783178392.3089817,1295,337,,,-0.1144,0.1260,34.447
1783178392.3793035,1295,337,,,-0.1144,0.1260,34.518
1783178392.4540055,1295,337,,,-0.1144,0.1260,34.592
1783178392.5245852,1295,337,,,-0.1144,0.1260,34.663
1783178392.5961962,1295,337,,,-0.1144,0.1260,34.734
1783178392.666554,1295,337,,,-0.1144,0.1260,34.805
1783178392.7356527,1295,337,,,-0.1144,0.1260,34.874
1783178392.8116004,1295,337,,,-0.1144,0.1260,34.950
1783178392.8851464,1295,337,,,-0.1144,0.1260,35.023
1783178392.9570613,1295,337,,,-0.1144,0.1260,35.095
1783178393.0292757,1295,337,,,-0.1144,0.1260,35.168
1783178393.0988739,1295,337,,,-0.1144,0.1260,35.237
1783178393.1697855,1295,337,,,-0.1144,0.1260,35.308
1783178393.2418816,1295,337,,,-0.1144,0.1260,35.380
1783178393.3131123,1295,337,,,-0.1144,0.1260,35.451
1783178393.385811,1295,337,,,-0.1144,0.1260,35.524
1783178393.4604645,1295,337,,,-0.1144,0.1260,35.599
1783178393.5353463,1295,337,,,-0.1144,0.1260,35.674
1783178393.610042,1295,337,,,-0.1144,0.1260,35.748
1783178393.680489,1295,337,,,-0.1144,0.1260,35.819
1783178393.7519748,1295,337,,,-0.1144,0.1260,35.890
1783178393.8288283,1295,337,,,-0.1144,0.1260,35.967
1783178393.9074137,1295,337,,,-0.1144,0.1260,36.046
1783178393.9816482,1295,337,,,-0.1144,0.1260,36.120
1783178394.052538,1295,337,,,-0.1144,0.1260,36.191
1783178394.132056,1295,337,,,-0.1144,0.1260,36.270
1783178394.205093,1295,337,,,-0.1144,0.1260,36.343
1783178394.275565,1295,337,,,-0.1144,0.1260,36.414
1783178394.3487191,1295,337,,,-0.1144,0.1260,36.487
1783178394.422579,1295,337,,,-0.1144,0.1260,36.561
1783178394.4925532,1295,337,,,-0.1144,0.1260,36.631
1783178394.5662155,1295,337,,,-0.1144,0.1260,36.704
1783178394.6436017,1295,337,,,-0.1144,0.1260,36.782
1783178394.7142878,1295,337,,,-0.1144,0.1260,36.853
1783178394.784636,1295,337,,,-0.1144,0.1260,36.923
1783178394.8566809,1295,337,,,-0.1144,0.1260,36.995
1783178394.9317276,1295,337,,,-0.1144,0.1260,37.070
1783178395.0033815,1295,337,,,-0.1144,0.1260,37.142
1783178395.0805743,1295,337,,,-0.1144,0.1260,37.219
1783178395.152179,1295,337,,,-0.1144,0.1260,37.290
1783178395.2246141,1295,337,,,-0.1144,0.1260,37.363
1783178395.2973168,1295,337,,,-0.1144,0.1260,37.436
1783178395.3690197,1295,337,,,-0.1144,0.1260,37.507
1783178395.4449663,1295,337,,,-0.1144,0.1260,37.583
1783178395.5155687,1295,337,,,-0.1144,0.1260,37.654
1783178395.586872,1295,337,,,-0.1144,0.1260,37.725
1783178395.6613193,1295,337,,,-0.1144,0.1260,37.800
1783178395.7386594,1295,337,,,-0.1144,0.1260,37.877
1783178395.8135886,1295,337,,,-0.1144,0.1260,37.952
1783178395.884772,1295,337,,,-0.1144,0.1260,38.023
1783178395.9630694,1295,337,,,-0.1144,0.1260,38.101
1783178396.0319164,1295,337,,,-0.1144,0.1260,38.170
1783178396.1039245,1295,337,,,-0.1144,0.1260,38.242
1783178396.1726582,1295,337,,,-0.1144,0.1260,38.311
1783178396.2430592,1295,337,,,-0.1144,0.1260,38.381
1783178396.3168137,1295,337,,,-0.1144,0.1260,38.455
1783178396.3867908,1295,337,,,-0.1144,0.1260,38.525
1783178396.4577496,1295,337,,,-0.1144,0.1260,38.596
1783178396.5285516,1295,337,,,-0.1144,0.1260,38.667
1783178396.605329,1295,337,,,-0.1144,0.1260,38.744
1783178396.6775792,1295,337,,,-0.1144,0.1260,38.816
1783178396.754031,1295,337,,,-0.1144,0.1260,38.892
1783178396.8360572,1295,337,,,-0.1144,0.1260,38.974
1783178396.9122312,1295,337,,,-0.1144,0.1260,39.050
1783178396.9837854,1295,337,,,-0.1144,0.1260,39.122
1783178397.0681896,1295,337,,,-0.1144,0.1260,39.206
1783178397.136676,1295,337,,,-0.1144,0.1260,39.275
1783178397.20671,1295,337,,,-0.1144,0.1260,39.345
1783178397.278052,1295,337,,,-0.1144,0.1260,39.416
1783178397.3489273,1295,337,,,-0.1144,0.1260,39.487
1783178397.4200919,1295,337,,,-0.1144,0.1260,39.558
1783178397.4917197,1295,337,,,-0.1144,0.1260,39.630
1783178397.5617762,1295,337,,,-0.1144,0.1260,39.700
1783178397.632072,1295,337,,,-0.1144,0.1260,39.770
1783178397.7028348,1295,337,,,-0.1144,0.1260,39.841
1783178397.7736473,1295,337,,,-0.1144,0.1260,39.912
1783178397.8453825,1295,337,,,-0.1144,0.1260,39.984
1783178397.9226513,1295,337,,,-0.1144,0.1260,40.061
1783178397.993602,1295,337,,,-0.1144,0.1260,40.132
1783178398.0651038,1295,337,,,-0.1144,0.1260,40.203
1783178398.136117,1295,337,,,-0.1144,0.1260,40.274
1783178398.2079775,1295,337,,,-0.1144,0.1260,40.346
1783178398.2802281,1295,337,,,-0.1144,0.1260,40.418
1783178398.3528678,1295,337,,,-0.1144,0.1260,40.491
1783178398.4232254,1295,337,,,-0.1144,0.1260,40.561
1783178398.494292,1295,337,,,-0.1144,0.1260,40.633
1783178398.5653136,1295,337,,,-0.1144,0.1260,40.704
1783178398.6367884,1295,337,,,-0.1144,0.1260,40.775
1783178398.714834,1295,337,,,-0.1144,0.1260,40.853
1783178398.786523,1295,337,,,-0.1144,0.1260,40.925
1783178398.8607414,1295,337,,,-0.1144,0.1260,40.999
1783178398.9322233,1295,337,,,-0.1144,0.1260,41.070
1783178399.0074804,1295,337,,,-0.1144,0.1260,41.146
1783178399.0820744,1295,337,,,-0.1144,0.1260,41.220
1783178399.1539276,1295,337,,,-0.1144,0.1260,41.292
1783178399.2306561,1295,337,,,-0.1144,0.1260,41.369
1783178399.3026373,1295,337,,,-0.1144,0.1260,41.441
1783178399.374203,1295,337,,,-0.1144,0.1260,41.512
1783178399.4509807,1295,337,,,-0.1144,0.1260,41.589
1783178399.522115,1295,337,,,-0.1144,0.1260,41.660
1783178399.5931854,1295,337,,,-0.1144,0.1260,41.731
1783178399.6706195,1295,337,,,-0.1144,0.1260,41.809
1783178399.749272,1295,337,,,-0.1144,0.1260,41.888
1783178399.8288589,1295,337,,,-0.1144,0.1260,41.967
1783178399.899496,1295,337,,,-0.1144,0.1260,42.038
1783178399.9750595,1295,337,,,-0.1144,0.1260,42.113
1783178400.0477178,1295,337,,,-0.1144,0.1260,42.186
1783178400.123403,1295,337,,,-0.1144,0.1260,42.262
1783178400.1965163,1295,337,,,-0.1144,0.1260,42.335
1783178400.2903826,1295,337,,,-0.1144,0.1260,42.429
1783178400.3634853,1295,337,,,-0.1144,0.1260,42.502
1783178400.4341888,1295,337,,,-0.1144,0.1260,42.572
1783178400.5050676,1295,337,,,-0.1144,0.1260,42.643
1783178400.5761027,1295,337,,,-0.1144,0.1260,42.714
1783178400.6482096,1295,337,,,-0.1144,0.1260,42.786
1783178400.7249255,1295,337,,,-0.1144,0.1260,42.863
1783178400.8014617,1295,337,,,-0.1144,0.1260,42.940
1783178400.8734338,1295,337,,,-0.1144,0.1260,43.012
1783178400.9510157,1295,337,,,-0.1144,0.1260,43.089
1783178401.0245206,1295,337,,,-0.1144,0.1260,43.163
1783178401.0947258,1295,337,,,-0.1144,0.1260,43.233
1783178401.1718957,1295,337,,,-0.1144,0.1260,43.310
1783178401.248589,1295,337,,,-0.1144,0.1260,43.387
1783178401.3192546,1295,337,,,-0.1144,0.1260,43.458
1783178401.3926418,1295,337,,,-0.1144,0.1260,43.531
1783178401.470326,1295,337,,,-0.1144,0.1260,43.609
1783178401.5435405,1295,337,,,-0.1144,0.1260,43.682
1783178401.6165388,1295,337,,,-0.1144,0.1260,43.755
1783178401.6925056,1295,337,,,-0.1144,0.1260,43.831
1783178401.7641733,1295,337,,,-0.1144,0.1260,43.902
1783178401.8412194,1295,337,,,-0.1144,0.1260,43.979
1783178401.9125364,1295,337,,,-0.1144,0.1260,44.051
1783178401.983563,1295,337,,,-0.1144,0.1260,44.122
1783178402.0522344,1295,337,,,-0.1144,0.1260,44.190
1783178402.1228235,1295,337,,,-0.1144,0.1260,44.261
1783178402.1951985,1295,337,,,-0.1144,0.1260,44.333
1783178402.267065,1295,337,,,-0.1144,0.1260,44.405
1783178402.338412,1295,337,,,-0.1144,0.1260,44.477
1783178402.409825,1295,337,,,-0.1144,0.1260,44.548
1783178402.4868255,1295,337,,,-0.1144,0.1260,44.625
1783178402.5588422,1295,337,,,-0.1144,0.1260,44.697
1783178402.6299403,1295,337,,,-0.1144,0.1260,44.768
1783178402.7057354,1295,337,,,-0.1144,0.1260,44.844
1783178402.7771115,1295,337,,,-0.1144,0.1260,44.915
1783178402.8502717,1295,337,,,-0.1144,0.1260,44.989
1783178402.922364,1295,337,,,-0.1144,0.1260,45.061
1783178402.9942536,1295,337,,,-0.1144,0.1260,45.133
1783178403.064471,1295,337,,,-0.1144,0.1260,45.203
1783178403.1360717,1295,337,,,-0.1144,0.1260,45.274
1783178403.2076387,1295,337,,,-0.1144,0.1260,45.346
1783178403.2842934,1295,337,,,-0.1144,0.1260,45.423
1783178403.3624313,1295,337,,,-0.1144,0.1260,45.501
1783178403.4406369,1295,337,,,-0.1144,0.1260,45.579
1783178403.5126483,1295,337,,,-0.1144,0.1260,45.651
1783178403.584112,1295,337,,,-0.1144,0.1260,45.722
1783178403.6561522,1295,337,,,-0.1144,0.1260,45.794
1783178403.728085,1295,337,,,-0.1144,0.1260,45.866
1783178403.802264,1295,337,,,-0.1144,0.1260,45.941
1783178403.8747642,1295,337,,,-0.1144,0.1260,46.013
1783178403.954382,1295,337,,,-0.1144,0.1260,46.093
1783178404.0331793,1295,337,,,-0.1144,0.1260,46.171
1783178404.1042032,1295,337,,,-0.1144,0.1260,46.242
1783178404.1746562,1295,337,,,-0.1144,0.1260,46.313
1783178404.2510362,1295,337,,,-0.1144,0.1260,46.389
1783178404.328018,1295,337,,,-0.1144,0.1260,46.466
1783178404.4106216,1295,337,,,-0.1144,0.1260,46.549
1783178404.4817946,1295,337,,,-0.1144,0.1260,46.620
1783178404.5568318,1295,337,,,-0.1144,0.1260,46.695
1783178404.6301587,1295,337,,,-0.1144,0.1260,46.768
1783178404.7022765,1295,337,,,-0.1144,0.1260,46.841
1783178404.7727315,1295,337,,,-0.1144,0.1260,46.911
1783178404.849054,1295,337,,,-0.1144,0.1260,46.987
1783178404.922751,1295,337,,,-0.1144,0.1260,47.061
1783178405.0009966,1295,337,,,-0.1144,0.1260,47.139
1783178405.0766673,1295,337,,,-0.1144,0.1260,47.215
1783178405.1553528,1295,337,,,-0.1144,0.1260,47.294
1783178405.230327,1295,337,,,-0.1144,0.1260,47.369
1783178405.3019712,1295,337,,,-0.1144,0.1260,47.440
1783178405.3707113,1295,337,,,-0.1144,0.1260,47.509
1783178405.4426005,1295,337,,,-0.1144,0.1260,47.581
1783178405.5156353,1295,337,,,-0.1144,0.1260,47.654
1783178405.5872061,1295,337,,,-0.1144,0.1260,47.725
1783178405.6598854,1295,337,,,-0.1144,0.1260,47.798
1783178405.7334929,1295,337,,,-0.1144,0.1260,47.872
1783178405.8163905,1295,337,,,-0.1144,0.1260,47.955
1783178405.887354,1295,337,,,-0.1144,0.1260,48.026
1783178405.959219,1295,337,,,-0.1144,0.1260,48.097
1783178406.0330906,1295,337,,,-0.1144,0.1260,48.171
1783178406.1118867,1295,337,,,-0.1144,0.1260,48.250
1783178406.1882315,1295,337,,,-0.1144,0.1260,48.326
1783178406.2735655,1295,337,,,-0.1144,0.1260,48.412
1783178406.3496325,1295,337,,,-0.1144,0.1260,48.488
1783178406.421052,1295,337,,,-0.1144,0.1260,48.559
1783178406.5015671,1295,337,,,-0.1144,0.1260,48.640
1783178406.5734003,1295,337,,,-0.1144,0.1260,48.712
1783178406.6557112,1295,337,,,-0.1144,0.1260,48.794
1783178406.7333136,1295,337,,,-0.1144,0.1260,48.872
1783178406.8055816,1295,337,,,-0.1144,0.1260,48.944
1783178406.8774416,1295,337,,,-0.1144,0.1260,49.016
1783178406.9492674,1295,337,,,-0.1144,0.1260,49.088
1783178407.0230603,1295,337,,,-0.1144,0.1260,49.161
1783178407.0963233,1295,337,,,-0.1144,0.1260,49.235
1783178407.172995,1295,337,,,-0.1144,0.1260,49.311
1783178407.2465453,1295,337,,,-0.1144,0.1260,49.385
1783178407.324268,1295,337,,,-0.1144,0.1260,49.463
1783178407.39568,1295,337,,,-0.1144,0.1260,49.534
1783178407.4668472,1295,337,,,-0.1144,0.1260,49.605
1783178407.547254,1295,337,,,-0.1144,0.1260,49.686
1783178407.618976,1295,337,,,-0.1144,0.1260,49.757
1783178407.6911852,1295,337,,,-0.1144,0.1260,49.829
1783178407.7669287,1295,337,,,-0.1144,0.1260,49.905
1783178407.8436055,1295,337,,,-0.1144,0.1260,49.982
1783178407.913142,1295,337,,,-0.1144,0.1260,50.051
1783178407.9861948,1295,337,,,-0.1144,0.1260,50.124
1783178408.0619493,1295,337,,,-0.1144,0.1260,50.200
1783178408.1331978,1295,337,,,-0.1144,0.1260,50.271
1783178408.204967,1295,337,,,-0.1144,0.1260,50.343
1783178408.2757163,1295,337,,,-0.1144,0.1260,50.414
1783178408.346257,1295,337,,,-0.1144,0.1260,50.485
1783178408.4180884,1295,337,,,-0.1144,0.1260,50.556
1783178408.49462,1295,337,,,-0.1144,0.1260,50.633
1783178408.5662,1295,337,,,-0.1144,0.1260,50.704
1783178408.6373389,1295,337,,,-0.1144,0.1260,50.776
1783178408.715027,1295,337,,,-0.1144,0.1260,50.853
1783178408.786374,1295,337,,,-0.1144,0.1260,50.925
1783178408.857543,1295,337,,,-0.1144,0.1260,50.996
1783178408.9287612,1295,337,,,-0.1144,0.1260,51.067
1783178409.0006557,1295,337,,,-0.1144,0.1260,51.139
1783178409.0761657,1295,337,,,-0.1144,0.1260,51.214
1783178409.153855,1295,337,,,-0.1144,0.1260,51.292
1783178409.225184,1295,337,,,-0.1144,0.1260,51.363
1783178409.2962017,1295,337,,,-0.1144,0.1260,51.434
1783178409.3672729,1295,337,,,-0.1144,0.1260,51.506
1783178409.4377997,1295,337,,,-0.1144,0.1260,51.576
1783178409.5141978,1295,337,,,-0.1144,0.1260,51.652
1783178409.586372,1295,337,,,-0.1144,0.1260,51.725
1783178409.6629307,1295,337,,,-0.1144,0.1260,51.801
1783178409.7343228,1295,337,,,-0.1144,0.1260,51.873
1783178409.80854,1295,337,,,-0.1144,0.1260,51.947
1783178409.8835762,1295,337,,,-0.1144,0.1260,52.022
1783178409.9540722,1295,337,,,-0.1144,0.1260,52.092
1783178410.038358,1295,337,,,-0.1144,0.1260,52.177
1783178410.111883,1295,337,,,-0.1144,0.1260,52.250
1783178410.1844938,1295,337,,,-0.1144,0.1260,52.323
1783178410.2556002,1295,337,,,-0.1144,0.1260,52.394
1783178410.3269222,1295,337,,,-0.1144,0.1260,52.465
1783178410.3995245,1295,337,,,-0.1144,0.1260,52.538
1783178410.4732215,1295,337,,,-0.1144,0.1260,52.611
1783178410.5493562,1295,337,,,-0.1144,0.1260,52.688
1783178410.6225445,1295,337,,,-0.1144,0.1260,52.761
1783178410.6950684,1295,337,,,-0.1144,0.1260,52.833
1783178410.7644866,1295,337,,,-0.1144,0.1260,52.903
1783178410.8371625,1295,337,,,-0.1144,0.1260,52.975
1783178410.9108481,1295,337,,,-0.1144,0.1260,53.049
1783178410.9812322,1295,337,,,-0.1144,0.1260,53.119
1783178411.0537598,1295,337,,,-0.1144,0.1260,53.192
1783178411.1242297,1295,337,,,-0.1144,0.1260,53.262
1783178411.195596,1295,337,,,-0.1144,0.1260,53.334
1783178411.2673125,1295,337,,,-0.1144,0.1260,53.406
1783178411.3376617,1295,337,,,-0.1144,0.1260,53.476
1783178411.411399,1295,337,,,-0.1144,0.1260,53.550
1783178411.485605,1295,337,,,-0.1144,0.1260,53.624
1783178411.5577033,1295,337,,,-0.1144,0.1260,53.696
1783178411.6326363,1295,337,,,-0.1144,0.1260,53.771
1783178411.7108603,1295,337,,,-0.1144,0.1260,53.849
1783178411.785883,1295,337,,,-0.1144,0.1260,53.924
1783178411.8570492,1295,337,,,-0.1144,0.1260,53.995
1783178411.9331892,1295,337,,,-0.1144,0.1260,54.071
1783178412.0030966,1295,337,,,-0.1144,0.1260,54.141
1783178412.0801594,1295,337,,,-0.1144,0.1260,54.218
1783178412.150798,1295,337,,,-0.1144,0.1260,54.289
1783178412.2260299,1295,337,,,-0.1144,0.1260,54.364
1783178412.302316,1295,337,,,-0.1144,0.1260,54.441
1783178412.3732994,1295,337,,,-0.1144,0.1260,54.512
1783178412.4434917,1295,337,,,-0.1144,0.1260,54.582
1783178412.514238,1295,337,,,-0.1144,0.1260,54.652
1783178412.5850768,1295,337,,,-0.1144,0.1260,54.723
1783178412.6556737,1295,337,,,-0.1144,0.1260,54.794
1783178412.7259336,1295,337,,,-0.1144,0.1260,54.864
1783178412.794732,1295,337,,,-0.1144,0.1260,54.933
1783178412.8675694,1295,337,,,-0.1144,0.1260,55.006
1783178412.9384072,1295,337,,,-0.1144,0.1260,55.077
1783178413.0088458,1295,337,,,-0.1144,0.1260,55.147
1783178413.0782235,1295,337,,,-0.1144,0.1260,55.216
1783178413.1493542,1295,337,,,-0.1144,0.1260,55.288
1783178413.22373,1295,337,,,-0.1144,0.1260,55.362
1783178413.2976165,1295,337,,,-0.1144,0.1260,55.436
1783178413.3745055,1295,337,,,-0.1144,0.1260,55.513
1783178413.4460552,1295,337,,,-0.1144,0.1260,55.584
1783178413.5155346,1295,337,,,-0.1144,0.1260,55.654
1783178413.587233,1295,337,,,-0.1144,0.1260,55.725
1783178413.6650608,1295,337,,,-0.1144,0.1260,55.803
1783178413.7455592,1295,337,,,-0.1144,0.1260,55.884
1783178413.81826,1295,337,,,-0.1144,0.1260,55.957
1783178413.890492,1295,337,,,-0.1144,0.1260,56.029
1783178413.9610808,1295,337,,,-0.1144,0.1260,56.099
1783178414.0322733,1295,337,,,-0.1144,0.1260,56.171
1783178414.1022162,1295,337,,,-0.1144,0.1260,56.240
1783178414.1749532,1295,337,,,-0.1144,0.1260,56.313
1783178414.2459857,1295,337,,,-0.1144,0.1260,56.384
1783178414.3161292,1295,337,,,-0.1144,0.1260,56.454
1783178414.3885057,1295,337,,,-0.1144,0.1260,56.527
1783178414.4599879,1295,337,,,-0.1144,0.1260,56.598
1783178414.5332534,1295,337,,,-0.1144,0.1260,56.672
1783178414.6061225,1295,337,,,-0.1144,0.1260,56.744
1783178414.6779044,1295,337,,,-0.1144,0.1260,56.816
1783178414.7561784,1295,337,,,-0.1144,0.1260,56.894
1783178414.8292882,1295,337,,,-0.1144,0.1260,56.968
1783178414.903029,1295,337,,,-0.1144,0.1260,57.041
1783178414.9741356,1295,337,,,-0.1144,0.1260,57.112
1783178415.0458922,1295,337,,,-0.1144,0.1260,57.184
1783178415.1221018,1295,337,,,-0.1144,0.1260,57.260
1783178415.1941903,1295,337,,,-0.1144,0.1260,57.332
1783178415.2638938,1295,337,,,-0.1144,0.1260,57.402
1783178415.335046,1295,337,,,-0.1144,0.1260,57.473
1783178415.413246,1295,337,,,-0.1144,0.1260,57.551
1783178415.491004,1295,337,,,-0.1144,0.1260,57.629
1783178415.5699039,1295,337,,,-0.1144,0.1260,57.708
1783178415.6451764,1295,337,,,-0.1144,0.1260,57.783
1783178415.7233007,1295,337,,,-0.1144,0.1260,57.862
1783178415.7964928,1295,337,,,-0.1144,0.1260,57.935
1783178415.8680286,1295,337,,,-0.1144,0.1260,58.006
1783178415.944914,1295,337,,,-0.1144,0.1260,58.083
1783178416.0214887,1295,337,,,-0.1144,0.1260,58.160
1783178416.0934381,1295,337,,,-0.1144,0.1260,58.232
1783178416.1632068,1295,337,,,-0.1144,0.1260,58.301
1783178416.2366323,1295,337,,,-0.1144,0.1260,58.375
1783178416.3090506,1295,337,,,-0.1144,0.1260,58.447
1783178416.3820417,1295,337,,,-0.1144,0.1260,58.520
1783178416.4547107,1295,337,,,-0.1144,0.1260,58.593
1783178416.5257792,1295,337,,,-0.1144,0.1260,58.664
1783178416.5994575,1295,337,,,-0.1144,0.1260,58.738
1783178416.6712818,1295,337,,,-0.1144,0.1260,58.810
1783178416.757598,1295,337,,,-0.1144,0.1260,58.896
1783178416.8336143,1295,337,,,-0.1144,0.1260,58.972
1783178416.9052796,1295,337,,,-0.1144,0.1260,59.044
1783178416.9773266,1295,337,,,-0.1144,0.1260,59.116
1783178417.049636,1295,337,,,-0.1144,0.1260,59.188
1783178417.1190495,1295,337,,,-0.1144,0.1260,59.257
1783178417.1933935,1295,337,,,-0.1144,0.1260,59.332
1783178417.2649996,1295,337,,,-0.1144,0.1260,59.403
1783178417.3368025,1295,337,,,-0.1144,0.1260,59.475
1783178417.4141362,1295,337,,,-0.1144,0.1260,59.552
1783178417.4903536,1295,337,,,-0.1144,0.1260,59.629
1783178417.5622241,1295,337,,,-0.1144,0.1260,59.700
1783178417.6318574,1295,337,,,-0.1144,0.1260,59.770
1783178417.709824,1295,337,,,-0.1144,0.1260,59.848
1783178417.7824996,1295,337,,,-0.1144,0.1260,59.921
1783178417.8537352,1295,337,,,-0.1144,0.1260,59.992
1783178417.9266987,1295,337,,,-0.1144,0.1260,60.065
1783178417.998093,1295,337,,,-0.1144,0.1260,60.136
1783178418.080058,1295,337,,,-0.1144,0.1260,60.218
1783178418.1528316,1295,337,,,-0.1144,0.1260,60.291
1783178418.2243865,1295,337,,,-0.1144,0.1260,60.363
1783178418.296306,1295,337,,,-0.1144,0.1260,60.435
1783178418.3725228,1295,337,,,-0.1144,0.1260,60.511
1783178418.4532228,1295,337,,,-0.1144,0.1260,60.591
1783178418.5303917,1295,337,,,-0.1144,0.1260,60.669
1783178418.6017573,1295,337,,,-0.1144,0.1260,60.740
1783178418.682092,1295,337,,,-0.1144,0.1260,60.820
1783178418.7597008,1295,337,,,-0.1144,0.1260,60.898
1783178418.8518848,1295,337,,,-0.1144,0.1260,60.990
1783178418.9354918,1295,337,,,-0.1144,0.1260,61.074
1783178419.0120118,1295,337,,,-0.1144,0.1260,61.150
1783178419.085545,1295,337,,,-0.1144,0.1260,61.224
1783178419.1582599,1295,337,,,-0.1144,0.1260,61.297
1783178419.2368119,1295,337,,,-0.1144,0.1260,61.375
1783178419.308646,1295,337,,,-0.1144,0.1260,61.447
1783178419.385526,1296,339,,,-0.1144,0.1260,61.524
1783178419.458061,1296,341,,,-0.1144,0.1260,61.596
1783178419.5405245,1295,342,,,-0.1144,0.1260,61.679
1783178419.6135068,1295,343,,,-0.1144,0.1260,61.752
1783178419.6865304,1296,345,,,-0.1144,0.1260,61.825
1783178419.7571137,1295,346,,,-0.1144,0.1260,61.895
1783178419.8277032,1296,347,,,-0.1144,0.1260,61.966
1783178419.9007258,1296,347,,,-0.1144,0.1260,62.039
1783178419.9726796,1296,348,,,-0.1144,0.1260,62.111
1783178420.0519476,1296,350,,,-0.1144,0.1260,62.190
1783178420.1307917,1296,352,,,-0.1144,0.1260,62.269
1783178420.2017705,1295,353,,,-0.1144,0.1260,62.340
1783178420.2738001,1295,355,,,-0.1144,0.1260,62.412
1783178420.3478813,1296,356,,,-0.1144,0.1260,62.486
1783178420.4188247,1295,357,,,-0.1144,0.1260,62.557
1783178420.4912956,1296,358,,,-0.1144,0.1260,62.630
1783178420.564158,1296,359,,,-0.1144,0.1260,62.702
1783178420.634901,1295,360,,,-0.1144,0.1260,62.773
1783178420.7066114,1296,362,,,-0.1144,0.1260,62.845
1783178420.7775147,1296,363,,,-0.1144,0.1260,62.916
1783178420.855354,1295,364,,,-0.1144,0.1260,62.994
1783178420.9313378,1296,365,,,-0.1144,0.1260,63.070
1783178421.0064707,1296,366,,,-0.1143,0.1254,63.145
1783178421.084792,1296,367,-0.1144,0.1260,-0.1144,0.1272,63.223
1783178421.156643,1296,369,-0.1145,0.1331,-0.1144,0.1328,63.295
1783178421.231356,1296,371,-0.1146,0.1403,-0.1145,0.1396,63.370
1783178421.3019211,1296,372,-0.1146,0.1438,-0.1146,0.1441,63.440
1783178421.3769133,1296,373,-0.1147,0.1474,-0.1147,0.1474,63.515
1783178421.4485788,1296,374,-0.1147,0.1509,-0.1147,0.1509,63.587
1783178421.5227442,1296,375,-0.1148,0.1545,-0.1148,0.1542,63.661
1783178421.5930853,1296,376,-0.1148,0.1581,-0.1148,0.1590,63.731
1783178421.667825,1296,378,-0.1149,0.1652,-0.1149,0.1640,63.806
1783178421.7379768,1296,379,-0.1150,0.1688,-0.1150,0.1700,63.876
1783178421.8132296,1296,381,-0.1151,0.1759,-0.1151,0.1753,63.951
1783178421.8827465,1296,382,-0.1151,0.1794,-0.1151,0.1788,64.021
1783178421.9525788,1296,382,-0.1151,0.1794,-0.1151,0.1804,64.091
1783178422.0237901,1296,383,-0.1152,0.1830,-0.1155,0.1827,64.162
1783178422.095976,1296,384,-0.1152,0.1866,-0.1143,0.1863,64.234
1783178422.1735442,1295,385,-0.1117,0.1901,-0.1124,0.1910,64.312
1783178422.2445166,1295,387,-0.1118,0.1973,-0.1124,0.1963,64.383
1783178422.3135815,1296,388,-0.1154,0.2008,-0.1145,0.2011,64.452
1783178422.3840566,1296,389,-0.1155,0.2044,-0.1158,0.2041,64.522
1783178422.4532485,1296,390,-0.1155,0.2079,-0.1155,0.2089,64.591
1783178422.5234323,1296,392,-0.1156,0.2151,-0.1156,0.2138,64.662
1783178422.5939848,1296,393,-0.1157,0.2186,-0.1157,0.2199,64.732
1783178422.6636374,1296,395,-0.1158,0.2258,-0.1158,0.2245,64.802
1783178422.7328084,1296,396,-0.1158,0.2293,-0.1159,0.2306,64.871
1783178422.8081028,1296,398,-0.1159,0.2365,-0.1159,0.2355,64.946
1783178422.8809915,1296,399,-0.1160,0.2400,-0.1160,0.2403,65.019
1783178422.9522004,1296,400,-0.1160,0.2436,-0.1160,0.2436,65.090
1783178423.0277896,1296,401,-0.1161,0.2472,-0.1161,0.2472,65.166
1783178423.0980525,1296,402,-0.1161,0.2507,-0.1158,0.2504,65.236
1783178423.1698637,1296,403,-0.1162,0.2543,-0.1174,0.2549,65.308
1783178423.2438462,1297,405,-0.1198,0.2614,-0.1177,0.2614,65.382
1783178423.3144615,1296,407,-0.1164,0.2685,-0.1188,0.2676,65.453
1783178423.3861618,1297,408,-0.1200,0.2721,-0.1176,0.2733,65.524
1783178423.456638,1296,410,-0.1166,0.2792,-0.1187,0.2780,65.595
1783178423.532083,1297,411,-0.1201,0.2828,-0.1190,0.2843,65.670
1783178423.6038888,1297,413,-0.1203,0.2899,-0.1205,0.2881,65.742
1783178423.6777954,1297,413,-0.1203,0.2899,-0.1203,0.2908,65.816
1783178423.7480345,1297,414,-0.1203,0.2935,-0.1203,0.2941,65.886
1783178423.8244922,1297,416,-0.1204,0.3006,-0.1207,0.2994,65.963
1783178423.9004216,1297,417,-0.1205,0.3042,-0.1193,0.3051,66.039
1783178423.9762821,1296,419,-0.1170,0.3113,-0.1188,0.3113,66.115
1783178424.047672,1297,421,-0.1207,0.3185,-0.1194,0.3179,66.186
1783178424.117642,1297,422,-0.1207,0.3220,-0.1210,0.3223,66.256
1783178424.192784,1297,423,-0.1208,0.3256,-0.1208,0.3256,66.331
1783178424.2630718,1297,424,-0.1208,0.3292,-0.1208,0.3292,66.401
1783178424.33736,1297,425,-0.1209,0.3327,-0.1206,0.3324,66.476
1783178424.4073963,1297,426,-0.1209,0.3363,-0.1221,0.3372,66.546
1783178424.4835043,1298,428,-0.1246,0.3434,-0.1224,0.3425,66.622
1783178424.5528986,1297,429,-0.1211,0.3470,-0.1232,0.3470,66.691
1783178424.6301255,1298,430,-0.1247,0.3506,-0.1235,0.3515,66.768
1783178424.7008715,1298,432,-0.1248,0.3577,-0.1251,0.3568,66.839
1783178424.7707162,1298,433,-0.1248,0.3613,-0.1248,0.3616,66.909
1783178424.8412828,1298,434,-0.1249,0.3648,-0.1249,0.3645,66.980
1783178424.9106374,1298,435,-0.1249,0.3684,-0.1246,0.3693,67.049
1783178424.9807284,1298,437,-0.1250,0.3755,-0.1259,0.3746,67.119
1783178425.0507467,1299,438,-0.1286,0.3791,-0.1277,0.3794,67.189
1783178425.1259515,1299,439,-0.1287,0.3827,-0.1278,0.3825,67.264
1783178425.2006223,1299,440,-0.1287,0.3862,-0.1326,0.3869,67.339
1783178425.273355,1301,441,-0.1428,0.3923,-0.1382,0.3913,67.412
1783178425.3457532,1300,442,-0.1392,0.3960,-0.1413,0.3971,67.484
1783178425.4244375,1300,444,-0.1393,0.4033,-0.1389,0.4023,67.563
1783178425.4967923,1300,445,-0.1393,0.4069,-0.1390,0.4069,67.635
1783178425.5695307,1300,446,-0.1394,0.4106,-0.1404,0.4115,67.708
1783178425.644731,1301,448,-0.1433,0.4178,-0.1423,0.4169,67.783
1783178425.7181058,1301,449,-0.1433,0.4214,-0.1433,0.4217,67.856
1783178425.7984679,1301,450,-0.1434,0.4251,-0.1443,0.4251,67.937
1783178425.8702478,1302,451,-0.1472,0.4287,-0.1462,0.4287,68.008
1783178425.9437337,1302,452,-0.1472,0.4323,-0.1476,0.4323,68.082
1783178426.0159512,1302,453,-0.1473,0.4360,-0.1473,0.4356,68.154
1783178426.0894048,1302,454,-0.1474,0.4396,-0.1474,0.4405,68.228
1783178426.1632855,1302,456,-0.1475,0.4469,-0.1475,0.4460,68.302
1783178426.239128,1302,457,-0.1476,0.4506,-0.1473,0.4509,68.377
1783178426.3111696,1302,458,-0.1476,0.4542,-0.1489,0.4542,68.449
1783178426.3835232,1303,459,-0.1514,0.4578,-0.1492,0.4575,68.522
1783178426.4608088,1302,460,-0.1478,0.4615,-0.1500,0.4624,68.599
1783178426.5346143,1303,462,-0.1516,0.4687,-0.1503,0.4678,68.673
1783178426.6087737,1303,463,-0.1517,0.4724,-0.1520,0.4727,68.747
1783178426.6824317,1303,464,-0.1517,0.4760,-0.1517,0.4760,68.821
1783178426.7562227,1303,465,-0.1518,0.4797,-0.1518,0.4797,68.894
1783178426.8383222,1303,466,-0.1519,0.4833,-0.1519,0.4830,68.977
1783178426.9127088,1303,467,-0.1519,0.4870,-0.1516,0.4879,69.051
1783178426.9906213,1303,469,-0.1521,0.4943,-0.1530,0.4933,69.129
1783178427.0690713,1304,470,-0.1559,0.4979,-0.1549,0.4979,69.207
1783178427.1446269,1304,471,-0.1559,0.5015,-0.1563,0.5024,69.283
1783178427.2345045,1304,473,-0.1560,0.5088,-0.1560,0.5076,69.373
1783178427.3080425,1304,474,-0.1561,0.5125,-0.1561,0.5137,69.446
1783178427.3801658,1304,476,-0.1562,0.5198,-0.1562,0.5188,69.518
1783178427.4539232,1304,477,-0.1563,0.5234,-0.1563,0.5237,69.592
1783178427.527778,1304,478,-0.1564,0.5271,-0.1564,0.5267,69.666
1783178427.6026814,1304,479,-0.1564,0.5307,-0.1565,0.5316,69.741
1783178427.6809134,1304,481,-0.1566,0.5380,-0.1562,0.5371,69.819
1783178427.7640796,1304,482,-0.1566,0.5417,-0.1576,0.5416,69.902
1783178427.8383734,1305,483,-0.1604,0.5452,-0.1595,0.5462,69.977
1783178427.9106476,1305,485,-0.1606,0.5525,-0.1609,0.5513,70.049
1783178427.9840946,1305,486,-0.1606,0.5562,-0.1610,0.5574,70.122
1783178428.057539,1305,488,-0.1608,0.5635,-0.1595,0.5626,70.196
1783178428.1375659,1304,489,-0.1571,0.5672,-0.1590,0.5675,70.276
1783178428.215533,1305,490,-0.1609,0.5708,-0.1596,0.5708,70.354
1783178428.294211,1305,491,-0.1610,0.5745,-0.1613,0.5741,70.432
1783178428.3723614,1305,492,-0.1610,0.5781,-0.1610,0.5790,70.511
1783178428.445015,1305,494,-0.1612,0.5854,-0.1611,0.5845,70.583
1783178428.5182288,1305,495,-0.1612,0.5891,-0.1612,0.5894,70.656
1783178428.5917037,1305,496,-0.1613,0.5927,-0.1613,0.5927,70.730
1783178428.6703875,1305,497,-0.1614,0.5964,-0.1613,0.5960,70.809
1783178428.7522967,1305,498,-0.1614,0.6000,-0.1614,0.6006,70.891
1783178428.824716,1305,500,-0.1616,0.6073,-0.1616,0.6073,70.963
1783178428.9020047,1305,502,-0.1617,0.6146,-0.1617,0.6140,71.040
1783178428.977026,1305,503,-0.1618,0.6183,-0.1618,0.6186,71.115
1783178429.0524004,1305,504,-0.1618,0.6219,-0.1618,0.6216,71.191
1783178429.1259413,1305,505,-0.1619,0.6256,-0.1619,0.6265,71.264
1783178429.2039204,1305,507,-0.1620,0.6329,-0.1620,0.6319,71.342
1783178429.2783751,1305,508,-0.1621,0.6365,-0.1621,0.6365,71.417
1783178429.3507419,1305,509,-0.1621,0.6402,-0.1622,0.6411,71.489
1783178429.4256783,1305,511,-0.1623,0.6475,-0.1623,0.6466,71.564
1783178429.4977858,1305,512,-0.1623,0.6511,-0.1624,0.6515,71.636
1783178429.5700762,1305,513,-0.1624,0.6548,-0.1624,0.6548,71.708
1783178429.6434405,1305,514,-0.1625,0.6584,-0.1625,0.6584,71.782
1783178429.7160678,1305,515,-0.1625,0.6621,-0.1625,0.6618,71.854
1783178429.7876647,1305,516,-0.1626,0.6658,-0.1626,0.6664,71.926
1783178429.8664207,1305,518,-0.1627,0.6731,-0.1627,0.6731,72.005
1783178429.9441702,1305,520,-0.1629,0.6804,-0.1629,0.6797,72.082
1783178430.0150807,1305,521,-0.1629,0.6840,-0.1629,0.6840,72.153
1783178430.0890532,1305,522,-0.1630,0.6877,-0.1630,0.6889,72.227
1783178430.1677558,1305,524,-0.1631,0.6950,-0.1628,0.6928,72.306
1783178430.2401836,1305,524,-0.1631,0.6950,-0.1645,0.6971,72.378
1783178430.3171327,1306,526,-0.1670,0.7022,-0.1651,0.7010,72.455
1783178430.395478,1305,527,-0.1633,0.7059,-0.1646,0.7059,72.534
1783178430.4673579,1305,528,-0.1634,0.7096,-0.1634,0.7105,72.606
1783178430.5410037,1305,530,-0.1635,0.7169,-0.1626,0.7160,72.679
1783178430.6134176,1304,531,-0.1599,0.7206,-0.1609,0.7209,72.752
1783178430.6879747,1304,532,-0.1600,0.7243,-0.1596,0.7243,72.826
1783178430.7597706,1304,533,-0.1600,0.7279,-0.1600,0.7276,72.898
1783178430.8322568,1304,534,-0.1601,0.7316,-0.1601,0.7325,72.971
1783178430.9106565,1304,536,-0.1602,0.7389,-0.1602,0.7379,73.049
1783178430.9887042,1304,537,-0.1603,0.7425,-0.1603,0.7425,73.127
1783178431.0633402,1304,538,-0.1604,0.7462,-0.1604,0.7471,73.202
1783178431.1423721,1304,540,-0.1605,0.7535,-0.1612,0.7551,73.281
1783178431.2147944,1304,541,-0.1606,0.7571,-0.1580,0.7500,73.353
1783178431.291708,1304,543,-0.1519,0.7316,-0.1553,0.7391,73.430
1783178431.3735898,1305,544,-0.1552,0.7351,-0.1528,0.7327,73.512
1783178431.4454327,1304,545,-0.1519,0.7387,-0.1533,0.7387,73.584
1783178431.5200827,1304,546,-0.1519,0.7422,-0.1504,0.7419,73.658
1783178431.5931938,1303,547,-0.1485,0.7458,-0.1505,0.7467,73.731
1783178431.663338,1304,549,-0.1519,0.7528,-0.1499,0.7519,73.802
1783178431.7370176,1303,550,-0.1485,0.7563,-0.1497,0.7566,73.875
1783178431.808289,1303,551,-0.1485,0.7599,-0.1483,0.7599,73.947
1783178431.8793738,1303,552,-0.1486,0.7634,-0.1486,0.7631,74.018
1783178431.9517698,1303,553,-0.1486,0.7669,-0.1489,0.7678,74.090
1783178432.0239534,1303,555,-0.1486,0.7740,-0.1474,0.7728,74.162
1783178432.102034,1302,556,-0.1452,0.7775,-0.1472,0.7787,74.240
1783178432.1736042,1303,558,-0.1486,0.7845,-0.1466,0.7837,74.312
1783178432.2453604,1302,559,-0.1452,0.7881,-0.1464,0.7881,74.384
1783178432.3285146,1302,560,-0.1453,0.7916,-0.1450,0.7928,74.467
1783178432.3996086,1302,562,-0.1453,0.7987,-0.1453,0.7966,74.538
1783178432.472496,1302,562,-0.1453,0.7987,-0.1456,0.8008,74.611
1783178432.5504355,1302,564,-0.1453,0.8057,-0.1444,0.8042,74.689
1783178432.6224523,1301,565,-0.1419,0.8093,-0.1428,0.8105,74.761
1783178432.6970472,1301,567,-0.1419,0.8163,-0.1416,0.8154,74.835
1783178432.7808278,1301,568,-0.1419,0.8199,-0.1422,0.8202,74.919
1783178432.852924,1301,569,-0.1420,0.8234,-0.1411,0.8231,74.991
1783178432.9262733,1300,570,-0.1386,0.8269,-0.1395,0.8278,75.065
1783178433.0016448,1300,572,-0.1386,0.8340,-0.1383,0.8331,75.140
1783178433.0798495,1300,573,-0.1386,0.8375,-0.1386,0.8375,75.218
1783178433.1530106,1300,574,-0.1386,0.8410,-0.1386,0.8416,75.291
1783178433.225393,1300,576,-0.1386,0.8481,-0.1389,0.8484,75.364
1783178433.2979827,1300,578,-0.1387,0.8551,-0.1378,0.8533,75.436
1783178433.3729415,1299,578,-0.1353,0.8552,-0.1362,0.8573,75.511
1783178433.4449236,1299,580,-0.1353,0.8622,-0.1350,0.8610,75.583
1783178433.5228233,1299,581,-0.1353,0.8658,-0.1356,0.8660,75.661
1783178433.6026847,1299,582,-0.1353,0.8693,-0.1347,0.8693,75.741
1783178433.675325,1298,583,-0.1319,0.8728,-0.1319,0.8725,75.814
1783178433.7467334,1297,584,-0.1286,0.8764,-0.1292,0.8773,75.885
1783178433.8219204,1297,586,-0.1286,0.8835,-0.1283,0.8823,75.960
1783178433.894258,1297,587,-0.1286,0.8870,-0.1289,0.8882,76.033
1783178433.9658244,1297,589,-0.1286,0.8940,-0.1275,0.8931,76.104
1783178434.0384889,1296,590,-0.1252,0.8976,-0.1273,0.8979,76.177
1783178434.1117804,1297,591,-0.1286,0.9011,-0.1266,0.9011,76.250
1783178434.186617,1296,592,-0.1253,0.9047,-0.1267,0.9043,76.325
1783178434.264469,1296,593,-0.1253,0.9082,-0.1244,0.9091,76.403
1783178434.336582,1295,595,-0.1219,0.9153,-0.1219,0.9144,76.475
1783178434.4094794,1294,596,-0.1185,0.9189,-0.1191,0.9192,76.548
1783178434.4825203,1294,597,-0.1185,0.9224,-0.1183,0.9221,76.621
1783178434.5579991,1294,598,-0.1186,0.9259,-0.1186,0.9268,76.696
1783178434.6303484,1294,600,-0.1186,0.9330,-0.1189,0.9321,76.769
1783178434.7032177,1294,601,-0.1186,0.9365,-0.1177,0.9368,76.841
1783178434.776719,1293,602,-0.1152,0.9401,-0.1164,0.9397,76.915
1783178434.8488731,1293,603,-0.1152,0.9436,-0.1141,0.9442,76.987
1783178434.920604,1292,605,-0.1119,0.9507,-0.1130,0.9507,77.059
1783178435.003892,1292,607,-0.1119,0.9578,-0.1107,0.9569,77.142
1783178435.0786753,1291,608,-0.1085,0.9613,-0.1094,0.9625,77.217
1783178435.1516638,1291,610,-0.1085,0.9684,-0.1082,0.9675,77.290
1783178435.222354,1291,611,-0.1085,0.9719,-0.1085,0.9722,77.361
1783178435.296076,1291,612,-0.1085,0.9754,-0.1088,0.9754,77.434
1783178435.3681207,1291,613,-0.1085,0.9790,-0.1077,0.9790,77.506
1783178435.4415748,1290,614,-0.1052,0.9826,-0.1060,0.9822,77.580
1783178435.518064,1290,615,-0.1052,0.9861,-0.1049,0.9870,77.656
1783178435.5947623,1290,617,-0.1052,0.9931,-0.1055,0.9922,77.733
1783178435.6661394,1290,618,-0.1052,0.9967,-0.1043,0.9967,77.804
1783178435.7389493,1289,619,-0.1018,1.0002,-0.1030,1.0014,77.877
1783178435.8092923,1289,621,-0.1018,1.0073,-0.1007,1.0055,77.948
1783178435.8817527,1288,621,-0.0985,1.0074,-0.0996,1.0082,78.020
1783178435.9574397,1288,622,-0.0985,1.0109,-0.0973,1.0115,78.096
1783178436.0284083,1287,624,-0.0951,1.0180,-0.0960,1.0171,78.167
1783178436.1031778,1287,625,-0.0951,1.0215,-0.0951,1.0215,78.241
1783178436.1821535,1287,626,-0.0951,1.0251,-0.0942,1.0260,78.320
1783178436.253463,1286,628,-0.0917,1.0322,-0.0929,1.0313,78.392
1783178436.326168,1286,629,-0.0918,1.0357,-0.0906,1.0357,78.464
1783178436.398486,1285,630,-0.0884,1.0393,-0.0895,1.0402,78.537
1783178436.4758909,1285,632,-0.0884,1.0464,-0.0872,1.0455,78.614
1783178436.548343,1284,633,-0.0850,1.0500,-0.0862,1.0502,78.687
1783178436.6220672,1284,634,-0.0850,1.0535,-0.0839,1.0532,78.760
1783178436.6935043,1283,635,-0.0816,1.0571,-0.0828,1.0580,78.832
1783178436.7661226,1283,637,-0.0817,1.0642,-0.0805,1.0633,78.904
1783178436.8387563,1282,638,-0.0783,1.0678,-0.0794,1.0680,78.977
1783178436.9131062,1282,639,-0.0783,1.0713,-0.0771,1.0710,79.051
1783178436.9861305,1281,640,-0.0749,1.0749,-0.0758,1.0758,79.124
1783178437.0584543,1281,642,-0.0749,1.0819,-0.0749,1.0810,79.197
1783178437.131714,1281,643,-0.0749,1.0855,-0.0741,1.0858,79.270
1783178437.2063286,1280,644,-0.0715,1.0891,-0.0727,1.0891,79.345
1783178437.2838967,1280,645,-0.0716,1.0926,-0.0707,1.0926,79.422
1783178437.3612328,1279,646,-0.0682,1.0962,-0.0682,1.0962,79.499
1783178437.433821,1278,647,-0.0648,1.0998,-0.0654,1.0998,79.572
1783178437.5069153,1278,648,-0.0648,1.1034,-0.0648,1.1034,79.645
1783178437.5787315,1278,649,-0.0648,1.1069,-0.0642,1.1066,79.717
1783178437.6525393,1277,650,-0.0614,1.1105,-0.0614,1.1114,79.791
1783178437.726288,1276,652,-0.0580,1.1177,-0.0589,1.1167,79.865
1783178437.8008442,1276,653,-0.0580,1.1212,-0.0569,1.1212,79.939
1783178437.877528,1275,654,-0.0546,1.1248,-0.0558,1.1257,80.016
1783178437.9509056,1275,656,-0.0547,1.1319,-0.0535,1.1310,80.089
1783178438.0289733,1274,657,-0.0513,1.1355,-0.0524,1.1357,80.167
1783178438.104518,1274,658,-0.0513,1.1390,-0.0504,1.1390,80.243
1783178438.1765862,1273,659,-0.0479,1.1426,-0.0482,1.1426,80.315
1783178438.2494164,1272,660,-0.0445,1.1463,-0.0442,1.1463,80.388
1783178438.3243864,1271,661,-0.0411,1.1499,-0.0420,1.1499,80.463
1783178438.4006946,1271,662,-0.0411,1.1534,-0.0399,1.1534,80.539
1783178438.4716284,1270,663,-0.0377,1.1570,-0.0386,1.1570,80.610
1783178438.545081,1270,664,-0.0377,1.1606,-0.0377,1.1603,80.683
1783178438.6172948,1270,665,-0.0377,1.1641,-0.0369,1.1650,80.756
1783178438.6959405,1269,667,-0.0344,1.1713,-0.0355,1.1700,80.834
1783178438.7699065,1269,668,-0.0344,1.1748,-0.0332,1.1760,80.908
1783178438.8474004,1268,670,-0.0310,1.1820,-0.0321,1.1810,80.986
1783178438.9230428,1268,671,-0.0310,1.1855,-0.0298,1.1858,81.061
1783178439.0042212,1267,672,-0.0276,1.1891,-0.0285,1.1891,81.142
1783178439.0769126,1267,673,-0.0276,1.1926,-0.0276,1.1926,81.215
1783178439.1497014,1267,674,-0.0276,1.1962,-0.0270,1.1962,81.288
1783178439.224054,1266,675,-0.0242,1.1998,-0.0245,1.1995,81.362
1783178439.300482,1265,676,-0.0208,1.2034,-0.0208,1.2044,81.439
1783178439.379772,1264,678,-0.0174,1.2106,-0.0171,1.2094,81.518
1783178439.4557834,1263,679,-0.0140,1.2143,-0.0149,1.2154,81.594
1783178439.5302134,1263,681,-0.0140,1.2213,-0.0129,1.2205,81.668
1783178439.6055276,1262,682,-0.0106,1.2250,-0.0118,1.2252,81.744
1783178439.6788816,1262,683,-0.0106,1.2285,-0.0095,1.2285,81.817
1783178439.752521,1261,684,-0.0072,1.2321,-0.0087,1.2321,81.891
1783178439.8311524,1261,685,-0.0072,1.2357,-0.0052,1.2357,81.969
1783178439.9110425,1259,686,-0.0004,1.2394,-0.0025,1.2394,82.049
1783178439.9844184,1259,687,-0.0004,1.2430,0.0007,1.2430,82.123
1783178440.0578036,1258,688,0.0030,1.2466,0.0030,1.2466,82.196
1783178440.132416,1257,689,0.0064,1.2503,0.0055,1.2499,82.271
1783178440.2063913,1257,690,0.0064,1.2538,0.0072,1.2547,82.345
1783178440.2824152,1256,692,0.0098,1.2610,0.0095,1.2601,82.421
1783178440.3639326,1255,693,0.0132,1.2646,0.0132,1.2646,82.502
1783178440.4409666,1254,694,0.0166,1.2683,0.0166,1.2692,82.579
1783178440.51954,1253,696,0.0200,1.2755,0.0203,1.2746,82.658
1783178440.59034,1252,697,0.0234,1.2791,0.0225,1.2794,82.729
1783178440.6648421,1252,698,0.0234,1.2827,0.0246,1.2827,82.803
1783178440.7533364,1251,699,0.0268,1.2863,0.0256,1.2863,82.892
1783178440.8266187,1251,700,0.0268,1.2899,0.0277,1.2899,82.965
1783178440.8992486,1250,701,0.0302,1.2935,0.0299,1.2932,83.037
1783178440.9736764,1249,702,0.0336,1.2972,0.0336,1.2981,83.112
1783178441.051621,1248,704,0.0370,1.3044,0.0371,1.3035,83.190
1783178441.1345081,1247,705,0.0405,1.3080,0.0405,1.3083,83.273
1783178441.2066057,1246,706,0.0439,1.3117,0.0439,1.3117,83.345
1783178441.2804558,1245,707,0.0473,1.3154,0.0476,1.3154,83.419
1783178441.3595328,1244,708,0.0507,1.3190,0.0499,1.3190,83.498
1783178441.4322412,1244,709,0.0507,1.3226,0.0516,1.3226,83.570
1783178441.5047295,1243,710,0.0541,1.3262,0.0541,1.3259,83.643
1783178441.5777276,1242,711,0.0576,1.3299,0.0567,1.3308,83.716
1783178441.6517775,1242,713,0.0575,1.3370,0.0584,1.3361,83.790
1783178441.7250955,1241,714,0.0610,1.3407,0.0607,1.3410,83.863
1783178441.7987823,1240,715,0.0644,1.3443,0.0647,1.3444,83.937
1783178441.876023,1239,716,0.0678,1.3480,0.0669,1.3480,84.014
1783178441.9501266,1239,717,0.0678,1.3516,0.0687,1.3516,84.088
1783178442.0239792,1238,718,0.0712,1.3552,0.0710,1.3552,84.162
1783178442.100648,1237,719,0.0747,1.3589,0.0747,1.3589,84.239
1783178442.1746676,1236,720,0.0781,1.3626,0.0784,1.3623,84.313
1783178442.246932,1235,721,0.0815,1.3663,0.0807,1.3674,84.385
1783178442.3278022,1235,723,0.0815,1.3734,0.0824,1.3719,84.466
1783178442.405564,1234,723,0.0850,1.3735,0.0850,1.3735,84.544
1783178442.4894826,1233,723,0.0884,1.3736,0.0875,1.3751,84.628
1783178442.5670927,1233,725,0.0884,1.3807,0.0893,1.3795,84.705
1783178442.639683,1232,726,0.0918,1.3844,0.0915,1.3847,84.778
1783178442.7141156,1231,727,0.0953,1.3881,0.0953,1.3881,84.852
1783178442.7880104,1230,728,0.0987,1.3918,0.0987,1.3918,84.926
1783178442.8610003,1229,729,0.1021,1.3955,0.1021,1.3955,84.999
1783178442.9346561,1228,730,0.1056,1.3991,0.1056,1.3994,85.073
1783178443.010148,1227,731,0.1090,1.4028,0.1090,1.4019,85.148
1783178443.0847745,1226,731,0.1125,1.4030,0.1087,1.4004,85.223
1783178443.1588554,1225,732,0.1159,1.4067,0.1268,1.4168,85.297
1783178443.237657,1225,733,0.1631,1.4508,0.1529,1.4407,85.376
1783178443.3157728,1223,734,0.1706,1.4542,0.1737,1.4565,85.454
1783178443.3871179,1222,734,0.1743,1.4542,0.1737,1.4560,85.525
1783178443.4609113,1222,736,0.1744,1.4611,0.1753,1.4599,85.599
1783178443.5409799,1221,737,0.1781,1.4645,0.1778,1.4651,85.679
1783178443.6134467,1220,738,0.1818,1.4680,0.1818,1.4668,85.752
1783178443.688064,1219,738,0.1855,1.4679,0.1856,1.4697,85.826
1783178443.761548,1218,740,0.1893,1.4748,0.1893,1.4736,85.900
1783178443.834013,1217,741,0.1930,1.4782,0.1930,1.4785,85.972
1783178443.9066434,1216,742,0.1968,1.4816,0.1968,1.4819,86.045
1783178443.98145,1215,743,0.2005,1.4850,0.2005,1.4839,86.120
1783178444.054705,1214,743,0.2042,1.4850,0.2042,1.4871,86.193
1783178444.1328375,1213,745,0.2079,1.4919,0.2079,1.4898,86.271
1783178444.2059321,1212,745,0.2116,1.4918,0.2116,1.4930,86.344
1783178444.2781608,1211,746,0.2154,1.4952,0.2154,1.4949,86.416
1783178444.357883,1210,747,0.2191,1.4986,0.2191,1.4986,86.496
1783178444.430076,1209,748,0.2228,1.5020,0.2228,1.5020,86.568
1783178444.5036278,1208,749,0.2265,1.5054,0.2265,1.5057,86.642
1783178444.5786095,1207,750,0.2302,1.5088,0.2302,1.5077,86.717
1783178444.658468,1206,750,0.2339,1.5088,0.2339,1.5109,86.797
1783178444.7323248,1205,752,0.2376,1.5156,0.2376,1.5136,86.871
1783178444.8027854,1204,752,0.2413,1.5156,0.2410,1.5168,86.941
1783178444.875343,1203,753,0.2450,1.5190,0.2459,1.5187,87.014
1783178444.948467,1201,754,0.2524,1.5223,0.2514,1.5223,87.087
1783178445.0232565,1200,755,0.2561,1.5257,0.2564,1.5257,87.162
1783178445.0967097,1199,756,0.2598,1.5291,0.2598,1.5291,87.235
1783178445.1752963,1198,757,0.2635,1.5325,0.2635,1.5328,87.314
1783178445.2485087,1197,758,0.2671,1.5359,0.2668,1.5353,87.387
1783178445.3222933,1196,758,0.2708,1.5358,0.2718,1.5355,87.461
1783178445.3952034,1194,758,0.2782,1.5358,0.2772,1.5375,87.533
1783178445.47554,1193,760,0.2818,1.5426,0.2822,1.5405,87.614
1783178445.5496912,1192,760,0.2855,1.5425,0.2855,1.5437,87.688
1783178445.6276922,1191,761,0.2892,1.5459,0.2892,1.5456,87.766
1783178445.6987062,1190,762,0.2929,1.5493,0.2929,1.5495,87.837
1783178445.7694242,1189,763,0.2965,1.5526,0.2965,1.5517,87.908
1783178445.8431168,1188,763,0.3002,1.5526,0.3002,1.5535,87.981
1783178445.9176316,1187,764,0.3039,1.5560,0.3039,1.5557,88.056
1783178445.9918618,1186,765,0.3075,1.5593,0.3075,1.5596,88.130
1783178446.0672867,1185,766,0.3112,1.5627,0.3109,1.5618,88.206
1783178446.1463795,1184,766,0.3148,1.5626,0.3158,1.5635,88.285
1783178446.2228777,1182,767,0.3221,1.5660,0.3212,1.5660,88.361
1783178446.3043532,1181,768,0.3258,1.5693,0.3260,1.5684,88.443
1783178446.3869784,1180,768,0.3294,1.5693,0.3297,1.5701,88.525
1783178446.462088,1179,769,0.3341,1.5724,0.3338,1.5722,88.600
1783178446.5348518,1178,770,0.3378,1.5758,0.3378,1.5757,88.673
1783178446.621219,1177,771,0.3414,1.5791,0.3414,1.5791,88.759
1783178446.6994877,1176,772,0.3451,1.5824,0.3448,1.5827,88.838
1783178446.777404,1175,773,0.3487,1.5858,0.3496,1.5849,88.916
1783178446.8504062,1173,773,0.3560,1.5856,0.3551,1.5868,88.989
1783178446.9337084,1172,774,0.3596,1.5890,0.3599,1.5878,89.072
1783178447.0304852,1171,774,0.3633,1.5889,0.3633,1.5898,89.169
1783178447.1261616,1170,775,0.3669,1.5923,0.3669,1.5923,89.264
1783178447.2231529,1169,776,0.3706,1.5956,0.3706,1.5950,89.361
1783178447.3077488,1168,776,0.3742,1.5955,0.3742,1.5955,89.446
1783178447.3903456,1167,776,0.3778,1.5955,0.3775,1.5960,89.529
1783178447.4648135,1166,777,0.3815,1.5988,0.3824,1.5988,89.603
1783178447.5428228,1164,778,0.3887,1.6020,0.3878,1.6015,89.681
1783178447.617153,1163,778,0.3923,1.6020,0.3926,1.6023,89.755
1783178447.6939294,1162,778,0.3960,1.6019,0.3960,1.6014,89.832
1783178447.76717,1161,778,0.3996,1.6019,0.3993,1.6036,89.905
1783178447.8392763,1160,780,0.4032,1.6086,0.4041,1.6065,89.978
1783178447.918479,1158,780,0.4104,1.6084,0.4095,1.6099,90.057
1783178447.9905908,1157,781,0.4140,1.6118,0.4144,1.6106,90.129
1783178448.071143,1156,781,0.4177,1.6117,0.4177,1.6126,90.209
1783178448.1508074,1155,782,0.4213,1.6150,0.4210,1.6150,90.289
1783178448.228541,1154,783,0.4249,1.6183,0.4258,1.6174,90.367
1783178448.301845,1152,783,0.4321,1.6182,0.4309,1.6194,90.440
1783178448.377522,1151,784,0.4357,1.6215,0.4369,1.6203,90.516
1783178448.458365,1149,784,0.4429,1.6214,0.4420,1.6225,90.597
1783178448.5420756,1148,785,0.4465,1.6247,0.4465,1.6238,90.680
1783178448.616891,1147,785,0.4501,1.6246,0.4510,1.6246,90.755
1783178448.691433,1145,785,0.4573,1.6245,0.4563,1.6254,90.830
1783178448.763814,1144,786,0.4609,1.6278,0.4612,1.6266,90.902
1783178448.8417518,1143,786,0.4645,1.6277,0.4641,1.6289,90.980
1783178448.9144397,1142,787,0.4680,1.6310,0.4690,1.6298,91.053
1783178448.9867616,1140,787,0.4752,1.6309,0.4743,1.6321,91.125
1783178449.066051,1139,788,0.4788,1.6342,0.4788,1.6330,91.204
1783178449.1413438,1138,788,0.4824,1.6341,0.4833,1.6352,91.280
1783178449.2186356,1136,789,0.4895,1.6373,0.4887,1.6364,91.357
1783178449.2909696,1135,789,0.4931,1.6373,0.4931,1.6374,91.429
1783178449.3721523,1134,789,0.4954,1.6379,0.4954,1.6386,91.510
1783178449.4464011,1133,790,0.4990,1.6412,0.4998,1.6401,91.585
1783178449.520759,1131,790,0.5061,1.6411,0.5052,1.6422,91.659
1783178449.6360552,1130,791,0.5097,1.6444,0.5097,1.6432,91.774
1783178449.7497447,1129,791,0.5133,1.6443,0.5142,1.6454,91.888
1783178449.8282242,1127,792,0.5204,1.6475,0.5192,1.6467,91.966
1783178449.9129763,1126,792,0.5239,1.6475,0.5252,1.6478,92.051
1783178449.985608,1124,792,0.5311,1.6474,0.5301,1.6471,92.124
1783178450.0589497,1123,792,0.5346,1.6473,0.5346,1.6482,92.197
1783178450.142458,1122,793,0.5382,1.6506,0.5391,1.6494,92.281
1783178450.2440677,1120,793,0.5453,1.6505,0.5444,1.6519,92.382
1783178450.3447673,1119,794,0.5488,1.6538,0.5491,1.6518,92.483
1783178450.4308467,1118,793,0.5524,1.6504,0.5524,1.6524,92.569
1783178450.5206895,1117,794,0.5559,1.6537,0.5556,1.6522,92.659
1783178450.602869,1116,794,0.5595,1.6536,0.5604,1.6550,92.741
1783178450.6778421,1114,795,0.5665,1.6568,0.5653,1.6548,92.816
1783178450.7583365,1113,794,0.5701,1.6534,0.5713,1.6554,92.897
1783178450.8386705,1111,795,0.5772,1.6566,0.5763,1.6555,92.977
1783178450.9177523,1110,795,0.5807,1.6566,0.5810,1.6569,93.056
1783178450.999574,1109,795,0.5842,1.6565,0.5842,1.6565,93.138
1783178451.0856829,1108,795,0.5878,1.6565,0.5878,1.6565,93.224
1783178451.1699185,1107,795,0.5913,1.6564,0.5910,1.6564,93.308
1783178451.2552562,1106,795,0.5948,1.6563,0.5958,1.6560,93.394
1783178451.3300455,1104,795,0.6019,1.6562,0.6007,1.6571,93.468
1783178451.412883,1103,796,0.6054,1.6595,0.6066,1.6586,93.551
1783178451.4844413,1101,796,0.6125,1.6594,0.6113,1.6594,93.623
1783178451.5626411,1100,796,0.6160,1.6593,0.6172,1.6604,93.701
1783178451.6357045,1098,797,0.6230,1.6625,0.6221,1.6608,93.774
1783178451.7131226,1097,796,0.6266,1.6591,0.6266,1.6603,93.851
1783178451.7911546,1096,796,0.6301,1.6591,0.6310,1.6588,93.929
1783178451.8651943,1094,796,0.6371,1.6590,0.6359,1.6587,94.003
1783178451.9374955,1093,796,0.6406,1.6589,0.6418,1.6600,94.076
1783178452.00989,1091,797,0.6477,1.6621,0.6468,1.6604,94.148
1783178452.0871959,1090,796,0.6512,1.6587,0.6516,1.6599,94.225
1783178452.1597383,1089,796,0.6547,1.6587,0.6542,1.6586,94.298
1783178452.2356002,1088,797,0.6574,1.6584,0.6585,1.6573,94.374
1783178452.3183668,1086,796,0.6645,1.6548,0.6635,1.6566,94.457
1783178452.3966272,1085,797,0.6680,1.6582,0.6680,1.6570,94.535
1783178452.4705274,1084,797,0.6716,1.6581,0.6725,1.6587,94.609
1783178452.5482092,1082,797,0.6786,1.6580,0.6777,1.6568,94.686
1783178452.6210475,1081,796,0.6822,1.6545,0.6825,1.6565,94.759
1783178452.6999414,1080,797,0.6857,1.6578,0.6854,1.6555,94.838
1783178452.772396,1079,796,0.6892,1.6543,0.6902,1.6564,94.911
1783178452.8500588,1077,797,0.6963,1.6576,0.6951,1.6568,94.988
1783178452.9259102,1076,797,0.6999,1.6576,0.7011,1.6569,95.064
1783178453.0033374,1074,796,0.7069,1.6540,0.7060,1.6552,95.142
1783178453.0753114,1073,796,0.7104,1.6539,0.7104,1.6525,95.214
1783178453.1490963,1072,795,0.7140,1.6504,0.7149,1.6525,95.287
1783178453.227445,1070,796,0.7210,1.6537,0.7201,1.6514,95.366
1783178453.3037775,1069,795,0.7246,1.6502,0.7246,1.6526,95.442
1783178453.3774388,1068,796,0.7281,1.6536,0.7290,1.6515,95.516
1783178453.4524677,1066,795,0.7351,1.6500,0.7339,1.6512,95.591
1783178453.5242972,1065,795,0.7387,1.6499,0.7399,1.6496,95.663
1783178453.5977182,1063,795,0.7457,1.6498,0.7445,1.6498,95.736
1783178453.6793768,1062,795,0.7492,1.6497,0.7504,1.6497,95.818
1783178453.7572737,1060,795,0.7563,1.6496,0.7551,1.6496,95.896
1783178453.8327012,1059,795,0.7598,1.6495,0.7610,1.6495,95.971
1783178453.9168108,1057,795,0.7668,1.6494,0.7656,1.6497,96.055
1783178453.995424,1056,795,0.7703,1.6493,0.7715,1.6484,96.134
1783178454.070232,1054,794,0.7774,1.6458,0.7765,1.6467,96.208
1783178454.1486433,1053,794,0.7809,1.6457,0.7809,1.6454,96.287
1783178454.2295172,1052,794,0.7844,1.6456,0.7853,1.6456,96.368
1783178454.3103774,1050,794,0.7914,1.6455,0.7902,1.6458,96.449
1783178454.38917,1049,794,0.7949,1.6454,0.7961,1.6445,96.527
1783178454.465945,1047,793,0.8020,1.6419,0.8011,1.6431,96.604
1783178454.542251,1046,793,0.8055,1.6418,0.8058,1.6406,96.680
1783178454.6239448,1045,792,0.8090,1.6383,0.8087,1.6392,96.762
1783178454.7023838,1044,792,0.8125,1.6383,0.8134,1.6382,96.841
1783178454.783045,1042,792,0.8195,1.6381,0.8186,1.6373,96.921
1783178454.865477,1041,791,0.8230,1.6346,0.8230,1.6355,97.004
1783178454.9509652,1040,791,0.8265,1.6346,0.8274,1.6346,97.089
1783178455.0301719,1038,791,0.8335,1.6344,0.8326,1.6336,97.168
1783178455.1066043,1037,790,0.8370,1.6310,0.8370,1.6318,97.245
1783178455.185057,1036,790,0.8405,1.6309,0.8414,1.6306,97.323
1783178455.2612076,1034,790,0.8475,1.6308,0.8466,1.6311,97.399
1783178455.3394384,1033,790,0.8510,1.6307,0.8510,1.6298,97.478
1783178455.4265275,1032,789,0.8545,1.6272,0.8554,1.6284,97.565
1783178455.5070145,1030,789,0.8615,1.6271,0.8606,1.6259,97.645
1783178455.5827065,1029,788,0.8650,1.6236,0.8691,1.6229,97.721
1783178455.6621912,1028,788,0.8685,1.6235,0.8573,1.6283,97.800
1783178455.7401352,1026,788,0.8282,1.6418,0.8395,1.6365,97.878
1783178455.814843,1025,787,0.8320,1.6383,0.8279,1.6398,97.953
1783178455.8909945,1024,786,0.8357,1.6348,0.8367,1.6355,98.029
1783178455.9776874,1022,786,0.8432,1.6352,0.8419,1.6348,98.116
1783178456.0828667,1021,786,0.8469,1.6354,0.8482,1.6358,98.221
1783178456.1742349,1019,786,0.8543,1.6358,0.8534,1.6351,98.312
1783178456.2727234,1018,785,0.8581,1.6323,0.8581,1.6323,98.411
1783178456.3585002,1017,784,0.8618,1.6288,0.8628,1.6295,98.497
1783178456.4479434,1015,784,0.8693,1.6292,0.8684,1.6291,98.586
1783178456.5229332,1014,784,0.8730,1.6294,0.8730,1.6287,98.661
1783178456.599075,1013,783,0.8768,1.6259,0.8778,1.6259,98.737
1783178456.6798408,1011,782,0.8843,1.6226,0.8833,1.6235,98.818
1783178456.7563055,1010,782,0.8880,1.6227,0.8884,1.6215,98.895
1783178456.8322053,1009,781,0.8918,1.6192,0.8918,1.6208,98.970
1783178456.9064074,1008,781,0.8956,1.6194,0.8953,1.6172,99.045
1783178456.9838705,1007,779,0.8994,1.6122,0.9003,1.6142,99.122
1783178457.06248,1005,779,0.9069,1.6126,0.9056,1.6122,99.201
1783178457.1362386,1004,779,0.9106,1.6128,0.9119,1.6119,99.274
1783178457.211073,1002,778,0.9181,1.6095,0.9168,1.6107,99.349
1783178457.286779,1001,778,0.9219,1.6097,0.9232,1.6085,99.425
1783178457.3673081,999,777,0.9294,1.6063,0.9284,1.6076,99.506
1783178457.44336,998,777,0.9332,1.6065,0.9335,1.6056,99.582
1783178457.522518,997,776,0.9370,1.6030,0.9370,1.6030,99.661
1783178457.597219,996,775,0.9408,1.5995,0.9408,1.6005,99.735
1783178457.6736662,995,775,0.9445,1.5997,0.9442,1.5987,99.812
1783178457.7559154,994,774,0.9483,1.5962,0.9493,1.5965,99.894
1783178457.8312016,992,773,0.9559,1.5928,0.9549,1.5925,99.969
1783178457.909061,991,772,0.9597,1.5893,0.9597,1.5903,100.047
1783178457.9905183,990,772,0.9634,1.5895,0.9644,1.5883,100.129
1783178458.0642781,988,771,0.9710,1.5862,0.9700,1.5874,100.203
1783178458.1421444,987,771,0.9748,1.5864,0.9751,1.5854,100.280
1783178458.217607,986,770,0.9786,1.5828,0.9786,1.5832,100.356
1783178458.2970507,985,769,0.9824,1.5793,0.9821,1.5793,100.435
1783178458.3708568,984,768,0.9862,1.5758,0.9872,1.5755,100.509
1783178458.448714,982,767,0.9938,1.5724,0.9928,1.5734,100.587
1783178458.5308843,981,767,0.9976,1.5726,0.9979,1.5717,100.669
1783178458.6148942,980,766,1.0014,1.5691,1.0014,1.5694,100.753
1783178458.6958404,979,765,1.0052,1.5656,1.0049,1.5652,100.834
1783178458.7762377,978,764,1.0090,1.5620,1.0100,1.5630,100.914
1783178458.853404,976,764,1.0166,1.5624,1.0156,1.5611,100.992
1783178458.930818,975,763,1.0204,1.5589,1.0207,1.5601,101.069
1783178459.0145297,974,763,1.0242,1.5590,1.0242,1.5581,101.153
1783178459.0966368,973,762,1.0280,1.5555,1.0280,1.5558,101.235
1783178459.172504,972,761,1.0319,1.5520,1.0319,1.5520,101.311
1783178459.2519286,971,760,1.0357,1.5484,1.0357,1.5484,101.390
1783178459.328485,970,759,1.0395,1.5449,1.0392,1.5445,101.467
1783178459.4077284,969,758,1.0434,1.5413,1.0443,1.5423,101.546
1783178459.493608,967,758,1.0510,1.5417,1.0500,1.5407,101.632
1783178459.5689838,966,757,1.0548,1.5381,1.0551,1.5385,101.707
1783178459.6527796,965,756,1.0586,1.5346,1.0586,1.5346,101.791
1783178459.7276402,964,755,1.0625,1.5310,1.0628,1.5311,101.866
1783178459.8229887,963,754,1.0663,1.5275,1.0653,1.5274,101.961
1783178459.9126792,963,753,1.0664,1.5238,1.0670,1.5238,102.051
1783178460.0100136,962,752,1.0702,1.5202,1.0709,1.5202,102.148
1783178460.0964813,960,751,1.0779,1.5168,1.0769,1.5165,102.235
1783178460.17693,959,750,1.0817,1.5133,1.0820,1.5143,102.315
1783178460.2596505,958,750,1.0855,1.5135,1.0859,1.5125,102.398
1783178460.357323,957,749,1.0894,1.5099,1.0884,1.5102,102.496
1783178460.4427614,957,748,1.0894,1.5062,1.0901,1.5062,102.581
1783178460.5200875,956,747,1.0933,1.5026,1.0939,1.5023,102.658
1783178460.6008835,954,746,1.1009,1.4992,1.1000,1.5004,102.739
1783178460.684546,953,746,1.1048,1.4994,1.1051,1.4975,102.823
1783178460.7714279,952,744,1.1087,1.4921,1.1087,1.4930,102.910
1783178460.8711598,951,743,1.1125,1.4885,1.1128,1.4892,103.009
1783178460.9555442,950,743,1.1164,1.4887,1.1154,1.4877,103.094
1783178461.0389934,950,742,1.1164,1.4849,1.1170,1.4853,103.177
1783178461.129217,949,741,1.1203,1.4814,1.1212,1.4814,103.267
1783178461.207151,947,740,1.1280,1.4780,1.1260,1.4779,103.345
1783178461.283769,947,739,1.1280,1.4742,1.1293,1.4743,103.422
1783178461.3616986,946,738,1.1319,1.4707,1.1315,1.4706,103.500
1783178461.4383335,945,737,1.1357,1.4671,1.1361,1.4671,103.577
1783178461.5196776,944,736,1.1396,1.4635,1.1383,1.4635,103.658
1783178461.6051142,944,735,1.1396,1.4598,1.1419,1.4599,103.743
1783178461.690631,942,734,1.1474,1.4563,1.1450,1.4563,103.829
1783178461.7699065,942,733,1.1474,1.4526,1.1487,1.4530,103.908
1783178461.8502107,941,732,1.1513,1.4490,1.1510,1.4477,103.988
1783178461.9356642,940,730,1.1552,1.4417,1.1552,1.4436,104.074
1783178462.0234807,939,730,1.1590,1.4419,1.1590,1.4406,104.162
1783178462.1170695,938,729,1.1629,1.4383,1.1632,1.4386,104.255
1783178462.1968505,937,728,1.1668,1.4347,1.1661,1.4350,104.335
1783178462.2794828,937,727,1.1668,1.4309,1.1668,1.4297,104.418
1783178462.3642404,937,725,1.1669,1.4235,1.1675,1.4254,104.502
1783178462.442598,936,725,1.1708,1.4236,1.1704,1.4226,104.581
1783178462.5184796,935,724,1.1746,1.4200,1.1747,1.4194,104.657
1783178462.5931082,934,722,1.1786,1.4127,1.1786,1.4136,104.731
1783178462.6682694,933,721,1.1825,1.4091,1.1825,1.4091,104.807
1783178462.745014,932,720,1.1864,1.4055,1.1867,1.4045,104.883
1783178462.8198025,931,718,1.1903,1.3981,1.1893,1.3987,104.958
1783178462.9005005,931,717,1.1903,1.3944,1.1913,1.3951,105.039
1783178462.981575,930,717,1.1942,1.3945,1.1939,1.3939,105.120
1783178463.0579474,929,716,1.1981,1.3909,1.1984,1.3903,105.196
1783178463.130777,928,714,1.2020,1.3836,1.2007,1.3845,105.269
1783178463.205459,928,713,1.2021,1.3798,1.2044,1.3799,105.344
1783178463.286353,926,712,1.2098,1.3763,1.2075,1.3753,105.425
1783178463.366179,926,710,1.2099,1.3688,1.2112,1.3698,105.504
1783178463.4506063,925,709,1.2138,1.3652,1.2135,1.3649,105.589
1783178463.5266953,924,708,1.2177,1.3616,1.2180,1.3613,105.665
1783178463.6012695,923,707,1.2216,1.3580,1.2206,1.3592,105.740
1783178463.6765196,923,707,1.2216,1.3580,1.2226,1.3558,105.815
1783178463.7508132,922,705,1.2256,1.3506,1.2252,1.3532,105.889
1783178463.831245,921,705,1.2294,1.3508,1.2298,1.3485,105.969
1783178463.9041905,920,703,1.2334,1.3434,1.2324,1.3446,106.042
1783178463.979055,920,702,1.2334,1.3396,1.2344,1.3393,106.117
1783178464.0527167,919,701,1.2373,1.3360,1.2373,1.3360,106.191
1783178464.1375215,918,700,1.2413,1.3324,1.2403,1.3323,106.276
1783178464.2130153,918,699,1.2413,1.3286,1.2423,1.3286,106.351
1783178464.2874844,917,698,1.2452,1.3250,1.2449,1.3250,106.426
1783178464.3733313,916,697,1.2491,1.3213,1.2491,1.3217,106.512
1783178464.4476645,915,696,1.2531,1.3177,1.2534,1.3168,106.586
1783178464.527466,914,694,1.2570,1.3103,1.2560,1.3113,106.666
1783178464.6017623,914,693,1.2571,1.3066,1.2581,1.3063,106.740
1783178464.6857426,913,692,1.2610,1.3029,1.2607,1.3029,106.824
1783178464.7602873,912,691,1.2649,1.2993,1.2652,1.2993,106.899
1783178464.8341086,911,690,1.2688,1.2956,1.2678,1.2956,106.972
1783178464.9088516,911,689,1.2689,1.2919,1.2699,1.2919,107.047
1783178464.9859934,910,688,1.2728,1.2882,1.2725,1.2879,107.124
1783178465.0600142,909,687,1.2767,1.2846,1.2767,1.2856,107.198
1783178465.1341105,908,687,1.2806,1.2847,1.2807,1.2837,107.272
1783178465.2085288,907,686,1.2846,1.2811,1.2849,1.2814,107.347
1783178465.2826626,906,685,1.2885,1.2774,1.2875,1.2777,107.421
1783178465.3569226,906,684,1.2886,1.2736,1.2896,1.2727,107.495
1783178465.428708,905,682,1.2925,1.2662,1.2922,1.2672,107.567
1783178465.5053802,904,681,1.2965,1.2626,1.2965,1.2619,107.644
1783178465.5797865,903,680,1.3004,1.2589,1.3004,1.2602,107.718
1783178465.6607084,902,680,1.3043,1.2590,1.3043,1.2568,107.799
1783178465.7344704,901,678,1.3083,1.2516,1.3086,1.2542,107.873
1783178465.8162594,900,678,1.3122,1.2517,1.3112,1.2494,107.955
1783178465.8942165,900,676,1.3123,1.2442,1.3133,1.2455,108.032
1783178465.9691823,899,675,1.3162,1.2405,1.3159,1.2399,108.107
1783178466.0450225,898,674,1.3202,1.2369,1.3202,1.2378,108.183
1783178466.1307137,897,674,1.3241,1.2370,1.3241,1.2360,108.269
1783178466.2048883,896,673,1.3281,1.2333,1.3281,1.2336,108.343
1783178466.2856274,895,672,1.3320,1.2296,1.3323,1.2297,108.424
1783178466.3716671,894,671,1.3360,1.2260,1.3350,1.2263,108.510
1783178466.4484422,894,670,1.3360,1.2222,1.3370,1.2209,108.587
1783178466.526371,893,668,1.3400,1.2147,1.3397,1.2167,108.665
1783178466.6005285,892,668,1.3439,1.2149,1.3439,1.2136,108.739
1783178466.6767182,891,667,1.3479,1.2112,1.3479,1.2115,108.815
1783178466.752682,890,666,1.3519,1.2075,1.3519,1.2075,108.891
1783178466.8316655,889,665,1.3558,1.2038,1.3558,1.2035,108.970
1783178466.9083326,888,664,1.3598,1.2002,1.3598,1.2015,109.047
1783178466.9866948,887,664,1.3637,1.2003,1.3637,1.1983,109.125
1783178467.0724034,886,662,1.3677,1.1928,1.3681,1.1941,109.211
1783178467.1455796,885,661,1.3717,1.1891,1.3707,1.1888,109.284
1783178467.2214308,885,660,1.3717,1.1853,1.3728,1.1853,109.360
1783178467.2967286,884,659,1.3757,1.1816,1.3754,1.1816,109.435
1783178467.3729043,883,658,1.3797,1.1780,1.3797,1.1780,109.511
1783178467.4548414,882,657,1.3837,1.1743,1.3837,1.1743,109.593
1783178467.5314012,881,656,1.3877,1.1706,1.3877,1.1702,109.670
1783178467.6143475,880,655,1.3916,1.1669,1.3916,1.1679,109.753
1783178467.6899529,879,655,1.3956,1.1670,1.3956,1.1660,109.828
1783178467.7696779,878,654,1.3996,1.1633,1.3996,1.1636,109.908
1783178467.8493092,877,653,1.4035,1.1596,1.4035,1.1596,109.988
1783178467.9244714,876,652,1.4075,1.1559,1.4075,1.1556,110.063
1783178468.0055752,875,651,1.4115,1.1522,1.4115,1.1532,110.144
1783178468.088097,874,651,1.4155,1.1523,1.4155,1.1513,110.226
1783178468.1635666,873,650,1.4195,1.1486,1.4198,1.1489,110.302
1783178468.2413526,872,649,1.4235,1.1449,1.4224,1.1449,110.380
1783178468.3244295,872,648,1.4235,1.1411,1.4255,1.1389,110.463
1783178468.398945,871,647,1.4275,1.1374,1.4244,1.1438,110.537
1783178468.4735363,870,646,1.4206,1.1598,1.4233,1.1541,110.612
1783178468.548516,869,646,1.4242,1.1599,1.4233,1.1612,110.687
1783178468.6294315,868,645,1.4278,1.1563,1.4278,1.1566,110.768
1783178468.7106006,867,644,1.4315,1.1528,1.4315,1.1528,110.849
1783178468.7866366,866,643,1.4351,1.1492,1.4351,1.1492,110.925
1783178468.8674264,865,642,1.4388,1.1457,1.4388,1.1453,111.006
1783178468.9422603,864,641,1.4424,1.1421,1.4427,1.1430,111.081
1783178469.0249112,863,641,1.4460,1.1421,1.4451,1.1412,111.163
1783178469.1007786,863,640,1.4461,1.1385,1.4467,1.1385,111.239
1783178469.1798694,862,639,1.4497,1.1350,1.4506,1.1359,111.318
1783178469.255083,860,639,1.4569,1.1351,1.4551,1.1341,111.393
1783178469.3325844,860,638,1.4570,1.1315,1.4582,1.1318,111.471
1783178469.4115596,859,637,1.4606,1.1279,1.4603,1.1279,111.550
1783178469.4901445,858,636,1.4643,1.1244,1.4643,1.1244,111.628
1783178469.5762408,857,635,1.4679,1.1208,1.4679,1.1205,111.714
1783178469.6561186,856,634,1.4716,1.1172,1.4716,1.1182,111.794
1783178469.7344034,855,634,1.4752,1.1173,1.4752,1.1161,111.873
1783178469.8202775,854,633,1.4788,1.1137,1.4788,1.1153,111.959
1783178469.8990026,853,633,1.4824,1.1138,1.4825,1.1116,112.037
1783178469.9774253,852,631,1.4861,1.1066,1.4861,1.1088,112.116
1783178470.0594306,851,631,1.4897,1.1067,1.4897,1.1054,112.198
1783178470.1359253,850,630,1.4934,1.1031,1.4934,1.1034,112.274
1783178470.2144098,849,629,1.4970,1.0996,1.4970,1.0996,112.353
1783178470.291894,848,628,1.5007,1.0960,1.5007,1.0957,112.430
1783178470.3754444,847,627,1.5043,1.0925,1.5043,1.0934,112.514
1783178470.4517477,846,627,1.5079,1.0925,1.5079,1.0916,112.590
1783178470.5336125,845,626,1.5115,1.0889,1.5115,1.0893,112.672
1783178470.614175,844,625,1.5152,1.0854,1.5152,1.0854,112.752
1783178470.696101,843,624,1.5188,1.0818,1.5188,1.0815,112.834
1783178470.7723749,842,623,1.5225,1.0783,1.5225,1.0792,112.911
1783178470.8482914,841,623,1.5261,1.0783,1.5261,1.0774,112.987
1783178470.9225967,840,622,1.5297,1.0748,1.5297,1.0751,113.061
1783178470.9979253,839,621,1.5334,1.0712,1.5330,1.0709,113.136
1783178471.0731118,838,620,1.5370,1.0677,1.5379,1.0686,113.211
1783178471.1548657,836,620,1.5442,1.0678,1.5433,1.0668,113.293
1783178471.2322726,835,619,1.5478,1.0642,1.5481,1.0645,113.371
1783178471.309292,834,618,1.5515,1.0607,1.5515,1.0607,113.448
1783178471.384346,833,617,1.5551,1.0571,1.5551,1.0568,113.523
1783178471.4576788,832,616,1.5587,1.0536,1.5590,1.0545,113.596
1783178471.5360386,831,616,1.5623,1.0536,1.5611,1.0524,113.674
1783178471.6120756,831,615,1.5624,1.0500,1.5642,1.0513,113.750
1783178471.6967158,829,615,1.5696,1.0501,1.5684,1.0489,113.835
1783178471.7750964,828,614,1.5732,1.0466,1.5735,1.0481,113.913
1783178471.8564444,827,614,1.5768,1.0466,1.5768,1.0445,113.995
1783178471.9315763,826,612,1.5805,1.0395,1.5805,1.0413,114.070
1783178472.0079966,825,612,1.5841,1.0395,1.5841,1.0395,114.146
1783178472.0837595,824,612,1.5877,1.0396,1.5874,1.0377,114.222
1783178472.164869,823,610,1.5913,1.0324,1.5925,1.0346,114.303
1783178472.245095,821,610,1.5985,1.0325,1.5964,1.0313,114.383
1783178472.3183117,821,609,1.5986,1.0289,1.6010,1.0290,114.457
1783178472.3950095,819,608,1.6058,1.0254,1.6033,1.0263,114.533
1783178472.4703834,819,608,1.6058,1.0254,1.6080,1.0242,114.609
1783178472.551989,817,607,1.6130,1.0219,1.6118,1.0231,114.690
1783178472.6270201,816,607,1.6166,1.0220,1.6172,1.0211,114.765
1783178472.7037392,815,606,1.6202,1.0184,1.6190,1.0184,114.842
1783178472.7794733,815,605,1.6203,1.0148,1.6221,1.0158,114.918
1783178472.8593864,813,605,1.6275,1.0149,1.6262,1.0137,114.998
1783178472.9332926,812,604,1.6311,1.0114,1.6317,1.0126,115.072
1783178473.0135243,811,604,1.6347,1.0114,1.6335,1.0102,115.152
1783178473.096572,811,603,1.6347,1.0078,1.6366,1.0091,115.235
1783178473.1725068,809,603,1.6419,1.0079,1.6407,1.0070,115.311
1783178473.2463634,808,602,1.6455,1.0044,1.6455,1.0044,115.385
1783178473.321312,807,601,1.6492,1.0009,1.6504,1.0018,115.460
1783178473.3969076,805,601,1.6563,1.0010,1.6545,0.9997,115.535
1783178473.4736197,805,600,1.6564,0.9974,1.6576,0.9986,115.612
1783178473.5493872,804,600,1.6600,0.9974,1.6597,0.9965,115.688
1783178473.6292014,803,599,1.6636,0.9939,1.6636,0.9939,115.767
1783178473.7033303,802,598,1.6672,0.9903,1.6669,0.9912,115.842
1783178473.778824,801,598,1.6708,0.9904,1.6717,0.9895,115.917
1783178473.8542247,799,597,1.6780,0.9869,1.6771,0.9872,115.992
1783178473.9297483,798,596,1.6816,0.9833,1.6820,0.9830,116.068
1783178474.0098433,797,595,1.6853,0.9798,1.6853,0.9804,116.148
1783178474.0852637,796,595,1.6889,0.9798,1.6889,0.9795,116.224
1783178474.161328,795,595,1.6924,0.9799,1.6921,0.9802,116.300
1783178474.239775,794,595,1.6960,0.9799,1.6969,0.9793,116.378
1783178474.3160245,792,594,1.7032,0.9765,1.7023,0.9768,116.454
1783178474.3915696,791,593,1.7068,0.9729,1.7072,0.9726,116.530
1783178474.4687605,790,592,1.7105,0.9694,1.7105,0.9703,116.607
1783178474.5455356,789,592,1.7141,0.9694,1.7101,0.9710,116.684
1783178474.6244168,788,591,1.7177,0.9659,1.7296,0.9587,116.763
1783178474.7092316,787,592,1.7679,0.9330,1.7557,0.9405,116.847
1783178474.7851758,786,591,1.7721,0.9292,1.7771,0.9260,116.923
1783178474.859684,784,590,1.7803,0.9254,1.7792,0.9277,116.998
1783178474.9346266,783,591,1.7844,0.9293,1.7844,0.9260,117.073
1783178475.010455,782,589,1.7886,0.9216,1.7896,0.9240,117.149
1783178475.0906363,780,589,1.7968,0.9218,1.7957,0.9214,117.229
1783178475.1737773,779,589,1.8009,0.9218,1.8012,0.9208,117.312
1783178475.2527363,778,588,1.8050,0.9180,1.8050,0.9193,117.391
1783178475.3270957,777,588,1.8091,0.9181,1.8088,0.9167,117.465
1783178475.4066064,776,587,1.8133,0.9142,1.8143,0.9152,117.545
1783178475.4936485,774,587,1.8215,0.9143,1.8205,0.9143,117.632
1783178475.5698495,773,587,1.8256,0.9144,1.8260,0.9134,117.708
1783178475.6514347,772,586,1.8298,0.9106,1.8298,0.9119,117.790
1783178475.7310202,771,586,1.8339,0.9106,1.8336,0.9096,117.869
1783178475.8115258,770,585,1.8381,0.9068,1.8392,0.9065,117.950
1783178475.8895664,768,584,1.8464,0.9030,1.8453,0.9050,118.028
1783178475.9683003,767,585,1.8505,0.9070,1.8505,0.9043,118.107
1783178476.0529625,766,584,1.8546,0.9031,1.8556,0.9061,118.191
1783178476.1341913,764,585,1.8628,0.9071,1.8618,0.9038,118.272
1783178476.2061477,763,583,1.8671,0.8994,1.8674,0.9017,118.344
1783178476.2851367,762,583,1.8712,0.8995,1.8712,0.8991,118.423
1783178476.3606718,761,583,1.8753,0.8995,1.8750,0.8985,118.499
1783178476.436695,760,582,1.8795,0.8957,1.8806,0.8967,118.575
1783178476.5152812,758,582,1.8878,0.8958,1.8867,0.8958,118.654
1783178476.5960016,757,582,1.8919,0.8958,1.8919,0.8948,118.734
1783178476.6675339,756,581,1.8961,0.8920,1.8972,0.8930,118.806
1783178476.747942,754,581,1.9044,0.8921,1.9034,0.8921,118.886
1783178476.8208141,753,581,1.9086,0.8921,1.9089,0.8908,118.959
1783178476.8945365,752,580,1.9128,0.8883,1.9127,0.8903,119.033
1783178476.968844,751,581,1.9169,0.8922,1.9165,0.8909,119.107
1783178477.0437598,750,581,1.9210,0.8923,1.9221,0.8930,119.182
1783178477.118784,748,581,1.9293,0.8924,1.9279,0.8921,119.257
1783178477.1971087,747,580,1.9335,0.8886,1.9350,0.8876,119.335
1783178477.2731915,745,578,1.9420,0.8808,1.9409,0.8828,119.411
1783178477.3478448,744,578,1.9461,0.8809,1.9465,0.8785,119.486
1783178477.4213228,743,577,1.9503,0.8770,1.9503,0.8797,119.560
1783178477.4963663,742,579,1.9544,0.8849,1.9544,0.8839,119.635
1783178477.572972,741,580,1.9585,0.8889,1.9582,0.8875,119.711
1783178477.6533194,740,579,1.9627,0.8850,1.9638,0.8864,119.792
1783178477.7399237,738,579,1.9711,0.8851,1.9696,0.8848,119.878
1783178477.8172588,737,579,1.9752,0.8852,1.9767,0.8852,119.956
1783178477.8905585,735,579,1.9836,0.8853,1.9825,0.8856,120.029
1783178477.9717462,734,579,1.9878,0.8853,1.9881,0.8843,120.110
1783178478.051946,733,578,1.9920,0.8815,1.9920,0.8821,120.190
1783178478.129079,732,578,1.9962,0.8815,1.9958,0.8825,120.267
1783178478.2035675,731,579,2.0003,0.8855,2.0014,0.8835,120.342
1783178478.278007,729,578,2.0087,0.8817,2.0077,0.8827,120.416
1783178478.3541682,728,578,2.0129,0.8817,2.0129,0.8827,120.492
1783178478.4308245,727,579,2.0171,0.8857,2.0182,0.8834,120.569
1783178478.5059621,725,578,2.0255,0.8819,2.0244,0.8845,120.644
1783178478.5904205,724,579,2.0296,0.8858,2.0300,0.8835,120.729
1783178478.6650953,723,578,2.0339,0.8820,2.0335,0.8830,120.803
1783178478.73956,722,578,2.0381,0.8820,2.0392,0.8831,120.878
1783178478.8142433,720,579,2.0464,0.8861,2.0454,0.8837,120.952
1783178478.895311,719,578,2.0507,0.8822,2.0507,0.8849,121.034
1783178478.9702256,718,579,2.0548,0.8862,2.0560,0.8835,121.108
1783178479.0492256,716,578,2.0633,0.8823,2.0622,0.8850,121.187
1783178479.1282594,715,579,2.0675,0.8863,2.0675,0.8840,121.267
1783178479.2108183,714,578,2.0717,0.8824,2.0728,0.8838,121.349
1783178479.2876632,712,578,2.0802,0.8825,2.0791,0.8822,121.426
1783178479.3799012,711,578,2.0844,0.8826,2.0847,0.8823,121.518
1783178479.4607015,710,578,2.0886,0.8827,2.0882,0.8840,121.599
1783178479.5495884,709,579,2.0928,0.8866,2.0939,0.8846,121.688
1783178479.6312075,707,578,2.1013,0.8828,2.0998,0.8841,121.769
1783178479.7065399,706,578,2.1055,0.8829,2.1069,0.8825,121.845
1783178479.7870336,704,578,2.1139,0.8830,2.1129,0.8830,121.925
1783178479.861755,703,578,2.1182,0.8830,2.1185,0.8830,122.000
1783178479.945011,702,578,2.1224,0.8831,2.1224,0.8827,122.083
1783178480.0221393,701,578,2.1266,0.8831,2.1266,0.8841,122.160
1783178480.1041439,700,579,2.1308,0.8871,2.1305,0.8858,122.242
1783178480.1791158,699,579,2.1350,0.8872,2.1361,0.8885,122.317
1783178480.253259,697,580,2.1435,0.8912,2.1424,0.8902,122.392
1783178480.3283904,696,580,2.1477,0.8913,2.1477,0.8916,122.467
1783178480.405534,695,580,2.1520,0.8913,2.1530,0.8913,122.544
1783178480.4813805,693,580,2.1604,0.8914,2.1594,0.8914,122.620
1783178480.5561626,692,580,2.1647,0.8915,2.1651,0.8915,122.694
1783178480.6314619,691,580,2.1689,0.8915,2.1686,0.8915,122.770
1783178480.7076514,690,580,2.1732,0.8916,2.1743,0.8913,122.846
1783178480.7935731,688,580,2.1817,0.8917,2.1806,0.8927,122.932
1783178480.8698378,687,581,2.1859,0.8957,2.1863,0.8947,123.008
1783178480.9444094,686,581,2.1902,0.8958,2.1898,0.8958,123.083
1783178481.0268545,685,581,2.1944,0.8958,2.1955,0.8969,123.165
1783178481.1064587,683,582,2.2029,0.8999,2.2018,0.8989,123.245
1783178481.182211,682,582,2.2071,0.9000,2.2075,0.9000,123.320
1783178481.2604535,681,582,2.2114,0.9000,2.2114,0.9010,123.399
1783178481.3370798,680,583,2.2156,0.9040,2.2156,0.9027,123.475
1783178481.4218242,679,583,2.2199,0.9041,2.2195,0.9058,123.560
1783178481.4960318,678,584,2.2241,0.9081,2.2252,0.9057,123.634
1783178481.5772474,676,583,2.2327,0.9043,2.2316,0.9066,123.715
1783178481.6583457,675,584,2.2369,0.9083,2.2369,0.9069,123.797
1783178481.7371843,674,584,2.2412,0.9083,2.2423,0.9087,123.875
1783178481.820725,672,584,2.2498,0.9084,2.2487,0.9081,123.959
1783178481.8958411,671,584,2.2540,0.9085,2.2544,0.9099,124.034
1783178481.97265,670,585,2.2583,0.9125,2.2583,0.9098,124.111
1783178482.0499382,669,584,2.2626,0.9086,2.2622,0.9120,124.188
1783178482.124014,668,586,2.2668,0.9166,2.2679,0.9143,124.262
1783178482.203928,666,586,2.2754,0.9167,2.2743,0.9171,124.342
1783178482.284987,665,586,2.2797,0.9168,2.2800,0.9178,124.423
1783178482.3713045,664,587,2.2839,0.9208,2.2839,0.9198,124.510
1783178482.445773,663,587,2.2882,0.9209,2.2882,0.9209,124.584
1783178482.5208037,662,587,2.2925,0.9210,2.2921,0.9216,124.659
1783178482.593421,661,588,2.2967,0.9250,2.2978,0.9250,124.732
1783178482.6746693,659,589,2.3053,0.9291,2.3042,0.9284,124.813
1783178482.7554078,658,589,2.3096,0.9291,2.3096,0.9295,124.894
1783178482.8356178,657,589,2.3139,0.9292,2.3150,0.9289,124.974
1783178482.909886,655,589,2.3225,0.9293,2.3217,0.9300,125.048
1783178482.9855914,654,590,2.3267,0.9334,2.3256,0.9334,125.124
1783178483.0627584,654,591,2.3267,0.9374,2.3289,0.9364,125.201
1783178483.1422834,652,591,2.3353,0.9375,2.3338,0.9388,125.281
1783178483.2179568,651,592,2.3396,0.9415,2.3396,0.9402,125.356
1783178483.297105,650,592,2.3439,0.9416,2.3450,0.9430,125.435
1783178483.3778555,648,593,2.3525,0.9457,2.3514,0.9443,125.516
1783178483.4610791,647,593,2.3568,0.9458,2.3571,0.9471,125.599
1783178483.5360277,646,594,2.3610,0.9498,2.3611,0.9488,125.674
1783178483.611442,645,594,2.3654,0.9499,2.3650,0.9499,125.750
1783178483.68676,644,594,2.3697,0.9500,2.3708,0.9507,125.825
1783178483.7664917,642,595,2.3783,0.9541,2.3772,0.9541,125.905
1783178483.845758,641,596,2.3826,0.9581,2.3830,0.9571,125.984
1783178483.9225714,640,596,2.3869,0.9582,2.3869,0.9592,126.061
1783178483.9986472,639,597,2.3912,0.9623,2.3912,0.9623,126.137
1783178484.07607,638,598,2.3954,0.9663,2.3951,0.9656,126.214
1783178484.1498551,637,598,2.3998,0.9664,2.4009,0.9664,126.288
1783178484.2247,635,598,2.4085,0.9665,2.4073,0.9672,126.363
1783178484.2993429,634,599,2.4128,0.9706,2.4131,0.9703,126.438
1783178484.374507,633,600,2.4170,0.9747,2.4170,0.9750,126.513
1783178484.4560668,632,601,2.4213,0.9787,2.4213,0.9777,126.594
1783178484.5455456,631,601,2.4257,0.9788,2.4253,0.9798,126.684
1783178484.6265721,630,602,2.4300,0.9829,2.4311,0.9829,126.765
1783178484.7016835,628,603,2.4386,0.9870,2.4375,0.9860,126.840
1783178484.7779608,627,603,2.4430,0.9871,2.4433,0.9885,126.916
1783178484.865942,626,604,2.4473,0.9912,2.4473,0.9898,127.004
1783178484.945003,625,604,2.4516,0.9912,2.4516,0.9923,127.083
1783178485.029275,624,605,2.4559,0.9953,2.4559,0.9953,127.168
1783178485.110276,623,606,2.4602,0.9994,2.4602,0.9984,127.249
1783178485.1883793,622,606,2.4646,0.9995,2.4642,1.0005,127.327
1783178485.2630901,621,607,2.4689,1.0036,2.4704,1.0032,127.401
1783178485.343435,619,608,2.4775,1.0077,2.4753,1.0080,127.482
1783178485.4170096,619,609,2.4775,1.0117,2.4790,1.0111,127.555
1783178485.4955127,618,609,2.4819,1.0118,2.4815,1.0118,127.634
1783178485.5729892,617,609,2.4862,1.0119,2.4862,1.0126,127.711
1783178485.6496983,616,610,2.4905,1.0160,2.4902,1.0156,127.788
1783178485.7242122,615,611,2.4948,1.0200,2.4960,1.0201,127.862
1783178485.804584,613,612,2.5035,1.0242,2.5024,1.0245,127.943
1783178485.8853147,612,613,2.5079,1.0283,2.5086,1.0273,128.024
1783178485.9605381,611,613,2.5122,1.0284,2.5111,1.0294,128.099
1783178486.0334342,611,614,2.5122,1.0324,2.5133,1.0321,128.172
1783178486.106657,610,615,2.5165,1.0365,2.5161,1.0365,128.245
1783178486.1842737,609,616,2.5208,1.0406,2.5208,1.0409,128.323
1783178486.2591443,608,617,2.5251,1.0447,2.5248,1.0437,128.397
1783178486.3390536,607,617,2.5295,1.0448,2.5306,1.0458,128.477
1783178486.4141169,605,618,2.5382,1.0490,2.5375,1.0486,128.552
1783178486.487989,604,619,2.5426,1.0531,2.5418,1.0531,128.626
1783178486.5640345,604,620,2.5425,1.0571,2.5436,1.0575,128.702
1783178486.6487904,603,621,2.5468,1.0612,2.5465,1.0601,128.787
1783178486.7288451,602,621,2.5512,1.0613,2.5508,1.0623,128.867
1783178486.8045006,601,622,2.5556,1.0654,2.5567,1.0651,128.943
1783178486.8808591,599,623,2.5643,1.0696,2.5632,1.0696,129.019
1783178486.958472,598,624,2.5686,1.0737,2.5690,1.0737,129.097
1783178487.0330865,597,625,2.5730,1.0778,2.5730,1.0778,129.171
1783178487.1075234,596,626,2.5773,1.0819,2.5773,1.0819,129.246
1783178487.190894,595,627,2.5816,1.0860,2.5816,1.0860,129.329
1783178487.2684784,594,628,2.5860,1.0902,2.5860,1.0902,129.407
1783178487.345919,593,629,2.5903,1.0943,2.5903,1.0943,129.484
1783178487.4230497,592,630,2.5947,1.0984,2.5947,1.0984,129.561
1783178487.5088305,591,631,2.5990,1.1025,2.5990,1.1025,129.647
1783178487.5852,590,632,2.6034,1.1066,2.6038,1.1066,129.723
1783178487.6586623,589,633,2.6077,1.1108,2.6066,1.1107,129.797
1783178487.7335553,589,634,2.6077,1.1148,2.6092,1.1145,129.872
1783178487.8156629,588,635,2.6120,1.1189,2.6101,1.1202,129.954
1783178487.8912232,588,637,2.6119,1.1270,2.6142,1.1249,130.029
1783178487.972897,586,637,2.6207,1.1272,2.6196,1.1285,130.111
1783178488.0603344,585,638,2.6251,1.1313,2.6243,1.1309,130.199
1783178488.1353364,585,639,2.6250,1.1353,2.6258,1.1353,130.274
1783178488.2178762,584,640,2.6294,1.1395,2.6301,1.1395,130.356
1783178488.292693,582,641,2.6382,1.1437,2.6370,1.1437,130.431
1783178488.3672554,581,642,2.6425,1.1478,2.6433,1.1479,130.506
1783178488.4436715,580,643,2.6469,1.1520,2.6457,1.1519,130.582
1783178488.5173614,580,644,2.6468,1.1560,2.6480,1.1560,130.656
1783178488.5977101,579,645,2.6512,1.1601,2.6512,1.1601,130.736
1783178488.6793349,578,646,2.6555,1.1643,2.6544,1.1643,130.818
1783178488.7646863,578,647,2.6555,1.1683,2.6566,1.1680,130.903
1783178488.8458514,577,648,2.6598,1.1725,2.6594,1.1738,130.984
1783178488.9199443,576,650,2.6641,1.1806,2.6642,1.1786,131.058
1783178488.9975471,575,650,2.6686,1.1808,2.6689,1.1818,131.136
1783178489.072588,574,651,2.6730,1.1849,2.6718,1.1856,131.211
1783178489.1483054,574,653,2.6728,1.1930,2.6740,1.1920,131.287
1783178489.2278,573,654,2.6772,1.1971,2.6772,1.1975,131.366
1783178489.303669,572,655,2.6816,1.2013,2.6804,1.2012,131.442
1783178489.3791063,572,656,2.6815,1.2053,2.6826,1.2053,131.517
1783178489.4567235,571,657,2.6859,1.2095,2.6855,1.2095,131.595
1783178489.543281,570,658,2.6902,1.2136,2.6902,1.2136,131.682
1783178489.622361,569,659,2.6946,1.2178,2.6946,1.2178,131.761
1783178489.7033412,568,660,2.6990,1.2219,2.6990,1.2219,131.842
1783178489.776723,567,661,2.7034,1.2261,2.7034,1.2261,131.915
1783178489.8548026,566,662,2.7078,1.2303,2.7082,1.2303,131.993
1783178489.9354103,565,663,2.7122,1.2344,2.7110,1.2344,132.074
1783178490.0109587,565,664,2.7121,1.2385,2.7132,1.2385,132.149
1783178490.0916278,564,665,2.7165,1.2426,2.7165,1.2426,132.230
1783178490.1653926,563,666,2.7209,1.2468,2.7197,1.2464,132.304
1783178490.2404594,563,667,2.7208,1.2508,2.7219,1.2519,132.379
1783178490.3259661,562,669,2.7251,1.2590,2.7251,1.2580,132.464
1783178490.4065118,561,670,2.7295,1.2632,2.7284,1.2635,132.545
1783178490.489534,561,671,2.7294,1.2673,2.7306,1.2673,132.628
1783178490.5763507,560,672,2.7338,1.2714,2.7338,1.2711,132.715
1783178490.6511743,559,673,2.7382,1.2756,2.7371,1.2770,132.789
1783178490.7258112,559,675,2.7381,1.2837,2.7397,1.2813,132.864
1783178490.8017166,558,675,2.7426,1.2838,2.7410,1.2862,132.940
1783178490.8805869,558,677,2.7424,1.2919,2.7440,1.2906,133.019
1783178490.9574358,557,678,2.7468,1.2961,2.7453,1.2960,133.096
1783178491.0360222,557,679,2.7467,1.3001,2.7479,1.3012,133.174
1783178491.113908,556,681,2.7511,1.3084,2.7507,1.3073,133.252
1783178491.1916595,555,682,2.7555,1.3125,2.7558,1.3129,133.330
1783178491.2712052,554,683,2.7599,1.3167,2.7587,1.3167,133.409
1783178491.3490012,554,684,2.7598,1.3208,2.7609,1.3208,133.487
1783178491.4245803,553,685,2.7642,1.3250,2.7638,1.3246,133.563
1783178491.5028265,552,686,2.7686,1.3292,2.7690,1.3302,133.641
1783178491.5788014,551,688,2.7729,1.3374,2.7722,1.3363,133.717
1783178491.6531286,551,689,2.7729,1.3414,2.7729,1.3418,133.791
1783178491.7281494,551,690,2.7728,1.3455,2.7739,1.3452,133.866
1783178491.8046057,550,691,2.7772,1.3497,2.7756,1.3507,133.943
1783178491.8802972,550,693,2.7770,1.3578,2.7786,1.3568,134.019
1783178491.963672,549,694,2.7815,1.3620,2.7795,1.3623,134.102
1783178492.042634,549,695,2.7814,1.3660,2.7841,1.3658,134.181
1783178492.1297631,547,696,2.7903,1.3704,2.7880,1.3713,134.268
1783178492.2158208,547,698,2.7901,1.3785,2.7905,1.3774,134.354
1783178492.2950501,547,699,2.7901,1.3825,2.7908,1.3829,134.433
1783178492.3722386,546,700,2.7945,1.3867,2.7945,1.3864,134.510
1783178492.4550908,545,701,2.7989,1.3909,2.7981,1.3919,134.593
1783178492.530329,545,703,2.7987,1.3990,2.7988,1.3980,134.669
1783178492.6051462,545,704,2.7987,1.4031,2.7998,1.4031,134.743
1783178492.6858058,544,705,2.8031,1.4073,2.8015,1.4083,134.824
1783178492.7684734,544,707,2.8029,1.4154,2.8045,1.4144,134.907
1783178492.8486874,543,708,2.8073,1.4196,2.8062,1.4196,134.987
1783178492.9255173,543,709,2.8073,1.4236,2.8072,1.4247,135.064
1783178493.0011017,543,711,2.8071,1.4317,2.8083,1.4307,135.139
1783178493.0822284,542,712,2.8115,1.4360,2.8104,1.4363,135.220
1783178493.1589794,542,713,2.8115,1.4400,2.8118,1.4397,135.297
1783178493.23375,542,714,2.8114,1.4441,2.8110,1.4451,135.372
1783178493.3228955,542,716,2.8112,1.4522,2.8116,1.4511,135.461
1783178493.39749,541,717,2.8156,1.4564,2.8172,1.4568,135.536
1783178493.4791706,539,718,2.8246,1.4608,2.8211,1.4603,135.617
1783178493.5672126,540,719,2.8200,1.4646,2.8231,1.4658,135.705
1783178493.6500793,539,721,2.8243,1.4729,2.8228,1.4718,135.788
1783178493.7325478,539,722,2.8243,1.4770,2.8246,1.4773,135.871
1783178493.8094501,539,723,2.8242,1.4810,2.8238,1.4807,135.948
1783178493.891556,539,724,2.8241,1.4851,2.8249,1.4861,136.030
1783178493.967318,538,726,2.8285,1.4933,2.8289,1.4923,136.106
1783178494.0421777,537,727,2.8329,1.4976,2.8306,1.4975,136.180
1783178494.1210918,538,728,2.8283,1.5014,2.8310,1.5026,136.259
1783178494.1971178,537,730,2.8327,1.5097,2.8311,1.5086,136.335
1783178494.2797449,537,731,2.8326,1.5138,2.8330,1.5141,136.418
1783178494.3544014,537,732,2.8325,1.5178,2.8321,1.5175,136.493
1783178494.4306264,537,733,2.8324,1.5219,2.8336,1.5230,136.569
1783178494.5089984,536,735,2.8368,1.5302,2.8353,1.5287,136.647
1783178494.586913,536,736,2.8367,1.5342,2.8386,1.5357,136.725
1783178494.6624403,535,738,2.8411,1.5425,2.8384,1.5413,136.801
1783178494.7427425,536,739,2.8365,1.5464,2.8392,1.5468,136.881
1783178494.8212276,535,740,2.8409,1.5506,2.8393,1.5505,136.959
1783178494.89703,535,741,2.8408,1.5546,2.8412,1.5543,137.035
1783178494.9727306,535,742,2.8407,1.5587,2.8407,1.5597,137.111
1783178495.047072,535,744,2.8406,1.5668,2.8406,1.5654,137.185
1783178495.1304011,535,745,2.8405,1.5708,2.8405,1.5722,137.269
1783178495.2108874,535,747,2.8403,1.5789,2.8404,1.5786,137.349
1783178495.2917,535,748,2.8403,1.5830,2.8403,1.5816,137.430
1783178495.367807,535,747,2.8403,1.5789,2.8403,1.5803,137.506
1783178495.4432154,535,747,2.8403,1.5789,2.8407,1.5790,137.581
1783178495.5184593,535,747,2.8403,1.5789,2.8392,1.5779,137.657
1783178495.5935252,536,746,2.8359,1.5747,2.8371,1.5754,137.732
1783178495.671757,536,746,2.8359,1.5747,2.8351,1.5754,137.810
1783178495.752877,536,747,2.8358,1.5787,2.8370,1.5778,137.891
1783178495.8268173,535,747,2.8403,1.5789,2.8392,1.5792,137.965
1783178495.9024274,535,747,2.8403,1.5789,2.8407,1.5790,138.041
1783178495.979034,535,747,2.8403,1.5789,2.8407,1.5793,138.117
1783178496.0625832,535,747,2.8403,1.5789,2.8392,1.5779,138.201
1783178496.1372428,536,746,2.8359,1.5747,2.8371,1.5758,138.275
1783178496.2188041,536,746,2.8359,1.5747,2.8352,1.5740,138.357
1783178496.2935853,536,746,2.8359,1.5747,2.8371,1.5758,138.432
1783178496.3689709,535,747,2.8403,1.5789,2.8392,1.5779,138.507
1783178496.4437869,535,747,2.8403,1.5789,2.8411,1.5793,138.582
1783178496.5246487,535,747,2.8403,1.5789,2.8392,1.5789,138.663
1783178496.604924,536,747,2.8358,1.5787,2.8370,1.5788,138.743
1783178496.6794162,536,747,2.8358,1.5787,2.8355,1.5787,138.818
1783178496.7530274,536,747,2.8358,1.5787,2.8355,1.5787,138.891
1783178496.8292415,536,747,2.8358,1.5787,2.8370,1.5788,138.967
1783178496.910811,535,747,2.8403,1.5789,2.8392,1.5789,139.049
1783178496.9865105,535,747,2.8403,1.5789,2.8407,1.5790,139.125
1783178497.067734,535,747,2.8403,1.5789,2.8403,1.5789,139.206
1783178497.1440237,535,747,2.8403,1.5789,2.8403,1.5789,139.282
1783178497.2221057,535,747,2.8403,1.5789,2.8403,1.5789,139.360
1783178497.3052144,535,747,2.8403,1.5789,2.8403,1.5789,139.443
1783178497.3808315,535,747,2.8403,1.5789,2.8403,1.5789,139.519
1783178497.465559,535,747,2.8403,1.5789,2.8403,1.5789,139.604
1783178497.5445757,535,747,2.8403,1.5789,2.8403,1.5789,139.683
1783178497.6208775,535,747,2.8403,1.5789,2.8403,1.5789,139.759
1783178497.6983194,535,747,2.8403,1.5789,2.8403,1.5789,139.837
1783178497.7739832,535,747,2.8403,1.5789,2.8403,1.5793,139.912
1783178497.8505552,535,747,2.8403,1.5789,2.8404,1.5779,139.989
1783178497.9261258,535,746,2.8404,1.5749,2.8404,1.5759,140.064
1783178498.0148108,535,746,2.8404,1.5749,2.8404,1.5745,140.153
1783178498.089395,535,746,2.8404,1.5749,2.8404,1.5749,140.228
1783178498.176076,535,746,2.8404,1.5749,2.8404,1.5749,140.314
1783178498.2558928,535,746,2.8404,1.5749,2.8404,1.5749,140.394
1783178498.3338203,535,746,2.8404,1.5749,2.8404,1.5749,140.472
1783178498.4120464,535,746,2.8404,1.5749,2.8404,1.5749,140.550
1783178498.4887333,535,746,2.8404,1.5749,2.8404,1.5749,140.627
1783178498.5641463,535,746,2.8404,1.5749,2.8404,1.5749,140.702
1783178498.647187,535,746,2.8404,1.5749,2.8404,1.5749,140.785
1783178498.7276993,535,746,2.8404,1.5749,2.8404,1.5749,140.866
1783178498.8100624,535,746,2.8404,1.5749,2.8758,1.5832,140.948
1783178498.8867548,535,746,2.8404,1.5749,2.7343,1.5498,141.025
1783178498.9704604,535,746,2.4277,1.4775,2.5339,1.5025,141.109
1783178499.0487952,535,746,2.4277,1.4775,2.3924,1.4691,141.187
1783178499.1364698,535,746,2.4277,1.4775,2.4277,1.4775,141.275
1783178499.2162929,535,746,2.4277,1.4775,2.4277,1.4775,141.355
1783178499.291244,535,746,2.4277,1.4775,2.4277,1.4775,141.429
1783178499.3670185,535,746,2.4277,1.4775,2.4277,1.4775,141.505
1783178499.4427931,535,746,2.4277,1.4775,2.4278,1.4772,141.581
1783178499.5228083,535,746,2.4277,1.4775,2.4277,1.4783,141.661
1783178499.6010938,535,747,2.4276,1.4805,2.3918,1.4716,141.739
1783178499.680512,535,747,2.4276,1.4805,2.5349,1.5051,141.819
1783178499.75533,534,746,2.8449,1.5751,2.7376,1.5508,141.894
1783178499.8321817,534,746,2.8449,1.5751,2.8807,1.5832,141.970
1783178499.9085991,534,746,2.8449,1.5751,2.8449,1.5751,142.047
1783178499.9909725,534,746,2.8449,1.5751,2.8449,1.5751,142.129
1783178500.0675108,534,746,2.8449,1.5751,2.8449,1.5751,142.206
1783178500.1426108,534,746,2.8449,1.5751,2.8449,1.5751,142.281
1783178500.2194846,534,746,2.8449,1.5751,2.8449,1.5751,142.358
1783178500.2944646,534,746,2.8449,1.5751,2.8449,1.5751,142.433
1783178500.370476,534,746,2.8449,1.5751,2.8449,1.5751,142.509
1783178500.445279,534,746,2.8449,1.5751,2.8449,1.5751,142.584
1783178500.5203261,534,746,2.8449,1.5751,2.8449,1.5751,142.659
1783178500.5966697,534,746,2.8449,1.5751,2.8449,1.5751,142.735
1783178500.671753,534,746,2.8449,1.5751,2.8449,1.5751,142.810
1783178500.7514634,534,746,2.8449,1.5751,2.8449,1.5751,142.890
1783178500.8285284,534,746,2.8449,1.5751,2.8449,1.5751,142.967
1783178500.9091072,534,746,2.8449,1.5751,2.8449,1.5751,143.047
1783178500.9923868,534,746,2.8449,1.5751,2.8449,1.5751,143.131
1783178501.0742505,534,746,2.8449,1.5751,2.8449,1.5751,143.212
1783178501.152943,534,746,2.8449,1.5751,2.8449,1.5751,143.291
1783178501.2376587,534,746,2.8449,1.5751,2.8449,1.5751,143.376
1783178501.316989,534,746,2.8449,1.5751,2.8449,1.5751,143.455
1783178501.3997412,534,746,2.8449,1.5751,2.8449,1.5751,143.538
1783178501.4740071,534,746,2.8449,1.5751,2.8449,1.5751,143.612
1783178501.5577104,534,746,2.8449,1.5751,2.8449,1.5751,143.696
1783178501.633042,534,746,2.8449,1.5751,2.8449,1.5751,143.771
1783178501.7063794,534,746,2.8449,1.5751,2.8449,1.5751,143.845
1783178501.7827208,534,746,2.8449,1.5751,2.8449,1.5751,143.921
1783178501.862093,534,746,2.8449,1.5751,2.8449,1.5751,144.000
1783178501.947556,534,746,2.8449,1.5751,2.8449,1.5751,144.086
1783178502.0438032,534,746,2.8449,1.5751,2.8449,1.5751,144.182
1783178502.130427,534,746,2.8449,1.5751,2.8449,1.5751,144.269
1783178502.2228541,534,746,2.8449,1.5751,2.8449,1.5751,144.361
1783178502.3097835,534,746,2.8449,1.5751,2.8449,1.5751,144.448
1783178502.3974493,534,746,2.8449,1.5751,2.8449,1.5751,144.536
1783178502.4906132,534,746,2.8449,1.5751,2.8449,1.5751,144.629
1783178502.5773962,534,746,2.8449,1.5751,2.8449,1.5751,144.716
1783178502.6632755,534,746,2.8449,1.5751,2.8449,1.5751,144.802
1783178502.7447882,534,746,2.8449,1.5751,2.8449,1.5751,144.883
1783178502.825438,534,746,2.8449,1.5751,2.8449,1.5751,144.964
1783178502.900945,534,746,2.8449,1.5751,2.8449,1.5751,145.039
1783178502.9782696,534,746,2.8449,1.5751,2.8449,1.5751,145.117
1783178503.0579085,534,746,2.8449,1.5751,2.8449,1.5751,145.196
1783178503.135948,534,746,2.8449,1.5751,2.8449,1.5751,145.274
