timestamp,frame_x,frame_y,world_x_m,world_y_m,world_x_smooth_m,world_y_smooth_m,time_elapsed
1783179142.7193267,1294,333,,,-0.1127,0.1075,0.000
1783179142.9921534,1294,333,,,-0.1127,0.1075,0.273
1783179143.168034,1293,333,,,-0.1127,0.1075,0.449
1783179143.3217702,1293,333,,,-0.1127,0.1075,0.602
1783179143.403714,1293,333,,,-0.1127,0.1075,0.684
1783179143.47958,1293,333,,,-0.1127,0.1075,0.760
1783179143.5566864,1293,333,,,-0.1127,0.1075,0.837
1783179143.628982,1293,333,,,-0.1127,0.1075,0.910
1783179143.7002964,1293,333,,,-0.1127,0.1075,0.981
1783179143.7814744,1293,333,,,-0.1127,0.1075,1.062
1783179143.8626854,1293,333,,,-0.1127,0.1075,1.143
1783179143.942514,1293,333,,,-0.1127,0.1075,1.223
1783179144.0286677,1293,333,,,-0.1127,0.1075,1.309
1783179144.1126807,1293,333,,,-0.1127,0.1075,1.393
1783179144.1857915,1293,333,,,-0.1127,0.1075,1.466
1783179144.2652764,1293,333,,,-0.1127,0.1075,1.546
1783179144.3484654,1293,333,,,-0.1127,0.1075,1.629
1783179144.4209065,1293,333,,,-0.1127,0.1075,1.702
1783179144.4947553,1293,333,,,-0.1127,0.1075,1.775
1783179144.588179,1293,333,,,-0.1127,0.1075,1.869
1783179144.6700344,1293,333,,,-0.1127,0.1075,1.951
1783179144.747456,1293,333,,,-0.1127,0.1075,2.028
1783179144.8249948,1293,333,,,-0.1127,0.1075,2.106
1783179144.898558,1293,333,,,-0.1127,0.1075,2.179
1783179144.9752614,1293,333,,,-0.1127,0.1075,2.256
1783179145.054992,1293,333,,,-0.1127,0.1075,2.336
1783179145.130769,1293,333,,,-0.1127,0.1075,2.411
1783179145.202052,1293,333,,,-0.1127,0.1075,2.483
1783179145.2849793,1293,333,,,-0.1127,0.1075,2.566
1783179145.364827,1293,333,,,-0.1127,0.1075,2.646
1783179145.4400496,1293,333,,,-0.1127,0.1075,2.721
1783179145.5113657,1293,333,,,-0.1127,0.1075,2.792
1783179145.595672,1293,333,,,-0.1127,0.1075,2.876
1783179145.6848338,1293,333,,,-0.1127,0.1075,2.966
1783179145.7670338,1293,333,,,-0.1127,0.1075,3.048
1783179145.847122,1293,333,,,-0.1127,0.1075,3.128
1783179145.9249823,1293,333,,,-0.1127,0.1075,3.206
1783179145.9986448,1293,333,,,-0.1127,0.1075,3.279
1783179146.0731492,1293,333,,,-0.1127,0.1075,3.354
1783179146.1463547,1293,333,,,-0.1127,0.1075,3.427
1783179146.2193716,1293,333,,,-0.1127,0.1075,3.500
1783179146.2905715,1293,333,,,-0.1127,0.1075,3.571
1783179146.3680964,1293,333,,,-0.1127,0.1075,3.649
1783179146.4464073,1293,333,,,-0.1127,0.1075,3.727
1783179146.5265017,1293,333,,,-0.1127,0.1075,3.807
1783179146.599648,1293,333,,,-0.1127,0.1075,3.880
1783179146.6765597,1293,333,,,-0.1127,0.1075,3.957
1783179146.748053,1293,333,,,-0.1127,0.1075,4.029
1783179146.8206239,1293,333,,,-0.1127,0.1075,4.101
1783179146.897324,1293,333,,,-0.1127,0.1075,4.178
1783179146.9814425,1293,333,,,-0.1127,0.1075,4.262
1783179147.0549195,1293,333,,,-0.1127,0.1075,4.336
1783179147.1407027,1293,333,,,-0.1127,0.1075,4.421
1783179147.2518902,1293,333,,,-0.1127,0.1075,4.533
1783179147.342643,1293,333,,,-0.1127,0.1075,4.623
1783179147.4320965,1293,333,,,-0.1127,0.1075,4.713
1783179147.5330586,1293,333,,,-0.1127,0.1075,4.814
1783179147.626239,1293,333,,,-0.1127,0.1075,4.907
1783179147.7221446,1293,333,,,-0.1127,0.1075,5.003
1783179147.8000429,1293,333,,,-0.1127,0.1075,5.081
1783179147.884744,1293,333,,,-0.1127,0.1075,5.165
1783179147.9552114,1293,333,,,-0.1127,0.1075,5.236
1783179148.0264935,1293,333,,,-0.1127,0.1075,5.307
1783179148.1050286,1293,333,,,-0.1127,0.1075,5.386
1783179148.1803164,1293,333,,,-0.1127,0.1075,5.461
1783179148.2572968,1293,333,,,-0.1127,0.1075,5.538
1783179148.339819,1293,333,,,-0.1127,0.1075,5.620
1783179148.4270978,1293,333,,,-0.1127,0.1075,5.708
1783179148.5075977,1293,333,,,-0.1127,0.1075,5.788
1783179148.5885012,1293,333,,,-0.1127,0.1075,5.869
1783179148.6745872,1293,333,,,-0.1127,0.1075,5.955
1783179148.7564776,1293,333,,,-0.1127,0.1075,6.037
1783179148.845019,1293,333,,,-0.1127,0.1075,6.126
1783179148.936044,1293,333,,,-0.1127,0.1075,6.217
1783179149.0586007,1293,333,,,-0.1127,0.1075,6.339
1783179149.1354544,1293,333,,,-0.1127,0.1075,6.416
1783179149.214034,1293,333,,,-0.1127,0.1075,6.495
1783179149.329352,1293,333,,,-0.1127,0.1075,6.610
1783179149.443393,1293,333,,,-0.1127,0.1075,6.724
1783179149.569993,1293,333,,,-0.1127,0.1075,6.851
1783179149.6743443,1293,333,,,-0.1127,0.1075,6.955
1783179149.7577887,1293,333,,,-0.1127,0.1075,7.038
1783179149.8354821,1293,333,,,-0.1127,0.1075,7.116
1783179149.9178584,1293,333,,,-0.1127,0.1075,7.199
1783179150.0072389,1293,333,,,-0.1127,0.1075,7.288
1783179150.088725,1293,333,,,-0.1127,0.1075,7.369
1783179150.170027,1293,333,,,-0.1127,0.1075,7.451
1783179150.2444355,1293,333,,,-0.1127,0.1075,7.525
1783179150.3158607,1293,333,,,-0.1127,0.1075,7.597
1783179150.393602,1293,333,,,-0.1127,0.1075,7.674
1783179150.4622984,1293,333,,,-0.1127,0.1075,7.743
1783179150.5324893,1293,333,,,-0.1127,0.1075,7.813
1783179150.6012456,1293,333,,,-0.1127,0.1075,7.882
1783179150.6711996,1293,333,,,-0.1127,0.1075,7.952
1783179150.742651,1293,333,,,-0.1127,0.1075,8.023
1783179150.81239,1293,333,,,-0.1127,0.1075,8.093
1783179150.8795068,1293,333,,,-0.1127,0.1075,8.160
1783179150.9572923,1293,333,,,-0.1127,0.1075,8.238
1783179151.0293698,1293,333,,,-0.1127,0.1075,8.310
1783179151.102376,1293,333,,,-0.1127,0.1075,8.383
1783179151.1724436,1293,333,,,-0.1127,0.1075,8.453
1783179151.24258,1293,333,,,-0.1127,0.1075,8.523
1783179151.309959,1293,333,,,-0.1127,0.1075,8.591
1783179151.3794763,1293,333,,,-0.1127,0.1075,8.660
1783179151.4474592,1293,333,,,-0.1127,0.1075,8.728
1783179151.5190105,1293,333,,,-0.1127,0.1075,8.800
1783179151.5975075,1293,333,,,-0.1127,0.1075,8.878
1783179151.6736057,1293,333,,,-0.1127,0.1075,8.954
1783179151.743745,1293,333,,,-0.1127,0.1075,9.024
1783179151.8146932,1293,333,,,-0.1127,0.1075,9.095
1783179151.8847544,1293,333,,,-0.1127,0.1075,9.165
1783179151.955592,1293,333,,,-0.1127,0.1075,9.236
1783179152.0280094,1293,333,,,-0.1127,0.1075,9.309
1783179152.1012204,1293,333,,,-0.1127,0.1075,9.382
1783179152.1818109,1293,333,,,-0.1127,0.1075,9.462
1783179152.2589085,1293,333,,,-0.1127,0.1075,9.540
1783179152.3295672,1293,333,,,-0.1127,0.1075,9.610
1783179152.398903,1293,333,,,-0.1127,0.1075,9.680
1783179152.475016,1293,333,,,-0.1127,0.1075,9.756
1783179152.545389,1293,333,,,-0.1127,0.1075,9.826
1783179152.6262548,1293,333,,,-0.1127,0.1075,9.907
1783179152.7308378,1293,333,,,-0.1127,0.1075,10.012
1783179152.8221867,1293,333,,,-0.1127,0.1075,10.103
1783179152.9135365,1293,333,,,-0.1127,0.1075,10.194
1783179152.9941146,1293,333,,,-0.1127,0.1075,10.275
1783179153.0717707,1293,333,,,-0.1127,0.1075,10.352
1783179153.1491678,1293,333,,,-0.1127,0.1075,10.430
1783179153.236605,1293,333,,,-0.1127,0.1075,10.517
1783179153.3069425,1293,333,,,-0.1127,0.1075,10.588
1783179153.375067,1293,333,,,-0.1127,0.1075,10.656
1783179153.44599,1293,333,,,-0.1127,0.1075,10.727
1783179153.5211244,1293,333,,,-0.1127,0.1075,10.802
1783179153.591648,1293,333,,,-0.1127,0.1075,10.872
1783179153.669298,1293,333,,,-0.1127,0.1075,10.950
1783179153.7399206,1293,333,,,-0.1127,0.1075,11.021
1783179153.8149889,1293,333,,,-0.1127,0.1075,11.096
1783179153.8847961,1293,333,,,-0.1127,0.1075,11.165
1783179153.9607258,1293,333,,,-0.1127,0.1075,11.241
1783179154.0353668,1293,333,,,-0.1127,0.1075,11.316
1783179154.1057599,1293,333,,,-0.1127,0.1075,11.386
1783179154.1748803,1293,333,,,-0.1127,0.1075,11.456
1783179154.2445698,1293,333,,,-0.1127,0.1075,11.525
1783179154.319287,1293,333,,,-0.1127,0.1075,11.600
1783179154.39027,1293,333,,,-0.1127,0.1075,11.671
1783179154.4605885,1293,333,,,-0.1127,0.1075,11.741
1783179154.5347288,1293,333,,,-0.1127,0.1075,11.815
1783179154.605117,1293,333,,,-0.1127,0.1075,11.886
1783179154.6730938,1293,333,,,-0.1127,0.1075,11.954
1783179154.7423043,1293,333,,,-0.1127,0.1075,12.023
1783179154.8119593,1293,333,,,-0.1127,0.1075,12.093
1783179154.8817449,1293,333,,,-0.1127,0.1075,12.162
1783179154.9510763,1293,333,,,-0.1127,0.1075,12.232
1783179155.0217128,1293,333,,,-0.1127,0.1075,12.302
1783179155.0927355,1293,333,,,-0.1127,0.1075,12.373
1783179155.168554,1293,333,,,-0.1127,0.1075,12.449
1783179155.2363472,1293,333,,,-0.1127,0.1075,12.517
1783179155.3068943,1293,333,,,-0.1127,0.1075,12.588
1783179155.3796868,1293,333,,,-0.1127,0.1075,12.660
1783179155.447554,1293,333,,,-0.1127,0.1075,12.728
1783179155.5152755,1293,333,,,-0.1127,0.1075,12.796
1783179155.5862637,1293,333,,,-0.1127,0.1075,12.867
1783179155.6676216,1293,333,,,-0.1127,0.1075,12.948
1783179155.7387078,1293,333,,,-0.1127,0.1075,13.019
1783179155.809466,1293,333,,,-0.1127,0.1075,13.090
1783179155.8943856,1293,333,,,-0.1127,0.1075,13.175
1783179155.9663112,1293,333,,,-0.1127,0.1075,13.247
1783179156.0462136,1293,333,,,-0.1127,0.1075,13.327
1783179156.1168747,1293,333,,,-0.1127,0.1075,13.398
1783179156.1974902,1293,333,,,-0.1127,0.1075,13.478
1783179156.268747,1293,333,,,-0.1127,0.1075,13.549
1783179156.3421338,1293,333,,,-0.1127,0.1075,13.623
1783179156.4125276,1293,333,,,-0.1127,0.1075,13.693
1783179156.4883878,1293,333,,,-0.1127,0.1075,13.769
1783179156.5665612,1293,333,,,-0.1127,0.1075,13.847
1783179156.6348104,1293,333,,,-0.1127,0.1075,13.915
1783179156.7092876,1293,333,,,-0.1127,0.1075,13.990
1783179156.7805817,1293,333,,,-0.1127,0.1075,14.061
1783179156.8565829,1293,333,,,-0.1127,0.1075,14.137
1783179156.9281948,1293,333,,,-0.1127,0.1075,14.209
1783179156.9988859,1293,333,,,-0.1127,0.1075,14.280
1783179157.0722406,1293,333,,,-0.1127,0.1075,14.353
1783179157.1419911,1293,333,,,-0.1127,0.1075,14.423
1783179157.2133632,1293,333,,,-0.1127,0.1075,14.494
1783179157.2837226,1293,333,,,-0.1127,0.1075,14.564
1783179157.3546548,1293,333,,,-0.1127,0.1075,14.635
1783179157.428022,1293,333,,,-0.1127,0.1075,14.709
1783179157.5006852,1293,333,,,-0.1127,0.1075,14.781
1783179157.570593,1293,333,,,-0.1127,0.1075,14.851
1783179157.6434522,1293,333,,,-0.1127,0.1075,14.924
1783179157.7191765,1293,333,,,-0.1127,0.1075,15.000
1783179157.789307,1293,333,,,-0.1127,0.1075,15.070
1783179157.8576043,1293,333,,,-0.1127,0.1075,15.138
1783179157.928204,1293,333,,,-0.1127,0.1075,15.209
1783179157.9964635,1293,333,,,-0.1127,0.1075,15.277
1783179158.0686464,1293,333,,,-0.1127,0.1075,15.349
1783179158.1370041,1293,333,,,-0.1127,0.1075,15.418
1783179158.2079859,1293,333,,,-0.1127,0.1075,15.489
1783179158.279181,1293,333,,,-0.1127,0.1075,15.560
1783179158.3544917,1293,333,,,-0.1127,0.1075,15.635
1783179158.427607,1293,333,,,-0.1127,0.1075,15.708
1783179158.499023,1293,333,,,-0.1127,0.1075,15.780
1783179158.5705528,1293,333,,,-0.1127,0.1075,15.851
1783179158.6413167,1293,333,,,-0.1127,0.1075,15.922
1783179158.7143042,1293,333,,,-0.1127,0.1075,15.995
1783179158.79208,1293,333,,,-0.1127,0.1075,16.073
1783179158.8608913,1293,333,,,-0.1127,0.1075,16.142
1783179158.9315634,1293,333,,,-0.1127,0.1075,16.212
1783179159.010095,1293,333,,,-0.1127,0.1075,16.291
1783179159.0922956,1293,333,,,-0.1127,0.1075,16.373
1783179159.1650076,1293,333,,,-0.1127,0.1075,16.446
1783179159.2372277,1293,333,,,-0.1127,0.1075,16.518
1783179159.3069777,1293,333,,,-0.1127,0.1075,16.588
1783179159.3759446,1293,333,,,-0.1127,0.1075,16.657
1783179159.4576182,1293,333,,,-0.1127,0.1075,16.738
1783179159.5284524,1293,333,,,-0.1127,0.1075,16.809
1783179159.5989244,1293,333,,,-0.1127,0.1075,16.880
1783179159.6702285,1293,333,,,-0.1127,0.1075,16.951
1783179159.7421339,1293,333,,,-0.1127,0.1075,17.023
1783179159.8135405,1293,333,,,-0.1127,0.1075,17.094
1783179159.883427,1293,333,,,-0.1127,0.1075,17.164
1783179159.953819,1293,333,,,-0.1127,0.1075,17.234
1783179160.0312312,1293,333,,,-0.1127,0.1075,17.312
1783179160.1077015,1293,333,,,-0.1127,0.1075,17.388
1783179160.1831906,1293,333,,,-0.1127,0.1075,17.464
1783179160.2642648,1293,333,,,-0.1127,0.1075,17.545
1783179160.3334112,1293,333,,,-0.1127,0.1075,17.614
1783179160.4053469,1293,333,,,-0.1127,0.1075,17.686
1783179160.483405,1293,333,,,-0.1127,0.1075,17.764
1783179160.5547938,1293,333,,,-0.1127,0.1075,17.835
1783179160.631436,1293,333,,,-0.1127,0.1075,17.912
1783179160.712801,1293,333,,,-0.1127,0.1075,17.993
1783179160.783975,1293,333,,,-0.1127,0.1075,18.065
1783179160.8554256,1293,333,,,-0.1127,0.1075,18.136
1783179160.9238873,1293,333,,,-0.1127,0.1075,18.205
1783179160.9949684,1293,333,,,-0.1127,0.1075,18.276
1783179161.0661097,1293,333,,,-0.1127,0.1075,18.347
1783179161.1432824,1293,333,,,-0.1127,0.1075,18.424
1783179161.217555,1293,333,,,-0.1127,0.1075,18.498
1783179161.2887747,1293,333,,,-0.1127,0.1075,18.569
1783179161.3601804,1293,333,,,-0.1127,0.1075,18.641
1783179161.43162,1293,333,,,-0.1127,0.1075,18.712
1783179161.5017302,1293,333,,,-0.1127,0.1075,18.782
1783179161.5707803,1293,333,,,-0.1127,0.1075,18.851
1783179161.6424117,1293,333,,,-0.1127,0.1075,18.923
1783179161.7149334,1293,333,,,-0.1127,0.1075,18.996
1783179161.7860458,1293,333,,,-0.1127,0.1075,19.067
1783179161.8576872,1293,333,,,-0.1127,0.1075,19.138
1783179161.9287126,1293,333,,,-0.1127,0.1075,19.209
1783179161.9998908,1293,333,,,-0.1127,0.1075,19.281
1783179162.0710785,1293,333,,,-0.1127,0.1075,19.352
1783179162.1414077,1293,333,,,-0.1127,0.1075,19.422
1783179162.2108188,1293,333,,,-0.1127,0.1075,19.491
1783179162.2810488,1293,333,,,-0.1127,0.1075,19.562
1783179162.3516748,1293,333,,,-0.1127,0.1075,19.632
1783179162.4300847,1293,333,,,-0.1127,0.1075,19.711
1783179162.5006175,1293,333,,,-0.1127,0.1075,19.781
1783179162.5763402,1293,333,,,-0.1127,0.1075,19.857
1783179162.6463478,1293,333,,,-0.1127,0.1075,19.927
1783179162.7229075,1293,333,,,-0.1127,0.1075,20.004
1783179162.7931323,1293,333,,,-0.1127,0.1075,20.074
1783179162.868615,1293,333,,,-0.1127,0.1075,20.149
1783179162.9397044,1293,333,,,-0.1127,0.1075,20.220
1783179163.0117645,1293,333,,,-0.1127,0.1075,20.292
1783179163.0849447,1293,333,,,-0.1127,0.1075,20.366
1783179163.1544502,1293,333,,,-0.1127,0.1075,20.435
1783179163.2250674,1293,333,,,-0.1127,0.1075,20.506
1783179163.3005846,1293,333,,,-0.1127,0.1075,20.581
1783179163.375051,1293,333,,,-0.1127,0.1075,20.656
1783179163.4450743,1293,333,,,-0.1127,0.1075,20.726
1783179163.514691,1293,333,,,-0.1127,0.1075,20.795
1783179163.5845003,1293,333,,,-0.1127,0.1075,20.865
1783179163.6593528,1293,333,,,-0.1127,0.1075,20.940
1783179163.7417076,1293,333,,,-0.1127,0.1075,21.022
1783179163.8134995,1293,333,,,-0.1127,0.1075,21.094
1783179163.8850324,1293,333,,,-0.1127,0.1075,21.166
1783179163.960987,1293,333,,,-0.1127,0.1075,21.242
1783179164.035025,1293,333,,,-0.1127,0.1075,21.316
1783179164.1051846,1293,333,,,-0.1127,0.1075,21.386
1783179164.1747544,1293,333,,,-0.1127,0.1075,21.455
1783179164.247009,1293,333,,,-0.1127,0.1075,21.528
1783179164.316924,1293,333,,,-0.1127,0.1075,21.598
1783179164.3876188,1293,333,,,-0.1127,0.1075,21.668
1783179164.4692001,1293,333,,,-0.1127,0.1075,21.750
1783179164.5444353,1293,333,,,-0.1127,0.1075,21.825
1783179164.6164525,1293,333,,,-0.1127,0.1075,21.897
1783179164.6873875,1293,333,,,-0.1127,0.1075,21.968
1783179164.7572062,1293,333,,,-0.1127,0.1075,22.038
1783179164.8290737,1293,333,,,-0.1127,0.1075,22.110
1783179164.8975916,1293,333,,,-0.1127,0.1075,22.178
1783179164.9752853,1293,333,,,-0.1127,0.1075,22.256
1783179165.050951,1293,333,,,-0.1127,0.1075,22.332
1783179165.1213715,1293,333,,,-0.1127,0.1075,22.402
1783179165.190776,1293,333,,,-0.1127,0.1075,22.471
1783179165.2626832,1293,333,,,-0.1127,0.1075,22.543
1783179165.3329375,1293,333,,,-0.1127,0.1075,22.614
1783179165.4017453,1293,333,,,-0.1127,0.1075,22.682
1783179165.4719543,1293,333,,,-0.1127,0.1075,22.753
1783179165.5493376,1293,333,,,-0.1127,0.1075,22.830
1783179165.6259584,1293,333,,,-0.1127,0.1075,22.907
1783179165.697309,1293,333,,,-0.1127,0.1075,22.978
1783179165.7668254,1293,333,,,-0.1127,0.1075,23.047
1783179165.842849,1293,333,,,-0.1127,0.1075,23.124
1783179165.920977,1293,333,,,-0.1127,0.1075,23.202
1783179165.9922187,1293,333,,,-0.1127,0.1075,23.273
1783179166.0686438,1293,333,,,-0.1127,0.1075,23.349
1783179166.1390781,1293,333,,,-0.1127,0.1075,23.420
1783179166.208311,1293,333,,,-0.1127,0.1075,23.489
1783179166.283043,1293,333,,,-0.1127,0.1075,23.564
1783179166.3520443,1293,333,,,-0.1127,0.1075,23.633
1783179166.4225988,1293,333,,,-0.1127,0.1075,23.703
1783179166.4971142,1293,333,,,-0.1127,0.1075,23.778
1783179166.5696082,1293,333,,,-0.1127,0.1075,23.850
1783179166.6419618,1293,333,,,-0.1127,0.1075,23.923
1783179166.7143779,1293,333,,,-0.1127,0.1075,23.995
1783179166.786531,1293,333,,,-0.1127,0.1075,24.067
1783179166.8569517,1293,333,,,-0.1127,0.1075,24.138
1783179166.9261584,1293,333,,,-0.1127,0.1075,24.207
1783179166.9967332,1293,333,,,-0.1127,0.1075,24.277
1783179167.0679202,1293,333,,,-0.1127,0.1075,24.349
1783179167.1386456,1293,333,,,-0.1127,0.1075,24.419
1783179167.2063637,1292,333,,,-0.1127,0.1075,24.487
1783179167.2823646,1292,333,,,-0.1127,0.1075,24.563
1783179167.3581364,1292,333,,,-0.1127,0.1075,24.639
1783179167.4286814,1292,333,,,-0.1127,0.1075,24.709
1783179167.499031,1292,333,,,-0.1127,0.1075,24.780
1783179167.5685241,1292,333,,,-0.1127,0.1075,24.849
1783179167.6403415,1292,333,,,-0.1127,0.1075,24.921
1783179167.714712,1292,333,,,-0.1127,0.1075,24.995
1783179167.7861197,1292,333,,,-0.1127,0.1075,25.067
1783179167.8545694,1292,333,,,-0.1127,0.1075,25.135
1783179167.9306326,1292,333,,,-0.1127,0.1075,25.211
1783179168.003613,1292,333,,,-0.1127,0.1075,25.284
1783179168.0790854,1292,333,,,-0.1127,0.1075,25.360
1783179168.149766,1292,333,,,-0.1127,0.1075,25.430
1783179168.2230806,1292,334,,,-0.1127,0.1075,25.504
1783179168.295336,1293,335,,,-0.1127,0.1075,25.576
1783179168.3687263,1292,336,,,-0.1127,0.1075,25.649
1783179168.4397902,1292,336,,,-0.1127,0.1075,25.720
1783179168.5178359,1293,337,,,-0.1127,0.1075,25.799
1783179168.5858908,1292,337,,,-0.1127,0.1075,25.867
1783179168.654671,1292,338,,,-0.1127,0.1075,25.935
1783179168.7255316,1292,338,,,-0.1127,0.1075,26.006
1783179168.793431,1292,339,,,-0.1127,0.1075,26.074
1783179168.8619359,1292,339,,,-0.1127,0.1075,26.143
1783179168.931781,1292,340,,,-0.1127,0.1075,26.212
1783179169.0022554,1292,341,,,-0.1127,0.1075,26.283
1783179169.073042,1293,342,,,-0.1127,0.1075,26.354
1783179169.1487136,1293,342,,,-0.1127,0.1075,26.429
1783179169.2191832,1292,342,,,-0.1127,0.1075,26.500
1783179169.288964,1292,343,,,-0.1127,0.1075,26.570
1783179169.3593247,1293,344,,,-0.1127,0.1075,26.640
1783179169.429043,1293,345,,,-0.1127,0.1075,26.710
1783179169.5003114,1293,345,,,-0.1127,0.1075,26.781
1783179169.574011,1293,346,,,-0.1127,0.1075,26.855
1783179169.642222,1293,346,,,-0.1127,0.1075,26.923
1783179169.7123306,1293,346,,,-0.1127,0.1075,26.993
1783179169.7815242,1293,347,,,-0.1127,0.1075,27.062
1783179169.8578482,1293,348,,,-0.1127,0.1075,27.139
1783179169.9291136,1292,349,,,-0.1127,0.1075,27.210
1783179169.9998987,1292,350,,,-0.1127,0.1075,27.281
1783179170.0677354,1292,351,,,-0.1127,0.1075,27.348
1783179170.1369388,1292,351,,,-0.1127,0.1075,27.418
1783179170.208257,1292,351,,,-0.1127,0.1075,27.489
1783179170.2781005,1292,352,,,-0.1127,0.1075,27.559
1783179170.348716,1293,352,,,-0.1127,0.1075,27.629
1783179170.4194791,1293,353,,,-0.1127,0.1075,27.700
1783179170.494693,1293,354,,,-0.1127,0.1075,27.775
1783179170.5698822,1293,355,,,-0.1127,0.1075,27.851
1783179170.6407743,1293,356,,,-0.1127,0.1075,27.921
1783179170.712059,1293,356,,,-0.1127,0.1075,27.993
1783179170.782779,1293,356,,,-0.1127,0.1075,28.063
1783179170.8534155,1293,357,,,-0.1127,0.1075,28.134
1783179170.9277518,1293,358,,,-0.1127,0.1075,28.208
1783179170.9991088,1293,359,,,-0.1127,0.1075,28.280
1783179171.0696,1293,360,,,-0.1127,0.1075,28.350
1783179171.1443863,1293,360,,,-0.1127,0.1075,28.425
1783179171.2153435,1293,360,,,-0.1127,0.1075,28.496
1783179171.2862663,1293,361,,,-0.1127,0.1075,28.567
1783179171.3590155,1293,362,,,-0.1127,0.1075,28.640
1783179171.4338615,1292,362,,,-0.1127,0.1075,28.715
1783179171.5115392,1293,363,,,-0.1127,0.1075,28.792
1783179171.5815914,1293,364,,,-0.1127,0.1075,28.862
1783179171.6565273,1293,364,,,-0.1127,0.1075,28.937
1783179171.7303207,1293,365,,,-0.1127,0.1075,29.011
1783179171.8012123,1293,365,,,-0.1127,0.1075,29.082
1783179171.871684,1293,366,,,-0.1134,0.1056,29.152
1783179171.9497764,1293,367,-0.1127,0.1075,-0.1095,0.1145,29.230
1783179172.020258,1293,368,-0.1034,0.1297,-0.1089,0.1182,29.301
1783179172.097127,1293,369,-0.1127,0.1146,-0.1071,0.1261,29.378
1783179172.1664915,1293,370,-0.1035,0.1368,-0.1063,0.1298,29.447
1783179172.2354906,1293,370,-0.1035,0.1368,-0.1039,0.1384,29.516
1783179172.3034086,1294,370,-0.1070,0.1368,-0.1044,0.1390,29.584
1783179172.371459,1293,371,-0.1035,0.1403,-0.1071,0.1352,29.652
1783179172.4417043,1293,372,-0.1127,0.1253,-0.1100,0.1300,29.722
1783179172.5230584,1293,373,-0.1127,0.1288,-0.1135,0.1275,29.804
1783179172.6039307,1293,374,-0.1127,0.1324,-0.1127,0.1314,29.885
1783179172.6758301,1293,374,-0.1127,0.1324,-0.1127,0.1336,29.957
1783179172.7496488,1293,375,-0.1127,0.1359,-0.1127,0.1347,30.030
1783179172.8197324,1293,375,-0.1127,0.1359,-0.1123,0.1356,30.100
1783179172.8912718,1293,376,-0.1127,0.1395,-0.1142,0.1428,30.172
1783179172.962853,1294,377,-0.1171,0.1575,-0.1150,0.1539,30.244
1783179173.0327823,1293,378,-0.1131,0.1615,-0.1145,0.1630,30.313
1783179173.104757,1293,379,-0.1131,0.1653,-0.1127,0.1647,30.385
1783179173.1759894,1293,379,-0.1131,0.1653,-0.1127,0.1653,30.457
1783179173.2482705,1293,379,-0.1131,0.1653,-0.1144,0.1659,30.529
1783179173.3244832,1294,380,-0.1169,0.1688,-0.1149,0.1690,30.605
1783179173.4001725,1293,381,-0.1129,0.1729,-0.1143,0.1718,30.681
1783179173.4723809,1293,381,-0.1129,0.1729,-0.1126,0.1738,30.753
1783179173.5517898,1293,382,-0.1129,0.1766,-0.1129,0.1766,30.832
1783179173.6230435,1293,383,-0.1128,0.1804,-0.1128,0.1794,30.904
1783179173.7003047,1293,383,-0.1128,0.1804,-0.1128,0.1817,30.981
1783179173.778111,1293,384,-0.1127,0.1842,-0.1128,0.1829,31.059
1783179173.8493176,1293,384,-0.1127,0.1842,-0.1127,0.1852,31.130
1783179173.924501,1293,385,-0.1127,0.1880,-0.1127,0.1880,31.205
1783179173.9957466,1293,386,-0.1126,0.1918,-0.1126,0.1908,31.276
1783179174.074524,1293,386,-0.1126,0.1918,-0.1126,0.1927,31.355
1783179174.1587458,1293,387,-0.1125,0.1955,-0.1125,0.1955,31.439
1783179174.2330606,1293,388,-0.1125,0.1993,-0.1125,0.1984,31.514
1783179174.3063545,1293,388,-0.1125,0.1993,-0.1125,0.2006,31.587
1783179174.3782759,1293,389,-0.1124,0.2031,-0.1124,0.2018,31.659
1783179174.4488506,1293,389,-0.1124,0.2031,-0.1124,0.2041,31.730
1783179174.5201209,1293,390,-0.1124,0.2069,-0.1124,0.2066,31.801
1783179174.59725,1293,391,-0.1123,0.2107,-0.1123,0.2110,31.878
1783179174.6736038,1293,392,-0.1122,0.2144,-0.1122,0.2135,31.954
1783179174.743676,1293,392,-0.1122,0.2144,-0.1122,0.2154,32.024
1783179174.8166022,1293,393,-0.1122,0.2182,-0.1125,0.2182,32.097
1783179174.8875494,1293,394,-0.1121,0.2220,-0.1104,0.2211,32.168
1783179174.9605494,1292,394,-0.1082,0.2222,-0.1115,0.2230,32.241
1783179175.0328376,1294,395,-0.1160,0.2256,-0.1126,0.2254,32.314
1783179175.1042433,1293,396,-0.1120,0.2295,-0.1136,0.2298,32.385
1783179175.1800494,1293,397,-0.1119,0.2333,-0.1116,0.2324,32.461
1783179175.251692,1293,397,-0.1119,0.2333,-0.1119,0.2346,32.532
1783179175.323296,1293,398,-0.1118,0.2371,-0.1119,0.2361,32.604
1783179175.4002123,1293,398,-0.1118,0.2371,-0.1118,0.2371,32.681
1783179175.4754348,1293,398,-0.1118,0.2371,-0.1118,0.2377,32.756
1783179175.548268,1293,399,-0.1118,0.2408,-0.1114,0.2405,32.829
1783179175.6190119,1293,400,-0.1117,0.2446,-0.1127,0.2449,32.900
1783179175.68958,1294,401,-0.1156,0.2482,-0.1146,0.2473,32.970
1783179175.76169,1294,401,-0.1156,0.2482,-0.1159,0.2491,33.042
1783179175.833587,1294,402,-0.1155,0.2519,-0.1155,0.2519,33.114
1783179175.9056435,1294,403,-0.1154,0.2557,-0.1155,0.2547,33.186
1783179175.9837074,1294,403,-0.1154,0.2557,-0.1154,0.2570,33.264
1783179176.0595667,1294,404,-0.1154,0.2595,-0.1154,0.2582,33.340
1783179176.1316807,1294,404,-0.1154,0.2595,-0.1154,0.2604,33.412
1783179176.2046726,1294,405,-0.1153,0.2632,-0.1153,0.2629,33.485
1783179176.2775397,1294,406,-0.1152,0.2670,-0.1152,0.2670,33.558
1783179176.3488653,1294,407,-0.1152,0.2708,-0.1152,0.2708,33.630
1783179176.4270635,1294,408,-0.1151,0.2745,-0.1151,0.2745,33.708
1783179176.498476,1294,409,-0.1151,0.2783,-0.1150,0.2786,33.779
1783179176.5768216,1294,410,-0.1150,0.2821,-0.1150,0.2811,33.857
1783179176.648332,1294,410,-0.1150,0.2821,-0.1150,0.2833,33.929
1783179176.7190738,1294,411,-0.1149,0.2858,-0.1149,0.2845,34.000
1783179176.7914038,1294,411,-0.1149,0.2858,-0.1149,0.2868,34.072
1783179176.8620827,1294,412,-0.1149,0.2896,-0.1149,0.2893,34.143
1783179176.9341998,1294,413,-0.1148,0.2933,-0.1148,0.2937,34.215
1783179177.009088,1294,414,-0.1147,0.2971,-0.1147,0.2961,34.290
1783179177.080355,1294,414,-0.1147,0.2971,-0.1147,0.2984,34.361
1783179177.152995,1294,415,-0.1147,0.3009,-0.1147,0.2996,34.434
1783179177.2332652,1294,415,-0.1147,0.3009,-0.1146,0.3021,34.514
1783179177.3058443,1294,416,-0.1146,0.3046,-0.1146,0.3033,34.587
1783179177.3818266,1294,416,-0.1146,0.3046,-0.1146,0.3056,34.662
1783179177.4538765,1294,417,-0.1145,0.3084,-0.1145,0.3080,34.735
1783179177.5248551,1294,418,-0.1145,0.3121,-0.1145,0.3121,34.806
1783179177.6045685,1294,419,-0.1144,0.3159,-0.1144,0.3162,34.885
1783179177.6778758,1294,420,-0.1143,0.3196,-0.1144,0.3187,34.959
1783179177.7577085,1294,420,-0.1143,0.3196,-0.1143,0.3209,35.038
1783179177.830578,1294,421,-0.1143,0.3234,-0.1143,0.3221,35.111
1783179177.9037435,1294,421,-0.1143,0.3234,-0.1143,0.3243,35.184
1783179177.9753656,1294,422,-0.1142,0.3271,-0.1142,0.3271,35.256
1783179178.0464587,1294,423,-0.1141,0.3309,-0.1138,0.3299,35.327
1783179178.119658,1294,423,-0.1141,0.3309,-0.1151,0.3318,35.400
1783179178.1921842,1295,424,-0.1180,0.3344,-0.1170,0.3345,35.473
1783179178.262362,1295,425,-0.1179,0.3382,-0.1183,0.3372,35.543
1783179178.3343089,1295,425,-0.1179,0.3382,-0.1179,0.3391,35.615
1783179178.408069,1295,426,-0.1179,0.3419,-0.1179,0.3419,35.689
1783179178.4802601,1295,427,-0.1178,0.3457,-0.1175,0.3447,35.761
1783179178.5589476,1295,427,-0.1178,0.3457,-0.1191,0.3466,35.840
1783179178.6340346,1296,428,-0.1217,0.3492,-0.1193,0.3493,35.915
1783179178.7063339,1295,429,-0.1177,0.3532,-0.1200,0.3521,35.987
1783179178.7786052,1296,429,-0.1216,0.3530,-0.1202,0.3540,36.059
1783179178.8564625,1296,430,-0.1215,0.3567,-0.1222,0.3564,36.137
1783179178.9347878,1296,431,-0.1215,0.3605,-0.1201,0.3609,36.215
1783179179.0055504,1295,432,-0.1175,0.3644,-0.1195,0.3633,36.286
1783179179.0827954,1296,432,-0.1214,0.3642,-0.1204,0.3655,36.363
1783179179.157023,1296,433,-0.1213,0.3680,-0.1207,0.3667,36.438
1783179179.2346172,1295,433,-0.1174,0.3681,-0.1181,0.3691,36.515
1783179179.3066463,1295,434,-0.1174,0.3719,-0.1184,0.3718,36.587
1783179179.37954,1296,435,-0.1212,0.3754,-0.1189,0.3746,36.660
1783179179.4495313,1295,435,-0.1173,0.3756,-0.1200,0.3765,36.730
1783179179.5223894,1296,436,-0.1211,0.3792,-0.1185,0.3790,36.803
1783179179.5956979,1295,437,-0.1172,0.3831,-0.1195,0.3833,36.876
1783179179.6683555,1296,438,-0.1210,0.3867,-0.1197,0.3858,36.949
1783179179.7409806,1296,438,-0.1210,0.3867,-0.1217,0.3879,37.022
1783179179.8129315,1296,439,-0.1209,0.3904,-0.1200,0.3892,37.094
1783179179.8845837,1295,439,-0.1170,0.3906,-0.1180,0.3915,37.165
1783179179.9568338,1295,440,-0.1170,0.3943,-0.1166,0.3943,37.238
1783179180.0286071,1295,441,-0.1169,0.3980,-0.1169,0.3971,37.309
1783179180.1040401,1295,441,-0.1169,0.3980,-0.1169,0.3990,37.385
1783179180.177239,1295,442,-0.1168,0.4018,-0.1168,0.4018,37.458
1783179180.2491179,1295,443,-0.1168,0.4055,-0.1168,0.4045,37.530
1783179180.323371,1295,443,-0.1168,0.4055,-0.1164,0.4065,37.604
1783179180.3954954,1295,444,-0.1167,0.4092,-0.1177,0.4089,37.676
1783179180.4658766,1296,445,-0.1206,0.4128,-0.1199,0.4131,37.747
1783179180.5378864,1296,446,-0.1205,0.4165,-0.1198,0.4156,37.819
1783179180.6140718,1295,446,-0.1166,0.4167,-0.1176,0.4176,37.895
1783179180.6899443,1295,447,-0.1165,0.4204,-0.1158,0.4205,37.971
1783179180.7657216,1295,448,-0.1164,0.4242,-0.1178,0.4231,38.046
1783179180.8501105,1296,448,-0.1204,0.4240,-0.1180,0.4254,38.131
1783179180.9269333,1295,449,-0.1164,0.4279,-0.1187,0.4265,38.208
1783179180.9981017,1296,449,-0.1203,0.4277,-0.1189,0.4287,38.279
1783179181.0733454,1296,450,-0.1202,0.4314,-0.1206,0.4311,38.354
1783179181.1505094,1296,451,-0.1202,0.4352,-0.1202,0.4355,38.431
1783179181.2264957,1296,452,-0.1201,0.4389,-0.1201,0.4379,38.507
1783179181.299111,1296,452,-0.1201,0.4389,-0.1201,0.4402,38.580
1783179181.3743978,1296,453,-0.1200,0.4426,-0.1201,0.4413,38.655
1783179181.4459128,1296,453,-0.1200,0.4426,-0.1200,0.4436,38.727
1783179181.5241976,1296,454,-0.1200,0.4463,-0.1200,0.4463,38.805
1783179181.6128514,1296,455,-0.1199,0.4501,-0.1199,0.4491,38.894
1783179181.6862593,1296,455,-0.1199,0.4501,-0.1199,0.4510,38.967
1783179181.7573674,1296,456,-0.1198,0.4538,-0.1202,0.4538,39.038
1783179181.8341308,1296,457,-0.1198,0.4575,-0.1184,0.4566,39.115
1783179181.9074328,1295,457,-0.1159,0.4577,-0.1178,0.4589,39.188
1783179181.980962,1296,458,-0.1197,0.4612,-0.1184,0.4600,39.262
1783179182.058519,1296,458,-0.1197,0.4612,-0.1200,0.4622,39.339
1783179182.1305487,1296,459,-0.1196,0.4650,-0.1196,0.4646,39.411
1783179182.2033367,1296,460,-0.1196,0.4687,-0.1196,0.4690,39.484
1783179182.2748199,1296,461,-0.1195,0.4724,-0.1199,0.4714,39.555
1783179182.3561907,1296,461,-0.1195,0.4724,-0.1182,0.4734,39.637
1783179182.4285214,1295,462,-0.1155,0.4763,-0.1175,0.4762,39.709
1783179182.5050466,1296,463,-0.1194,0.4798,-0.1184,0.4789,39.786
1783179182.5822818,1296,463,-0.1194,0.4798,-0.1187,0.4808,39.863
1783179182.6683393,1295,464,-0.1154,0.4837,-0.1164,0.4837,39.949
1783179182.7491493,1295,465,-0.1153,0.4874,-0.1147,0.4865,40.030
1783179182.821079,1295,465,-0.1153,0.4874,-0.1163,0.4883,40.102
1783179182.896457,1296,466,-0.1192,0.4910,-0.1182,0.4910,40.177
1783179182.9698076,1296,467,-0.1191,0.4947,-0.1195,0.4937,40.250
1783179183.0460033,1296,467,-0.1191,0.4947,-0.1191,0.4956,40.327
1783179183.1187,1296,468,-0.1191,0.4984,-0.1191,0.4984,40.399
1783179183.1899855,1296,469,-0.1190,0.5021,-0.1190,0.5011,40.471
1783179183.2633965,1296,469,-0.1190,0.5021,-0.1186,0.5031,40.544
1783179183.338833,1296,470,-0.1189,0.5058,-0.1199,0.5058,40.620
1783179183.4104512,1297,471,-0.1228,0.5094,-0.1221,0.5084,40.691
1783179183.4823081,1297,471,-0.1228,0.5094,-0.1221,0.5107,40.763
1783179183.5533862,1296,472,-0.1188,0.5132,-0.1195,0.5119,40.834
1783179183.6223292,1296,472,-0.1188,0.5132,-0.1194,0.5142,40.903
1783179183.6936026,1297,473,-0.1226,0.5168,-0.1220,0.5168,40.974
1783179183.765095,1297,474,-0.1226,0.5205,-0.1216,0.5196,41.046
1783179183.8372114,1296,474,-0.1187,0.5206,-0.1207,0.5215,41.118
1783179183.9121907,1297,475,-0.1225,0.5242,-0.1212,0.5239,41.193
1783179183.990406,1297,476,-0.1224,0.5279,-0.1231,0.5282,41.271
1783179184.0610857,1297,477,-0.1224,0.5316,-0.1210,0.5307,41.342
1783179184.1318667,1296,477,-0.1185,0.5318,-0.1208,0.5326,41.413
1783179184.203671,1297,478,-0.1223,0.5353,-0.1196,0.5354,41.484
1783179184.2846801,1296,479,-0.1183,0.5392,-0.1207,0.5381,41.565
1783179184.355775,1297,479,-0.1222,0.5390,-0.1212,0.5403,41.636
1783179184.4260178,1297,480,-0.1222,0.5427,-0.1212,0.5415,41.707
1783179184.4982462,1296,480,-0.1183,0.5429,-0.1203,0.5437,41.779
1783179184.5734076,1297,481,-0.1221,0.5464,-0.1208,0.5462,41.854
1783179184.6479936,1297,482,-0.1220,0.5501,-0.1219,0.5531,41.929
1783179184.7186735,1297,483,-0.1220,0.5538,-0.1236,0.5449,41.999
1783179184.79201,1297,483,-0.1273,0.5228,-0.1247,0.5317,42.073
1783179184.8654084,1296,484,-0.1239,0.5264,-0.1261,0.5237,42.146
1783179184.9429922,1297,485,-0.1273,0.5299,-0.1261,0.5290,42.224
1783179185.0168512,1297,485,-0.1273,0.5299,-0.1276,0.5308,42.298
1783179185.087559,1297,486,-0.1273,0.5335,-0.1273,0.5335,42.368
1783179185.160304,1297,487,-0.1273,0.5370,-0.1276,0.5361,42.441
1783179185.232212,1297,487,-0.1273,0.5370,-0.1261,0.5379,42.513
1783179185.3040602,1296,488,-0.1239,0.5406,-0.1259,0.5406,42.585
1783179185.3753498,1297,489,-0.1273,0.5441,-0.1249,0.5432,42.656
1783179185.447929,1296,489,-0.1239,0.5441,-0.1259,0.5450,42.729
1783179185.521343,1297,490,-0.1273,0.5477,-0.1261,0.5477,42.802
1783179185.594347,1297,491,-0.1273,0.5512,-0.1279,0.5503,42.875
1783179185.6782832,1297,491,-0.1273,0.5512,-0.1261,0.5522,42.959
1783179185.7494853,1296,492,-0.1239,0.5548,-0.1259,0.5548,43.030
1783179185.820418,1297,493,-0.1273,0.5584,-0.1250,0.5574,43.101
1783179185.895059,1296,493,-0.1239,0.5583,-0.1259,0.5593,43.176
1783179185.9736857,1297,494,-0.1273,0.5619,-0.1261,0.5619,43.254
1783179186.0487273,1297,495,-0.1273,0.5655,-0.1276,0.5646,43.329
1783179186.1191916,1297,495,-0.1273,0.5655,-0.1276,0.5664,43.400
1783179186.2026882,1297,496,-0.1273,0.5690,-0.1264,0.5690,43.483
1783179186.2795944,1296,497,-0.1239,0.5726,-0.1248,0.5717,43.560
1783179186.3523448,1296,497,-0.1239,0.5726,-0.1236,0.5735,43.633
1783179186.4255588,1296,498,-0.1239,0.5761,-0.1236,0.5758,43.706
1783179186.4967604,1296,499,-0.1239,0.5797,-0.1251,0.5797,43.777
1783179186.5707083,1297,500,-0.1273,0.5832,-0.1253,0.5835,43.851
1783179186.6467512,1296,501,-0.1239,0.5868,-0.1260,0.5859,43.927
1783179186.717568,1297,501,-0.1274,0.5868,-0.1262,0.5877,43.998
1783179186.7889535,1297,502,-0.1274,0.5903,-0.1279,0.5903,44.070
1783179186.8674936,1297,503,-0.1274,0.5939,-0.1262,0.5930,44.148
1783179186.9386792,1296,503,-0.1240,0.5939,-0.1257,0.5948,44.219
1783179187.0171294,1297,504,-0.1274,0.5974,-0.1262,0.5974,44.298
1783179187.0892699,1297,505,-0.1274,0.6010,-0.1277,0.6001,44.370
1783179187.1624067,1297,505,-0.1274,0.6010,-0.1277,0.6019,44.443
1783179187.2380838,1297,506,-0.1274,0.6045,-0.1265,0.6045,44.519
1783179187.3148296,1296,507,-0.1240,0.6081,-0.1248,0.6072,44.596
1783179187.388625,1296,507,-0.1240,0.6081,-0.1237,0.6090,44.669
1783179187.459179,1296,508,-0.1240,0.6116,-0.1237,0.6113,44.740
1783179187.5394297,1296,509,-0.1240,0.6152,-0.1252,0.6155,44.820
1783179187.622334,1297,510,-0.1274,0.6187,-0.1254,0.6178,44.903
1783179187.6943586,1296,510,-0.1240,0.6187,-0.1260,0.6197,44.975
1783179187.766022,1297,511,-0.1274,0.6223,-0.1262,0.6223,45.047
1783179187.8443673,1297,512,-0.1274,0.6258,-0.1277,0.6249,45.125
1783179187.9237149,1297,512,-0.1274,0.6258,-0.1274,0.6271,45.204
1783179187.9964044,1297,513,-0.1274,0.6294,-0.1274,0.6282,45.277
1783179188.0688722,1297,513,-0.1274,0.6294,-0.1274,0.6303,45.350
1783179188.1487882,1297,514,-0.1274,0.6329,-0.1274,0.6329,45.429
1783179188.2228148,1297,515,-0.1274,0.6365,-0.1274,0.6356,45.503
1783179188.2956252,1297,515,-0.1274,0.6365,-0.1274,0.6374,45.576
1783179188.3664284,1297,516,-0.1274,0.6400,-0.1274,0.6397,45.647
1783179188.4451032,1297,517,-0.1274,0.6436,-0.1274,0.6439,45.726
1783179188.5230825,1297,518,-0.1274,0.6471,-0.1271,0.6462,45.804
1783179188.5952854,1297,518,-0.1274,0.6471,-0.1283,0.6481,45.876
1783179188.666176,1298,519,-0.1309,0.6507,-0.1300,0.6507,45.947
1783179188.7382658,1298,520,-0.1309,0.6542,-0.1311,0.6533,46.019
1783179188.808529,1298,520,-0.1309,0.6542,-0.1312,0.6551,46.089
1783179188.8780274,1298,521,-0.1309,0.6578,-0.1300,0.6575,46.159
1783179188.9503782,1297,522,-0.1275,0.6613,-0.1283,0.6613,46.231
1783179189.0244944,1297,523,-0.1275,0.6649,-0.1269,0.6652,46.305
1783179189.102145,1297,524,-0.1275,0.6684,-0.1286,0.6675,46.383
1783179189.1809914,1298,524,-0.1309,0.6684,-0.1291,0.6693,46.462
1783179189.2600539,1297,525,-0.1275,0.6720,-0.1286,0.6720,46.541
1783179189.3330963,1297,526,-0.1275,0.6755,-0.1272,0.6746,46.614
1783179189.4059029,1297,526,-0.1275,0.6755,-0.1275,0.6764,46.687
1783179189.4843879,1297,527,-0.1275,0.6791,-0.1275,0.6791,46.765
1783179189.5556653,1297,528,-0.1275,0.6826,-0.1275,0.6817,46.836
1783179189.624983,1297,528,-0.1275,0.6826,-0.1272,0.6835,46.906
1783179189.6966114,1297,529,-0.1275,0.6862,-0.1284,0.6862,46.977
1783179189.769814,1298,530,-0.1309,0.6897,-0.1300,0.6888,47.050
1783179189.8468075,1298,530,-0.1309,0.6897,-0.1312,0.6906,47.127
1783179189.923286,1298,531,-0.1309,0.6933,-0.1309,0.6933,47.204
1783179189.9954586,1298,532,-0.1309,0.6968,-0.1309,0.6959,47.276
1783179190.0681942,1298,532,-0.1309,0.6968,-0.1309,0.6977,47.349
1783179190.1432543,1298,533,-0.1309,0.7003,-0.1312,0.7003,47.424
1783179190.2226882,1298,534,-0.1309,0.7039,-0.1298,0.7030,47.503
1783179190.2964747,1297,534,-0.1275,0.7039,-0.1296,0.7051,47.577
1783179190.3673851,1298,535,-0.1309,0.7074,-0.1286,0.7062,47.648
1783179190.4451437,1297,535,-0.1275,0.7075,-0.1296,0.7084,47.726
1783179190.5211294,1298,536,-0.1309,0.7110,-0.1298,0.7107,47.802
1783179190.591915,1298,537,-0.1309,0.7145,-0.1309,0.7149,47.873
1783179190.6682162,1298,538,-0.1309,0.7181,-0.1323,0.7170,47.949
1783179190.7404985,1299,539,-0.1349,0.7176,-0.1327,0.7189,48.021
1783179190.82013,1298,540,-0.1316,0.7212,-0.1336,0.7199,48.101
1783179190.8976562,1299,540,-0.1349,0.7211,-0.1338,0.7224,48.178
1783179190.9757316,1299,541,-0.1349,0.7247,-0.1355,0.7235,48.256
1783179191.0477061,1299,541,-0.1349,0.7247,-0.1338,0.7259,48.328
1783179191.1190624,1298,542,-0.1316,0.7282,-0.1333,0.7270,48.400
1783179191.1965342,1299,542,-0.1350,0.7282,-0.1335,0.7291,48.477
1783179191.2694845,1299,543,-0.1350,0.7317,-0.1364,0.7314,48.550
1783179191.341768,1300,544,-0.1384,0.7352,-0.1366,0.7356,48.622
1783179191.4145052,1299,545,-0.1350,0.7388,-0.1361,0.7379,48.695
1783179191.4860554,1299,545,-0.1350,0.7388,-0.1347,0.7400,48.767
1783179191.5583587,1299,546,-0.1350,0.7423,-0.1350,0.7411,48.839
1783179191.635578,1299,546,-0.1350,0.7423,-0.1350,0.7435,48.916
1783179191.7084706,1299,547,-0.1350,0.7458,-0.1350,0.7446,48.989
1783179191.7819948,1299,547,-0.1350,0.7458,-0.1350,0.7468,49.063
1783179191.8512962,1299,548,-0.1350,0.7494,-0.1350,0.7491,49.132
1783179191.9315124,1299,549,-0.1350,0.7529,-0.1353,0.7532,49.212
1783179192.0023162,1299,550,-0.1350,0.7564,-0.1339,0.7555,49.283
1783179192.0749238,1298,550,-0.1316,0.7565,-0.1337,0.7574,49.356
1783179192.1457908,1299,551,-0.1350,0.7600,-0.1330,0.7600,49.426
1783179192.2180912,1298,552,-0.1317,0.7635,-0.1328,0.7626,49.499
1783179192.2891023,1298,552,-0.1317,0.7635,-0.1314,0.7644,49.570
1783179192.3602302,1298,553,-0.1317,0.7670,-0.1317,0.7670,49.641
1783179192.4329371,1298,554,-0.1317,0.7706,-0.1317,0.7697,49.714
1783179192.5046406,1298,554,-0.1317,0.7706,-0.1314,0.7715,49.785
1783179192.576884,1298,555,-0.1317,0.7741,-0.1328,0.7741,49.858
1783179192.649281,1299,556,-0.1351,0.7776,-0.1333,0.7767,49.930
1783179192.7218044,1298,556,-0.1317,0.7776,-0.1329,0.7785,50.002
1783179192.7929137,1298,557,-0.1317,0.7812,-0.1314,0.7812,50.074
1783179192.8658547,1298,558,-0.1317,0.7847,-0.1317,0.7838,50.147
1783179192.9375525,1298,558,-0.1317,0.7847,-0.1317,0.7856,50.218
1783179193.0140204,1298,559,-0.1317,0.7882,-0.1317,0.7882,50.295
1783179193.0862215,1298,560,-0.1317,0.7917,-0.1317,0.7908,50.367
1783179193.1659765,1298,560,-0.1317,0.7917,-0.1317,0.7930,50.447
1783179193.238919,1298,561,-0.1317,0.7953,-0.1317,0.7941,50.520
1783179193.3174253,1298,561,-0.1317,0.7953,-0.1320,0.7962,50.598
1783179193.3903115,1298,562,-0.1318,0.7988,-0.1306,0.7985,50.671
1783179193.4626646,1297,563,-0.1284,0.8024,-0.1301,0.8026,50.743
1783179193.5338204,1298,564,-0.1318,0.8059,-0.1306,0.8050,50.814
1783179193.6111183,1298,564,-0.1318,0.8059,-0.1321,0.8071,50.892
1783179193.681587,1298,565,-0.1318,0.8094,-0.1318,0.8082,50.962
1783179193.7638292,1298,565,-0.1318,0.8094,-0.1318,0.8103,51.045
1783179193.8366337,1298,566,-0.1318,0.8129,-0.1321,0.8129,51.117
1783179193.9091966,1298,567,-0.1318,0.8164,-0.1306,0.8155,51.190
1783179193.9801362,1297,567,-0.1284,0.8165,-0.1302,0.8174,51.261
1783179194.0490904,1298,568,-0.1318,0.8200,-0.1306,0.8197,51.330
1783179194.1313114,1298,569,-0.1318,0.8235,-0.1324,0.8238,51.412
1783179194.204613,1298,570,-0.1318,0.8270,-0.1310,0.8261,51.485
1783179194.2844174,1297,570,-0.1284,0.8271,-0.1293,0.8283,51.565
1783179194.360904,1297,571,-0.1285,0.8306,-0.1282,0.8294,51.642
1783179194.43336,1297,571,-0.1285,0.8306,-0.1285,0.8315,51.714
1783179194.5071929,1297,572,-0.1285,0.8341,-0.1285,0.8338,51.788
1783179194.5816307,1297,573,-0.1285,0.8376,-0.1285,0.8379,51.862
1783179194.6524417,1297,574,-0.1285,0.8412,-0.1285,0.8403,51.933
1783179194.7263415,1297,574,-0.1285,0.8412,-0.1285,0.8421,52.007
1783179194.79702,1297,575,-0.1285,0.8447,-0.1285,0.8447,52.078
1783179194.8771536,1297,576,-0.1285,0.8482,-0.1288,0.8473,52.158
1783179194.9494555,1297,576,-0.1285,0.8482,-0.1276,0.8491,52.230
1783179195.026425,1296,577,-0.1251,0.8518,-0.1260,0.8515,52.307
1783179195.0982518,1296,578,-0.1251,0.8553,-0.1248,0.8556,52.379
1783179195.17011,1296,579,-0.1251,0.8588,-0.1251,0.8579,52.451
1783179195.2441463,1296,579,-0.1251,0.8588,-0.1252,0.8600,52.525
1783179195.320449,1296,580,-0.1252,0.8624,-0.1252,0.8611,52.601
1783179195.392353,1296,580,-0.1252,0.8624,-0.1252,0.8633,52.673
1783179195.4636743,1296,581,-0.1252,0.8659,-0.1252,0.8659,52.744
1783179195.5356455,1296,582,-0.1252,0.8694,-0.1252,0.8685,52.816
1783179195.6074183,1296,582,-0.1252,0.8694,-0.1252,0.8703,52.888
1783179195.6794398,1296,583,-0.1252,0.8729,-0.1252,0.8729,52.960
1783179195.7537472,1296,584,-0.1252,0.8765,-0.1252,0.8756,53.034
1783179195.8271055,1296,584,-0.1252,0.8765,-0.1252,0.8774,53.108
1783179195.9000556,1296,585,-0.1252,0.8800,-0.1252,0.8797,53.181
1783179195.9725256,1296,586,-0.1252,0.8835,-0.1252,0.8838,53.253
1783179196.0481997,1296,587,-0.1252,0.8870,-0.1252,0.8861,53.329
1783179196.126764,1296,587,-0.1252,0.8870,-0.1252,0.8879,53.407
1783179196.1990018,1296,588,-0.1252,0.8906,-0.1252,0.8906,53.480
1783179196.2768002,1296,589,-0.1252,0.8941,-0.1252,0.8932,53.557
1783179196.3486814,1296,589,-0.1252,0.8941,-0.1252,0.8950,53.629
1783179196.423394,1296,590,-0.1252,0.8976,-0.1255,0.8976,53.704
1783179196.494657,1296,591,-0.1253,0.9011,-0.1257,0.8970,53.775
1783179196.5668314,1295,591,-0.1219,0.9012,-0.1189,0.9117,53.848
1783179196.6396275,1295,592,-0.1068,0.9420,-0.1104,0.9322,53.920
1783179196.7263577,1295,593,-0.1068,0.9456,-0.1055,0.9491,54.007
1783179196.7982233,1295,594,-0.1067,0.9492,-0.1067,0.9483,54.079
1783179196.8713226,1295,594,-0.1067,0.9492,-0.1070,0.9504,54.152
1783179196.944678,1295,595,-0.1067,0.9528,-0.1057,0.9516,54.225
1783179197.020724,1294,595,-0.1029,0.9528,-0.1038,0.9540,54.301
1783179197.09546,1294,596,-0.1028,0.9564,-0.1025,0.9549,54.376
1783179197.168612,1294,596,-0.1028,0.9564,-0.1028,0.9586,54.449
1783179197.2438765,1294,598,-0.1027,0.9636,-0.1028,0.9614,54.525
1783179197.316228,1294,598,-0.1027,0.9636,-0.1027,0.9651,54.597
1783179197.392122,1294,599,-0.1027,0.9672,-0.1027,0.9659,54.673
1783179197.469079,1294,599,-0.1027,0.9672,-0.1030,0.9684,54.750
1783179197.5387046,1294,600,-0.1026,0.9708,-0.1017,0.9692,54.819
1783179197.6104667,1293,600,-0.0989,0.9708,-0.0998,0.9726,54.891
1783179197.6880553,1293,602,-0.0988,0.9779,-0.0988,0.9767,54.969
1783179197.7606285,1293,603,-0.0987,0.9815,-0.0964,0.9847,55.041
1783179197.832071,1292,604,-0.0949,0.9851,-0.1000,0.9769,55.113
1783179197.9037826,1292,605,-0.1109,0.9555,-0.1064,0.9634,55.184
1783179197.9781861,1292,605,-0.1109,0.9555,-0.1125,0.9527,55.259
1783179198.048148,1292,605,-0.1109,0.9555,-0.1097,0.9561,55.329
1783179198.1203172,1291,606,-0.1075,0.9591,-0.1095,0.9588,55.401
1783179198.192412,1292,607,-0.1109,0.9626,-0.1091,0.9626,55.473
1783179198.2655497,1291,608,-0.1075,0.9662,-0.1078,0.9662,55.546
1783179198.3377445,1290,609,-0.1041,0.9698,-0.1046,0.9701,55.618
1783179198.4086494,1290,610,-0.1041,0.9733,-0.1038,0.9727,55.689
1783179198.4795253,1290,610,-0.1041,0.9733,-0.1041,0.9733,55.760
1783179198.5576475,1290,610,-0.1041,0.9733,-0.1041,0.9739,55.838
1783179198.633384,1290,611,-0.1041,0.9769,-0.1041,0.9769,55.914
1783179198.705711,1290,612,-0.1041,0.9804,-0.1044,0.9795,55.986
1783179198.7776785,1290,612,-0.1041,0.9804,-0.1032,0.9813,56.058
1783179198.85284,1289,613,-0.1007,0.9840,-0.1016,0.9837,56.134
1783179198.937379,1289,614,-0.1007,0.9875,-0.1004,0.9878,56.218
1783179199.0066833,1289,615,-0.1007,0.9911,-0.1007,0.9902,56.287
1783179199.0820982,1289,615,-0.1007,0.9911,-0.1007,0.9923,56.363
1783179199.1512318,1289,616,-0.1007,0.9946,-0.1007,0.9934,56.432
1783179199.2292597,1289,616,-0.1007,0.9946,-0.1010,0.9955,56.510
1783179199.3014464,1289,617,-0.1007,0.9981,-0.0998,0.9978,56.582
1783179199.373846,1288,618,-0.0973,1.0017,-0.0982,1.0017,56.655
1783179199.4475248,1288,619,-0.0973,1.0053,-0.0970,1.0056,56.728
1783179199.5218902,1288,620,-0.0973,1.0088,-0.0976,1.0082,56.803
1783179199.5926392,1288,620,-0.0973,1.0088,-0.0964,1.0091,56.873
1783179199.672219,1287,620,-0.0939,1.0089,-0.0948,1.0082,56.953
1783179199.7445478,1287,620,-0.0939,1.0089,-0.0939,1.0107,57.025
1783179199.8159125,1287,622,-0.0939,1.0159,-0.0930,1.0138,57.097
1783179199.887832,1286,622,-0.0905,1.0160,-0.0914,1.0175,57.169
1783179199.9664936,1286,623,-0.0905,1.0195,-0.0902,1.0183,57.247
1783179200.0399086,1286,623,-0.0905,1.0195,-0.0905,1.0208,57.321
1783179200.1112554,1286,624,-0.0905,1.0231,-0.0905,1.0219,57.392
1783179200.1878304,1286,624,-0.0905,1.0231,-0.0908,1.0243,57.469
1783179200.26112,1286,625,-0.0905,1.0266,-0.0896,1.0254,57.542
1783179200.336501,1285,625,-0.0871,1.0267,-0.0880,1.0276,57.617
1783179200.4093142,1285,626,-0.0871,1.0302,-0.0868,1.0299,57.690
1783179200.4870067,1285,627,-0.0871,1.0338,-0.0874,1.0341,57.768
1783179200.5633037,1285,628,-0.0871,1.0373,-0.0862,1.0364,57.844
1783179200.636707,1284,628,-0.0837,1.0374,-0.0846,1.0386,57.917
1783179200.7134593,1284,629,-0.0837,1.0409,-0.0834,1.0397,57.994
1783179200.7851226,1284,629,-0.0837,1.0409,-0.0840,1.0421,58.066
1783179200.8606114,1284,630,-0.0837,1.0444,-0.0831,1.0432,58.141
1783179200.9424038,1283,630,-0.0803,1.0445,-0.0803,1.0454,58.223
1783179201.0150392,1282,631,-0.0769,1.0481,-0.0775,1.0481,58.296
1783179201.0899966,1282,632,-0.0769,1.0517,-0.0766,1.0508,58.371
1783179201.1634586,1282,632,-0.0769,1.0517,-0.0769,1.0529,58.444
1783179201.2457652,1282,633,-0.0769,1.0552,-0.0772,1.0540,58.526
1783179201.318011,1282,633,-0.0769,1.0552,-0.0760,1.0564,58.599
1783179201.3900635,1281,634,-0.0735,1.0588,-0.0744,1.0573,58.671
1783179201.462045,1281,634,-0.0735,1.0588,-0.0735,1.0606,58.743
1783179201.5425217,1281,636,-0.0735,1.0659,-0.0726,1.0650,58.823
1783179201.6147845,1280,637,-0.0701,1.0695,-0.0713,1.0692,58.895
1783179201.692489,1280,637,-0.0701,1.0695,-0.0689,1.0695,58.973
1783179201.7648597,1279,637,-0.0667,1.0696,-0.0676,1.0705,59.046
1783179201.835351,1279,638,-0.0667,1.0731,-0.0664,1.0719,59.116
1783179201.9062376,1279,638,-0.0667,1.0731,-0.0667,1.0740,59.187
1783179201.9773993,1279,639,-0.0667,1.0766,-0.0670,1.0766,59.258
1783179202.0501404,1279,640,-0.0667,1.0802,-0.0658,1.0793,59.331
1783179202.122135,1278,640,-0.0633,1.0803,-0.0645,1.0811,59.403
1783179202.196563,1278,641,-0.0633,1.0838,-0.0621,1.0838,59.477
1783179202.2728577,1277,642,-0.0599,1.0874,-0.0607,1.0865,59.554
1783179202.3479743,1277,642,-0.0599,1.0874,-0.0599,1.0886,59.629
1783179202.4197278,1277,643,-0.0599,1.0909,-0.0563,1.0874,59.700
1783179202.490442,1276,643,-0.0565,1.0910,-0.0659,1.0988,59.771
1783179202.56782,1276,644,-0.0885,1.1215,-0.0790,1.1146,59.848
1783179202.6405327,1275,645,-0.0848,1.1252,-0.0885,1.1266,59.921
1783179202.7125318,1275,645,-0.0848,1.1252,-0.0845,1.1262,59.993
1783179202.7907987,1275,646,-0.0849,1.1290,-0.0849,1.1290,60.071
1783179202.8654153,1275,647,-0.0850,1.1327,-0.0853,1.1321,60.146
1783179202.9352417,1275,647,-0.0850,1.1327,-0.0841,1.1327,60.216
1783179203.008763,1274,647,-0.0812,1.1327,-0.0822,1.1334,60.289
1783179203.082793,1274,648,-0.0814,1.1365,-0.0814,1.1362,60.363
1783179203.158931,1274,649,-0.0815,1.1402,-0.0808,1.1405,60.440
1783179203.2346444,1273,650,-0.0778,1.1440,-0.0778,1.1430,60.515
1783179203.3121722,1272,650,-0.0740,1.1440,-0.0747,1.1453,60.593
1783179203.3846545,1272,651,-0.0741,1.1477,-0.0741,1.1468,60.665
1783179203.4565783,1272,651,-0.0741,1.1477,-0.0732,1.1477,60.737
1783179203.529696,1271,651,-0.0703,1.1477,-0.0717,1.1484,60.810
1783179203.6014903,1271,652,-0.0705,1.1515,-0.0691,1.1512,60.882
1783179203.677225,1270,653,-0.0668,1.1552,-0.0678,1.1555,60.958
1783179203.7505043,1270,654,-0.0669,1.1590,-0.0665,1.1580,61.031
1783179203.8352299,1270,654,-0.0669,1.1590,-0.0673,1.1603,61.116
1783179203.9067287,1270,655,-0.0670,1.1627,-0.0660,1.1614,61.187
1783179203.9796984,1269,655,-0.0632,1.1627,-0.0642,1.1640,61.260
1783179204.0502932,1269,656,-0.0633,1.1665,-0.0630,1.1652,61.331
1783179204.1203213,1269,656,-0.0633,1.1665,-0.0637,1.1674,61.401
1783179204.1936734,1269,657,-0.0635,1.1702,-0.0625,1.1699,61.474
1783179204.2664921,1268,658,-0.0598,1.1740,-0.0611,1.1743,61.547
1783179204.3389804,1268,659,-0.0599,1.1777,-0.0586,1.1771,61.620
1783179204.4079206,1267,659,-0.0561,1.1777,-0.0574,1.1780,61.689
1783179204.4891596,1267,659,-0.0561,1.1777,-0.0548,1.1771,61.770
1783179204.5624979,1266,659,-0.0523,1.1777,-0.0537,1.1797,61.843
1783179204.6349878,1266,661,-0.0526,1.1852,-0.0512,1.1830,61.916
1783179204.709864,1265,661,-0.0488,1.1852,-0.0498,1.1865,61.991
1783179204.7947876,1265,662,-0.0489,1.1890,-0.0486,1.1890,62.075
1783179204.8686554,1265,663,-0.0490,1.1927,-0.0490,1.1918,62.149
1783179204.9460797,1265,663,-0.0490,1.1927,-0.0494,1.1940,62.227
1783179205.0182116,1265,664,-0.0491,1.1965,-0.0481,1.1952,62.299
1783179205.0887222,1264,664,-0.0453,1.1965,-0.0463,1.1977,62.369
1783179205.1622083,1264,665,-0.0454,1.2002,-0.0451,1.1986,62.443
1783179205.2361066,1264,665,-0.0454,1.2002,-0.0462,1.2025,62.517
1783179205.3085284,1264,667,-0.0457,1.2077,-0.0437,1.2058,62.589
1783179205.3811457,1262,667,-0.0381,1.2077,-0.0401,1.2080,62.662
1783179205.4528947,1262,667,-0.0381,1.2077,-0.0378,1.2087,62.734
1783179205.5236566,1262,668,-0.0382,1.2115,-0.0372,1.2102,62.804
1783179205.5963612,1261,668,-0.0344,1.2115,-0.0357,1.2124,62.877
1783179205.6706727,1261,669,-0.0345,1.2152,-0.0332,1.2149,62.951
1783179205.7408159,1260,670,-0.0309,1.2190,-0.0318,1.2190,63.021
1783179205.8150475,1260,671,-0.0310,1.2227,-0.0310,1.2230,63.096
1783179205.8871694,1260,672,-0.0311,1.2265,-0.0301,1.2258,63.168
1783179205.9647992,1259,672,-0.0273,1.2265,-0.0283,1.2265,63.245
1783179206.0371494,1259,672,-0.0273,1.2265,-0.0273,1.2274,63.318
1783179206.1145148,1259,673,-0.0274,1.2302,-0.0264,1.2289,63.395
1783179206.1856852,1258,673,-0.0236,1.2302,-0.0249,1.2312,63.466
1783179206.2575307,1258,674,-0.0237,1.2340,-0.0224,1.2340,63.538
1783179206.3313665,1257,675,-0.0201,1.2377,-0.0213,1.2368,63.612
1783179206.4026678,1257,675,-0.0201,1.2377,-0.0188,1.2387,63.683
1783179206.475235,1256,676,-0.0164,1.2415,-0.0177,1.2418,63.756
1783179206.5469775,1256,677,-0.0165,1.2453,-0.0151,1.2433,63.828
1783179206.6181967,1255,676,-0.0126,1.2415,-0.0136,1.2434,63.899
1783179206.6967463,1255,677,-0.0127,1.2453,-0.0123,1.2446,63.977
1783179206.766972,1255,678,-0.0128,1.2490,-0.0128,1.2490,64.048
1783179206.8436635,1255,679,-0.0129,1.2528,-0.0133,1.2531,64.124
1783179206.9210474,1255,680,-0.0131,1.2565,-0.0124,1.2555,64.202
1783179206.9959874,1254,680,-0.0093,1.2565,-0.0090,1.2575,64.277
1783179207.065789,1253,681,-0.0056,1.2603,-0.0075,1.2603,64.346
1783179207.1379418,1254,682,-0.0095,1.2640,-0.0072,1.2634,64.419
1783179207.2124228,1253,682,-0.0057,1.2640,-0.0073,1.2640,64.493
1783179207.28458,1253,682,-0.0057,1.2640,-0.0044,1.2650,64.565
1783179207.363468,1252,683,-0.0020,1.2678,-0.0033,1.2665,64.644
1783179207.4423015,1252,683,-0.0020,1.2678,-0.0007,1.2687,64.723
1783179207.5149412,1251,684,0.0017,1.2715,0.0004,1.2715,64.796
1783179207.5876982,1251,685,0.0015,1.2753,0.0029,1.2746,64.868
1783179207.6576948,1250,685,0.0053,1.2753,0.0040,1.2753,64.938
1783179207.7293015,1250,685,0.0053,1.2753,0.0066,1.2763,65.010
1783179207.8063512,1249,686,0.0090,1.2791,0.0081,1.2774,65.087
1783179207.8767874,1249,686,0.0090,1.2791,0.0090,1.2813,65.157
1783179207.9542754,1249,688,0.0088,1.2866,0.0098,1.2846,65.235
1783179208.0262442,1248,688,0.0126,1.2866,0.0113,1.2869,65.307
1783179208.105765,1248,688,0.0126,1.2866,0.0139,1.2875,65.386
1783179208.1816173,1247,689,0.0163,1.2903,0.0153,1.2890,65.462
1783179208.258056,1247,689,0.0163,1.2903,0.0162,1.2913,65.539
1783179208.3298922,1247,690,0.0162,1.2941,0.0117,1.2934,65.611
1783179208.4023964,1246,691,0.0198,1.2978,0.0350,1.2990,65.683
1783179208.473502,1246,691,0.0837,1.3061,0.0686,1.3052,65.754
1783179208.5436974,1245,692,0.0875,1.3096,0.0917,1.3094,65.824
1783179208.6176565,1245,692,0.0875,1.3096,0.0888,1.3096,65.898
1783179208.689427,1244,692,0.0912,1.3096,0.0899,1.3102,65.970
1783179208.76562,1244,693,0.0913,1.3131,0.0925,1.3131,66.046
1783179208.8393948,1243,694,0.0950,1.3166,0.0937,1.3157,66.120
1783179208.9145894,1243,694,0.0950,1.3166,0.0963,1.3175,66.195
1783179208.989376,1242,695,0.0988,1.3201,0.0975,1.3201,66.270
1783179209.0613732,1242,696,0.0988,1.3236,0.0998,1.3230,66.342
1783179209.1315193,1241,696,0.1026,1.3236,0.1026,1.3236,66.412
1783179209.2032044,1240,696,0.1063,1.3236,0.1057,1.3242,66.484
1783179209.2870982,1240,697,0.1063,1.3271,0.1063,1.3271,66.568
1783179209.3663352,1240,698,0.1064,1.3306,0.1073,1.3297,66.647
1783179209.439552,1239,698,0.1101,1.3306,0.1088,1.3318,66.720
1783179209.5113811,1239,699,0.1102,1.3341,0.1114,1.3329,66.792
1783179209.5869076,1238,699,0.1139,1.3341,0.1126,1.3350,66.868
1783179209.660066,1238,700,0.1139,1.3376,0.1152,1.3379,66.941
1783179209.7332232,1237,701,0.1177,1.3411,0.1164,1.3393,67.014
1783179209.8036075,1237,700,0.1176,1.3376,0.1189,1.3394,67.084
1783179209.8762076,1236,701,0.1214,1.3411,0.1201,1.3408,67.157
1783179209.9488401,1236,702,0.1214,1.3446,0.1224,1.3437,67.230
1783179210.0222654,1235,702,0.1252,1.3446,0.1252,1.3458,67.303
1783179210.0955687,1234,703,0.1289,1.3481,0.1279,1.3469,67.376
1783179210.1683056,1234,703,0.1289,1.3481,0.1302,1.3493,67.449
1783179210.2402217,1233,704,0.1327,1.3516,0.1317,1.3507,67.521
1783179210.312719,1233,704,0.1327,1.3516,0.1327,1.3516,67.593
1783179210.3907478,1233,704,0.1327,1.3516,0.1336,1.3522,67.671
1783179210.4700284,1232,705,0.1364,1.3551,0.1351,1.3551,67.751
1783179210.5420296,1232,706,0.1365,1.3585,0.1377,1.3576,67.823
1783179210.6135414,1231,706,0.1402,1.3585,0.1392,1.3594,67.894
1783179210.6859028,1231,707,0.1402,1.3620,0.1405,1.3620,67.967
1783179210.7583582,1231,708,0.1402,1.3655,0.1399,1.3649,68.039
1783179210.829834,1231,708,0.1402,1.3655,0.1412,1.3655,68.111
1783179210.909406,1230,708,0.1440,1.3655,0.1427,1.3664,68.190
1783179210.9903362,1230,709,0.1440,1.3690,0.1452,1.3678,68.271
1783179211.0733216,1229,709,0.1477,1.3690,0.1464,1.3702,68.354
1783179211.1447306,1229,710,0.1477,1.3725,0.1487,1.3713,68.425
1783179211.2222023,1228,710,0.1514,1.3725,0.1514,1.3736,68.503
1783179211.2926404,1227,711,0.1552,1.3759,0.1542,1.3750,68.573
1783179211.3707738,1227,711,0.1552,1.3759,0.1561,1.3759,68.651
1783179211.443269,1226,711,0.1589,1.3759,0.1589,1.3765,68.724
1783179211.5153193,1225,712,0.1626,1.3794,0.1620,1.3791,68.796
1783179211.5968063,1225,713,0.1627,1.3829,0.1627,1.3835,68.877
1783179211.6694088,1225,714,0.1627,1.3863,0.1633,1.3846,68.950
1783179211.7421017,1224,713,0.1664,1.3829,0.1664,1.3850,69.023
1783179211.821086,1223,714,0.1701,1.3863,0.1691,1.3849,69.102
1783179211.8933077,1223,714,0.1701,1.3863,0.1714,1.3875,69.174
1783179211.9658017,1222,715,0.1738,1.3898,0.1725,1.3889,69.246
1783179212.037561,1222,715,0.1738,1.3898,0.1751,1.3898,69.318
1783179212.1104224,1221,715,0.1775,1.3898,0.1763,1.3907,69.391
1783179212.1819193,1221,716,0.1775,1.3933,0.1785,1.3921,69.463
1783179212.2593973,1220,716,0.1812,1.3933,0.1813,1.3945,69.540
1783179212.3296826,1219,717,0.1850,1.3967,0.1840,1.3955,69.610
1783179212.4013999,1219,717,0.1850,1.3967,0.1862,1.3979,69.682
1783179212.4754155,1218,718,0.1887,1.4002,0.1874,1.3990,69.756
1783179212.548423,1218,718,0.1887,1.4002,0.1897,1.4014,69.829
1783179212.621695,1217,719,0.1924,1.4037,0.1924,1.4028,69.902
1783179212.6949742,1216,719,0.1961,1.4036,0.1952,1.4039,69.976
1783179212.7684808,1216,719,0.1961,1.4036,0.1974,1.4034,70.049
1783179212.840204,1215,719,0.1998,1.4036,0.1985,1.4045,70.121
1783179212.9122818,1215,720,0.1998,1.4071,0.2008,1.4059,70.193
1783179212.9851906,1214,720,0.2035,1.4071,0.2035,1.4080,70.266
1783179213.057962,1213,721,0.2072,1.4106,0.2063,1.4106,70.339
1783179213.129133,1213,722,0.2073,1.4140,0.2082,1.4134,70.410
1783179213.2015865,1212,722,0.2109,1.4140,0.2109,1.4140,70.482
1783179213.2715642,1211,722,0.2146,1.4140,0.2140,1.4149,70.552
1783179213.347608,1211,723,0.2146,1.4175,0.2146,1.4163,70.628
1783179213.4192379,1211,723,0.2146,1.4175,0.2156,1.4186,70.700
1783179213.5044718,1210,724,0.2184,1.4209,0.2171,1.4200,70.785
1783179213.5792232,1210,724,0.2184,1.4209,0.2193,1.4209,70.860
1783179213.6568794,1209,724,0.2220,1.4209,0.2220,1.4218,70.938
1783179213.7301567,1208,725,0.2257,1.4243,0.2248,1.4235,71.011
1783179213.8014724,1208,725,0.2257,1.4243,0.2267,1.4243,71.082
1783179213.8733532,1207,725,0.2294,1.4243,0.2294,1.4255,71.154
1783179213.947253,1206,726,0.2331,1.4278,0.2322,1.4257,71.228
1783179214.0197694,1206,725,0.2331,1.4243,0.2344,1.4264,71.300
1783179214.091124,1205,726,0.2368,1.4278,0.2355,1.4263,71.372
1783179214.1648924,1205,726,0.2368,1.4278,0.2381,1.4290,71.446
1783179214.236729,1204,727,0.2405,1.4312,0.2429,1.4292,71.517
1783179214.3091276,1204,727,0.2405,1.4312,0.2308,1.4350,71.590
1783179214.3873901,1203,728,0.2015,1.4448,0.2112,1.4413,71.668
1783179214.4602358,1203,728,0.2015,1.4448,0.1988,1.4456,71.741
1783179214.5334823,1202,728,0.2052,1.4448,0.2051,1.4458,71.814
1783179214.6152933,1201,729,0.2088,1.4485,0.2079,1.4476,71.896
1783179214.6884,1201,729,0.2088,1.4485,0.2097,1.4488,71.969
1783179214.762242,1200,729,0.2125,1.4485,0.2125,1.4482,72.043
1783179214.8348143,1199,729,0.2162,1.4486,0.2152,1.4495,72.115
1783179214.910045,1199,730,0.2161,1.4522,0.2174,1.4510,72.191
1783179214.9796662,1198,730,0.2198,1.4523,0.2185,1.4532,72.260
1783179215.05238,1198,731,0.2197,1.4559,0.2207,1.4559,72.333
1783179215.1237543,1197,732,0.2234,1.4596,0.2234,1.4590,72.404
1783179215.1968596,1196,732,0.2271,1.4596,0.2261,1.4599,72.478
1783179215.2709184,1196,732,0.2271,1.4596,0.2283,1.4593,72.552
1783179215.3457923,1195,732,0.2308,1.4596,0.2295,1.4606,72.626
1783179215.4198692,1195,733,0.2307,1.4633,0.2317,1.4627,72.701
1783179215.4947672,1194,733,0.2344,1.4633,0.2344,1.4624,72.775
1783179215.565812,1193,732,0.2381,1.4597,0.2372,1.4613,72.846
1783179215.6376488,1193,733,0.2381,1.4634,0.2390,1.4631,72.918
1783179215.7088823,1192,734,0.2417,1.4670,0.2417,1.4661,72.990
1783179215.782095,1191,734,0.2454,1.4671,0.2444,1.4683,73.063
1783179215.8551126,1191,735,0.2453,1.4707,0.2466,1.4695,73.136
1783179215.9281754,1190,735,0.2490,1.4708,0.2477,1.4720,73.209
1783179215.9974182,1190,736,0.2490,1.4744,0.2499,1.4738,73.278
1783179216.0681863,1189,736,0.2527,1.4744,0.2524,1.4735,73.349
1783179216.1392617,1188,735,0.2564,1.4708,0.2567,1.4727,73.420
1783179216.209904,1187,736,0.2600,1.4745,0.2591,1.4732,73.491
1783179216.2828338,1187,736,0.2600,1.4745,0.2610,1.4748,73.564
1783179216.359225,1186,736,0.2637,1.4745,0.2637,1.4742,73.640
1783179216.4390397,1185,736,0.2674,1.4746,0.2664,1.4755,73.720
1783179216.5098293,1185,737,0.2673,1.4782,0.2686,1.4770,73.791
1783179216.582328,1184,737,0.2710,1.4782,0.2697,1.4795,73.863
1783179216.6553202,1184,738,0.2710,1.4819,0.2719,1.4810,73.936
1783179216.727243,1183,738,0.2747,1.4819,0.2743,1.4822,74.008
1783179216.8028092,1182,738,0.2783,1.4820,0.2787,1.4816,74.083
1783179216.8788083,1181,738,0.2820,1.4820,0.2814,1.4829,74.159
1783179216.9573748,1181,739,0.2820,1.4856,0.2820,1.4847,74.238
1783179217.0288906,1181,739,0.2820,1.4856,0.2826,1.4860,74.310
1783179217.1024306,1180,739,0.2857,1.4857,0.2853,1.4857,74.383
1783179217.1742177,1179,739,0.2893,1.4857,0.2897,1.4854,74.455
1783179217.247459,1178,739,0.2930,1.4857,0.2921,1.4867,74.528
1783179217.3201888,1178,740,0.2930,1.4894,0.2939,1.4884,74.601
1783179217.3925216,1177,740,0.2967,1.4894,0.2967,1.4897,74.673
1783179217.4638,1176,740,0.3003,1.4894,0.2994,1.4894,74.744
1783179217.534239,1176,740,0.3003,1.4894,0.3016,1.4891,74.815
1783179217.6071038,1175,740,0.3040,1.4895,0.3028,1.4904,74.888
1783179217.6911035,1175,741,0.3040,1.4931,0.3049,1.4922,74.972
1783179217.7735093,1174,741,0.3077,1.4931,0.3077,1.4931,75.054
1783179217.8518515,1173,741,0.3113,1.4932,0.3104,1.4941,75.133
1783179217.9242473,1173,742,0.3113,1.4968,0.3122,1.4959,75.205
1783179217.9976442,1172,742,0.3150,1.4969,0.3150,1.4972,75.278
1783179218.0693676,1171,742,0.3187,1.4969,0.3177,1.4966,75.350
1783179218.1418755,1171,742,0.3187,1.4969,0.3196,1.4978,75.423
1783179218.2147255,1170,743,0.3223,1.5006,0.3223,1.4996,75.495
1783179218.2872992,1169,743,0.3260,1.5006,0.3250,1.5009,75.568
1783179218.3572826,1169,743,0.3260,1.5006,0.3269,1.5006,75.638
1783179218.430314,1168,743,0.3296,1.5006,0.3296,1.5003,75.711
1783179218.506906,1167,743,0.3333,1.5007,0.3324,1.5016,75.788
1783179218.5796587,1167,744,0.3333,1.5043,0.3342,1.5034,75.860
1783179218.65124,1166,744,0.3369,1.5043,0.3369,1.5046,75.932
1783179218.724331,1165,744,0.3406,1.5044,0.3397,1.5040,76.005
1783179218.796568,1165,744,0.3406,1.5044,0.3416,1.5050,76.077
1783179218.8730495,1164,745,0.3443,1.5080,0.3439,1.5083,76.154
1783179218.9457428,1163,746,0.3479,1.5117,0.3482,1.5098,76.226
1783179219.0179384,1162,745,0.3516,1.5081,0.3506,1.5103,76.299
1783179219.0889208,1162,746,0.3516,1.5117,0.3528,1.5105,76.370
1783179219.1621468,1161,746,0.3552,1.5118,0.3540,1.5121,76.443
1783179219.242816,1161,746,0.3552,1.5118,0.3562,1.5118,76.523
1783179219.3175168,1160,746,0.3589,1.5118,0.3589,1.5118,76.598
1783179219.3910537,1159,746,0.3626,1.5118,0.3617,1.5118,76.672
1783179219.4612572,1159,746,0.3626,1.5118,0.3636,1.5115,76.742
1783179219.5333917,1158,746,0.3663,1.5119,0.3660,1.5128,76.814
1783179219.615359,1157,747,0.3699,1.5155,0.3702,1.5146,76.896
1783179219.691092,1156,747,0.3736,1.5156,0.3726,1.5156,76.972
1783179219.7686193,1156,747,0.3736,1.5156,0.3745,1.5168,77.049
1783179219.8393817,1155,748,0.3772,1.5192,0.3772,1.5174,77.120
1783179219.9123037,1154,747,0.3809,1.5156,0.3800,1.5172,77.193
1783179219.9834485,1154,747,0.3809,1.5156,0.3819,1.5141,77.264
1783179220.0589857,1153,746,0.3847,1.5120,0.3847,1.5139,77.340
1783179220.128046,1152,747,0.3883,1.5157,0.3891,1.5181,77.409
1783179220.2075708,1152,747,0.3883,1.5157,0.3840,1.5050,77.488
1783179220.2824852,1152,748,0.3716,1.4730,0.3765,1.4843,77.563
1783179220.3551142,1151,748,0.3752,1.4731,0.3735,1.4682,77.636
1783179220.4286811,1150,747,0.3787,1.4697,0.3787,1.4716,77.709
1783179220.5014193,1149,748,0.3823,1.4735,0.3826,1.4722,77.782
1783179220.5807667,1148,748,0.3858,1.4736,0.3849,1.4739,77.861
1783179220.6538558,1148,748,0.3858,1.4736,0.3867,1.4737,77.935
1783179220.7297041,1147,748,0.3894,1.4738,0.3891,1.4738,78.010
1783179220.802789,1146,748,0.3929,1.4739,0.3929,1.4739,78.083
1783179220.8753638,1145,748,0.3965,1.4741,0.3968,1.4741,78.156
1783179220.9482229,1144,748,0.4001,1.4742,0.3991,1.4742,78.229
1783179221.0210242,1144,748,0.4001,1.4742,0.4013,1.4743,78.302
1783179221.094359,1143,748,0.4036,1.4744,0.4024,1.4740,78.375
1783179221.1714096,1143,748,0.4036,1.4744,0.4045,1.4754,78.452
1783179221.2416627,1142,749,0.4072,1.4782,0.4069,1.4772,78.522
1783179221.3143508,1141,749,0.4107,1.4783,0.4107,1.4789,78.595
1783179221.388038,1140,749,0.4143,1.4785,0.4146,1.4776,78.669
1783179221.460331,1139,748,0.4179,1.4750,0.4170,1.4756,78.741
1783179221.5330257,1139,748,0.4179,1.4750,0.4188,1.4757,78.814
1783179221.6047535,1138,749,0.4214,1.4788,0.4214,1.4779,78.885
1783179221.676874,1137,749,0.4250,1.4790,0.4241,1.4792,78.958
1783179221.7470913,1137,749,0.4250,1.4790,0.4259,1.4790,79.028
1783179221.8198636,1136,749,0.4286,1.4791,0.4283,1.4791,79.101
1783179221.8929443,1135,749,0.4321,1.4793,0.4324,1.4793,79.174
1783179221.9638941,1134,749,0.4357,1.4794,0.4348,1.4797,79.245
1783179222.0371659,1134,749,0.4357,1.4794,0.4369,1.4786,79.318
1783179222.109408,1133,748,0.4393,1.4760,0.4381,1.4769,79.390
1783179222.1811287,1133,748,0.4393,1.4760,0.4402,1.4757,79.462
1783179222.254149,1132,748,0.4429,1.4761,0.4426,1.4761,79.535
1783179222.3237004,1131,748,0.4464,1.4763,0.4468,1.4763,79.604
1783179222.3940754,1130,748,0.4500,1.4765,0.4491,1.4764,79.675
1783179222.4636593,1130,748,0.4500,1.4765,0.4509,1.4765,79.744
1783179222.5351555,1129,748,0.4536,1.4766,0.4536,1.4766,79.816
1783179222.6171362,1128,748,0.4572,1.4768,0.4563,1.4767,79.898
1783179222.6956131,1128,748,0.4572,1.4768,0.4584,1.4768,79.976
1783179222.7690563,1127,748,0.4608,1.4769,0.4595,1.4769,80.050
1783179222.8444629,1127,748,0.4608,1.4769,0.4617,1.4770,80.125
1783179222.9159124,1126,748,0.4644,1.4771,0.4640,1.4771,80.197
1783179222.9940538,1125,748,0.4679,1.4772,0.4682,1.4773,80.275
1783179223.0657527,1124,748,0.4715,1.4774,0.4706,1.4774,80.346
1783179223.1375098,1124,748,0.4715,1.4774,0.4724,1.4774,80.418
1783179223.209639,1123,748,0.4751,1.4776,0.4751,1.4776,80.490
1783179223.2886992,1122,748,0.4787,1.4777,0.4778,1.4777,80.569
1783179223.3605497,1122,748,0.4787,1.4777,0.4796,1.4781,80.641
1783179223.4336143,1121,748,0.4823,1.4779,0.4820,1.4769,80.714
1783179223.5053778,1120,747,0.4859,1.4744,0.4862,1.4754,80.786
1783179223.5864286,1119,747,0.4895,1.4746,0.4886,1.4745,80.867
1783179223.6595497,1119,747,0.4895,1.4746,0.4904,1.4734,80.940
1783179223.7375538,1118,746,0.4931,1.4711,0.4931,1.4733,81.018
1783179223.8100557,1117,747,0.4967,1.4749,0.4958,1.4727,81.091
1783179223.8852208,1117,746,0.4967,1.4713,0.4976,1.4726,81.166
1783179223.9630482,1116,746,0.5003,1.4714,0.5003,1.4711,81.244
1783179224.034716,1115,746,0.5039,1.4716,0.5030,1.4719,81.315
1783179224.1065788,1115,746,0.5039,1.4716,0.5051,1.4707,81.387
1783179224.178736,1114,745,0.5075,1.4681,0.5063,1.4690,81.459
1783179224.250413,1114,745,0.5075,1.4681,0.5084,1.4679,81.531
1783179224.3240151,1113,745,0.5111,1.4683,0.5108,1.4683,81.605
1783179224.401351,1112,745,0.5147,1.4685,0.5150,1.4685,81.682
1783179224.4737802,1111,745,0.5183,1.4686,0.5174,1.4686,81.754
1783179224.546108,1111,745,0.5183,1.4686,0.5192,1.4686,81.827
1783179224.6312172,1110,745,0.5219,1.4688,0.5216,1.4688,81.912
1783179224.7083542,1109,745,0.5255,1.4689,0.5258,1.4692,81.989
1783179224.787457,1108,745,0.5291,1.4691,0.5282,1.4681,82.068
1783179224.8614724,1108,744,0.5292,1.4655,0.5304,1.4664,82.142
1783179224.9390006,1107,744,0.5328,1.4656,0.5315,1.4652,82.220
1783179225.0129983,1107,744,0.5328,1.4656,0.5337,1.4660,82.294
1783179225.0859468,1106,744,0.5364,1.4658,0.5364,1.4648,82.367
1783179225.1561909,1105,743,0.5400,1.4623,0.5391,1.4632,82.437
1783179225.2297807,1105,743,0.5400,1.4623,0.5409,1.4620,82.510
1783179225.3012424,1104,743,0.5436,1.4625,0.5436,1.4625,82.582
1783179225.373678,1103,743,0.5472,1.4626,0.5463,1.4629,82.654
1783179225.4449244,1103,743,0.5472,1.4626,0.5482,1.4617,82.726
1783179225.5167217,1102,742,0.5509,1.4591,0.5506,1.4601,82.797
1783179225.5945237,1101,742,0.5545,1.4593,0.5548,1.4593,82.875
1783179225.6690989,1100,742,0.5581,1.4595,0.5572,1.4585,82.950
1783179225.746946,1100,741,0.5581,1.4558,0.5594,1.4568,83.028
1783179225.8191535,1099,741,0.5618,1.4560,0.5605,1.4556,83.100
1783179225.8909228,1099,741,0.5618,1.4560,0.5627,1.4560,83.172
1783179225.9655979,1098,741,0.5654,1.4561,0.5651,1.4561,83.246
1783179226.0377998,1097,741,0.5690,1.4563,0.5671,1.4533,83.318
1783179226.1095047,1096,741,0.5726,1.4564,0.5785,1.4655,83.390
1783179226.1821418,1095,740,0.5980,1.4919,0.5915,1.4828,83.463
1783179226.2543998,1095,740,0.5980,1.4919,0.6008,1.4953,83.535
1783179226.332007,1094,740,0.6017,1.4919,0.6017,1.4910,83.613
1783179226.410315,1093,739,0.6054,1.4883,0.6045,1.4893,83.691
1783179226.4840956,1093,739,0.6054,1.4883,0.6064,1.4880,83.765
1783179226.55758,1092,739,0.6091,1.4884,0.6091,1.4887,83.838
1783179226.6365597,1091,739,0.6128,1.4884,0.6118,1.4871,83.917
1783179226.7000566,1091,738,0.6128,1.4848,0.6137,1.4869,83.981
1783179226.7637243,1090,739,0.6164,1.4884,0.6165,1.4862,84.044
1783179226.82681,1089,738,0.6201,1.4848,0.6192,1.4864,84.107
1783179226.8922498,1089,738,0.6201,1.4848,0.6211,1.4836,84.173
1783179226.9567392,1088,737,0.6239,1.4812,0.6238,1.4821,84.237
1783179227.0209022,1087,737,0.6275,1.4812,0.6266,1.4812,84.302
1783179227.08307,1087,737,0.6275,1.4812,0.6285,1.4800,84.364
1783179227.1456826,1086,736,0.6312,1.4776,0.6309,1.4798,84.426
1783179227.2107067,1085,737,0.6348,1.4813,0.6352,1.4791,84.491
1783179227.2725823,1084,736,0.6386,1.4777,0.6376,1.4789,84.553
1783179227.3371289,1084,736,0.6386,1.4777,0.6395,1.4774,84.618
1783179227.4015408,1083,736,0.6422,1.4777,0.6422,1.4780,84.682
1783179227.4663048,1082,736,0.6459,1.4778,0.6450,1.4768,84.747
1783179227.5295882,1082,735,0.6459,1.4741,0.6472,1.4754,84.810
1783179227.6001122,1081,735,0.6496,1.4742,0.6484,1.4729,84.881
1783179227.6674547,1081,734,0.6497,1.4705,0.6506,1.4715,84.948
1783179227.7332625,1080,734,0.6533,1.4705,0.6530,1.4702,85.014
1783179227.7978415,1079,734,0.6570,1.4706,0.6573,1.4709,85.079
1783179227.862581,1078,734,0.6606,1.4706,0.6597,1.4697,85.143
1783179227.926275,1078,733,0.6607,1.4670,0.6616,1.4679,85.207
1783179227.989868,1077,733,0.6644,1.4670,0.6644,1.4670,85.271
1783179228.054996,1076,733,0.6680,1.4670,0.6671,1.4661,85.336
1783179228.121813,1076,732,0.6681,1.4634,0.6693,1.4643,85.402
1783179228.1856318,1075,732,0.6717,1.4634,0.6705,1.4634,85.466
1783179228.2509367,1075,732,0.6717,1.4634,0.6727,1.4625,85.532
1783179228.3236206,1074,731,0.6755,1.4598,0.6754,1.4608,85.604
1783179228.3881922,1073,731,0.6791,1.4599,0.6782,1.4599,85.669
1783179228.4510736,1073,731,0.6791,1.4599,0.6801,1.4589,85.732
1783179228.5137503,1072,730,0.6828,1.4563,0.6828,1.4575,85.794
1783179228.5764883,1071,730,0.6865,1.4563,0.6856,1.4550,85.857
1783179228.6404786,1071,729,0.6866,1.4527,0.6878,1.4539,85.921
1783179228.7042284,1070,729,0.6902,1.4527,0.6890,1.4514,85.985
1783179228.7686803,1070,728,0.6903,1.4491,0.6915,1.4500,86.049
1783179228.831347,1069,728,0.6939,1.4491,0.6927,1.4491,86.112
1783179228.9000201,1069,728,0.6939,1.4491,0.6949,1.4482,86.181
1783179228.9650955,1068,727,0.6976,1.4455,0.6976,1.4464,86.246
1783179229.0312824,1067,727,0.7013,1.4455,0.7004,1.4452,86.312
1783179229.094203,1067,727,0.7013,1.4455,0.7022,1.4458,86.375
1783179229.15957,1066,727,0.7050,1.4456,0.7050,1.4449,86.440
1783179229.2293565,1065,726,0.7087,1.4420,0.7077,1.4419,86.510
1783179229.2942822,1065,725,0.7087,1.4383,0.7097,1.4390,86.575
1783179229.3575745,1064,725,0.7124,1.4384,0.7124,1.4384,86.638
1783179229.4217012,1063,725,0.7160,1.4384,0.7154,1.4374,86.702
1783179229.4852521,1063,724,0.7161,1.4348,0.7161,1.4357,86.766
1783179229.5505161,1063,724,0.7161,1.4348,0.7167,1.4348,86.831
1783179229.6152596,1062,724,0.7197,1.4348,0.7195,1.4338,86.896
1783179229.681545,1061,723,0.7235,1.4312,0.7238,1.4324,86.962
1783179229.7454698,1060,723,0.7271,1.4312,0.7265,1.4300,87.026
1783179229.8085492,1060,722,0.7272,1.4276,0.7272,1.4285,87.089
1783179229.8721814,1060,722,0.7272,1.4276,0.7278,1.4276,87.153
1783179229.93652,1059,722,0.7308,1.4276,0.7308,1.4267,87.217
1783179229.9999075,1058,721,0.7345,1.4240,0.7336,1.4249,87.281
1783179230.0709817,1058,721,0.7345,1.4240,0.7358,1.4240,87.352
1783179230.1344497,1057,721,0.7382,1.4241,0.7370,1.4231,87.415
1783179230.1986945,1057,720,0.7383,1.4204,0.7392,1.4217,87.479
1783179230.2632515,1056,720,0.7419,1.4205,0.7419,1.4192,87.544
1783179230.3276148,1055,719,0.7456,1.4169,0.7447,1.4181,87.608
1783179230.392881,1055,719,0.7456,1.4169,0.7469,1.4156,87.674
1783179230.4570558,1054,718,0.7493,1.4133,0.7481,1.4142,87.738
1783179230.51922,1054,718,0.7493,1.4133,0.7503,1.4133,87.800
1783179230.5834432,1053,718,0.7530,1.4133,0.7530,1.4127,87.864
1783179230.6473687,1052,717,0.7567,1.4097,0.7558,1.4097,87.928
1783179230.7207167,1052,716,0.7567,1.4061,0.7580,1.4067,88.001
1783179230.7944613,1051,716,0.7604,1.4061,0.7591,1.4061,88.075
1783179230.8664198,1051,716,0.7604,1.4061,0.7617,1.4055,88.147
1783179230.9361842,1050,715,0.7641,1.4025,0.7632,1.4025,88.217
1783179231.009779,1050,714,0.7642,1.3989,0.7642,1.3995,88.290
1783179231.0846338,1050,714,0.7642,1.3989,0.7651,1.3989,88.365
1783179231.1584823,1049,714,0.7678,1.3989,0.7666,1.3983,88.439
1783179231.2287514,1049,713,0.7679,1.3953,0.7691,1.3956,88.509
1783179231.3029037,1048,712,0.7716,1.3917,0.7703,1.3914,88.584
1783179231.3768816,1048,711,0.7716,1.3880,0.7742,1.3911,88.658
1783179231.450728,1047,711,0.7753,1.3881,0.7700,1.3807,88.731
1783179231.5247455,1046,711,0.7595,1.3596,0.7648,1.3663,88.805
1783179231.5988276,1045,710,0.7632,1.3560,0.7606,1.3536,88.880
1783179231.6805778,1045,709,0.7633,1.3524,0.7642,1.3530,88.961
1783179231.7546263,1044,709,0.7669,1.3525,0.7669,1.3525,89.035
1783179231.8260372,1043,709,0.7706,1.3526,0.7697,1.3517,89.107
1783179231.9095335,1043,708,0.7707,1.3490,0.7719,1.3500,89.190
1783179231.9887426,1042,708,0.7744,1.3491,0.7731,1.3490,89.269
1783179232.0674434,1042,708,0.7744,1.3491,0.7756,1.3485,89.348
1783179232.1397488,1041,707,0.7781,1.3456,0.7768,1.3455,89.420
1783179232.2114346,1041,706,0.7781,1.3419,0.7791,1.3429,89.492
1783179232.2835963,1040,706,0.7818,1.3420,0.7818,1.3408,89.564
1783179232.359563,1039,705,0.7855,1.3385,0.7846,1.3397,89.640
1783179232.433205,1039,705,0.7855,1.3385,0.7868,1.3373,89.714
1783179232.506803,1038,704,0.7893,1.3349,0.7880,1.3361,89.787
1783179232.5799067,1038,704,0.7893,1.3349,0.7905,1.3337,89.861
1783179232.6528194,1037,703,0.7930,1.3314,0.7920,1.3326,89.933
1783179232.7257252,1037,703,0.7930,1.3314,0.7930,1.3301,90.006
1783179232.7987769,1037,702,0.7930,1.3277,0.7937,1.3290,90.079
1783179232.873613,1036,702,0.7967,1.3278,0.7967,1.3266,90.154
1783179232.946942,1035,701,0.8005,1.3243,0.7995,1.3255,90.228
1783179233.0196772,1035,701,0.8005,1.3243,0.8017,1.3234,90.300
1783179233.0960078,1034,700,0.8042,1.3207,0.8032,1.3207,90.377
1783179233.168974,1034,699,0.8042,1.3171,0.8042,1.3180,90.450
1783179233.247691,1034,699,0.8042,1.3171,0.8052,1.3161,90.528
1783179233.3247547,1033,698,0.8080,1.3135,0.8070,1.3138,90.605
1783179233.403284,1033,697,0.8080,1.3098,0.8080,1.3095,90.684
1783179233.4756403,1033,696,0.8080,1.3062,0.8090,1.3071,90.756
1783179233.5552378,1032,696,0.8117,1.3063,0.8105,1.3050,90.836
1783179233.6360364,1032,695,0.8118,1.3026,0.8130,1.3039,90.917
1783179233.7148094,1031,695,0.8155,1.3027,0.8142,1.3017,90.995
1783179233.7943447,1031,694,0.8155,1.2990,0.8165,1.2991,91.075
1783179233.8672168,1030,693,0.8192,1.2955,0.8192,1.2964,91.148
1783179233.9400206,1029,693,0.8230,1.2956,0.8223,1.2943,91.221
1783179234.0138826,1029,692,0.8230,1.2919,0.8230,1.2932,91.295
1783179234.0860777,1029,692,0.8230,1.2919,0.8240,1.2907,91.367
1783179234.1657546,1028,691,0.8267,1.2884,0.8254,1.2896,91.446
1783179234.2434952,1028,691,0.8267,1.2884,0.8280,1.2875,91.524
1783179234.3169026,1027,690,0.8305,1.2848,0.8292,1.2848,91.598
1783179234.3894749,1027,689,0.8305,1.2811,0.8318,1.2821,91.670
1783179234.4633944,1026,689,0.8342,1.2812,0.8330,1.2799,91.744
1783179234.5366805,1026,688,0.8343,1.2776,0.8355,1.2789,91.817
1783179234.613924,1025,688,0.8380,1.2777,0.8367,1.2764,91.895
1783179234.6900756,1025,687,0.8380,1.2740,0.8393,1.2753,91.971
1783179234.7685192,1024,687,0.8417,1.2741,0.8405,1.2731,92.049
1783179234.8412514,1024,686,0.8418,1.2704,0.8430,1.2708,92.122
1783179234.9139628,1023,685,0.8455,1.2669,0.8445,1.2665,92.195
1783179234.9879909,1023,684,0.8455,1.2632,0.8455,1.2638,92.269
1783179235.0609162,1023,684,0.8455,1.2632,0.8465,1.2632,92.342
1783179235.1331232,1022,684,0.8493,1.2633,0.8483,1.2626,92.414
1783179235.2120967,1022,683,0.8493,1.2596,0.8493,1.2596,92.493
1783179235.2968838,1022,682,0.8493,1.2559,0.8503,1.2569,92.578
1783179235.3716109,1021,682,0.8530,1.2560,0.8521,1.2551,92.652
1783179235.444699,1021,681,0.8531,1.2523,0.8531,1.2523,92.725
1783179235.5220335,1021,680,0.8531,1.2487,0.8541,1.2496,92.803
1783179235.5998182,1020,680,0.8568,1.2488,0.8559,1.2475,92.880
1783179235.6796818,1020,679,0.8569,1.2451,0.8568,1.2463,92.960
1783179235.7593155,1020,679,0.8569,1.2451,0.8578,1.2442,93.040
1783179235.8332336,1019,678,0.8606,1.2415,0.8593,1.2418,93.114
1783179235.9112566,1019,677,0.8606,1.2378,0.8619,1.2375,93.192
1783179235.985884,1018,676,0.8644,1.2342,0.8631,1.2352,93.267
1783179236.0640967,1018,676,0.8644,1.2342,0.8657,1.2330,93.345
1783179236.1366265,1017,675,0.8682,1.2307,0.8672,1.2319,93.417
1783179236.209626,1017,675,0.8682,1.2307,0.8685,1.2294,93.490
1783179236.2828112,1017,674,0.8682,1.2270,0.8682,1.2282,93.563
1783179236.3557427,1017,674,0.8682,1.2270,0.8679,1.2260,93.636
1783179236.4291961,1017,673,0.8682,1.2233,0.8689,1.2233,93.710
1783179236.5018065,1016,672,0.8720,1.2197,0.8720,1.2206,93.782
1783179236.5799165,1015,672,0.8757,1.2198,0.8751,1.2188,93.861
1783179236.658109,1015,671,0.8758,1.2161,0.8758,1.2161,93.939
1783179236.7369266,1015,670,0.8758,1.2124,0.8767,1.2134,94.018
1783179236.8102343,1014,670,0.8795,1.2125,0.8783,1.2112,94.091
1783179236.8892539,1014,669,0.8796,1.2088,0.8811,1.2101,94.170
1783179236.9618304,1013,669,0.8833,1.2089,0.8811,1.2079,94.243
1783179237.0380118,1014,668,0.8796,1.2051,0.8818,1.2052,94.319
1783179237.109859,1013,667,0.8834,1.2016,0.8821,1.2025,94.391
1783179237.184431,1013,667,0.8834,1.2016,0.8834,1.2006,94.465
1783179237.257389,1013,666,0.8834,1.1979,0.8840,1.1979,94.538
1783179237.3335965,1012,665,0.8872,1.1943,0.8871,1.1952,94.614
1783179237.406472,1011,665,0.8909,1.1944,0.8868,1.1909,94.687
1783179237.4852054,1011,664,0.8909,1.1907,0.9016,1.1984,94.766
1783179237.5584042,1011,664,0.9314,1.2159,0.9210,1.2082,94.839
1783179237.6320543,1011,663,0.9315,1.2125,0.9346,1.2159,94.913
1783179237.7051306,1011,663,0.9315,1.2125,0.9324,1.2117,94.986
1783179237.7842047,1010,662,0.9350,1.2092,0.9338,1.2095,95.065
1783179237.8562598,1010,661,0.9350,1.2058,0.9362,1.2058,95.137
1783179237.930437,1009,660,0.9385,1.2025,0.9376,1.2022,95.211
1783179238.0057228,1009,659,0.9386,1.1991,0.9389,1.2000,95.286
1783179238.0805287,1009,659,0.9386,1.1991,0.9386,1.1983,95.361
1783179238.1542492,1009,658,0.9386,1.1958,0.9386,1.1958,95.435
1783179238.227916,1009,657,0.9387,1.1924,0.9384,1.1933,95.509
1783179238.3048358,1009,657,0.9387,1.1924,0.9396,1.1915,95.586
1783179238.3796465,1008,656,0.9422,1.1891,0.9413,1.1890,95.660
1783179238.453695,1008,655,0.9422,1.1857,0.9425,1.1866,95.734
1783179238.527124,1008,655,0.9422,1.1857,0.9423,1.1848,95.808
1783179238.5999422,1008,654,0.9423,1.1823,0.9420,1.1823,95.881
1783179238.6783466,1008,653,0.9424,1.1789,0.9432,1.1798,95.959
1783179238.7502987,1007,653,0.9458,1.1790,0.9446,1.1778,96.031
1783179238.824164,1007,652,0.9459,1.1756,0.9470,1.1768,96.105
1783179238.8970253,1006,652,0.9493,1.1756,0.9484,1.1748,96.178
1783179238.9706197,1006,651,0.9494,1.1723,0.9497,1.1723,96.251
1783179239.0419734,1006,650,0.9494,1.1689,0.9494,1.1698,96.323
1783179239.1156764,1006,650,0.9494,1.1689,0.9491,1.1677,96.396
1783179239.1893387,1006,649,0.9495,1.1655,0.9503,1.1667,96.470
1783179239.2682686,1005,649,0.9529,1.1656,0.9521,1.1647,96.549
1783179239.3472953,1005,648,0.9530,1.1622,0.9530,1.1622,96.628
1783179239.4268258,1005,647,0.9530,1.1588,0.9539,1.1597,96.707
1783179239.5001009,1004,647,0.9565,1.1588,0.9556,1.1577,96.781
1783179239.5743058,1004,646,0.9565,1.1555,0.9568,1.1566,96.855
1783179239.6485324,1004,646,0.9565,1.1555,0.9560,1.1543,96.929
1783179239.726286,1004,645,0.9566,1.1521,0.9587,1.1536,97.007
1783179239.7987392,1002,645,0.9635,1.1522,0.9609,1.1501,97.079
1783179239.8712893,1003,643,0.9602,1.1454,0.9613,1.1474,97.152
1783179239.9507682,1003,643,0.9602,1.1454,0.9608,1.1442,97.231
1783179240.0262046,1002,642,0.9637,1.1420,0.9628,1.1420,97.307
1783179240.099993,1002,641,0.9637,1.1387,0.9640,1.1395,97.381
1783179240.172783,1002,641,0.9637,1.1387,0.9637,1.1378,97.453
1783179240.2508476,1002,640,0.9638,1.1353,0.9638,1.1356,97.532
1783179240.3242,1002,639,0.9638,1.1319,0.9636,1.1316,97.605
1783179240.3984892,1002,638,0.9639,1.1285,0.9645,1.1294,97.679
1783179240.4781628,1001,638,0.9673,1.1286,0.9674,1.1274,97.759
1783179240.5500627,1000,637,0.9709,1.1252,0.9702,1.1264,97.831
1783179240.6269817,1000,637,0.9709,1.1252,0.9709,1.1241,97.908
1783179240.7021298,1000,636,0.9709,1.1219,0.9718,1.1230,97.983
1783179240.7730317,999,636,0.9744,1.1219,0.9732,1.1210,98.054
1783179240.8463588,999,635,0.9744,1.1185,0.9756,1.1188,98.127
1783179240.9194882,998,634,0.9779,1.1152,0.9770,1.1149,98.200
1783179240.992019,998,633,0.9780,1.1118,0.9780,1.1127,98.273
1783179241.068457,998,633,0.9780,1.1118,0.9789,1.1107,98.349
1783179241.1473572,997,632,0.9815,1.1085,0.9806,1.1096,98.428
1783179241.2221332,997,632,0.9815,1.1085,0.9818,1.1073,98.503
1783179241.2956114,997,631,0.9816,1.1051,0.9815,1.1063,98.576
1783179241.370019,997,631,0.9816,1.1051,0.9813,1.1039,98.651
1783179241.4412313,997,630,0.9816,1.1017,0.9825,1.1029,98.722
1783179241.5166667,996,630,0.9851,1.1018,0.9842,1.1009,98.797
1783179241.589208,996,629,0.9851,1.0984,0.9851,1.0987,98.870
1783179241.6752782,996,628,0.9852,1.0950,0.9861,1.0947,98.956
1783179241.763285,995,627,0.9887,1.0917,0.9878,1.0922,99.044
1783179241.8389606,995,627,0.9887,1.0917,0.9890,1.0917,99.120
1783179241.9110348,995,627,0.9887,1.0917,0.9887,1.0911,99.192
1783179241.9853873,995,626,0.9887,1.0883,0.9884,1.0886,99.266
1783179242.0610416,995,625,0.9888,1.0849,0.9897,1.0846,99.342
1783179242.1347945,994,624,0.9923,1.0816,0.9911,1.0821,99.415
1783179242.2079532,994,624,0.9923,1.0816,0.9932,1.0816,99.489
1783179242.2818432,993,624,0.9958,1.0816,0.9961,1.0808,99.563
1783179242.354219,992,623,0.9993,1.0783,0.9975,1.0794,99.635
1783179242.427967,993,623,0.9958,1.0782,0.9979,1.0774,99.709
1783179242.4996326,992,622,0.9993,1.0749,0.9981,1.0749,99.780
1783179242.5806956,992,621,0.9994,1.0715,0.9994,1.0724,99.861
1783179242.6563306,992,621,0.9994,1.0715,1.0003,1.0704,99.937
1783179242.7309997,991,620,1.0029,1.0682,1.0020,1.0693,100.012
1783179242.8044033,991,620,1.0029,1.0682,1.0029,1.0670,100.085
1783179242.8782687,991,619,1.0029,1.0648,1.0038,1.0660,100.159
1783179242.9516397,990,619,1.0064,1.0649,1.0052,1.0637,100.232
1783179243.029596,990,618,1.0064,1.0615,1.0076,1.0627,100.310
1783179243.1024735,989,618,1.0099,1.0615,1.0087,1.0603,100.383
1783179243.182386,989,617,1.0099,1.0581,1.0114,1.0593,100.463
1783179243.2553735,988,617,1.0134,1.0582,1.0113,1.0573,100.536
1783179243.3312624,989,616,1.0100,1.0548,1.0121,1.0548,100.612
1783179243.4055035,988,615,1.0135,1.0514,1.0141,1.0544,100.686
1783179243.4833922,988,615,1.0135,1.0514,1.0085,1.0440,100.764
1783179243.55493,987,614,0.9929,1.0235,0.9979,1.0310,100.836
1783179243.62505,987,614,0.9929,1.0235,0.9921,1.0202,100.906
1783179243.6958687,986,613,0.9968,1.0199,0.9958,1.0211,100.977
1783179243.7730436,986,613,0.9968,1.0199,0.9971,1.0189,101.054
1783179243.8434184,986,612,0.9968,1.0162,0.9965,1.0165,101.124
1783179243.9160259,986,611,0.9969,1.0125,0.9979,1.0122,101.197
1783179243.9865456,985,610,1.0008,1.0088,0.9998,1.0097,101.267
1783179244.064826,985,610,1.0008,1.0088,1.0008,1.0078,101.345
1783179244.1359544,985,609,1.0008,1.0051,1.0018,1.0051,101.417
1783179244.2069356,984,608,1.0047,1.0014,1.0037,1.0024,101.488
1783179244.28161,984,608,1.0047,1.0014,1.0047,1.0002,101.562
1783179244.3576455,984,607,1.0048,0.9977,1.0057,0.9990,101.638
1783179244.4284832,983,607,1.0086,0.9978,1.0073,0.9965,101.709
1783179244.4995077,983,606,1.0086,0.9940,1.0099,0.9953,101.780
1783179244.5791094,982,606,1.0124,0.9941,1.0115,0.9931,101.860
1783179244.7075033,982,605,1.0125,0.9904,1.0125,0.9904,101.988
1783179244.7873006,982,604,1.0126,0.9867,1.0135,0.9873,102.068
1783179244.865358,981,604,1.0164,0.9867,1.0151,0.9867,102.146
1783179244.9366295,981,604,1.0164,0.9867,1.0177,0.9861,102.217
1783179245.0088341,980,603,1.0203,0.9830,1.0189,0.9830,102.290
1783179245.08775,980,602,1.0203,0.9793,1.0216,0.9803,102.368
1783179245.1627822,979,602,1.0241,0.9794,1.0228,0.9784,102.443
1783179245.2331898,979,601,1.0242,0.9756,1.0255,0.9757,102.514
1783179245.304715,978,600,1.0281,0.9720,1.0271,0.9729,102.585
1783179245.3759928,978,600,1.0281,0.9720,1.0284,0.9707,102.657
1783179245.4467835,978,599,1.0282,0.9682,1.0281,0.9695,102.727
1783179245.5166867,978,599,1.0282,0.9682,1.0278,0.9670,102.797
1783179245.585427,978,598,1.0282,0.9645,1.0292,0.9658,102.866
1783179245.656431,977,598,1.0320,0.9646,1.0308,0.9633,102.937
1783179245.729304,977,597,1.0321,0.9608,1.0334,0.9621,103.010
1783179245.7994926,976,597,1.0359,0.9609,1.0346,0.9596,103.080
1783179245.8736002,976,596,1.0360,0.9571,1.0373,0.9581,103.154
1783179245.9507394,975,596,1.0398,0.9572,1.0388,0.9572,103.231
1783179246.0269568,975,596,1.0398,0.9572,1.0398,0.9562,103.308
1783179246.1024454,975,595,1.0399,0.9535,1.0409,0.9548,103.383
1783179246.173126,974,595,1.0437,0.9535,1.0424,0.9522,103.454
1783179246.2427294,974,594,1.0438,0.9498,1.0451,0.9511,103.523
1783179246.315419,973,594,1.0476,0.9498,1.0467,0.9488,103.596
1783179246.3911705,973,593,1.0477,0.9461,1.0477,0.9461,103.672
1783179246.4628327,973,592,1.0478,0.9423,1.0487,0.9433,103.744
1783179246.5382054,972,592,1.0516,0.9424,1.0506,0.9411,103.819
1783179246.614568,972,591,1.0517,0.9386,1.0516,0.9399,103.895
1783179246.6849165,972,591,1.0517,0.9386,1.0523,0.9374,103.966
1783179246.760567,971,590,1.0556,0.9350,1.0555,0.9362,104.041
1783179246.841977,970,590,1.0594,0.9350,1.0588,0.9340,104.123
1783179246.9168239,970,589,1.0595,0.9313,1.0595,0.9313,104.197
1783179246.9872015,970,588,1.0595,0.9275,1.0605,0.9285,104.268
1783179247.0655677,969,588,1.0634,0.9276,1.0621,0.9262,104.346
1783179247.1406343,969,587,1.0635,0.9238,1.0647,0.9251,104.421
1783179247.216414,968,587,1.0673,0.9238,1.0663,0.9229,104.497
1783179247.287904,968,586,1.0674,0.9201,1.0674,0.9201,104.569
1783179247.3611488,968,585,1.0674,0.9163,1.0684,0.9173,104.642
1783179247.4320376,967,585,1.0713,0.9164,1.0703,0.9154,104.713
1783179247.503383,967,584,1.0714,0.9126,1.0714,0.9126,104.784
1783179247.5797434,967,583,1.0714,0.9089,1.0724,0.9099,104.860
1783179247.6567001,966,583,1.0753,0.9089,1.0740,0.9076,104.937
1783179247.7324123,966,582,1.0753,0.9052,1.0766,0.9065,105.013
1783179247.803495,965,582,1.0792,0.9052,1.0779,0.9039,105.084
1783179247.8803003,965,581,1.0793,0.9014,1.0806,0.9024,105.161
1783179247.951225,964,581,1.0831,0.9015,1.0821,0.9015,105.232
1783179248.0198772,964,581,1.0831,0.9015,1.0831,0.9008,105.301
1783179248.0910726,964,580,1.0832,0.8977,1.0842,0.8977,105.372
1783179248.162314,963,579,1.0871,0.8940,1.0858,0.8950,105.443
1783179248.2343142,963,579,1.0871,0.8940,1.0885,0.8927,105.515
1783179248.3057067,962,578,1.0910,0.8903,1.0900,0.8916,105.586
1783179248.3769104,962,578,1.0910,0.8903,1.0911,0.8893,105.658
1783179248.452951,962,577,1.0911,0.8865,1.0921,0.8865,105.734
1783179248.5250807,961,576,1.0951,0.8828,1.0937,0.8834,105.806
1783179248.6011395,961,576,1.0951,0.8828,1.0964,0.8828,105.882
1783179248.6735501,960,576,1.0989,0.8828,1.0976,0.8818,105.954
1783179248.7448442,960,575,1.0990,0.8791,1.1003,0.8804,106.026
1783179248.8171492,959,575,1.1029,0.8791,1.1016,0.8778,106.098
1783179248.8876753,959,574,1.1029,0.8753,1.1042,0.8766,106.168
1783179248.9592197,958,574,1.1068,0.8754,1.1055,0.8741,106.240
1783179249.0302563,958,573,1.1069,0.8716,1.1078,0.8729,106.311
1783179249.101578,957,573,1.1107,0.8716,1.1108,0.8703,106.382
1783179249.1714633,956,572,1.1147,0.8679,1.1137,0.8692,106.452
1783179249.2437675,956,572,1.1147,0.8679,1.1160,0.8666,106.524
1783179249.3150249,955,571,1.1186,0.8641,1.1187,0.8668,106.596
1783179249.3874102,955,571,1.1186,0.8641,1.1154,0.8592,106.668
1783179249.4614866,955,570,1.1060,0.8448,1.1102,0.8488,106.742
1783179249.5397594,954,569,1.1098,0.8411,1.1074,0.8404,106.820
1783179249.6137161,954,569,1.1098,0.8411,1.1111,0.8411,106.894
1783179249.6881604,953,569,1.1136,0.8411,1.1123,0.8402,106.969
1783179249.7616222,953,568,1.1137,0.8374,1.1150,0.8387,107.042
1783179249.8357031,952,568,1.1175,0.8374,1.1162,0.8365,107.116
1783179249.9124858,952,567,1.1175,0.8337,1.1189,0.8337,107.193
1783179249.9854138,951,566,1.1214,0.8300,1.1201,0.8306,107.266
1783179250.0639772,951,566,1.1214,0.8300,1.1227,0.8300,107.345
1783179250.1501772,950,566,1.1252,0.8300,1.1239,0.8290,107.431
1783179250.2224917,950,565,1.1253,0.8263,1.1266,0.8276,107.503
1783179250.3006759,949,565,1.1291,0.8263,1.1278,0.8250,107.581
1783179250.3743093,949,564,1.1291,0.8225,1.1304,0.8238,107.655
1783179250.447822,948,564,1.1330,0.8226,1.1317,0.8213,107.728
1783179250.5267012,948,563,1.1330,0.8188,1.1340,0.8201,107.807
1783179250.6021614,947,563,1.1368,0.8189,1.1369,0.8176,107.883
1783179250.6803238,946,562,1.1407,0.8151,1.1401,0.8161,107.961
1783179250.7542903,946,562,1.1407,0.8151,1.1407,0.8151,108.035
1783179250.8274882,946,562,1.1407,0.8151,1.1414,0.8142,108.108
1783179250.9042962,945,561,1.1446,0.8114,1.1449,0.8127,108.185
1783179250.976185,944,561,1.1484,0.8115,1.1465,0.8105,108.257
1783179251.0494976,945,560,1.1446,0.8077,1.1466,0.8074,108.330
1783179251.1229937,944,559,1.1485,0.8039,1.1482,0.8059,108.404
1783179251.1966755,943,560,1.1523,0.8077,1.1513,0.8055,108.477
1783179251.2735434,943,559,1.1523,0.8040,1.1536,0.8056,108.554
1783179251.3461826,942,559,1.1562,0.8040,1.1549,0.8027,108.627
1783179251.420782,942,558,1.1562,0.8002,1.1575,0.8015,108.701
1783179251.4970036,941,558,1.1601,0.8003,1.1588,0.7990,108.778
1783179251.5780754,941,557,1.1601,0.7965,1.1614,0.7978,108.859
1783179251.6566236,940,557,1.1640,0.7966,1.1627,0.7949,108.937
1783179251.729791,940,556,1.1640,0.7928,1.1653,0.7951,109.010
1783179251.8033957,939,557,1.1678,0.7966,1.1665,0.7943,109.084
1783179251.8768196,939,556,1.1678,0.7928,1.1691,0.7944,109.157
1783179251.9510882,938,556,1.1717,0.7929,1.1704,0.7916,109.232
1783179252.026248,938,555,1.1717,0.7891,1.1730,0.7904,109.307
1783179252.0981915,937,555,1.1756,0.7891,1.1743,0.7878,109.379
1783179252.1705644,937,554,1.1756,0.7854,1.1769,0.7863,109.451
1783179252.2450888,936,554,1.1795,0.7854,1.1785,0.7854,109.526
1783179252.316361,936,554,1.1795,0.7854,1.1795,0.7844,109.597
1783179252.3911035,936,553,1.1795,0.7816,1.1801,0.7826,109.672
1783179252.47103,935,553,1.1833,0.7817,1.1830,0.7817,109.752
1783179252.5443895,934,553,1.1872,0.7817,1.1875,0.7810,109.825
1783179252.6156816,933,552,1.1911,0.7779,1.1901,0.7779,109.896
1783179252.6905825,933,551,1.1911,0.7742,1.1924,0.7748,109.971
1783179252.7685053,932,551,1.1950,0.7742,1.1937,0.7742,110.049
1783179252.841958,932,551,1.1950,0.7742,1.1963,0.7733,110.123
1783179252.9223866,931,550,1.1989,0.7705,1.1976,0.7714,110.203
1783179252.9971485,931,550,1.1989,0.7705,1.2002,0.7705,110.278
1783179253.0705764,930,550,1.2027,0.7705,1.2014,0.7695,110.351
1783179253.1543336,930,549,1.2028,0.7667,1.2038,0.7677,110.435
1783179253.227314,929,549,1.2066,0.7668,1.2066,0.7664,110.508
1783179253.3023949,928,549,1.2105,0.7668,1.2095,0.7671,110.583
1783179253.3764813,928,549,1.2105,0.7668,1.2118,0.7658,110.657
1783179253.4500248,927,548,1.2144,0.7630,1.2131,0.7640,110.731
1783179253.5225177,927,548,1.2144,0.7630,1.2157,0.7631,110.803
1783179253.6019957,926,548,1.2183,0.7631,1.2169,0.7621,110.883
1783179253.6770442,926,547,1.2183,0.7593,1.2193,0.7603,110.958
1783179253.7558777,925,547,1.2222,0.7593,1.2222,0.7593,111.037
1783179253.8318594,924,547,1.2260,0.7593,1.2250,0.7584,111.113
1783179253.9058604,924,546,1.2261,0.7556,1.2274,0.7566,111.187
1783179253.9785955,923,546,1.2299,0.7556,1.2286,0.7556,111.259
1783179254.0524352,923,546,1.2299,0.7556,1.2313,0.7546,111.333
1783179254.1287768,922,545,1.2339,0.7519,1.2328,0.7531,111.409
1783179254.2136183,922,545,1.2339,0.7519,1.2339,0.7509,111.494
1783179254.298631,922,544,1.2339,0.7481,1.2349,0.7481,111.579
1783179254.3784876,921,543,1.2378,0.7443,1.2365,0.7450,111.659
1783179254.4545941,921,543,1.2378,0.7443,1.2388,0.7440,111.735
1783179254.5286837,920,543,1.2417,0.7443,1.2417,0.7443,111.809
1783179254.6102955,919,543,1.2455,0.7444,1.2445,0.7447,111.891
1783179254.6838439,919,543,1.2455,0.7444,1.2466,0.7434,111.965
1783179254.7580082,918,542,1.2495,0.7406,1.2495,0.7419,112.039
1783179254.8386016,917,542,1.2533,0.7406,1.2527,0.7393,112.119
1783179254.9171011,917,541,1.2534,0.7369,1.2534,0.7378,112.198
1783179254.9904013,917,541,1.2534,0.7369,1.2540,0.7369,112.271
1783179255.0663671,916,541,1.2573,0.7369,1.2573,0.7359,112.347
1783179255.1418855,915,540,1.2612,0.7331,1.2602,0.7341,112.423
1783179255.2205858,915,540,1.2612,0.7331,1.2622,0.7328,112.501
1783179255.2979395,914,540,1.2651,0.7331,1.2651,0.7335,112.579
1783179255.3708327,913,540,1.2689,0.7332,1.2680,0.7322,112.652
1783179255.45007,913,539,1.2690,0.7294,1.2703,0.7304,112.731
1783179255.533863,912,539,1.2729,0.7294,1.2715,0.7294,112.815
1783179255.6142292,912,539,1.2729,0.7294,1.2742,0.7288,112.895
1783179255.6897957,911,538,1.2768,0.7256,1.2755,0.7253,112.970
1783179255.7629757,911,537,1.2768,0.7219,1.2778,0.7238,113.044
1783179255.8526988,910,538,1.2807,0.7257,1.2804,0.7234,113.133
1783179255.948165,909,537,1.2846,0.7219,1.2849,0.7232,113.229
1783179256.0428956,908,537,1.2885,0.7219,1.2878,0.7219,113.324
1783179256.1307638,908,537,1.2885,0.7219,1.2885,0.7209,113.411
1783179256.2189429,908,536,1.2885,0.7181,1.2892,0.7191,113.500
1783179256.2951965,907,536,1.2924,0.7182,1.2921,0.7178,113.576
1783179256.36904,906,536,1.2963,0.7182,1.2966,0.7185,113.650
1783179256.4435978,905,536,1.3002,0.7182,1.2996,0.7172,113.724
1783179256.5191982,905,535,1.3003,0.7144,1.3002,0.7157,113.800
1783179256.5975626,905,535,1.3003,0.7144,1.3009,0.7131,113.878
1783179256.6753893,904,534,1.3042,0.7106,1.3038,0.7116,113.956
1783179256.7516181,903,534,1.3081,0.7106,1.3084,0.7103,114.032
1783179256.8263702,902,534,1.3120,0.7107,1.3110,0.7107,114.107
1783179256.9112737,902,534,1.3120,0.7107,1.3130,0.7110,114.192
1783179256.9841762,901,534,1.3159,0.7107,1.3159,0.7100,114.265
1783179257.0615854,900,533,1.3198,0.7069,1.3188,0.7069,114.342
1783179257.1354265,900,532,1.3199,0.7031,1.3212,0.7038,114.416
1783179257.2151644,899,532,1.3238,0.7031,1.3224,0.7031,114.496
1783179257.288909,899,532,1.3238,0.7031,1.3248,0.7018,114.570
1783179257.3666747,898,531,1.3277,0.6994,1.3277,0.7016,114.647
1783179257.4467037,897,532,1.3316,0.7032,1.3306,0.7009,114.727
1783179257.5228508,897,531,1.3316,0.6994,1.3326,0.7007,114.804
1783179257.598883,896,531,1.3355,0.6994,1.3355,0.6991,114.880
1783179257.681802,895,531,1.3394,0.6994,1.3384,0.6994,114.962
1783179257.7754314,895,531,1.3394,0.6994,1.3408,0.6997,115.056
1783179257.8653574,894,531,1.3433,0.6994,1.3420,0.6984,115.146
1783179257.9562988,894,530,1.3434,0.6956,1.3447,0.6966,115.237
1783179258.0514266,893,530,1.3473,0.6956,1.3460,0.6953,115.332
1783179258.129534,893,530,1.3473,0.6956,1.3483,0.6960,115.410
1783179258.2109873,892,530,1.3512,0.6957,1.3512,0.6947,115.492
1783179258.2852218,891,529,1.3552,0.6919,1.3541,0.6928,115.566
1783179258.3645706,891,529,1.3552,0.6919,1.3565,0.6919,115.645
1783179258.4432075,890,529,1.3591,0.6919,1.3577,0.6909,115.724
1783179258.5182676,890,528,1.3591,0.6881,1.3601,0.6891,115.799
1783179258.5926821,889,528,1.3630,0.6881,1.3630,0.6881,115.873
1783179258.6681325,888,528,1.3669,0.6881,1.3660,0.6871,115.949
1783179258.7450643,888,527,1.3670,0.6843,1.3683,0.6853,116.026
1783179258.8211722,887,527,1.3709,0.6843,1.3696,0.6843,116.102
1783179258.8950737,887,527,1.3709,0.6843,1.3719,0.6830,116.176
1783179258.9734015,886,526,1.3749,0.6805,1.3749,0.6825,116.254
1783179259.049136,885,527,1.3788,0.6844,1.3778,0.6834,116.330
1783179259.1260939,885,527,1.3788,0.6844,1.3801,0.6834,116.407
1783179259.200574,884,526,1.3827,0.6806,1.3813,0.6828,116.481
1783179259.2755778,884,527,1.3827,0.6844,1.3837,0.6821,116.556
1783179259.3497748,883,526,1.3866,0.6806,1.3866,0.6822,116.630
1783179259.430574,882,526,1.3906,0.6806,1.3896,0.6793,116.711
1783179259.5038736,882,525,1.3906,0.6768,1.3916,0.6778,116.785
1783179259.578885,881,525,1.3945,0.6768,1.3945,0.6768,116.860
1783179259.6596777,880,525,1.3985,0.6768,1.3975,0.6758,116.940
1783179259.7332435,880,524,1.3985,0.6730,1.3999,0.6740,117.014
1783179259.8061714,879,524,1.4024,0.6730,1.4011,0.6727,117.087
1783179259.88709,879,524,1.4024,0.6730,1.4035,0.6730,117.168
1783179259.9596303,878,524,1.4064,0.6730,1.4064,0.6727,117.240
1783179260.033946,877,524,1.4103,0.6730,1.4093,0.6747,117.315
1783179260.1071062,877,525,1.4103,0.6768,1.4113,0.6739,117.388
1783179260.1892202,876,523,1.4143,0.6692,1.4143,0.6715,117.470
1783179260.2684987,875,523,1.4182,0.6692,1.4172,0.6689,117.549
1783179260.3535423,875,523,1.4182,0.6692,1.4196,0.6679,117.634
1783179260.4257932,874,522,1.4222,0.6654,1.4208,0.6674,117.706
1783179260.5021281,874,523,1.4222,0.6693,1.4232,0.6683,117.783
1783179260.5828972,873,523,1.4261,0.6693,1.4261,0.6686,117.864
1783179260.6788907,872,522,1.4301,0.6655,1.4291,0.6664,117.960
1783179260.7744703,872,522,1.4301,0.6655,1.4311,0.6651,118.055
1783179260.8704855,871,522,1.4340,0.6655,1.4340,0.6655,118.151
1783179260.9663777,870,522,1.4380,0.6655,1.4369,0.6658,118.247
1783179261.0402188,870,522,1.4380,0.6655,1.4390,0.6642,118.321
1783179261.1132257,869,521,1.4420,0.6617,1.4416,0.6643,118.394
1783179261.192589,868,522,1.4458,0.6655,1.4462,0.6622,118.473
1783179261.2659144,867,520,1.4499,0.6579,1.4488,0.6602,118.547
1783179261.3402948,867,520,1.4499,0.6579,1.4513,0.6572,118.621
1783179261.4182916,866,520,1.4538,0.6579,1.4525,0.6576,118.699
1783179261.4955802,866,520,1.4538,0.6579,1.4552,0.6592,118.776
1783179261.577043,865,521,1.4577,0.6617,1.4564,0.6598,118.858
1783179261.6581085,865,520,1.4578,0.6579,1.4588,0.6592,118.939
1783179261.742601,864,520,1.4617,0.6579,1.4631,0.6505,119.023
1783179261.834756,863,520,1.4657,0.6579,1.4608,0.6791,119.115
1783179261.9169395,862,520,1.4493,0.7401,1.4536,0.7190,119.198
1783179261.9977708,862,520,1.4493,0.7401,1.4485,0.7472,119.278
1783179262.0742214,861,520,1.4527,0.7403,1.4527,0.7403,119.355
1783179262.1585007,860,520,1.4560,0.7404,1.4551,0.7403,119.439
1783179262.251747,860,520,1.4560,0.7404,1.4569,0.7404,119.532
1783179262.3337746,859,520,1.4593,0.7405,1.4593,0.7405,119.614
1783179262.412265,858,520,1.4627,0.7406,1.4618,0.7408,119.693
1783179262.4954169,858,520,1.4627,0.7406,1.4639,0.7397,119.776
1783179262.572938,857,519,1.4661,0.7373,1.4650,0.7381,119.854
1783179262.6574798,857,519,1.4661,0.7373,1.4670,0.7370,119.938
1783179262.7361567,856,519,1.4695,0.7374,1.4695,0.7377,120.017
1783179262.8136697,855,519,1.4728,0.7375,1.4720,0.7363,120.094
1783179262.9000614,855,518,1.4729,0.7341,1.4737,0.7359,120.181
1783179262.9896355,854,519,1.4762,0.7376,1.4759,0.7364,120.270
1783179263.0732508,853,519,1.4795,0.7377,1.4798,0.7383,120.354
1783179263.1521542,852,519,1.4829,0.7378,1.4820,0.7366,120.433
1783179263.2364733,852,518,1.4830,0.7344,1.4840,0.7365,120.517
1783179263.3152664,851,519,1.4862,0.7379,1.4851,0.7358,120.596
1783179263.3919444,851,518,1.4863,0.7345,1.4871,0.7357,120.673
1783179263.4705317,850,518,1.4896,0.7346,1.4897,0.7343,120.751
1783179263.5469167,849,518,1.4930,0.7347,1.4921,0.7347,120.828
1783179263.626849,849,518,1.4930,0.7347,1.4939,0.7345,120.908
1783179263.7049232,848,518,1.4963,0.7348,1.4960,0.7357,120.986
1783179263.7935667,847,519,1.4995,0.7383,1.4996,0.7378,121.074
1783179263.891011,846,519,1.5029,0.7385,1.5032,0.7376,121.172
1783179263.997488,845,518,1.5063,0.7352,1.5054,0.7369,121.278
1783179264.0880945,845,519,1.5062,0.7386,1.5071,0.7377,121.369
1783179264.180662,844,519,1.5095,0.7387,1.5095,0.7384,121.461
1783179264.2736754,843,518,1.5130,0.7354,1.5121,0.7351,121.554
1783179264.3521247,843,517,1.5131,0.7320,1.5142,0.7335,121.633
1783179264.429885,842,518,1.5163,0.7355,1.5152,0.7346,121.711
1783179264.5055442,842,518,1.5163,0.7355,1.5172,0.7349,121.786
1783179264.5827444,841,517,1.5198,0.7322,1.5197,0.7331,121.863
1783179264.6626348,840,517,1.5231,0.7323,1.5222,0.7323,121.943
1783179264.7357366,840,517,1.5231,0.7323,1.5240,0.7315,122.016
1783179264.8100562,839,516,1.5265,0.7290,1.5265,0.7299,122.091
1783179264.8845196,838,516,1.5298,0.7291,1.5290,0.7288,122.165
1783179264.961522,838,516,1.5298,0.7291,1.5307,0.7292,122.242
1783179265.046099,837,516,1.5332,0.7292,1.5332,0.7292,122.327
1783179265.1220005,836,516,1.5365,0.7294,1.5356,0.7293,122.403
1783179265.2004716,836,516,1.5365,0.7294,1.5374,0.7294,122.481
1783179265.277428,835,516,1.5398,0.7295,1.5398,0.7295,122.558
1783179265.3539722,834,516,1.5431,0.7296,1.5423,0.7295,122.635
1783179265.4292417,834,516,1.5431,0.7296,1.5440,0.7293,122.710
1783179265.5062697,833,516,1.5465,0.7297,1.5464,0.7308,122.787
1783179265.5861628,832,517,1.5497,0.7332,1.5489,0.7314,122.867
1783179265.6749425,832,516,1.5498,0.7298,1.5509,0.7313,122.956
1783179265.7621796,831,516,1.5531,0.7299,1.5520,0.7284,123.043
1783179265.8551254,831,515,1.5532,0.7265,1.5543,0.7283,123.136
1783179265.9360309,830,516,1.5564,0.7300,1.5553,0.7288,123.217
1783179266.0191169,830,516,1.5564,0.7300,1.5573,0.7300,123.300
1783179266.0967402,829,516,1.5597,0.7301,1.5597,0.7313,123.377
1783179266.1709926,828,517,1.5629,0.7336,1.5621,0.7321,123.452
1783179266.243786,828,516,1.5630,0.7302,1.5642,0.7303,123.524
1783179266.3267612,827,515,1.5665,0.7269,1.5653,0.7284,123.607
1783179266.401733,827,516,1.5664,0.7303,1.5672,0.7295,123.682
1783179266.4854712,826,516,1.5697,0.7304,1.5697,0.7296,123.766
1783179266.564921,825,515,1.5731,0.7272,1.5722,0.7292,123.846
1783179266.648879,825,516,1.5730,0.7305,1.5739,0.7282,123.930
1783179266.7389517,824,515,1.5764,0.7273,1.5763,0.7293,124.020
1783179266.8291779,823,516,1.5796,0.7308,1.5788,0.7296,124.110
1783179266.9146698,823,516,1.5796,0.7308,1.5804,0.7314,124.195
1783179267.0004346,822,516,1.5829,0.7309,1.5830,0.7297,124.281
1783179267.0895326,821,515,1.5863,0.7276,1.5854,0.7296,124.370
1783179267.177169,821,516,1.5862,0.7310,1.5871,0.7290,124.458
1783179267.2563837,820,515,1.5896,0.7277,1.5893,0.7286,124.537
1783179267.332632,819,515,1.5930,0.7278,1.5932,0.7287,124.613
1783179267.4108489,818,516,1.5961,0.7313,1.5954,0.7287,124.692
1783179267.49839,818,515,1.5963,0.7279,1.5969,0.7326,124.779
1783179267.5835917,817,518,1.5992,0.7382,1.5994,0.7327,124.864
1783179267.6702437,816,515,1.6029,0.7281,1.6019,0.7316,124.951
1783179267.762217,816,515,1.6029,0.7281,1.6037,0.7273,125.043
1783179267.848149,815,515,1.6062,0.7282,1.6062,0.7282,125.129
1783179267.9376848,814,515,1.6095,0.7283,1.6086,0.7283,125.218
1783179268.018848,814,515,1.6095,0.7283,1.6106,0.7281,125.300
1783179268.097837,813,515,1.6128,0.7285,1.6116,0.7293,125.379
1783179268.187342,813,516,1.6126,0.7318,1.6135,0.7313,125.468
1783179268.2809465,812,516,1.6159,0.7319,1.6160,0.7311,125.562
1783179268.3602402,811,515,1.6194,0.7287,1.6165,0.7339,125.641
1783179268.4368865,811,516,1.6192,0.7320,1.6261,0.7201,125.718
1783179268.5183313,810,514,1.6447,0.6913,1.6378,0.7027,125.799
1783179268.5988219,810,515,1.6447,0.6949,1.6475,0.6914,125.879
1783179268.6778245,809,516,1.6482,0.6986,1.6482,0.6980,125.958
1783179268.7514458,808,516,1.6518,0.6987,1.6508,0.6993,126.032
1783179268.8228524,808,516,1.6518,0.6987,1.6527,0.6978,126.104
1783179268.896201,807,515,1.6554,0.6951,1.6554,0.6961,126.177
1783179268.976006,806,515,1.6590,0.6952,1.6581,0.6949,126.257
1783179269.0506527,806,515,1.6590,0.6952,1.6599,0.6952,126.331
1783179269.12403,805,515,1.6626,0.6953,1.6626,0.6953,126.405
1783179269.1966052,804,515,1.6661,0.6954,1.6652,0.6953,126.477
1783179269.281845,804,515,1.6661,0.6954,1.6674,0.6951,126.563
1783179269.3576982,803,515,1.6697,0.6954,1.6685,0.6963,126.638
1783179269.4301322,803,516,1.6697,0.6990,1.6706,0.6981,126.711
1783179269.5037687,802,516,1.6732,0.6991,1.6732,0.6994,126.784
1783179269.577103,801,516,1.6768,0.6992,1.6759,0.6995,126.858
1783179269.6504917,801,516,1.6768,0.6992,1.6781,0.6980,126.931
1783179269.7273333,800,515,1.6805,0.6956,1.6792,0.6975,127.008
1783179269.7978373,800,516,1.6804,0.6992,1.6813,0.6980,127.079
1783179269.8697226,799,516,1.6840,0.6993,1.6840,0.6996,127.150
1783179269.941549,798,516,1.6875,0.6994,1.6866,0.6994,127.222
1783179270.0141106,798,516,1.6875,0.6994,1.6885,0.6994,127.295
1783179270.0928998,797,516,1.6911,0.6995,1.6908,0.6998,127.374
1783179270.1660528,796,516,1.6947,0.6995,1.6950,0.6983,127.447
1783179270.2520773,795,515,1.6983,0.6960,1.6977,0.6982,127.533
1783179270.3287349,795,516,1.6983,0.6996,1.6983,0.6974,127.609
1783179270.399213,795,515,1.6983,0.6960,1.6989,0.6969,127.680
1783179270.471066,794,515,1.7019,0.6961,1.7019,0.6964,127.752
1783179270.5432434,793,516,1.7054,0.6997,1.7045,0.7000,127.824
1783179270.6148643,793,517,1.7054,0.7033,1.7066,0.7018,127.896
1783179270.6945746,792,516,1.7090,0.6998,1.7077,0.7010,127.975
1783179270.7723312,792,516,1.7090,0.6998,1.7099,0.6998,128.053
1783179270.8439722,791,516,1.7126,0.6999,1.7123,0.6990,128.125
1783179270.9150689,790,515,1.7162,0.6964,1.7165,0.6970,128.196
1783179270.9873707,789,515,1.7198,0.6964,1.7189,0.6974,128.268
1783179271.0580738,789,516,1.7197,0.7000,1.7207,0.6982,128.339
1783179271.131343,788,515,1.7234,0.6965,1.7233,0.6978,128.412
1783179271.2032106,787,515,1.7269,0.6966,1.7263,0.6960,128.484
1783179271.2807717,787,515,1.7269,0.6966,1.7269,0.6978,128.561
1783179271.3530338,787,516,1.7269,0.7002,1.7275,0.6980,128.634
1783179271.4241817,786,515,1.7305,0.6967,1.7302,0.6988,128.705
1783179271.5010717,785,516,1.7340,0.7003,1.7340,0.6991,128.782
1783179271.5780344,784,516,1.7376,0.7004,1.7376,0.7007,128.859
1783179271.6505022,783,516,1.7412,0.7005,1.7415,0.7005,128.931
1783179271.722749,782,516,1.7447,0.7005,1.7438,0.7005,129.003
1783179271.7970717,782,516,1.7447,0.7005,1.7460,0.7003,129.078
1783179271.869216,781,516,1.7483,0.7006,1.7471,0.7018,129.150
1783179271.9547522,781,517,1.7482,0.7042,1.7492,0.7024,129.235
1783179272.026709,780,516,1.7519,0.7007,1.7519,0.7016,129.307
1783179272.1004145,779,516,1.7555,0.7008,1.7545,0.7014,129.381
1783179272.1725197,779,517,1.7554,0.7044,1.7563,0.7031,129.453
1783179272.249631,778,517,1.7590,0.7044,1.7586,0.7060,129.530
1783179272.3298156,777,518,1.7625,0.7081,1.7628,0.7062,129.610
1783179272.4144459,776,517,1.7661,0.7046,1.7655,0.7058,129.695
1783179272.487581,776,517,1.7661,0.7046,1.7661,0.7040,129.768
1783179272.5595555,776,517,1.7661,0.7046,1.7667,0.7055,129.840
1783179272.6368735,775,518,1.7696,0.7082,1.7693,0.7073,129.918
1783179272.708917,774,518,1.7732,0.7083,1.7732,0.7086,129.990
1783179272.7813396,773,518,1.7767,0.7084,1.7770,0.7084,130.062
1783179272.8532336,772,518,1.7803,0.7084,1.7794,0.7084,130.134
1783179272.9250033,772,518,1.7803,0.7084,1.7815,0.7085,130.206
1783179273.0115495,771,518,1.7839,0.7085,1.7826,0.7085,130.292
1783179273.0942643,771,518,1.7839,0.7085,1.7848,0.7085,130.375
1783179273.1649897,770,518,1.7874,0.7086,1.7871,0.7083,130.446
1783179273.2365456,769,518,1.7910,0.7087,1.7910,0.7099,130.517
1783179273.311743,768,519,1.7945,0.7123,1.7948,0.7105,130.592
1783179273.3902092,767,518,1.7981,0.7088,1.7972,0.7100,130.671
1783179273.4604702,767,518,1.7981,0.7088,1.7994,0.7085,130.741
1783179273.5338902,766,518,1.8017,0.7089,1.8005,0.7089,130.815
1783179273.6067939,766,518,1.8017,0.7089,1.8026,0.7089,130.887
1783179273.691803,765,518,1.8053,0.7089,1.8053,0.7086,130.972
1783179273.7636588,764,518,1.8088,0.7090,1.8079,0.7099,131.044
1783179273.83636,764,519,1.8088,0.7126,1.8097,0.7117,131.117
1783179273.9085221,763,519,1.8123,0.7127,1.8120,0.7130,131.189
1783179273.9785714,762,519,1.8159,0.7127,1.8162,0.7128,131.259
1783179274.0527513,761,519,1.8195,0.7128,1.8186,0.7128,131.333
1783179274.1260092,761,519,1.8195,0.7128,1.8207,0.7128,131.407
1783179274.2042391,760,519,1.8230,0.7129,1.8218,0.7129,131.485
1783179274.2777321,760,519,1.8230,0.7129,1.8240,0.7126,131.558
1783179274.3495765,759,519,1.8266,0.7130,1.8216,0.7188,131.630
1783179274.4268885,758,520,1.8301,0.7166,1.8442,0.7005,131.708
1783179274.5129406,758,520,1.8885,0.6589,1.8744,0.6754,131.794
1783179274.5872047,757,521,1.8925,0.6628,1.8972,0.6555,131.868
1783179274.6629205,756,520,1.8967,0.6589,1.8970,0.6613,131.944
1783179274.7436092,755,521,1.9007,0.6628,1.8997,0.6615,132.024
1783179274.816483,755,521,1.9007,0.6628,1.9018,0.6632,132.097
1783179274.8906345,754,521,1.9048,0.6628,1.9045,0.6628,132.171
1783179274.9655113,753,521,1.9089,0.6628,1.9093,0.6628,132.246
1783179275.051842,752,521,1.9131,0.6628,1.9120,0.6628,132.333
1783179275.1318676,752,521,1.9131,0.6628,1.9145,0.6629,132.413
1783179275.209402,751,521,1.9172,0.6629,1.9158,0.6629,132.490
1783179275.28571,751,521,1.9172,0.6629,1.9182,0.6629,132.566
1783179275.363147,750,521,1.9213,0.6629,1.9213,0.6629,132.644
1783179275.4423578,749,521,1.9254,0.6629,1.9243,0.6629,132.723
1783179275.521432,749,521,1.9254,0.6629,1.9265,0.6625,132.802
1783179275.5972772,748,521,1.9295,0.6629,1.9295,0.6639,132.878
1783179275.6858792,747,522,1.9336,0.6668,1.9325,0.6661,132.967
1783179275.759077,747,522,1.9336,0.6668,1.9346,0.6661,133.040
1783179275.8364415,746,521,1.9378,0.6629,1.9377,0.6639,133.117
1783179275.9141946,745,521,1.9419,0.6629,1.9408,0.6626,133.195
1783179275.9892292,745,521,1.9419,0.6629,1.9433,0.6626,133.270
1783179276.074075,744,521,1.9460,0.6629,1.9446,0.6636,133.355
1783179276.1552923,744,522,1.9459,0.6668,1.9470,0.6668,133.436
1783179276.230523,743,523,1.9500,0.6707,1.9500,0.6701,133.511
1783179276.3051162,742,523,1.9541,0.6708,1.9530,0.6711,133.586
1783179276.379004,742,523,1.9541,0.6708,1.9552,0.6704,133.660
1783179276.4544456,741,523,1.9582,0.6708,1.9582,0.6721,133.735
1783179276.5289748,740,524,1.9623,0.6747,1.9613,0.6727,133.810
1783179276.6042447,740,523,1.9624,0.6708,1.9634,0.6718,133.885
1783179276.6789715,739,523,1.9665,0.6708,1.9661,0.6715,133.960
1783179276.754028,738,524,1.9706,0.6747,1.9709,0.6740,134.035
1783179276.8292902,737,524,1.9747,0.6747,1.9737,0.6737,134.110
1783179276.9059477,737,523,1.9748,0.6708,1.9861,0.6685,134.187
1783179276.9857812,736,524,1.9788,0.6747,1.9480,0.6864,134.266
1783179277.0606751,735,524,1.8630,0.7254,1.8931,0.7127,134.341
1783179277.134991,735,524,1.8630,0.7254,1.8528,0.7297,134.416
1783179277.2154574,735,524,1.8630,0.7254,1.8636,0.7251,134.496
1783179277.2892215,734,524,1.8663,0.7254,1.8662,0.7263,134.570
1783179277.3656719,733,525,1.8695,0.7288,1.8686,0.7276,134.646
1783179277.4488876,733,525,1.8695,0.7288,1.8703,0.7302,134.730
1783179277.5252495,732,526,1.8726,0.7322,1.8724,0.7305,134.806
1783179277.604364,731,525,1.8760,0.7289,1.8762,0.7298,134.885
1783179277.6787527,730,525,1.8792,0.7289,1.8757,0.7314,134.959
1783179277.7599373,730,526,1.8792,0.7323,1.8884,0.7256,135.041
1783179277.8366103,729,526,1.9140,0.7098,1.9047,0.7159,135.117
1783179277.9138916,729,526,1.9140,0.7098,1.9176,0.7079,135.195
1783179277.9885154,728,526,1.9175,0.7098,1.9172,0.7098,135.269
1783179278.06227,727,526,1.9210,0.7099,1.9213,0.7099,135.343
1783179278.1398718,726,526,1.9245,0.7099,1.9236,0.7099,135.421
1783179278.2129328,726,526,1.9245,0.7099,1.9254,0.7099,135.494
1783179278.2875721,725,526,1.9280,0.7100,1.9280,0.7100,135.568
1783179278.3618712,724,526,1.9315,0.7100,1.9306,0.7100,135.643
1783179278.4367664,724,526,1.9315,0.7100,1.9327,0.7097,135.717
1783179278.5126622,723,526,1.9350,0.7101,1.9338,0.7110,135.793
1783179278.5882576,723,527,1.9350,0.7136,1.9359,0.7127,135.869
1783179278.6636784,722,527,1.9385,0.7136,1.9382,0.7139,135.944
1783179278.7376103,721,527,1.9420,0.7137,1.9423,0.7134,136.018
1783179278.811236,720,527,1.9455,0.7137,1.9446,0.7146,136.092
1783179278.885439,720,528,1.9455,0.7173,1.9467,0.7164,136.166
1783179278.9613957,719,528,1.9490,0.7173,1.9478,0.7176,136.242
1783179279.0357194,719,528,1.9490,0.7173,1.9499,0.7173,136.316
1783179279.110072,718,528,1.9525,0.7174,1.9525,0.7171,136.391
1783179279.1859748,717,528,1.9560,0.7174,1.9551,0.7186,136.467
1783179279.261295,717,529,1.9560,0.7210,1.9569,0.7191,136.542
1783179279.3373735,716,528,1.9595,0.7175,1.9592,0.7187,136.618
1783179279.4183848,715,528,1.9630,0.7175,1.9633,0.7172,136.699
1783179279.4990284,714,528,1.9665,0.7175,1.9656,0.7175,136.780
1783179279.573605,714,528,1.9665,0.7175,1.9674,0.7173,136.854
1783179279.6483777,713,528,1.9700,0.7176,1.9697,0.7188,136.929
1783179279.7234473,712,529,1.9735,0.7212,1.9738,0.7194,137.004
1783179279.7992501,711,528,1.9770,0.7177,1.9764,0.7186,137.080
1783179279.8848472,711,528,1.9770,0.7177,1.9770,0.7183,137.166
1783179279.9594176,711,529,1.9770,0.7212,1.9776,0.7203,137.240
1783179280.0340528,710,529,1.9805,0.7213,1.9802,0.7216,137.315
1783179280.1081831,709,529,1.9840,0.7213,1.9843,0.7213,137.389
1783179280.1835783,708,529,1.9875,0.7214,1.9866,0.7213,137.464
1783179280.2594144,708,529,1.9875,0.7214,1.9884,0.7214,137.540
1783179280.3335855,707,529,1.9910,0.7214,1.9910,0.7211,137.614
1783179280.4101226,706,529,1.9945,0.7214,1.9936,0.7223,137.691
1783179280.4842386,706,530,1.9945,0.7250,1.9943,0.7211,137.765
1783179280.55996,705,530,1.9980,0.7250,2.0012,0.7339,137.841
1783179280.6336858,704,529,2.0140,0.7596,2.0099,0.7513,137.914
1783179280.7071743,704,530,2.0140,0.7631,2.0162,0.7661,137.988
1783179280.7794523,703,531,2.0174,0.7667,2.0162,0.7661,138.060
1783179280.8535373,703,531,2.0174,0.7667,2.0183,0.7671,138.134
1783179280.9251692,702,531,2.0208,0.7668,2.0205,0.7668,138.206
1783179280.9975255,701,531,2.0243,0.7669,2.0246,0.7669,138.278
1783179281.0703187,700,531,2.0278,0.7670,2.0269,0.7669,138.351
1783179281.1489038,700,531,2.0278,0.7670,2.0287,0.7667,138.430
1783179281.2239587,699,531,2.0313,0.7670,2.0312,0.7679,138.505
1783179281.2953565,698,532,2.0347,0.7706,2.0338,0.7697,138.576
1783179281.369031,698,532,2.0347,0.7706,2.0358,0.7710,138.650
1783179281.4429212,697,532,2.0381,0.7707,2.0369,0.7704,138.724
1783179281.5145135,697,532,2.0381,0.7707,2.0390,0.7716,138.795
1783179281.5882735,696,533,2.0415,0.7743,2.0415,0.7734,138.869
1783179281.660382,695,533,2.0450,0.7744,2.0441,0.7744,138.941
1783179281.7337615,695,533,2.0450,0.7744,2.0459,0.7753,139.014
1783179281.806375,694,534,2.0484,0.7780,2.0484,0.7771,139.087
1783179281.878436,693,534,2.0518,0.7780,2.0509,0.7783,139.159
1783179281.96193,693,534,2.0518,0.7780,2.0527,0.7781,139.243
1783179282.0346596,692,534,2.0553,0.7781,2.0550,0.7781,139.315
1783179282.1074352,691,534,2.0588,0.7782,2.0591,0.7782,139.388
1783179282.1787405,690,534,2.0622,0.7783,2.0614,0.7779,139.459
1783179282.25128,690,534,2.0622,0.7783,2.0634,0.7795,139.532
1783179282.3453093,689,535,2.0656,0.7819,2.0645,0.7797,139.626
1783179282.417956,689,534,2.0657,0.7783,2.0666,0.7805,139.699
1783179282.4930851,688,535,2.0691,0.7819,2.0688,0.7807,139.774
1783179282.5647347,687,535,2.0726,0.7820,2.0729,0.7820,139.845
1783179282.6423275,686,535,2.0760,0.7821,2.0751,0.7830,139.923
1783179282.715027,686,536,2.0760,0.7856,2.0772,0.7847,139.996
1783179282.787765,685,536,2.0794,0.7857,2.0782,0.7860,140.068
1783179282.8587914,685,536,2.0794,0.7857,2.0806,0.7854,140.139
1783179282.944103,684,536,2.0829,0.7858,2.0817,0.7869,140.225
1783179283.0170135,684,537,2.0828,0.7893,2.0837,0.7872,140.298
1783179283.0926082,683,536,2.0863,0.7858,2.0863,0.7876,140.373
1783179283.167537,682,537,2.0897,0.7894,2.0889,0.7891,140.448
1783179283.241232,682,538,2.0897,0.7929,2.0909,0.7924,140.522
1783179283.3130634,681,538,2.0931,0.7930,2.0919,0.7930,140.594
1783179283.3870814,681,538,2.0931,0.7930,2.0940,0.7942,140.668
1783179283.4649282,680,539,2.0965,0.7966,2.0962,0.7948,140.746
1783179283.5420291,679,538,2.1000,0.7932,2.1003,0.7941,140.823
1783179283.616922,678,538,2.1035,0.7932,2.1026,0.7938,140.898
1783179283.694447,678,539,2.1034,0.7968,2.1043,0.7959,140.975
1783179283.7768967,677,539,2.1069,0.7968,2.1069,0.7971,141.058
1783179283.8532557,676,539,2.1103,0.7969,2.1098,0.7966,141.134
1783179283.9289615,676,539,2.1103,0.7969,2.1103,0.7978,141.210
1783179284.001381,676,540,2.1103,0.8004,2.1109,0.7995,141.282
1783179284.0734847,675,540,2.1137,0.8005,2.1134,0.8008,141.354
1783179284.145873,674,540,2.1172,0.8006,2.1175,0.8003,141.427
1783179284.2176828,673,540,2.1206,0.8006,2.1197,0.8018,141.498
1783179284.290771,673,541,2.1206,0.8042,2.1215,0.8021,141.571
1783179284.3645422,672,540,2.1241,0.8007,2.1241,0.8025,141.645
1783179284.4352791,671,541,2.1275,0.8043,2.1266,0.8043,141.716
1783179284.5127153,671,542,2.1274,0.8078,2.1286,0.8060,141.793
1783179284.5828032,670,541,2.1309,0.8044,2.1297,0.8065,141.863
1783179284.652591,670,542,2.1309,0.8079,2.1318,0.8064,141.933
1783179284.7250066,669,542,2.1343,0.8080,2.1343,0.8092,142.006
1783179284.7962809,668,543,2.1377,0.8115,2.1368,0.8109,142.077
1783179284.8725052,668,543,2.1377,0.8115,2.1386,0.8107,142.153
1783179284.943936,667,542,2.1412,0.8081,2.1412,0.8099,142.225
1783179285.0252972,666,543,2.1446,0.8117,2.1437,0.8105,142.306
1783179285.0991156,666,543,2.1446,0.8117,2.1458,0.8120,142.380
1783179285.1706953,665,543,2.1481,0.8118,2.1469,0.8114,142.451
1783179285.2439606,665,543,2.1481,0.8118,2.1489,0.8127,142.525
1783179285.31665,664,544,2.1514,0.8153,2.1515,0.8144,142.597
1783179285.3862526,663,544,2.1549,0.8154,2.1540,0.8154,142.667
1783179285.4581635,663,544,2.1549,0.8154,2.1561,0.8163,142.739
1783179285.532466,662,545,2.1583,0.8190,2.1571,0.8178,142.813
1783179285.6044838,662,545,2.1583,0.8190,2.1594,0.8202,142.885
1783179285.6761582,661,546,2.1616,0.8226,2.1605,0.8217,142.957
1783179285.7529764,661,546,2.1616,0.8226,2.1625,0.8229,143.034
1783179285.8324113,660,546,2.1651,0.8227,2.1651,0.8227,143.113
1783179285.909534,659,546,2.1685,0.8227,2.1677,0.8224,143.190
1783179285.9862554,659,546,2.1685,0.8227,2.1697,0.8237,143.267
1783179286.0581658,658,547,2.1719,0.8263,2.1711,0.8251,143.339
1783179286.1300716,658,547,2.1719,0.8263,2.1719,0.8278,143.411
1783179286.208586,658,548,2.1718,0.8298,2.1725,0.8277,143.489
1783179286.291899,657,547,2.1754,0.8264,2.1750,0.8285,143.573
1783179286.3685794,656,548,2.1787,0.8300,2.1791,0.8288,143.649
1783179286.4393203,655,548,2.1822,0.8300,2.1802,0.8304,143.720
1783179286.5130224,655,548,2.1822,0.8300,2.1866,0.8299,143.794
1783179286.5875926,654,549,2.1981,0.8296,2.1937,0.8294,143.868
1783179286.662031,654,549,2.1981,0.8296,2.2000,0.8305,143.943
1783179286.7352235,653,550,2.2015,0.8332,2.2015,0.8323,144.016
1783179286.809538,652,550,2.2050,0.8333,2.2041,0.8336,144.090
1783179286.8844078,652,550,2.2050,0.8333,2.2059,0.8333,144.165
1783179286.9570794,651,550,2.2085,0.8334,2.2085,0.8331,144.238
1783179287.028959,650,550,2.2121,0.8334,2.2114,0.8340,144.310
1783179287.1027696,650,551,2.2120,0.8370,2.2120,0.8373,144.383
1783179287.1781554,650,552,2.2119,0.8406,2.2125,0.8387,144.459
1783179287.2513072,649,551,2.2155,0.8371,2.2154,0.8392,144.532
1783179287.3251777,648,552,2.2189,0.8407,2.2181,0.8392,144.606
1783179287.4055274,648,552,2.2189,0.8407,2.2201,0.8419,144.686
1783179287.4842236,647,553,2.2224,0.8443,2.2212,0.8434,144.765
1783179287.5589755,647,553,2.2224,0.8443,2.2233,0.8446,144.840
1783179287.6328874,646,553,2.2259,0.8444,2.2259,0.8444,144.914
1783179287.7040193,645,553,2.2294,0.8445,2.2285,0.8444,144.985
1783179287.7768044,645,553,2.2294,0.8445,2.2303,0.8442,145.057
1783179287.8562667,644,553,2.2329,0.8445,2.2326,0.8454,145.137
1783179287.9297948,643,554,2.2364,0.8481,2.2367,0.8472,145.210
1783179288.0061169,642,554,2.2399,0.8482,2.2390,0.8485,145.287
1783179288.079949,642,554,2.2399,0.8482,2.2411,0.8479,145.361
1783179288.1601858,641,554,2.2434,0.8483,2.2422,0.8492,145.441
1783179288.2324321,641,555,2.2433,0.8518,2.2442,0.8509,145.513
1783179288.3035667,640,555,2.2468,0.8519,2.2468,0.8519,145.584
1783179288.376576,639,555,2.2504,0.8520,2.2494,0.8526,145.657
1783179288.4559836,639,556,2.2503,0.8555,2.2512,0.8558,145.737
1783179288.5279331,638,557,2.2537,0.8591,2.2537,0.8573,145.809
1783179288.601456,637,556,2.2573,0.8557,2.2563,0.8578,145.882
1783179288.6781962,637,557,2.2572,0.8592,2.2585,0.8577,145.959
1783179288.7563298,636,557,2.2607,0.8593,2.2595,0.8605,146.037
1783179288.8282168,636,558,2.2607,0.8628,2.2619,0.8619,146.109
1783179288.9018335,635,558,2.2642,0.8629,2.2630,0.8629,146.183
1783179288.9748735,635,558,2.2642,0.8629,2.2654,0.8638,146.256
1783179289.0527732,634,559,2.2676,0.8665,2.2664,0.8656,146.333
1783179289.1254694,634,559,2.2676,0.8665,2.2688,0.8665,146.406
1783179289.1993465,633,559,2.2711,0.8666,2.2699,0.8675,146.480
1783179289.272137,633,560,2.2710,0.8701,2.2720,0.8692,146.553
1783179289.3450634,632,560,2.2745,0.8702,2.2745,0.8705,146.626
1783179289.428881,631,560,2.2781,0.8703,2.2772,0.8699,146.710
1783179289.5015564,631,560,2.2781,0.8703,2.2789,0.8712,146.782
1783179289.5760858,630,561,2.2815,0.8739,2.2815,0.8730,146.857
1783179289.6493049,629,561,2.2850,0.8740,2.2841,0.8742,146.930
1783179289.7276828,629,561,2.2850,0.8740,2.2862,0.8737,147.008
1783179289.8044186,628,561,2.2885,0.8740,2.2873,0.8746,147.085
1783179289.8892317,628,562,2.2884,0.8776,2.2893,0.8776,147.170
1783179289.9608555,627,563,2.2919,0.8812,2.2919,0.8806,147.242
1783179290.038686,626,563,2.2954,0.8813,2.2948,0.8812,147.319
1783179290.1095524,626,563,2.2954,0.8813,2.2954,0.8822,147.390
1783179290.1863308,626,564,2.2953,0.8848,2.2959,0.8836,147.467
1783179290.259823,625,564,2.2988,0.8849,2.2988,0.8861,147.540
1783179290.3336775,624,565,2.3022,0.8885,2.3014,0.8876,147.614
1783179290.4090545,624,565,2.3022,0.8885,2.3034,0.8888,147.690
1783179290.482872,623,565,2.3058,0.8886,2.3042,0.8885,147.764
1783179290.5561845,623,565,2.3058,0.8886,2.3079,0.8883,147.837
1783179290.629148,621,565,2.3128,0.8887,2.3109,0.8896,147.910
1783179290.7024527,621,566,2.3127,0.8922,2.3130,0.8910,147.983
1783179290.774193,621,566,2.3127,0.8922,2.3133,0.8935,148.055
1783179290.8461473,620,567,2.3161,0.8958,2.3158,0.8949,148.127
1783179290.9184735,619,567,2.3196,0.8959,2.3199,0.8959,148.199
1783179290.9910376,618,567,2.3231,0.8960,2.3222,0.8969,148.272
1783179291.0634358,618,568,2.3231,0.8995,2.3240,0.8986,148.344
1783179291.1358454,617,568,2.3266,0.8996,2.3266,0.8999,148.417
1783179291.2077413,616,568,2.3301,0.8997,2.3292,0.8993,148.488
1783179291.280282,616,568,2.3301,0.8997,2.3313,0.9006,148.561
1783179291.3517716,615,569,2.3335,0.9033,2.3323,0.9023,148.632
1783179291.4299297,615,569,2.3335,0.9033,2.3347,0.9033,148.711
1783179291.5013704,614,569,2.3370,0.9033,2.3358,0.9042,148.782
1783179291.5755312,614,570,2.3369,0.9069,2.3381,0.9060,148.856
1783179291.651204,613,570,2.3404,0.9069,2.3392,0.9069,148.932
1783179291.7248735,613,570,2.3404,0.9069,2.3416,0.9079,149.006
1783179291.7973926,612,571,2.3439,0.9106,2.3427,0.9093,149.078
1783179291.8700035,612,571,2.3439,0.9106,2.3450,0.9118,149.151
1783179291.9442282,611,572,2.3473,0.9142,2.3461,0.9132,149.225
1783179292.0189893,611,572,2.3473,0.9142,2.3485,0.9142,149.300
1783179292.0902982,610,572,2.3508,0.9142,2.3496,0.9151,149.371
1783179292.1664727,610,573,2.3507,0.9178,2.3516,0.9169,149.447
1783179292.2422612,609,573,2.3542,0.9179,2.3542,0.9179,149.523
1783179292.3195202,608,573,2.3577,0.9179,2.3568,0.9188,149.600
1783179292.3916984,608,574,2.3576,0.9215,2.3448,0.9245,149.672
1783179292.4672246,607,574,2.3611,0.9215,2.4024,0.9101,149.748
1783179292.5427804,606,574,2.5251,0.8761,2.4832,0.8875,149.823
1783179292.6228507,606,574,2.5251,0.8761,2.5388,0.8733,149.904
1783179292.6984324,606,575,2.5250,0.8801,2.5262,0.8788,149.979
1783179292.7757454,605,575,2.5293,0.8802,2.5278,0.8815,150.056
1783179292.8499024,605,576,2.5293,0.8842,2.5308,0.8828,150.131
1783179292.925199,604,576,2.5336,0.8842,2.5321,0.8852,150.206
1783179293.0003612,604,577,2.5335,0.8882,2.5346,0.8882,150.281
1783179293.0802073,603,578,2.5378,0.8923,2.5378,0.8916,150.361
1783179293.1653767,602,578,2.5421,0.8923,2.5410,0.8923,150.446
1783179293.243473,602,578,2.5421,0.8923,2.5439,0.8930,150.524
1783179293.3188376,601,579,2.5463,0.8964,2.5437,0.8963,150.600
1783179293.3967304,602,580,2.5419,0.9003,2.5442,0.8993,150.677
1783179293.4741268,601,580,2.5463,0.9003,2.5459,0.9017,150.755
1783179293.5525281,600,581,2.5505,0.9044,2.5498,0.9030,150.833
1783179293.630635,600,581,2.5505,0.9044,2.5505,0.9058,150.911
1783179293.7096076,600,582,2.5504,0.9084,2.5516,0.9070,150.990
1783179293.7912512,599,582,2.5548,0.9084,2.5532,0.9098,151.072
1783179293.8647616,599,583,2.5547,0.9124,2.5558,0.9114,151.145
1783179293.9394288,598,583,2.5590,0.9125,2.5590,0.9125,151.220
1783179294.0208871,597,583,2.5634,0.9125,2.5622,0.9136,151.302
1783179294.0968854,597,584,2.5633,0.9165,2.5648,0.9152,151.378
1783179294.1729705,596,584,2.5676,0.9166,2.5665,0.9179,151.454
1783179294.2493272,596,585,2.5675,0.9206,2.5676,0.9192,151.530
1783179294.3256686,596,585,2.5675,0.9206,2.5682,0.9220,151.606
1783179294.4054646,595,586,2.5718,0.9246,2.5718,0.9236,151.686
1783179294.4811592,594,586,2.5761,0.9247,2.5754,0.9247,151.762
1783179294.5564067,594,586,2.5761,0.9247,2.5761,0.9257,151.837
1783179294.6393955,594,587,2.5761,0.9287,2.5772,0.9273,151.920
1783179294.7148163,593,587,2.5804,0.9288,2.5789,0.9298,151.995
1783179294.7894056,593,588,2.5803,0.9328,2.5818,0.9324,152.070
1783179294.871119,592,589,2.5846,0.9368,2.5831,0.9375,152.152
1783179294.947972,592,590,2.5845,0.9408,2.5860,0.9388,152.229
1783179295.0238135,591,589,2.5889,0.9369,2.5878,0.9389,152.304
1783179295.0984468,591,590,2.5888,0.9409,2.5889,0.9405,152.379
1783179295.1782012,591,591,2.5888,0.9449,2.5895,0.9438,152.459
1783179295.255652,590,591,2.5931,0.9449,2.5927,0.9463,152.536
1783179295.3299036,589,592,2.5974,0.9490,2.5978,0.9476,152.611
1783179295.4054945,588,592,2.6017,0.9490,2.6006,0.9504,152.686
1783179295.4870496,588,593,2.6016,0.9530,2.6032,0.9520,152.768
1783179295.5623562,587,593,2.6060,0.9531,2.6049,0.9528,152.843
1783179295.6356359,587,593,2.6060,0.9531,2.6060,0.9552,152.916
1783179295.7144926,587,595,2.6058,0.9611,2.6070,0.9587,152.995
1783179295.7898507,586,595,2.6102,0.9612,2.6087,0.9629,153.071
1783179295.8649087,586,596,2.6101,0.9652,2.6116,0.9638,153.146
1783179295.9395628,585,596,2.6145,0.9652,2.6129,0.9666,153.220
1783179296.0140467,585,597,2.6144,0.9692,2.6159,0.9679,153.295
1783179296.0929198,584,597,2.6187,0.9693,2.6172,0.9707,153.374
1783179296.169903,584,598,2.6186,0.9733,2.6202,0.9720,153.451
1783179296.2447243,583,598,2.6230,0.9734,2.6215,0.9747,153.525
1783179296.3220415,583,599,2.6229,0.9774,2.6244,0.9760,153.603
1783179296.397265,582,599,2.6273,0.9774,2.6258,0.9788,153.678
1783179296.4773362,582,600,2.6272,0.9814,2.6287,0.9801,153.758
1783179296.5568168,581,600,2.6316,0.9815,2.6300,0.9829,153.837
1783179296.6352272,581,601,2.6315,0.9855,2.6330,0.9842,153.916
1783179296.7127497,580,601,2.6358,0.9856,2.6347,0.9866,153.993
1783179296.7878838,580,602,2.6358,0.9896,2.6361,0.9893,154.069
1783179296.862183,580,603,2.6357,0.9936,2.6353,0.9939,154.143
1783179296.9376822,580,604,2.6356,0.9976,2.6367,0.9966,154.218
1783179297.0143328,579,604,2.6399,0.9977,2.6384,0.9990,154.295
1783179297.0996065,579,605,2.6399,1.0017,2.6414,1.0003,154.380
1783179297.1749299,578,605,2.6442,1.0017,2.6431,1.0028,154.456
1783179297.259324,578,606,2.6441,1.0057,2.6441,1.0057,154.540
1783179297.3339624,578,607,2.6441,1.0097,2.6452,1.0091,154.615
1783179297.4099615,577,607,2.6484,1.0098,2.6469,1.0098,154.691
1783179297.4900846,577,607,2.6484,1.0098,2.6495,1.0109,154.771
1783179297.5653975,576,608,2.6527,1.0139,2.6524,1.0125,154.846
1783179297.6402824,575,608,2.6571,1.0140,2.6574,1.0150,154.921
1783179297.7164273,574,609,2.6614,1.0181,2.6606,1.0180,154.997
1783179297.7910044,574,610,2.6613,1.0221,2.6617,1.0210,155.072
1783179297.867751,574,610,2.6613,1.0221,2.6613,1.0234,155.148
1783179297.94284,574,611,2.6612,1.0261,2.6609,1.0247,155.224
1783179298.0308309,574,611,2.6612,1.0261,2.6623,1.0275,155.312
1783179298.1112256,573,612,2.6655,1.0301,2.6640,1.0287,155.392
1783179298.1901553,573,612,2.6655,1.0301,2.6670,1.0312,155.471
1783179298.270924,572,613,2.6698,1.0342,2.6686,1.0342,155.552
1783179298.345617,572,614,2.6697,1.0382,2.6701,1.0376,155.626
1783179298.4206002,572,614,2.6697,1.0382,2.6693,1.0382,155.701
1783179298.4980884,572,614,2.6697,1.0382,2.6704,1.0393,155.779
1783179298.588592,571,615,2.6740,1.0423,2.7009,1.0382,155.869
1783179298.6645498,570,615,2.6784,1.0424,2.5968,1.0517,155.945
1783179298.7420335,570,616,2.3642,1.0783,2.4450,1.0699,156.023
1783179298.8228662,570,617,2.3640,1.0815,2.3379,1.0835,156.104
1783179298.9016018,569,617,2.3670,1.0815,2.3661,1.0826,156.182
1783179298.97715,569,618,2.3668,1.0847,2.3669,1.0836,156.258
1783179299.0607505,569,618,2.3668,1.0847,2.3675,1.0858,156.341
1783179299.1375089,568,619,2.3696,1.0879,2.3689,1.0868,156.418
1783179299.2234983,568,619,2.3696,1.0879,2.3698,1.0888,156.504
1783179299.307332,568,620,2.3694,1.0911,2.3694,1.0908,156.588
1783179299.3964362,568,621,2.3692,1.0943,2.3692,1.0943,156.677
1783179299.47294,568,622,2.3690,1.0975,2.3690,1.0977,156.754
1783179299.5498261,568,623,2.3689,1.1006,2.3689,1.0998,156.830
1783179299.6292124,568,623,2.3689,1.1006,2.3683,1.1017,156.910
1783179299.7079406,568,624,2.3687,1.1038,2.3703,1.1030,156.989
1783179299.7855632,566,624,2.3747,1.1039,2.3731,1.1039,157.066
1783179299.8622484,566,624,2.3747,1.1039,2.3754,1.1045,157.143
1783179299.9448395,566,625,2.3745,1.1071,2.3735,1.1068,157.226
1783179300.0270832,567,626,2.3713,1.1102,2.3726,1.1105,157.308
1783179300.1097445,566,627,2.3741,1.1134,2.3742,1.1126,157.390
1783179300.1850786,565,627,2.3771,1.1135,2.3755,1.1145,157.466
1783179300.2637029,566,628,2.3739,1.1166,2.3758,1.1155,157.544
1783179300.3393002,565,628,2.3769,1.1166,2.3756,1.1177,157.620
1783179300.4150813,565,629,2.3767,1.1198,2.3778,1.1187,157.696
1783179300.4881113,564,629,2.3798,1.1199,2.3789,1.1207,157.769
1783179300.5651822,564,630,2.3796,1.1230,2.3798,1.1228,157.846
1783179300.6449845,564,631,2.3794,1.1262,2.3791,1.1265,157.926
1783179300.7206526,564,632,2.3792,1.1294,2.3800,1.1286,158.001
1783179300.7972448,563,632,2.3822,1.1294,2.3816,1.1302,158.078
1783179300.8739688,563,633,2.3820,1.1326,2.3815,1.1323,158.155
1783179300.9505386,564,634,2.3788,1.1357,2.3793,1.1360,158.231
1783179301.0284805,564,635,2.3786,1.1389,2.3789,1.1381,158.309
1783179301.1090531,563,635,2.3816,1.1389,2.3815,1.1400,158.390
1783179301.1921308,562,636,2.3844,1.1421,2.3837,1.1410,158.473
1783179301.2669334,562,636,2.3844,1.1421,2.3854,1.1432,158.548
1783179301.3481,561,637,2.3872,1.1453,2.3865,1.1442,158.629
1783179301.4380352,561,637,2.3872,1.1453,2.3874,1.1464,158.719
1783179301.5140002,561,638,2.3870,1.1485,2.3871,1.1474,158.795
1783179301.5899336,561,638,2.3870,1.1485,2.3867,1.1493,158.871
1783179301.6828392,561,639,2.3869,1.1516,2.3876,1.1516,158.964
1783179301.771339,560,640,2.3897,1.1548,2.3889,1.1540,159.052
1783179301.8476336,560,640,2.3897,1.1548,2.3899,1.1556,159.128
1783179301.9256437,560,641,2.3895,1.1580,2.3895,1.1577,159.206
1783179302.0040033,560,642,2.3893,1.1612,2.3893,1.1614,159.285
1783179302.079108,560,643,2.3891,1.1643,2.3886,1.1635,159.360
1783179302.154532,560,643,2.3891,1.1643,2.3906,1.1654,159.435
1783179302.236875,558,644,2.3949,1.1675,2.3932,1.1664,159.518
1783179302.3247297,558,644,2.3949,1.1675,2.3961,1.1686,159.605
1783179302.4066617,557,645,2.3977,1.1707,2.3973,1.1696,159.687
1783179302.487383,557,645,2.3977,1.1707,2.3971,1.1715,159.768
1783179302.562542,558,646,2.3945,1.1739,2.3950,1.1736,159.843
1783179302.6410098,558,647,2.3943,1.1770,2.3946,1.1773,159.922
1783179302.713858,557,648,2.3971,1.1802,2.3972,1.1794,159.995
1783179302.795622,556,648,2.4001,1.1802,2.3996,1.1810,160.076
1783179302.869617,556,649,2.3999,1.1834,2.4002,1.1834,160.150
1783179302.9553201,556,650,2.3997,1.1865,2.3995,1.1860,160.236
1783179303.0387363,556,650,2.3997,1.1865,2.4005,1.1865,160.319
1783179303.1141486,555,650,2.4027,1.1866,2.4017,1.1874,160.395
1783179303.1953926,555,651,2.4025,1.1897,2.4036,1.1887,160.476
1783179303.2708442,554,651,2.4055,1.1898,2.4047,1.1908,160.552
1783179303.3464644,554,652,2.4053,1.1929,2.4057,1.1918,160.627
1783179303.4229977,554,652,2.4053,1.1929,2.4050,1.1937,160.704
1783179303.5001073,554,653,2.4051,1.1961,2.4062,1.1961,160.781
1783179303.5811596,553,654,2.4080,1.1992,2.4062,1.1984,160.862
1783179303.6582558,554,654,2.4050,1.1992,2.4067,1.2000,160.939
1783179303.7351768,553,655,2.4078,1.2024,2.4067,1.2024,161.016
1783179303.8135948,553,656,2.4076,1.2055,2.4076,1.2047,161.094
1783179303.889391,553,656,2.4076,1.2055,2.4080,1.2063,161.170
1783179303.9679527,552,657,2.4104,1.2087,2.4106,1.2087,161.249
1783179304.0461717,551,658,2.4132,1.2119,2.4119,1.2111,161.327
1783179304.1217837,552,658,2.4102,1.2119,2.4111,1.2127,161.402
1783179304.203496,552,659,2.4100,1.2150,2.4097,1.2147,161.484
1783179304.2788463,552,660,2.4098,1.2181,2.4095,1.2184,161.560
1783179304.3574457,552,661,2.4096,1.2213,2.4104,1.2205,161.638
1783179304.4335854,551,661,2.4126,1.2213,2.4117,1.2221,161.714
1783179304.5074658,551,662,2.4124,1.2245,2.4124,1.2242,161.788
1783179304.5887048,551,663,2.4122,1.2276,2.4129,1.2279,161.869
1783179304.6650906,550,664,2.4150,1.2308,2.4140,1.2302,161.946
1783179304.7482932,550,664,2.4150,1.2308,2.4160,1.2308,162.029
1783179304.8323872,549,664,2.4180,1.2308,2.4169,1.2313,162.113
1783179304.9095368,549,665,2.4178,1.2339,2.3873,1.2326,162.190
1783179304.9844408,548,666,2.4206,1.2371,2.5143,1.2406,162.265
1783179305.0666804,548,667,2.7880,1.2528,2.6938,1.2487,162.347
1783179305.1439626,548,667,2.7880,1.2528,2.8191,1.2548,162.425
1783179305.23286,548,668,2.7879,1.2568,2.7891,1.2569,162.514
1783179305.315234,547,669,2.7924,1.2610,2.7908,1.2599,162.596
1783179305.3974624,547,669,2.7924,1.2610,2.7939,1.2624,162.678
1783179305.4778697,546,670,2.7968,1.2652,2.7956,1.2638,162.759
1783179305.556125,546,670,2.7968,1.2652,2.7971,1.2663,162.837
1783179305.6389685,546,671,2.7967,1.2693,2.7963,1.2692,162.920
1783179305.7142107,546,672,2.7966,1.2733,2.7982,1.2723,162.995
1783179305.7893145,545,672,2.8011,1.2734,2.7984,1.2744,163.070
1783179305.8643706,546,673,2.7965,1.2774,2.7992,1.2774,163.145
1783179305.939471,545,674,2.8010,1.2815,2.7994,1.2805,163.220
1783179306.0221395,545,674,2.8010,1.2815,2.8013,1.2826,163.303
1783179306.0987868,545,675,2.8009,1.2856,2.8005,1.2856,163.379
1783179306.1753469,545,676,2.8008,1.2897,2.8020,1.2886,163.456
1783179306.25091,544,676,2.8053,1.2898,2.8041,1.2908,163.532
1783179306.328621,544,677,2.8052,1.2938,2.8056,1.2939,163.609
1783179306.4148428,544,678,2.8052,1.2979,2.8052,1.2969,163.696
1783179306.494204,544,678,2.8052,1.2979,2.8051,1.2989,163.775
1783179306.5780518,544,679,2.8051,1.3020,2.8047,1.3019,163.859
1783179306.6538997,544,680,2.8050,1.3060,2.8062,1.3050,163.935
1783179306.7300992,543,680,2.8095,1.3061,2.8083,1.3072,164.011
1783179306.8124776,543,681,2.8094,1.3102,2.8098,1.3099,164.093
1783179306.88805,543,682,2.8094,1.3143,2.8090,1.3146,164.169
1783179306.9640424,543,683,2.8093,1.3183,2.8105,1.3173,164.245
1783179307.0408218,542,683,2.8138,1.3185,2.8126,1.3195,164.321
1783179307.1177654,542,684,2.8137,1.3225,2.8137,1.3225,164.398
1783179307.1963427,542,685,2.8136,1.3266,2.8144,1.3255,164.477
1783179307.2752185,541,685,2.8181,1.3267,2.8181,1.3281,164.556
1783179307.361248,540,686,2.8226,1.3309,2.8218,1.3295,164.642
1783179307.4432747,540,686,2.8226,1.3309,2.8225,1.3319,164.724
1783179307.5199099,540,687,2.8225,1.3350,2.8236,1.3350,164.801
1783179307.5968647,539,688,2.8269,1.3392,2.8258,1.3381,164.878
1783179307.6735904,539,688,2.8269,1.3392,2.8269,1.3402,164.954
1783179307.7547748,539,689,2.8268,1.3432,2.8276,1.3432,165.035
1783179307.8312123,538,690,2.8313,1.3474,2.8317,1.3464,165.112
1783179307.909551,537,690,2.8358,1.3476,2.8338,1.3489,165.190
1783179307.9858181,538,691,2.8312,1.3515,2.8324,1.3501,165.266
1783179308.0648026,538,691,2.8312,1.3515,2.8319,1.3529,165.345
1783179308.1472425,537,692,2.8356,1.3557,2.8345,1.3543,165.428
1783179308.2228386,537,692,2.8356,1.3557,2.8356,1.3567,165.504
1783179308.2981594,537,693,2.8355,1.3597,2.8367,1.3598,165.579
1783179308.3735676,536,694,2.8400,1.3640,2.8388,1.3629,165.654
1783179308.4508455,536,694,2.8400,1.3640,2.8399,1.3653,165.732
1783179308.5260775,536,695,2.8399,1.3680,2.8415,1.3667,165.807
1783179308.6019905,535,695,2.8444,1.3682,2.8417,1.3691,165.883
1783179308.6777685,536,696,2.8398,1.3721,2.8429,1.3718,165.958
1783179308.7627516,535,697,2.8443,1.3763,2.8412,1.3762,166.043
1783179308.8436344,536,698,2.8397,1.3802,2.8424,1.3806,166.124
1783179308.9213128,535,699,2.8441,1.3844,2.8426,1.3833,166.202
1783179308.9977853,535,699,2.8441,1.3844,2.8445,1.3855,166.278
1783179309.0774095,535,700,2.8440,1.3885,2.8436,1.3884,166.358
1783179309.1570194,535,701,2.8439,1.3925,2.8455,1.3915,166.438
1783179309.2357528,534,701,2.8485,1.3927,2.8457,1.3940,166.516
1783179309.3110578,535,702,2.8439,1.3966,2.8466,1.3953,166.592
1783179309.3868515,534,702,2.8484,1.3967,2.8468,1.3977,166.668
1783179309.4655964,534,703,2.8483,1.4008,2.8487,1.4005,166.746
1783179309.5472414,534,704,2.8482,1.4048,2.8482,1.4052,166.828
1783179309.6306798,534,705,2.8481,1.4089,2.8478,1.4078,166.911
1783179309.7084632,534,705,2.8481,1.4089,2.8493,1.4103,166.989
1783179309.789149,533,706,2.8526,1.4131,2.8518,1.4117,167.070
1783179309.866244,533,706,2.8526,1.4131,2.8514,1.4141,167.147
1783179309.944896,534,707,2.8480,1.4170,2.8503,1.4168,167.226
1783179310.0243118,533,708,2.8524,1.4212,2.8509,1.4215,167.305
1783179310.1002069,533,709,2.8523,1.4253,2.8528,1.4243,167.381
1783179310.1802824,533,709,2.8523,1.4253,2.8519,1.4263,167.461
1783179310.2644117,533,710,2.8523,1.4294,2.8538,1.4294,167.545
1783179310.3474975,532,711,2.8567,1.4336,2.8544,1.4324,167.628
1783179310.436789,533,711,2.8522,1.4334,2.8537,1.4345,167.717
1783179310.511067,533,712,2.8521,1.4375,2.8517,1.4371,167.792
1783179310.5866895,533,713,2.8520,1.4415,2.8520,1.4419,167.867
1783179310.66465,533,714,2.8520,1.4456,2.8520,1.4445,167.945
1783179310.7418647,533,714,2.8520,1.4456,2.8519,1.4470,168.023
1783179310.821929,533,715,2.8519,1.4496,2.8519,1.4482,168.103
1783179310.8973308,533,715,2.8519,1.4496,2.8519,1.4507,168.178
1783179310.9767807,533,716,2.8518,1.4537,2.8518,1.4533,168.257
1783179311.0541456,533,717,2.8517,1.4577,2.8517,1.4581,168.335
1783179311.1338394,533,718,2.8516,1.4618,2.8513,1.4607,168.415
1783179311.2092013,533,718,2.8516,1.4618,2.8673,1.4652,168.490
1783179311.286772,532,719,2.8561,1.4660,2.8115,1.4592,168.567
1783179311.3607457,532,720,2.6872,1.4437,2.7310,1.4495,168.641
1783179311.4416702,532,720,2.6872,1.4437,2.6727,1.4428,168.722
1783179311.5173693,532,721,2.6871,1.4474,2.6872,1.4462,168.798
1783179311.590889,532,721,2.6871,1.4474,2.6871,1.4484,168.872
1783179311.665827,532,722,2.6871,1.4512,2.6871,1.4508,168.947
1783179311.749019,532,723,2.6871,1.4549,2.6871,1.4549,169.030
1783179311.8261251,532,724,2.6870,1.4586,2.6870,1.4586,169.107
1783179311.9061024,532,725,2.6870,1.4623,2.6870,1.4626,169.187
1783179311.983921,532,726,2.6869,1.4660,2.6866,1.4650,169.265
1783179312.0549767,532,726,2.6869,1.4660,2.6882,1.4673,169.336
1783179312.1268687,531,727,2.6907,1.4698,2.6884,1.4685,169.408
1783179312.2009618,532,727,2.6869,1.4697,2.6895,1.4707,169.482
1783179312.2745252,531,728,2.6907,1.4735,2.6881,1.4731,169.555
1783179312.3481004,532,729,2.6868,1.4772,2.6894,1.4772,169.629
1783179312.420683,531,730,2.6906,1.4809,2.6883,1.4812,169.701
1783179312.4943058,532,731,2.6867,1.4846,2.6880,1.4840,169.775
1783179312.5697367,532,731,2.6867,1.4846,2.6864,1.4849,169.850
1783179312.6414952,532,731,2.6867,1.4846,2.6867,1.4846,169.922
1783179312.7156153,532,731,2.6867,1.4846,2.6867,1.4846,169.996
1783179312.801655,532,731,2.6867,1.4846,2.6867,1.4846,170.082
1783179312.8798513,532,731,2.6867,1.4846,2.6867,1.4846,170.161
1783179312.9568732,532,731,2.6867,1.4846,2.6867,1.4846,170.238
1783179313.030388,532,731,2.6867,1.4846,2.6867,1.4846,170.311
1783179313.1041188,532,731,2.6867,1.4846,2.6867,1.4846,170.385
1783179313.1773796,532,731,2.6867,1.4846,2.6867,1.4846,170.458
1783179313.2515986,532,731,2.6867,1.4846,2.6867,1.4846,170.532
1783179313.3283768,532,731,2.6867,1.4846,2.6867,1.4846,170.609
1783179313.4020593,532,731,2.6867,1.4846,2.6867,1.4846,170.683
1783179313.4800835,532,731,2.6867,1.4846,2.6867,1.4846,170.761
1783179313.5584736,532,731,2.6867,1.4846,2.6867,1.4846,170.839
1783179313.6403039,532,731,2.6867,1.4846,2.6867,1.4846,170.921
1783179313.713734,532,731,2.6867,1.4846,2.6867,1.4846,170.994
1783179313.7872508,532,731,2.6867,1.4846,2.6867,1.4846,171.068
1783179313.8685513,532,731,2.6867,1.4846,2.6867,1.4846,171.149
1783179313.9541662,532,731,2.6867,1.4846,2.6867,1.4846,171.235
1783179314.030119,532,731,2.6867,1.4846,2.6867,1.4846,171.311
1783179314.1068301,532,731,2.6867,1.4846,2.6867,1.4846,171.388
1783179314.1805558,532,731,2.6867,1.4846,2.6867,1.4846,171.461
1783179314.2601962,532,731,2.6867,1.4846,2.6867,1.4846,171.541
1783179314.3406713,532,731,2.6867,1.4846,2.6867,1.4846,171.621
1783179314.4146767,532,731,2.6867,1.4846,2.6867,1.4846,171.695
1783179314.4877279,532,731,2.6867,1.4846,2.6867,1.4846,171.768
1783179314.5682616,532,731,2.6867,1.4846,2.6867,1.4846,171.849
1783179314.6519158,532,731,2.6867,1.4846,2.6867,1.4846,171.933
1783179314.7252364,532,731,2.6867,1.4846,2.6867,1.4846,172.006
1783179314.7986157,532,731,2.6867,1.4846,2.6867,1.4846,172.079
1783179314.8731973,532,731,2.6867,1.4846,2.6867,1.4846,172.154
1783179314.9489589,532,731,2.6867,1.4846,2.6867,1.4846,172.230
1783179315.0233986,532,731,2.6867,1.4846,2.6867,1.4846,172.304
1783179315.1005728,532,731,2.6867,1.4846,2.6867,1.4846,172.381
1783179315.1740646,532,731,2.6867,1.4846,2.6867,1.4846,172.455
1783179315.2467508,532,731,2.6867,1.4846,2.6867,1.4846,172.527
1783179315.3192182,532,731,2.6867,1.4846,2.6867,1.4846,172.600
1783179315.399722,532,731,2.6867,1.4846,2.6867,1.4846,172.680
1783179315.4768288,532,731,2.6867,1.4846,2.6867,1.4846,172.758
1783179315.5520117,532,731,2.6867,1.4846,2.6867,1.4846,172.833
1783179315.6240287,532,731,2.6867,1.4846,2.6867,1.4846,172.905
1783179315.6971178,532,731,2.6867,1.4846,2.6867,1.4846,172.978
1783179315.7693665,532,731,2.6867,1.4846,2.6867,1.4846,173.050
1783179315.845532,532,731,2.6867,1.4846,2.6867,1.4846,173.126
1783179315.9189582,532,731,2.6867,1.4846,2.6867,1.4846,173.200
1783179315.9932683,532,731,2.6867,1.4846,2.6867,1.4846,173.274
1783179316.0753045,532,731,2.6867,1.4846,2.6867,1.4846,173.356
1783179316.1520772,532,731,2.6867,1.4846,2.6867,1.4846,173.433
1783179316.226089,532,731,2.6867,1.4846,2.6867,1.4846,173.507
1783179316.299426,532,731,2.6867,1.4846,2.6867,1.4846,173.580
1783179316.373165,532,731,2.6867,1.4846,2.6867,1.4846,173.654
1783179316.4469447,532,731,2.6867,1.4846,2.6867,1.4846,173.728
