timestamp,frame_x,frame_y,world_x_m,world_y_m,world_x_smooth_m,world_y_smooth_m,time_elapsed
1777126903.1860642,1294,295,0.0011,0.0042,0.0011,0.0042,0.000
1777126903.4633017,1294,295,0.0011,0.0042,0.0011,0.0042,0.277
1777126903.6096416,1294,295,0.0011,0.0042,0.0011,0.0042,0.424
1777126903.7174232,1294,295,0.0011,0.0042,0.0011,0.0042,0.531
1777126903.805313,1294,295,0.0011,0.0042,0.0011,0.0042,0.619
1777126903.8834891,1294,295,0.0011,0.0042,0.0011,0.0042,0.697
1777126903.969585,1294,295,0.0011,0.0042,0.0011,0.0042,0.784
1777126904.0528977,1294,295,0.0011,0.0042,0.0011,0.0042,0.867
1777126904.1373253,1294,295,0.0011,0.0042,0.0011,0.0042,0.951
1777126904.2206292,1294,295,0.0011,0.0042,0.0011,0.0042,1.035
1777126904.3268437,1294,295,0.0011,0.0042,0.0011,0.0042,1.141
1777126904.4314349,1294,295,0.0011,0.0042,0.0011,0.0042,1.245
1777126904.5333505,1294,295,0.0011,0.0042,0.0011,0.0042,1.347
1777126904.6414936,1294,295,0.0011,0.0042,0.0011,0.0042,1.455
1777126904.7355886,1294,295,0.0011,0.0042,0.0011,0.0042,1.550
1777126904.8083808,1294,295,0.0011,0.0042,0.0011,0.0042,1.622
1777126904.8805456,1294,295,0.0011,0.0042,0.0011,0.0042,1.694
1777126904.9509852,1294,295,0.0011,0.0042,0.0011,0.0042,1.765
1777126905.0236766,1294,295,0.0011,0.0042,0.0011,0.0042,1.838
1777126905.098443,1294,295,0.0011,0.0042,0.0011,0.0042,1.912
1777126905.1661196,1294,295,0.0011,0.0042,0.0011,0.0042,1.980
1777126905.2495859,1294,295,0.0011,0.0042,0.0011,0.0042,2.064
1777126905.3278909,1294,295,0.0011,0.0042,0.0011,0.0042,2.142
1777126905.413634,1294,295,0.0011,0.0042,0.0011,0.0042,2.228
1777126905.489346,1294,295,0.0011,0.0042,0.0011,0.0042,2.303
1777126905.566772,1294,295,0.0011,0.0042,0.0011,0.0042,2.381
1777126905.6546443,1294,295,0.0011,0.0042,0.0011,0.0042,2.469
1777126905.7555187,1294,295,0.0011,0.0042,0.0011,0.0042,2.569
1777126905.847188,1294,295,0.0011,0.0042,0.0011,0.0042,2.661
1777126905.9366405,1294,295,0.0011,0.0042,0.0011,0.0042,2.751
1777126906.0201757,1294,295,0.0011,0.0042,0.0011,0.0042,2.834
1777126906.0913265,1294,295,0.0011,0.0042,0.0011,0.0042,2.905
1777126906.160333,1294,295,0.0011,0.0042,0.0011,0.0042,2.974
1777126906.2417068,1294,295,0.0011,0.0042,0.0011,0.0042,3.056
1777126906.3147142,1294,295,0.0011,0.0042,0.0011,0.0042,3.129
1777126906.3861485,1294,295,0.0011,0.0042,0.0011,0.0042,3.200
1777126906.4539678,1294,295,0.0011,0.0042,0.0011,0.0042,3.268
1777126906.5288715,1294,295,0.0011,0.0042,0.0011,0.0042,3.343
1777126906.5988667,1294,295,0.0011,0.0042,0.0011,0.0042,3.413
1777126906.6700354,1294,295,0.0011,0.0042,0.0011,0.0042,3.484
1777126906.7467942,1294,295,0.0011,0.0042,0.0011,0.0042,3.561
1777126906.8261611,1294,295,0.0011,0.0042,0.0011,0.0042,3.640
1777126906.900672,1294,295,0.0011,0.0042,0.0011,0.0042,3.715
1777126906.9734704,1294,295,0.0011,0.0042,0.0011,0.0042,3.787
1777126907.0484111,1294,295,0.0011,0.0042,0.0011,0.0042,3.862
1777126907.1178033,1294,295,0.0011,0.0042,0.0011,0.0042,3.932
1777126907.1890578,1294,295,0.0011,0.0042,0.0011,0.0042,4.003
1777126907.261243,1294,295,0.0011,0.0042,0.0011,0.0042,4.075
1777126907.3321457,1294,295,0.0011,0.0042,0.0011,0.0042,4.146
1777126907.407282,1294,295,0.0011,0.0042,0.0011,0.0042,4.221
1777126907.4827294,1294,295,0.0011,0.0042,0.0011,0.0042,4.297
1777126907.5593474,1294,295,0.0011,0.0042,0.0011,0.0042,4.373
1777126907.6323586,1294,295,0.0011,0.0042,0.0011,0.0042,4.446
1777126907.7037642,1294,295,0.0011,0.0042,0.0011,0.0042,4.518
1777126907.8105,1294,295,0.0011,0.0042,0.0011,0.0042,4.624
1777126907.9162862,1294,295,0.0011,0.0042,0.0011,0.0042,4.730
1777126908.0020175,1294,295,0.0011,0.0042,0.0011,0.0042,4.816
1777126908.0789115,1294,295,0.0011,0.0042,0.0011,0.0042,4.893
1777126908.1512825,1294,295,0.0011,0.0042,0.0011,0.0042,4.965
1777126908.2227697,1294,295,0.0011,0.0042,0.0011,0.0042,5.037
1777126908.3030598,1294,295,0.0011,0.0042,0.0011,0.0042,5.117
1777126908.3798425,1294,295,0.0011,0.0042,0.0011,0.0042,5.194
1777126908.4495392,1294,295,0.0011,0.0042,0.0011,0.0042,5.263
1777126908.5175352,1294,295,0.0011,0.0042,0.0011,0.0042,5.331
1777126908.5907774,1294,295,0.0011,0.0042,0.0011,0.0042,5.405
1777126908.6592107,1294,295,0.0011,0.0042,0.0011,0.0042,5.473
1777126908.7318652,1294,295,0.0011,0.0042,0.0011,0.0042,5.546
1777126908.8066964,1294,295,0.0011,0.0042,0.0011,0.0042,5.621
1777126908.8758345,1294,295,0.0011,0.0042,0.0011,0.0042,5.690
1777126908.9479008,1294,295,0.0011,0.0042,0.0011,0.0042,5.762
1777126909.0649786,1294,295,0.0011,0.0042,0.0011,0.0042,5.879
1777126909.1470807,1294,295,0.0011,0.0042,0.0011,0.0042,5.961
1777126909.224039,1294,295,0.0011,0.0042,0.0011,0.0042,6.038
1777126909.2973056,1294,295,0.0011,0.0042,0.0011,0.0042,6.111
1777126909.3712192,1294,295,0.0011,0.0042,0.0011,0.0042,6.185
1777126909.438073,1294,295,0.0011,0.0042,0.0011,0.0042,6.252
1777126909.5099957,1294,295,0.0011,0.0042,0.0011,0.0042,6.324
1777126909.5917022,1294,295,0.0011,0.0042,0.0011,0.0042,6.406
1777126909.6612406,1294,295,0.0011,0.0042,-0.0053,-0.0029,6.475
1777126909.7338166,1294,295,0.0011,0.0042,0.0203,0.0254,6.548
1777126909.8066506,1293,295,0.0757,0.0868,0.0565,0.0656,6.621
1777126909.8817048,1293,295,0.0757,0.0868,0.0821,0.0939,6.696
1777126909.95081,1293,295,0.0757,0.0868,0.0757,0.0868,6.765
1777126910.026505,1293,295,0.0757,0.0868,0.0757,0.0868,6.840
1777126910.0976832,1293,295,0.0757,0.0868,0.0757,0.0868,6.912
1777126910.168399,1293,295,0.0757,0.0868,0.0757,0.0868,6.982
1777126910.2465236,1293,295,0.0757,0.0868,0.0757,0.0868,7.060
1777126910.320908,1293,295,0.0757,0.0868,0.0757,0.0868,7.135
1777126910.3937428,1293,295,0.0757,0.0868,0.0757,0.0868,7.208
1777126910.4686978,1293,295,0.0757,0.0868,0.0757,0.0868,7.283
1777126910.5456128,1293,295,0.0757,0.0868,0.0757,0.0868,7.360
1777126910.6280239,1293,295,0.0757,0.0868,0.0757,0.0868,7.442
1777126910.7391853,1293,295,0.0757,0.0868,0.0757,0.0868,7.553
1777126910.8599925,1293,295,0.0757,0.0868,0.0757,0.0868,7.674
1777126910.9480603,1293,295,0.0757,0.0868,0.0757,0.0868,7.762
1777126911.0297616,1293,295,0.0757,0.0868,0.0757,0.0868,7.844
1777126911.1144848,1293,295,0.0757,0.0868,0.0757,0.0868,7.928
1777126911.1855247,1293,295,0.0757,0.0868,0.0757,0.0868,7.999
1777126911.2604492,1293,295,0.0757,0.0868,0.0757,0.0868,8.074
1777126911.332535,1293,295,0.0757,0.0868,0.0757,0.0868,8.146
1777126911.4027886,1293,295,0.0757,0.0868,0.0757,0.0868,8.217
1777126911.4785416,1293,295,0.0757,0.0868,0.0757,0.0868,8.292
1777126911.5564125,1293,295,0.0757,0.0868,0.0757,0.0868,8.370
1777126911.6333432,1293,295,0.0757,0.0868,0.0757,0.0868,8.447
1777126911.707266,1293,295,0.0757,0.0868,0.0757,0.0868,8.521
1777126911.7794387,1293,295,0.0757,0.0868,0.0757,0.0868,8.593
1777126911.8532083,1293,295,0.0757,0.0868,0.0757,0.0868,8.667
1777126911.9295971,1293,295,0.0757,0.0868,0.0757,0.0868,8.744
1777126912.0076892,1293,295,0.0757,0.0868,0.0757,0.0868,8.822
1777126912.0778115,1293,295,0.0757,0.0868,0.0757,0.0868,8.892
1777126912.1517155,1293,295,0.0757,0.0868,0.0757,0.0868,8.966
1777126912.2225595,1293,295,0.0757,0.0868,0.0757,0.0868,9.036
1777126912.2965877,1293,295,0.0757,0.0868,0.0757,0.0868,9.111
1777126912.367224,1293,295,0.0757,0.0868,0.0757,0.0868,9.181
1777126912.4414465,1293,295,0.0757,0.0868,0.0757,0.0868,9.255
1777126912.5173893,1293,295,0.0757,0.0868,0.0757,0.0868,9.331
1777126912.5868354,1293,295,0.0757,0.0868,0.0757,0.0868,9.401
1777126912.6574473,1293,295,0.0757,0.0868,0.0757,0.0868,9.471
1777126912.727474,1293,295,0.0757,0.0868,0.0757,0.0868,9.541
1777126912.8151944,1293,295,0.0757,0.0868,0.0757,0.0868,9.629
1777126912.8868108,1293,295,0.0757,0.0868,0.0757,0.0868,9.701
1777126912.959914,1293,295,0.0757,0.0868,0.0757,0.0868,9.774
1777126913.0349736,1293,295,0.0757,0.0868,0.0757,0.0868,9.849
1777126913.1070428,1293,295,0.0757,0.0868,0.0757,0.0868,9.921
1777126913.1794016,1293,295,0.0757,0.0868,0.0757,0.0868,9.993
1777126913.2562368,1293,295,0.0757,0.0868,0.0757,0.0868,10.070
1777126913.326252,1293,295,0.0757,0.0868,0.0757,0.0868,10.140
1777126913.3950748,1293,295,0.0757,0.0868,0.0757,0.0868,10.209
1777126913.4655218,1293,295,0.0757,0.0868,0.0757,0.0868,10.279
1777126913.5349355,1293,295,0.0757,0.0868,0.0757,0.0868,10.349
1777126913.6063364,1293,295,0.0757,0.0868,0.0757,0.0868,10.420
1777126913.6812763,1293,295,0.0757,0.0868,0.0757,0.0868,10.495
1777126913.755324,1293,295,0.0757,0.0868,0.0757,0.0868,10.569
1777126913.8271852,1293,295,0.0757,0.0868,0.0757,0.0868,10.641
1777126913.9042525,1293,295,0.0757,0.0868,0.0757,0.0868,10.718
1777126913.983882,1293,295,0.0757,0.0868,0.0757,0.0868,10.798
1777126914.062539,1293,295,0.0757,0.0868,0.0757,0.0868,10.876
1777126914.1359835,1293,295,0.0757,0.0868,0.0757,0.0868,10.950
1777126914.205358,1293,295,0.0757,0.0868,0.0757,0.0868,11.019
1777126914.2774088,1293,295,0.0757,0.0868,0.0757,0.0868,11.091
1777126914.3570323,1293,295,0.0757,0.0868,0.0757,0.0868,11.171
1777126914.4341872,1293,295,0.0757,0.0868,0.0757,0.0868,11.248
1777126914.5062096,1293,295,0.0757,0.0868,0.0757,0.0868,11.320
1777126914.5760548,1293,295,0.0757,0.0868,0.0757,0.0868,11.390
1777126914.656732,1293,295,0.0757,0.0868,0.0757,0.0868,11.471
1777126914.7294004,1293,295,0.0757,0.0868,0.0757,0.0868,11.543
1777126914.7995925,1293,295,0.0757,0.0868,0.0757,0.0868,11.614
1777126914.8743114,1293,295,0.0757,0.0868,0.0757,0.0868,11.688
1777126914.9460144,1293,295,0.0757,0.0868,0.0757,0.0868,11.760
1777126915.020193,1293,295,0.0757,0.0868,0.0757,0.0868,11.834
1777126915.0966725,1293,295,0.0757,0.0868,0.0757,0.0868,11.911
1777126915.1652958,1293,295,0.0757,0.0868,0.0757,0.0868,11.979
1777126915.2366652,1293,295,0.0757,0.0868,0.0757,0.0868,12.051
1777126915.3058975,1293,295,0.0757,0.0868,0.0757,0.0868,12.120
1777126915.3744845,1293,295,0.0757,0.0868,0.0757,0.0868,12.188
1777126915.4494824,1293,295,0.0757,0.0868,0.0757,0.0868,12.263
1777126915.520989,1293,295,0.0757,0.0868,0.0757,0.0868,12.335
1777126915.5959818,1293,295,0.0757,0.0868,0.0757,0.0868,12.410
1777126915.675471,1293,295,0.0757,0.0868,0.0728,0.0870,12.489
1777126915.7435338,1293,295,0.0757,0.0868,0.0841,0.0861,12.557
1777126915.8170729,1293,295,0.1086,0.0841,0.1001,0.0848,12.631
1777126915.8877308,1293,295,0.1086,0.0841,0.1114,0.0839,12.702
1777126915.9565408,1293,295,0.1086,0.0841,0.1086,0.0841,12.770
1777126916.0279727,1293,295,0.1086,0.0841,0.1086,0.0841,12.842
1777126916.0992682,1293,295,0.1086,0.0841,0.1086,0.0841,12.913
1777126916.166843,1293,295,0.1086,0.0841,0.1086,0.0841,12.981
1777126916.2415996,1293,295,0.1086,0.0841,0.1086,0.0841,13.056
1777126916.311847,1293,295,0.1086,0.0841,0.1086,0.0841,13.126
1777126916.3883636,1293,295,0.1086,0.0841,0.1086,0.0841,13.202
1777126916.4625804,1293,295,0.1086,0.0841,0.1086,0.0841,13.277
1777126916.5326412,1293,295,0.1086,0.0841,0.1086,0.0841,13.347
1777126916.6071243,1293,295,0.1086,0.0841,0.1086,0.0841,13.421
1777126916.6770325,1293,295,0.1086,0.0841,0.1086,0.0841,13.491
1777126916.7468278,1293,295,0.1086,0.0841,0.1086,0.0841,13.561
1777126916.8205955,1293,295,0.1086,0.0841,0.1086,0.0841,13.635
1777126916.893196,1293,295,0.1086,0.0841,0.1086,0.0841,13.707
1777126916.969579,1293,295,0.1086,0.0841,0.1086,0.0841,13.784
1777126917.0382855,1293,295,0.1086,0.0841,0.1086,0.0841,13.852
1777126917.1094334,1293,295,0.1086,0.0841,0.1086,0.0841,13.923
1777126917.1851225,1293,295,0.1086,0.0841,0.1086,0.0841,13.999
1777126917.2565134,1293,295,0.1086,0.0841,0.1086,0.0841,14.070
1777126917.3310287,1293,295,0.1086,0.0841,0.1086,0.0841,14.145
1777126917.4069123,1293,295,0.1086,0.0841,0.1086,0.0841,14.221
1777126917.4780855,1293,295,0.1086,0.0841,0.1086,0.0841,14.292
1777126917.5534456,1293,295,0.1086,0.0841,0.1086,0.0841,14.367
1777126917.6235547,1293,295,0.1086,0.0841,0.1086,0.0841,14.437
1777126917.701516,1293,295,0.1086,0.0841,0.1086,0.0841,14.515
1777126917.7747116,1293,295,0.1086,0.0841,0.1086,0.0841,14.589
1777126917.846369,1293,295,0.1086,0.0841,0.1086,0.0841,14.660
1777126917.9202812,1293,295,0.1086,0.0841,0.1086,0.0841,14.734
1777126917.9966156,1293,295,0.1086,0.0841,0.1086,0.0841,14.811
1777126918.065696,1293,295,0.1086,0.0841,0.1086,0.0841,14.880
1777126918.1333153,1293,295,0.1086,0.0841,0.1086,0.0841,14.947
1777126918.204011,1293,295,0.1086,0.0841,0.1086,0.0841,15.018
1777126918.2746434,1293,295,0.1086,0.0841,0.1086,0.0841,15.089
1777126918.344404,1293,295,0.1086,0.0841,0.1086,0.0841,15.158
1777126918.4205043,1293,295,0.1086,0.0841,0.1086,0.0841,15.234
1777126918.4963334,1293,295,0.1086,0.0841,0.1086,0.0841,15.310
1777126918.5662744,1293,295,0.1086,0.0841,0.1086,0.0841,15.380
1777126918.6480532,1293,295,0.1086,0.0841,0.1086,0.0841,15.462
1777126918.7427835,1293,295,0.1086,0.0841,0.1086,0.0841,15.557
1777126918.8374825,1293,295,0.1086,0.0841,0.1086,0.0841,15.651
1777126918.910005,1293,295,0.1086,0.0841,0.1086,0.0841,15.724
1777126918.9833229,1293,295,0.1086,0.0841,0.1086,0.0841,15.797
1777126919.0658638,1293,295,0.1086,0.0841,0.1086,0.0841,15.880
1777126919.1374147,1293,295,0.1086,0.0841,0.1086,0.0841,15.951
1777126919.2143388,1293,295,0.1086,0.0841,0.1086,0.0841,16.028
1777126919.2820227,1293,295,0.1086,0.0841,0.1086,0.0841,16.096
1777126919.356811,1293,295,0.1086,0.0841,0.1086,0.0841,16.171
1777126919.4273021,1293,295,0.1086,0.0841,0.1086,0.0841,16.241
1777126919.4990554,1293,295,0.1086,0.0841,0.1086,0.0841,16.313
1777126919.570071,1293,295,0.1086,0.0841,0.1086,0.0841,16.384
1777126919.6457381,1293,295,0.1086,0.0841,0.1086,0.0841,16.460
1777126919.7251363,1293,295,0.1086,0.0841,0.1086,0.0841,16.539
1777126919.8105159,1293,295,0.1086,0.0841,0.1089,0.0841,16.624
1777126919.8914328,1293,295,0.1086,0.0841,0.1077,0.0841,16.705
1777126919.9641492,1294,295,0.1052,0.0841,0.1061,0.0841,16.778
1777126920.0383797,1294,295,0.1052,0.0841,0.1049,0.0841,16.852
1777126920.1135051,1294,295,0.1052,0.0841,0.1052,0.0841,16.927
1777126920.1923184,1294,295,0.1052,0.0841,0.1052,0.0841,17.006
1777126920.268794,1294,295,0.1052,0.0841,0.1052,0.0841,17.083
1777126920.3390374,1294,295,0.1052,0.0841,0.1052,0.0841,17.153
1777126920.4171324,1294,295,0.1052,0.0841,0.1052,0.0841,17.231
1777126920.4872873,1294,295,0.1052,0.0841,0.1052,0.0841,17.301
1777126920.557062,1294,295,0.1052,0.0841,0.1052,0.0841,17.371
1777126920.6312318,1294,295,0.1052,0.0841,0.1052,0.0841,17.445
1777126920.7014658,1294,295,0.1052,0.0841,0.1052,0.0841,17.515
1777126920.7763524,1294,295,0.1052,0.0841,0.1052,0.0841,17.590
1777126920.8524725,1294,295,0.1052,0.0841,0.1052,0.0841,17.666
1777126920.92393,1294,295,0.1052,0.0841,0.1052,0.0841,17.738
1777126920.9950638,1294,295,0.1052,0.0841,0.1052,0.0841,17.809
1777126921.0664392,1294,295,0.1052,0.0841,0.1052,0.0841,17.880
1777126921.1408794,1294,295,0.1052,0.0841,0.1052,0.0841,17.955
1777126921.21454,1294,295,0.1052,0.0841,0.1052,0.0841,18.028
1777126921.2946923,1294,295,0.1052,0.0841,0.1052,0.0841,18.109
1777126921.366349,1294,295,0.1052,0.0841,0.1052,0.0841,18.180
1777126921.4433987,1294,295,0.1052,0.0841,0.1052,0.0841,18.257
1777126921.5153255,1294,295,0.1052,0.0841,0.1052,0.0841,18.329
1777126921.5865357,1294,295,0.1052,0.0841,0.1116,0.0902,18.400
1777126921.6627917,1294,295,0.1052,0.0841,0.0859,0.0658,18.477
1777126921.7291727,1293,295,0.0301,0.0130,0.0494,0.0313,18.543
1777126921.8017654,1293,295,0.0301,0.0130,0.0236,0.0069,18.616
1777126921.869366,1293,295,0.0301,0.0130,0.0301,0.0130,18.683
1777126921.941246,1293,295,0.0301,0.0130,0.0301,0.0130,18.755
1777126922.0133698,1293,295,0.0301,0.0130,0.0301,0.0130,18.827
1777126922.0841832,1293,295,0.0301,0.0130,0.0301,0.0130,18.898
1777126922.151854,1293,295,0.0301,0.0130,0.0301,0.0130,18.966
1777126922.2183337,1293,295,0.0301,0.0130,0.0301,0.0130,19.032
1777126922.2841077,1293,295,0.0301,0.0130,0.0301,0.0130,19.098
1777126922.3517516,1293,295,0.0301,0.0130,0.0301,0.0130,19.166
1777126922.4190242,1293,295,0.0301,0.0130,0.0301,0.0130,19.233
1777126922.487245,1293,295,0.0301,0.0130,0.0301,0.0130,19.301
1777126922.555603,1293,295,0.0301,0.0130,0.0301,0.0130,19.370
1777126922.6267254,1293,295,0.0301,0.0130,0.0301,0.0130,19.441
1777126922.7014024,1293,295,0.0301,0.0130,0.0301,0.0130,19.515
1777126922.7686186,1293,295,0.0301,0.0130,0.0301,0.0130,19.583
1777126922.8436239,1293,295,0.0301,0.0130,0.0301,0.0130,19.658
1777126922.9108539,1293,295,0.0301,0.0130,0.0301,0.0130,19.725
1777126922.9775105,1293,295,0.0301,0.0130,0.0301,0.0130,19.791
1777126923.044145,1293,295,0.0301,0.0130,0.0301,0.0130,19.858
1777126923.1114619,1293,295,0.0301,0.0130,0.0301,0.0130,19.925
1777126923.1774068,1293,295,0.0301,0.0130,0.0301,0.0130,19.991
1777126923.2450438,1293,295,0.0301,0.0130,0.0301,0.0130,20.059
1777126923.311355,1293,295,0.0301,0.0130,0.0301,0.0130,20.125
1777126923.3784003,1293,295,0.0301,0.0130,0.0301,0.0130,20.192
1777126923.4450836,1293,295,0.0301,0.0130,0.0301,0.0130,20.259
1777126923.513886,1293,295,0.0301,0.0130,0.0301,0.0130,20.328
1777126923.582084,1293,295,0.0301,0.0130,0.0301,0.0130,20.396
1777126923.655451,1293,295,0.0301,0.0130,0.0301,0.0130,20.469
1777126923.7266366,1293,295,0.0301,0.0130,0.0301,0.0130,20.541
1777126923.7972262,1293,295,0.0301,0.0130,0.0301,0.0130,20.611
1777126923.8639166,1293,295,0.0301,0.0130,0.0301,0.0130,20.678
1777126923.9372993,1293,295,0.0301,0.0130,0.0301,0.0130,20.751
1777126924.0061789,1293,295,0.0301,0.0130,0.0301,0.0130,20.820
1777126924.0783532,1293,295,0.0301,0.0130,0.0301,0.0130,20.892
1777126924.1443655,1293,295,0.0301,0.0130,0.0301,0.0130,20.958
1777126924.2105715,1293,295,0.0301,0.0130,0.0301,0.0130,21.025
1777126924.2833824,1293,295,0.0301,0.0130,0.0301,0.0130,21.097
1777126924.3549006,1293,295,0.0301,0.0130,0.0301,0.0130,21.169
1777126924.4264963,1293,295,0.0301,0.0130,0.0301,0.0130,21.240
1777126924.493576,1293,295,0.0301,0.0130,0.0301,0.0130,21.308
1777126924.5624745,1293,295,0.0301,0.0130,0.0301,0.0130,21.376
1777126924.6364152,1293,295,0.0301,0.0130,0.0301,0.0130,21.450
1777126924.702993,1293,295,0.0301,0.0130,0.0301,0.0130,21.517
1777126924.7739618,1293,295,0.0301,0.0130,0.0301,0.0130,21.588
1777126924.844506,1293,295,0.0301,0.0130,0.0301,0.0130,21.658
1777126924.9144306,1293,295,0.0301,0.0130,0.0301,0.0130,21.728
1777126924.9862776,1293,295,0.0301,0.0130,0.0301,0.0130,21.800
1777126925.056937,1293,295,0.0301,0.0130,0.0301,0.0130,21.871
1777126925.123133,1293,295,0.0301,0.0130,0.0301,0.0130,21.937
1777126925.194845,1293,295,0.0301,0.0130,0.0301,0.0130,22.009
1777126925.2634778,1293,295,0.0301,0.0130,0.0301,0.0130,22.077
1777126925.339155,1293,295,0.0301,0.0130,0.0301,0.0130,22.153
1777126925.4113555,1293,295,0.0301,0.0130,0.0301,0.0130,22.225
1777126925.4831905,1293,295,0.0301,0.0130,0.0301,0.0130,22.297
1777126925.554109,1293,295,0.0301,0.0130,0.0301,0.0130,22.368
1777126925.621071,1293,295,0.0301,0.0130,0.0301,0.0130,22.435
1777126925.6892412,1293,295,0.0301,0.0130,0.0301,0.0130,22.503
1777126925.7551594,1293,295,0.0301,0.0130,0.0301,0.0130,22.569
1777126925.8225114,1293,295,0.0301,0.0130,0.0301,0.0130,22.636
1777126925.8883932,1293,295,0.0301,0.0130,0.0301,0.0130,22.702
1777126925.9547606,1293,295,0.0301,0.0130,0.0301,0.0130,22.769
1777126926.0207562,1293,295,0.0301,0.0130,0.0301,0.0130,22.835
1777126926.0878708,1293,295,0.0301,0.0130,0.0301,0.0130,22.902
1777126926.1569746,1293,295,0.0301,0.0130,0.0301,0.0130,22.971
1777126926.2295077,1293,295,0.0301,0.0130,0.0301,0.0130,23.043
1777126926.3011515,1293,295,0.0301,0.0130,0.0301,0.0130,23.115
1777126926.367212,1293,295,0.0301,0.0130,0.0301,0.0130,23.181
1777126926.433957,1293,295,0.0301,0.0130,0.0301,0.0130,23.248
1777126926.500246,1293,295,0.0301,0.0130,0.0301,0.0130,23.314
1777126926.5778491,1293,295,0.0301,0.0130,0.0301,0.0130,23.392
1777126926.6446073,1293,295,0.0301,0.0130,0.0301,0.0130,23.459
1777126926.7106926,1293,295,0.0301,0.0130,0.0405,0.0200,23.525
1777126926.7781951,1293,295,0.0301,0.0130,-0.0010,-0.0080,23.592
1777126926.848618,1293,295,-0.0909,-0.0686,-0.0598,-0.0476,23.663
1777126926.918725,1293,295,-0.0909,-0.0686,-0.1013,-0.0755,23.733
1777126926.9879298,1293,295,-0.0909,-0.0686,-0.0909,-0.0686,23.802
1777126927.0579078,1293,295,-0.0909,-0.0686,-0.0909,-0.0686,23.872
1777126927.1318827,1293,295,-0.0909,-0.0686,-0.0909,-0.0686,23.946
1777126927.202303,1293,295,-0.0909,-0.0686,-0.0909,-0.0686,24.016
1777126927.2716358,1293,295,-0.0909,-0.0686,-0.0909,-0.0686,24.086
1777126927.342035,1293,295,-0.0909,-0.0686,-0.0909,-0.0686,24.156
1777126927.4117455,1293,295,-0.0909,-0.0686,-0.0909,-0.0686,24.226
1777126927.4818769,1293,295,-0.0909,-0.0686,-0.0909,-0.0686,24.296
1777126927.552,1293,295,-0.0909,-0.0686,-0.0909,-0.0686,24.366
1777126927.6228964,1293,295,-0.0909,-0.0686,-0.0909,-0.0686,24.437
1777126927.6936958,1293,295,-0.0909,-0.0686,-0.0909,-0.0686,24.508
1777126927.7686048,1293,295,-0.0909,-0.0686,-0.0909,-0.0686,24.583
1777126927.846,1293,295,-0.0909,-0.0686,-0.0909,-0.0686,24.660
1777126927.9162788,1293,295,-0.0909,-0.0686,-0.0909,-0.0686,24.730
1777126927.990567,1293,295,-0.0909,-0.0686,-0.0909,-0.0686,24.805
1777126928.0756261,1293,295,-0.0909,-0.0686,-0.0909,-0.0686,24.890
1777126928.1545138,1293,295,-0.0909,-0.0686,-0.0909,-0.0686,24.968
1777126928.2316911,1293,295,-0.0909,-0.0686,-0.0909,-0.0686,25.046
1777126928.3013823,1293,295,-0.0909,-0.0686,-0.0909,-0.0686,25.115
1777126928.3710759,1293,295,-0.0909,-0.0686,-0.0909,-0.0686,25.185
1777126928.4384494,1293,295,-0.0909,-0.0686,-0.0909,-0.0686,25.252
1777126928.5081677,1293,295,-0.0909,-0.0686,-0.0909,-0.0686,25.322
1777126928.5835814,1293,295,-0.0909,-0.0686,-0.0909,-0.0686,25.398
1777126928.6602576,1293,295,-0.0909,-0.0686,-0.0909,-0.0686,25.474
1777126928.7302012,1293,295,-0.0909,-0.0686,-0.0909,-0.0686,25.544
1777126928.8050194,1293,295,-0.0909,-0.0686,-0.0909,-0.0686,25.619
1777126928.8802216,1293,295,-0.0909,-0.0686,-0.0909,-0.0686,25.694
1777126928.9526138,1293,295,-0.0909,-0.0686,-0.0909,-0.0686,25.767
1777126929.0319345,1293,295,-0.0909,-0.0686,-0.0909,-0.0686,25.846
1777126929.1151123,1293,295,-0.0909,-0.0686,-0.0909,-0.0686,25.929
1777126929.1858084,1293,295,-0.0909,-0.0686,-0.0909,-0.0686,26.000
1777126929.262738,1293,295,-0.0909,-0.0686,-0.0909,-0.0686,26.077
1777126929.334951,1293,295,-0.0909,-0.0686,-0.0909,-0.0686,26.149
1777126929.4098628,1293,295,-0.0909,-0.0686,-0.0909,-0.0686,26.224
1777126929.4822693,1293,295,-0.0909,-0.0686,-0.0909,-0.0686,26.296
1777126929.5593011,1293,295,-0.0909,-0.0686,-0.0909,-0.0686,26.373
1777126929.6386023,1293,295,-0.0909,-0.0686,-0.0909,-0.0686,26.453
1777126929.7161999,1293,295,-0.0909,-0.0686,-0.0909,-0.0686,26.530
1777126929.7918048,1293,295,-0.0909,-0.0686,-0.0909,-0.0686,26.606
1777126929.8652525,1293,295,-0.0909,-0.0686,-0.0909,-0.0686,26.679
1777126929.9346623,1293,295,-0.0909,-0.0686,-0.0909,-0.0686,26.749
1777126930.0098364,1293,295,-0.0909,-0.0686,-0.0909,-0.0686,26.824
1777126930.0850177,1293,295,-0.0909,-0.0686,-0.0909,-0.0686,26.899
1777126930.1553912,1293,295,-0.0909,-0.0686,-0.0909,-0.0686,26.969
1777126930.2272651,1293,295,-0.0909,-0.0686,-0.0909,-0.0686,27.041
1777126930.3086414,1293,295,-0.0909,-0.0686,-0.0909,-0.0686,27.123
1777126930.3840404,1293,295,-0.0909,-0.0686,-0.0909,-0.0686,27.198
1777126930.454393,1293,295,-0.0909,-0.0686,-0.0909,-0.0686,27.268
1777126930.523947,1293,295,-0.0909,-0.0686,-0.0909,-0.0686,27.338
1777126930.5997233,1293,295,-0.0909,-0.0686,-0.0909,-0.0686,27.414
1777126930.6760795,1293,295,-0.0909,-0.0686,-0.0909,-0.0686,27.490
1777126930.753231,1293,295,-0.0909,-0.0686,-0.0909,-0.0686,27.567
1777126930.8226244,1293,295,-0.0909,-0.0686,-0.0909,-0.0686,27.637
1777126930.8922336,1293,295,-0.0909,-0.0686,-0.0909,-0.0686,27.706
1777126930.9643085,1293,295,-0.0909,-0.0686,-0.0909,-0.0686,27.778
1777126931.0364566,1293,295,-0.0909,-0.0686,-0.0909,-0.0686,27.850
1777126931.1105974,1293,295,-0.0909,-0.0686,-0.0909,-0.0686,27.925
1777126931.1875427,1293,295,-0.0909,-0.0686,-0.0909,-0.0686,28.001
1777126931.2636485,1293,295,-0.0909,-0.0686,-0.0909,-0.0686,28.078
1777126931.337722,1293,295,-0.0909,-0.0686,-0.0909,-0.0686,28.152
1777126931.412628,1293,295,-0.0909,-0.0686,-0.0909,-0.0686,28.227
1777126931.489421,1293,295,-0.0909,-0.0686,-0.0909,-0.0686,28.303
1777126931.560824,1293,295,-0.0909,-0.0686,-0.0909,-0.0686,28.375
1777126931.6347423,1293,295,-0.0909,-0.0686,-0.0909,-0.0686,28.449
1777126931.7042038,1293,295,-0.0909,-0.0686,-0.0909,-0.0686,28.518
1777126931.7798738,1293,295,-0.0909,-0.0686,-0.0909,-0.0686,28.594
1777126931.8561268,1293,295,-0.0909,-0.0686,-0.0909,-0.0686,28.670
1777126931.9321623,1293,295,-0.0909,-0.0686,-0.0909,-0.0686,28.746
1777126932.0051055,1293,295,-0.0909,-0.0686,-0.0909,-0.0686,28.819
1777126932.0757565,1293,295,-0.0909,-0.0686,-0.0909,-0.0686,28.890
1777126932.1520784,1293,295,-0.0909,-0.0686,-0.0909,-0.0686,28.966
1777126932.2214828,1293,295,-0.0909,-0.0686,-0.0909,-0.0686,29.035
1777126932.2904503,1293,295,-0.0909,-0.0686,-0.0909,-0.0686,29.104
1777126932.3598557,1293,295,-0.0909,-0.0686,-0.0909,-0.0686,29.174
1777126932.4290326,1293,295,-0.0909,-0.0686,-0.0909,-0.0686,29.243
1777126932.4972208,1293,295,-0.0909,-0.0686,-0.0909,-0.0686,29.311
1777126932.5661328,1293,295,-0.0909,-0.0686,-0.0909,-0.0686,29.380
1777126932.6361465,1293,295,-0.0909,-0.0686,-0.0909,-0.0686,29.450
1777126932.7112927,1293,295,-0.0909,-0.0686,-0.0909,-0.0686,29.525
1777126932.7839622,1293,295,-0.0909,-0.0686,-0.0909,-0.0686,29.598
1777126932.853329,1293,295,-0.0909,-0.0686,-0.0909,-0.0686,29.667
1777126932.9241397,1293,295,-0.0909,-0.0686,-0.0909,-0.0686,29.738
1777126932.9987645,1293,295,-0.0909,-0.0686,-0.0906,-0.0685,29.813
1777126933.0686085,1293,295,-0.0909,-0.0686,-0.0920,-0.0686,29.883
1777126933.1388361,1294,295,-0.0951,-0.0688,-0.0941,-0.0687,29.953
1777126933.2160254,1294,295,-0.0951,-0.0688,-0.0955,-0.0688,30.030
1777126933.286253,1294,295,-0.0951,-0.0688,-0.0951,-0.0688,30.100
1777126933.3601944,1294,295,-0.0951,-0.0688,-0.0951,-0.0688,30.174
1777126933.4347272,1294,295,-0.0951,-0.0688,-0.0951,-0.0688,30.249
1777126933.5060308,1294,295,-0.0951,-0.0688,-0.0951,-0.0688,30.320
1777126933.5836186,1294,295,-0.0951,-0.0688,-0.0951,-0.0688,30.398
1777126933.6635008,1294,295,-0.0951,-0.0688,-0.0951,-0.0688,30.477
1777126933.7397268,1294,295,-0.0951,-0.0688,-0.0951,-0.0688,30.554
1777126933.80691,1294,295,-0.0951,-0.0688,-0.0951,-0.0688,30.621
1777126933.8757837,1294,295,-0.0951,-0.0688,-0.0951,-0.0688,30.690
1777126933.9449935,1294,295,-0.0951,-0.0688,-0.0951,-0.0688,30.759
1777126934.0196128,1294,295,-0.0951,-0.0688,-0.0951,-0.0688,30.834
1777126934.0903492,1294,295,-0.0951,-0.0688,-0.0951,-0.0688,30.904
1777126934.1660268,1294,295,-0.0951,-0.0688,-0.0951,-0.0688,30.980
1777126934.2359583,1294,295,-0.0951,-0.0688,-0.0951,-0.0688,31.050
1777126934.304608,1294,295,-0.0951,-0.0688,-0.0951,-0.0688,31.119
1777126934.3849843,1294,295,-0.0951,-0.0688,-0.0951,-0.0688,31.199
1777126934.455514,1294,295,-0.0951,-0.0688,-0.0951,-0.0688,31.269
1777126934.5257132,1294,295,-0.0951,-0.0688,-0.0951,-0.0688,31.340
1777126934.5946455,1294,295,-0.0951,-0.0688,-0.0951,-0.0688,31.409
1777126934.6652427,1294,295,-0.0951,-0.0688,-0.0951,-0.0688,31.479
1777126934.7361476,1294,295,-0.0951,-0.0688,-0.0951,-0.0688,31.550
1777126934.8070905,1294,295,-0.0951,-0.0688,-0.0951,-0.0688,31.621
1777126934.8770268,1294,295,-0.0951,-0.0688,-0.0951,-0.0688,31.691
1777126934.94702,1294,295,-0.0951,-0.0688,-0.0951,-0.0688,31.761
1777126935.0190067,1294,295,-0.0951,-0.0688,-0.0951,-0.0688,31.833
1777126935.0901928,1294,295,-0.0951,-0.0688,-0.0951,-0.0688,31.904
1777126935.1611269,1294,295,-0.0951,-0.0688,-0.0951,-0.0688,31.975
1777126935.2307281,1294,295,-0.0951,-0.0688,-0.0951,-0.0688,32.045
1777126935.3007314,1294,295,-0.0951,-0.0688,-0.0951,-0.0688,32.115
1777126935.3705926,1294,295,-0.0951,-0.0688,-0.0951,-0.0688,32.185
1777126935.441804,1294,295,-0.0951,-0.0688,-0.0951,-0.0688,32.256
1777126935.5185091,1294,295,-0.0951,-0.0688,-0.0951,-0.0688,32.332
1777126935.5949132,1294,295,-0.0951,-0.0688,-0.0951,-0.0688,32.409
1777126935.6675897,1294,295,-0.0951,-0.0688,-0.0951,-0.0688,32.482
1777126935.7455516,1294,295,-0.0951,-0.0688,-0.0951,-0.0688,32.559
1777126935.8240573,1294,295,-0.0951,-0.0688,-0.0951,-0.0688,32.638
1777126935.8939157,1294,295,-0.0951,-0.0688,-0.0951,-0.0688,32.708
1777126935.968611,1294,295,-0.0951,-0.0688,-0.0951,-0.0688,32.783
1777126936.0450482,1294,295,-0.0951,-0.0688,-0.0951,-0.0688,32.859
1777126936.1263578,1294,295,-0.0951,-0.0688,-0.0951,-0.0688,32.940
1777126936.2048843,1294,295,-0.0951,-0.0688,-0.0951,-0.0688,33.019
1777126936.280435,1294,295,-0.0951,-0.0688,-0.0951,-0.0688,33.094
1777126936.3586934,1294,295,-0.0951,-0.0688,-0.0951,-0.0688,33.173
1777126936.4382193,1294,295,-0.0951,-0.0688,-0.0951,-0.0688,33.252
1777126936.5100982,1294,295,-0.0951,-0.0688,-0.0951,-0.0688,33.324
1777126936.580625,1294,295,-0.0951,-0.0688,-0.0951,-0.0688,33.395
1777126936.655522,1294,295,-0.0951,-0.0688,-0.0951,-0.0688,33.469
1777126936.7316191,1294,295,-0.0951,-0.0688,-0.0951,-0.0688,33.546
1777126936.8031876,1294,295,-0.0951,-0.0688,-0.0951,-0.0688,33.617
1777126936.8725028,1294,295,-0.0951,-0.0688,-0.0951,-0.0688,33.686
1777126936.9453492,1294,295,-0.0951,-0.0688,-0.0951,-0.0688,33.759
1777126937.016864,1294,295,-0.0951,-0.0688,-0.0951,-0.0688,33.831
1777126937.09435,1294,295,-0.0951,-0.0688,-0.0951,-0.0688,33.908
1777126937.1687994,1294,295,-0.0951,-0.0688,-0.0951,-0.0688,33.983
1777126937.2383118,1294,295,-0.0951,-0.0688,-0.0951,-0.0688,34.052
1777126937.308015,1294,295,-0.0951,-0.0688,-0.0951,-0.0688,34.122
1777126937.3782797,1294,295,-0.0951,-0.0688,-0.0951,-0.0688,34.192
1777126937.4486914,1294,295,-0.0951,-0.0688,-0.0951,-0.0688,34.263
1777126937.5183995,1294,295,-0.0951,-0.0688,-0.0951,-0.0688,34.332
1777126937.5922759,1294,295,-0.0951,-0.0688,-0.0951,-0.0688,34.406
1777126937.6669378,1294,295,-0.0951,-0.0688,-0.0951,-0.0688,34.481
1777126937.7370074,1294,295,-0.0951,-0.0688,-0.0951,-0.0688,34.551
1777126937.811984,1294,295,-0.0951,-0.0688,-0.0951,-0.0688,34.626
1777126937.8880577,1294,295,-0.0951,-0.0688,-0.0951,-0.0688,34.702
1777126937.957888,1294,295,-0.0951,-0.0688,-0.0951,-0.0688,34.772
1777126938.0288467,1294,295,-0.0951,-0.0688,-0.0951,-0.0688,34.843
1777126938.100536,1294,295,-0.0951,-0.0688,-0.0951,-0.0688,34.914
1777126938.1707392,1294,295,-0.0951,-0.0688,-0.0951,-0.0688,34.985
1777126938.2473187,1294,295,-0.0951,-0.0688,-0.0951,-0.0688,35.061
1777126938.3191047,1294,295,-0.0951,-0.0688,-0.0951,-0.0688,35.133
1777126938.3901927,1294,295,-0.0951,-0.0688,-0.0951,-0.0688,35.204
1777126938.4702907,1294,295,-0.0951,-0.0688,-0.0951,-0.0688,35.284
1777126938.5448246,1294,295,-0.0951,-0.0688,-0.0951,-0.0688,35.359
1777126938.6138706,1294,295,-0.0951,-0.0688,-0.0951,-0.0688,35.428
1777126938.694275,1294,295,-0.0951,-0.0688,-0.0951,-0.0688,35.508
1777126938.7657552,1294,295,-0.0951,-0.0688,-0.0951,-0.0688,35.580
1777126938.8359644,1294,295,-0.0951,-0.0688,-0.0955,-0.0688,35.650
1777126938.9046934,1294,295,-0.0951,-0.0688,-0.0941,-0.0687,35.719
1777126938.9802842,1293,295,-0.0909,-0.0686,-0.0920,-0.0686,35.794
1777126939.0582483,1293,295,-0.0909,-0.0686,-0.0906,-0.0685,35.872
1777126939.130026,1293,295,-0.0909,-0.0686,-0.0909,-0.0686,35.944
1777126939.2004464,1293,295,-0.0909,-0.0686,-0.0909,-0.0686,36.014
1777126939.2709155,1293,295,-0.0909,-0.0686,-0.0909,-0.0686,36.085
1777126939.348175,1293,295,-0.0909,-0.0686,-0.0909,-0.0686,36.162
1777126939.4269729,1293,295,-0.0909,-0.0686,-0.0909,-0.0686,36.241
1777126939.497867,1293,295,-0.0909,-0.0686,-0.0909,-0.0686,36.312
1777126939.5673347,1293,295,-0.0909,-0.0686,-0.0909,-0.0686,36.381
1777126939.642868,1293,295,-0.0909,-0.0686,-0.0909,-0.0686,36.457
1777126939.7143445,1293,295,-0.0909,-0.0686,-0.0909,-0.0686,36.528
1777126939.7837849,1293,295,-0.0909,-0.0686,-0.0909,-0.0686,36.598
1777126939.860466,1293,295,-0.0909,-0.0686,-0.0909,-0.0686,36.674
1777126939.9313183,1293,295,-0.0909,-0.0686,-0.0909,-0.0686,36.745
1777126940.0037568,1293,295,-0.0909,-0.0686,-0.0909,-0.0686,36.818
1777126940.0803897,1293,295,-0.0909,-0.0686,-0.0909,-0.0686,36.894
1777126940.1527836,1293,295,-0.0909,-0.0686,-0.0909,-0.0686,36.967
1777126940.2225661,1293,295,-0.0909,-0.0686,-0.0909,-0.0686,37.037
1777126940.2944474,1293,295,-0.0909,-0.0686,-0.0909,-0.0686,37.108
1777126940.3637943,1293,295,-0.0909,-0.0686,-0.0909,-0.0686,37.178
1777126940.4400082,1293,295,-0.0909,-0.0686,-0.0909,-0.0686,37.254
1777126940.5158927,1293,295,-0.0909,-0.0686,-0.0909,-0.0686,37.330
1777126940.5859692,1293,295,-0.0909,-0.0686,-0.0909,-0.0686,37.400
1777126940.6611068,1293,295,-0.0909,-0.0686,-0.0909,-0.0686,37.475
1777126940.736576,1293,295,-0.0909,-0.0686,-0.0909,-0.0686,37.551
1777126940.8112843,1293,295,-0.0909,-0.0686,-0.0909,-0.0686,37.625
1777126940.8876472,1293,295,-0.0909,-0.0686,-0.0909,-0.0686,37.702
1777126940.9579248,1293,295,-0.0909,-0.0686,-0.0909,-0.0686,37.772
1777126941.0348804,1293,295,-0.0909,-0.0686,-0.0909,-0.0686,37.849
1777126941.1048903,1293,295,-0.0909,-0.0686,-0.0909,-0.0686,37.919
1777126941.1745825,1293,295,-0.0909,-0.0686,-0.0909,-0.0686,37.989
1777126941.2558436,1293,295,-0.0909,-0.0686,-0.0909,-0.0686,38.070
1777126941.325372,1293,295,-0.0909,-0.0686,-0.0909,-0.0686,38.139
1777126941.3921096,1293,295,-0.0909,-0.0686,-0.0909,-0.0686,38.206
1777126941.4614975,1293,295,-0.0909,-0.0686,-0.0909,-0.0686,38.275
1777126941.5344625,1293,295,-0.0909,-0.0686,-0.0909,-0.0686,38.348
1777126941.6114283,1293,295,-0.0909,-0.0686,-0.0909,-0.0686,38.425
1777126941.6934187,1293,295,-0.0909,-0.0686,-0.0909,-0.0686,38.507
1777126941.7617939,1293,295,-0.0909,-0.0686,-0.0909,-0.0686,38.576
1777126941.8316648,1293,295,-0.0909,-0.0686,-0.0909,-0.0686,38.646
1777126941.9082108,1293,295,-0.0909,-0.0686,-0.0909,-0.0686,38.722
1777126941.9846418,1293,295,-0.0909,-0.0686,-0.0909,-0.0686,38.799
1777126942.0549402,1293,295,-0.0909,-0.0686,-0.0909,-0.0686,38.869
1777126942.1251147,1293,295,-0.0909,-0.0686,-0.0909,-0.0686,38.939
1777126942.194543,1293,295,-0.0909,-0.0686,-0.0909,-0.0686,39.008
1777126942.2712224,1293,295,-0.0909,-0.0686,-0.0909,-0.0686,39.085
1777126942.3404846,1293,295,-0.0909,-0.0686,-0.0909,-0.0686,39.154
1777126942.410487,1293,295,-0.0909,-0.0686,-0.0909,-0.0686,39.224
1777126942.4855077,1293,295,-0.0909,-0.0686,-0.0909,-0.0686,39.299
1777126942.554297,1293,295,-0.0909,-0.0686,-0.0909,-0.0686,39.368
1777126942.632013,1293,295,-0.0909,-0.0686,-0.0909,-0.0686,39.446
1777126942.7082386,1293,295,-0.0909,-0.0686,-0.0909,-0.0686,39.522
1777126942.7821314,1293,295,-0.0909,-0.0686,-0.0909,-0.0686,39.596
1777126942.8544598,1293,295,-0.0909,-0.0686,-0.0909,-0.0686,39.668
1777126942.9238687,1293,295,-0.0909,-0.0686,-0.0909,-0.0686,39.738
1777126942.998497,1293,295,-0.0909,-0.0686,-0.0909,-0.0686,39.812
1777126943.072838,1293,295,-0.0909,-0.0686,-0.0909,-0.0686,39.887
1777126943.140132,1293,295,-0.0909,-0.0686,-0.0909,-0.0686,39.954
1777126943.21033,1293,295,-0.0909,-0.0686,-0.0909,-0.0686,40.024
1777126943.2906113,1293,295,-0.0909,-0.0686,-0.0909,-0.0686,40.105
1777126943.3611882,1293,295,-0.0909,-0.0686,-0.0909,-0.0686,40.175
1777126943.4325726,1293,295,-0.0909,-0.0686,-0.0909,-0.0686,40.247
1777126943.503435,1293,295,-0.0909,-0.0686,-0.0909,-0.0686,40.317
1777126943.5742853,1293,295,-0.0909,-0.0686,-0.0909,-0.0686,40.388
1777126943.646576,1293,295,-0.0909,-0.0686,-0.0909,-0.0686,40.461
1777126943.7238123,1293,295,-0.0909,-0.0686,-0.0909,-0.0686,40.538
1777126943.793656,1293,295,-0.0909,-0.0686,-0.0909,-0.0686,40.608
1777126943.863329,1293,295,-0.0909,-0.0686,-0.0909,-0.0686,40.677
1777126943.933935,1293,295,-0.0909,-0.0686,-0.0909,-0.0686,40.748
1777126944.0073647,1293,295,-0.0909,-0.0686,-0.0909,-0.0686,40.821
1777126944.0826004,1293,295,-0.0909,-0.0686,-0.0909,-0.0686,40.897
1777126944.1570802,1293,295,-0.0909,-0.0686,-0.0909,-0.0686,40.971
1777126944.226124,1293,295,-0.0909,-0.0686,-0.0909,-0.0686,41.040
1777126944.3010192,1293,295,-0.0909,-0.0686,-0.0909,-0.0686,41.115
1777126944.3761685,1293,295,-0.0909,-0.0686,-0.0909,-0.0686,41.190
1777126944.447066,1293,295,-0.0909,-0.0686,-0.0909,-0.0686,41.261
1777126944.516135,1293,295,-0.0909,-0.0686,-0.0909,-0.0686,41.330
1777126944.5862331,1293,295,-0.0909,-0.0686,-0.0909,-0.0686,41.400
1777126944.656046,1293,295,-0.0909,-0.0686,-0.0909,-0.0686,41.470
1777126944.7266498,1293,295,-0.0909,-0.0686,-0.0909,-0.0686,41.541
1777126944.7973351,1293,295,-0.0909,-0.0686,-0.0909,-0.0686,41.611
1777126944.8687048,1293,295,-0.0909,-0.0686,-0.0909,-0.0686,41.683
1777126944.9390945,1293,295,-0.0909,-0.0686,-0.0909,-0.0686,41.753
1777126945.0209694,1293,295,-0.0909,-0.0686,-0.0909,-0.0686,41.835
1777126945.0910594,1293,295,-0.0909,-0.0686,-0.0909,-0.0686,41.905
1777126945.1666002,1293,295,-0.0909,-0.0686,-0.0909,-0.0686,41.981
1777126945.2383673,1293,295,-0.0909,-0.0686,-0.0909,-0.0686,42.052
1777126945.3097796,1293,295,-0.0909,-0.0686,-0.0909,-0.0686,42.124
1777126945.3833523,1293,295,-0.0909,-0.0686,-0.0909,-0.0686,42.197
1777126945.4555445,1293,295,-0.0909,-0.0686,-0.0909,-0.0686,42.269
1777126945.5297058,1293,295,-0.0909,-0.0686,-0.0909,-0.0686,42.344
1777126945.5993001,1293,295,-0.0909,-0.0686,-0.0909,-0.0686,42.413
1777126945.6758828,1293,295,-0.0909,-0.0686,-0.0909,-0.0686,42.490
1777126945.7434406,1293,295,-0.0909,-0.0686,-0.0909,-0.0686,42.557
1777126945.8180385,1293,295,-0.0909,-0.0686,-0.0909,-0.0686,42.632
1777126945.8890517,1293,295,-0.0909,-0.0686,-0.0909,-0.0686,42.703
1777126945.9601452,1293,295,-0.0909,-0.0686,-0.0910,-0.0693,42.774
1777126946.0302165,1293,295,-0.0909,-0.0686,-0.0908,-0.0668,42.844
1777126946.0992029,1293,297,-0.0903,-0.0602,-0.0908,-0.0617,42.913
1777126946.171901,1293,298,-0.0900,-0.0561,-0.0889,-0.0557,42.986
1777126946.2460291,1292,299,-0.0855,-0.0517,-0.0866,-0.0518,43.060
1777126946.3247137,1292,300,-0.0853,-0.0476,-0.0849,-0.0475,43.139
1777126946.4006338,1292,301,-0.0850,-0.0434,-0.0850,-0.0434,43.215
1777126946.4705286,1292,302,-0.0847,-0.0393,-0.0846,-0.0389,43.284
1777126946.540811,1292,303,-0.0844,-0.0351,-0.0841,-0.0365,43.355
1777126946.6086092,1292,303,-0.0844,-0.0351,-0.0853,-0.0334,43.423
1777126946.68397,1293,305,-0.0880,-0.0271,-0.0869,-0.0274,43.498
1777126946.755438,1293,307,-0.0874,-0.0188,-0.0877,-0.0192,43.569
1777126946.8254228,1293,308,-0.0871,-0.0147,-0.0875,-0.0154,43.639
1777126946.906342,1293,308,-0.0871,-0.0147,-0.0859,-0.0135,43.720
1777126946.9781852,1292,309,-0.0826,-0.0103,-0.0833,-0.0110,43.792
1777126947.0536668,1292,310,-0.0823,-0.0062,-0.0829,-0.0051,43.868
1777126947.1238954,1293,312,-0.0859,0.0019,-0.0845,0.0005,43.938
1777126947.1948683,1293,313,-0.0856,0.0060,-0.0873,0.0073,44.009
1777126947.2630918,1294,315,-0.0892,0.0140,-0.0871,0.0131,44.077
1777126947.3333995,1293,316,-0.0847,0.0184,-0.0861,0.0186,44.147
1777126947.4079447,1293,317,-0.0844,0.0225,-0.0840,0.0225,44.222
1777126947.4858987,1293,318,-0.0841,0.0266,-0.0844,0.0266,44.300
1777126947.5626888,1293,319,-0.0838,0.0307,-0.0827,0.0304,44.377
1777126947.6467464,1292,320,-0.0793,0.0350,-0.0807,0.0360,44.461
1777126947.7228918,1292,322,-0.0787,0.0433,-0.0774,0.0423,44.537
1777126947.7981558,1291,323,-0.0743,0.0476,-0.0753,0.0479,44.612
1777126947.8816028,1291,324,-0.0740,0.0517,-0.0733,0.0514,44.696
1777126947.9584975,1291,325,-0.0737,0.0558,-0.0747,0.0568,44.772
1777126948.0339348,1292,327,-0.0772,0.0638,-0.0762,0.0628,44.848
1777126948.1078863,1292,328,-0.0769,0.0679,-0.0773,0.0679,44.922
1777126948.183861,1292,329,-0.0767,0.0720,-0.0769,0.0730,44.998
1777126948.2545574,1292,331,-0.0761,0.0802,-0.0747,0.0788,45.068
1777126948.3247404,1291,332,-0.0716,0.0845,-0.0736,0.0858,45.139
1777126948.398608,1292,334,-0.0752,0.0924,-0.0735,0.0915,45.213
1777126948.4742234,1292,335,-0.0749,0.0965,-0.0763,0.0968,45.288
1777126948.5470152,1293,336,-0.0788,0.1004,-0.0777,0.1001,45.361
1777126948.6160367,1293,337,-0.0785,0.1045,-0.0787,0.1055,45.430
1777126948.6880445,1293,339,-0.0779,0.1127,-0.0783,0.1116,45.502
1777126948.7558882,1293,340,-0.0776,0.1167,-0.0762,0.1168,45.570
1777126948.8259878,1292,341,-0.0731,0.1210,-0.0755,0.1220,45.640
1777126948.9001474,1293,343,-0.0767,0.1290,-0.0743,0.1277,45.714
1777126948.9700809,1292,344,-0.0723,0.1332,-0.0736,0.1346,45.784
1777126949.0424473,1292,346,-0.0717,0.1414,-0.0714,0.1404,45.856
1777126949.1196625,1292,347,-0.0714,0.1454,-0.0773,0.1408,45.934
1777126949.193773,1292,348,-0.0711,0.1495,-0.0535,0.1646,46.008
1777126949.2687979,1293,349,-0.0013,0.2121,-0.0183,0.1966,46.083
1777126949.3441994,1292,350,0.0022,0.2155,0.0073,0.2215,46.158
1777126949.4145973,1292,352,0.0022,0.2226,0.0028,0.2214,46.229
1777126949.4853067,1292,353,0.0021,0.2261,0.0009,0.2273,46.299
1777126949.5552711,1293,355,-0.0015,0.2332,0.0003,0.2326,46.369
1777126949.6303742,1292,356,0.0020,0.2367,0.0008,0.2360,46.444
1777126949.7032833,1292,356,0.0020,0.2367,0.0013,0.2368,46.517
1777126949.7736042,1292,358,0.0022,0.2422,0.0074,0.2469,46.588
1777126949.8489046,1292,359,0.0149,0.2607,0.0051,0.2498,46.663
1777126949.9252083,1292,360,-0.0079,0.2448,0.0004,0.2581,46.739
1777126950.0039244,1292,362,-0.0003,0.2746,-0.0031,0.2655,46.818
1777126950.0763984,1292,363,0.0067,0.2753,0.0078,0.2782,46.890
1777126950.146267,1292,364,0.0154,0.2788,0.0141,0.2782,46.960
1777126950.216725,1292,365,0.0154,0.2824,0.0150,0.2833,47.031
1777126950.2929063,1293,367,0.0120,0.2897,0.0135,0.2884,47.107
1777126950.362916,1292,368,0.0157,0.2933,0.0154,0.2945,47.177
1777126950.4353802,1291,370,0.0195,0.3004,0.0191,0.2995,47.249
1777126950.5059412,1291,371,0.0195,0.3041,0.0189,0.3046,47.320
1777126950.5755484,1292,372,0.0160,0.3077,0.0172,0.3070,47.389
1777126950.6529527,1292,374,0.0169,0.3087,0.0164,0.3094,47.467
1777126950.740635,1292,375,0.0170,0.3124,0.0171,0.3121,47.555
1777126950.8191023,1292,376,0.0171,0.3160,0.0174,0.3156,47.633
1777126950.887331,1292,377,0.0172,0.3196,0.0159,0.3205,47.701
1777126950.9591317,1293,379,0.0137,0.3268,0.0155,0.3259,47.773
1777126951.0383518,1292,380,0.0174,0.3304,0.0165,0.3307,47.852
1777126951.1094892,1292,381,0.0175,0.3340,0.0166,0.3340,47.923
1777126951.1861253,1293,382,0.0139,0.3376,0.0158,0.3373,48.000
1777126951.2586365,1292,383,0.0177,0.3412,0.0164,0.3421,48.073
1777126951.329391,1292,385,0.0178,0.3484,0.0181,0.3474,48.143
1777126951.408182,1292,386,0.0179,0.3520,0.0179,0.3520,48.222
1777126951.4766235,1292,387,0.0180,0.3556,0.0180,0.3565,48.291
1777126951.5491443,1292,389,0.0181,0.3628,0.0184,0.3615,48.363
1777126951.622255,1292,390,0.0182,0.3664,0.0173,0.3676,48.436
1777126951.6992006,1293,392,0.0148,0.3736,0.0157,0.3727,48.513
1777126951.777114,1293,393,0.0148,0.3772,0.0145,0.3772,48.591
1777126951.8477309,1293,394,0.0149,0.3808,0.0149,0.3817,48.662
1777126951.9197536,1293,396,0.0151,0.3880,0.0151,0.3871,48.734
1777126951.992694,1293,397,0.0152,0.3916,0.0152,0.3919,48.807
1777126952.0614147,1293,398,0.0152,0.3952,0.0152,0.3949,48.875
1777126952.1372092,1293,399,0.0153,0.3988,0.0150,0.3997,48.951
1777126952.2096336,1293,401,0.0155,0.4060,0.0164,0.4051,49.024
1777126952.2784786,1292,402,0.0192,0.4096,0.0183,0.4099,49.092
1777126952.3554516,1292,403,0.0193,0.4132,0.0196,0.4129,49.169
1777126952.4267373,1292,404,0.0194,0.4168,0.0194,0.4177,49.241
1777126952.4964774,1292,406,0.0195,0.4240,0.0195,0.4230,49.310
1777126952.5722299,1292,407,0.0196,0.4276,0.0196,0.4279,49.386
1777126952.6490996,1292,408,0.0197,0.4311,0.0197,0.4308,49.463
1777126952.7266102,1292,409,0.0198,0.4347,0.0198,0.4357,49.541
1777126952.8022869,1292,411,0.0199,0.4419,0.0199,0.4407,49.616
1777126952.878663,1292,412,0.0200,0.4455,0.0200,0.4468,49.693
1777126952.9561465,1292,414,0.0202,0.4527,0.0202,0.4518,49.770
1777126953.0362458,1292,415,0.0203,0.4563,0.0203,0.4566,49.850
1777126953.1064003,1292,416,0.0203,0.4599,0.0203,0.4599,49.920
1777126953.1763344,1292,417,0.0204,0.4635,0.0204,0.4632,49.990
1777126953.2574925,1292,418,0.0205,0.4671,0.0205,0.4680,50.071
1777126953.327139,1292,420,0.0207,0.4743,0.0206,0.4734,50.141
1777126953.3969557,1292,421,0.0207,0.4779,0.0204,0.4782,50.211
1777126953.4705734,1292,422,0.0208,0.4815,0.0217,0.4812,50.285
1777126953.5415049,1291,423,0.0245,0.4850,0.0236,0.4860,50.355
1777126953.617904,1291,425,0.0247,0.4922,0.0253,0.4907,50.432
1777126953.6898522,1291,426,0.0248,0.4958,0.0234,0.4977,50.504
1777126953.760594,1292,427,0.0208,0.5066,0.0231,0.5057,50.575
1777126953.8321874,1291,429,0.0246,0.5138,0.0224,0.5135,50.646
1777126953.903467,1292,430,0.0211,0.5174,0.0223,0.5174,50.717
1777126953.9864018,1292,431,0.0212,0.5210,0.0209,0.5219,50.800
1777126954.0565722,1292,433,0.0214,0.5282,0.0213,0.5273,50.871
1777126954.1361477,1292,434,0.0214,0.5318,0.0215,0.5321,50.950
1777126954.2154284,1292,435,0.0215,0.5354,0.0215,0.5351,51.029
1777126954.28693,1292,436,0.0216,0.5390,0.0213,0.5399,51.101
1777126954.3656118,1292,438,0.0218,0.5462,0.0230,0.5452,51.180
1777126954.4446473,1291,439,0.0255,0.5497,0.0233,0.5498,51.259
1777126954.5154889,1292,440,0.0220,0.5534,0.0241,0.5543,51.329
1777126954.590362,1291,442,0.0257,0.5605,0.0248,0.5596,51.404
1777126954.6608782,1291,443,0.0258,0.5641,0.0252,0.5641,51.475
1777126954.7312114,1292,444,0.0223,0.5678,0.0233,0.5687,51.545
1777126954.8038855,1292,446,0.0225,0.5749,0.0218,0.5740,51.618
1777126954.872467,1292,447,0.0226,0.5785,0.0238,0.5785,51.686
1777126954.946243,1291,448,0.0262,0.5821,0.0241,0.5830,51.760
1777126955.017284,1292,450,0.0228,0.5893,0.0253,0.5881,51.831
1777126955.0873442,1291,451,0.0265,0.5929,0.0244,0.5941,51.901
1777126955.1664634,1292,453,0.0231,0.6001,0.0243,0.5992,51.980
1777126955.236937,1292,454,0.0232,0.6037,0.0229,0.6040,52.051
1777126955.3082943,1292,455,0.0232,0.6073,0.0232,0.6070,52.122
1777126955.3812172,1292,456,0.0233,0.6109,0.0234,0.6118,52.195
1777126955.4557476,1292,458,0.0235,0.6181,0.0235,0.6168,52.270
1777126955.5322661,1292,459,0.0236,0.6216,0.0236,0.6229,52.346
1777126955.603166,1292,461,0.0238,0.6288,0.0237,0.6279,52.417
1777126955.6761336,1292,462,0.0238,0.6324,0.0238,0.6324,52.490
1777126955.7599194,1292,463,0.0239,0.6360,0.0240,0.6369,52.574
1777126955.8298116,1292,465,0.0241,0.6432,0.0241,0.6423,52.644
1777126955.9057724,1292,466,0.0242,0.6468,0.0242,0.6471,52.720
1777126955.9813275,1292,467,0.0243,0.6504,0.0243,0.6501,52.795
1777126956.0541399,1292,468,0.0244,0.6539,0.0244,0.6549,52.868
1777126956.124427,1292,470,0.0245,0.6611,0.0245,0.6599,52.938
1777126956.1962676,1292,471,0.0246,0.6647,0.0246,0.6659,53.010
1777126956.2686942,1292,473,0.0248,0.6719,0.0248,0.6710,53.083
1777126956.3401628,1292,474,0.0249,0.6755,0.0249,0.6755,53.154
1777126956.411518,1292,475,0.0250,0.6791,0.0253,0.6800,53.225
1777126956.4829865,1292,477,0.0251,0.6862,0.0241,0.6848,53.297
1777126956.5536458,1293,478,0.0213,0.6891,0.0223,0.6905,53.368
1777126956.6292925,1293,480,0.0215,0.6963,0.0211,0.6953,53.443
1777126956.702984,1293,481,0.0216,0.6999,0.0216,0.7002,53.517
1777126956.775118,1293,482,0.0216,0.7035,0.0216,0.7032,53.589
1777126956.8465793,1293,483,0.0217,0.7070,0.0220,0.7077,53.661
1777126956.9176254,1293,485,0.0219,0.7142,0.0207,0.7145,53.732
1777126956.9904594,1294,487,0.0185,0.7214,0.0203,0.7195,53.804
1777126957.0666332,1293,487,0.0221,0.7214,0.0209,0.7235,53.881
1777126957.1380394,1293,489,0.0222,0.7285,0.0225,0.7273,53.952
1777126957.2109916,1293,490,0.0223,0.7321,0.0226,0.7324,54.025
1777126957.2885828,1293,491,0.0224,0.7357,0.0212,0.7354,54.103
1777126957.3650746,1294,492,0.0189,0.7393,0.0211,0.7402,54.179
1777126957.4357476,1293,494,0.0226,0.7464,0.0202,0.7455,54.250
1777126957.5070958,1294,495,0.0191,0.7500,0.0213,0.7503,54.321
1777126957.583509,1293,496,0.0228,0.7536,0.0216,0.7533,54.397
1777126957.6611755,1293,497,0.0229,0.7572,0.0232,0.7581,54.475
1777126957.734041,1293,499,0.0231,0.7643,0.0230,0.7634,54.548
1777126957.8059046,1293,500,0.0231,0.7679,0.0228,0.7682,54.620
1777126957.8759444,1293,501,0.0232,0.7715,0.0241,0.7715,54.690
1777126957.9478986,1292,502,0.0269,0.7750,0.0263,0.7747,54.762
1777126958.0251632,1292,503,0.0270,0.7786,0.0261,0.7795,54.839
1777126958.0957751,1293,505,0.0236,0.7858,0.0254,0.7848,54.910
1777126958.1663332,1292,506,0.0272,0.7893,0.0260,0.7896,54.980
1777126958.2440257,1292,507,0.0273,0.7929,0.0276,0.7929,55.058
1777126958.319124,1292,508,0.0274,0.7964,0.0277,0.7961,55.133
1777126958.3905573,1292,509,0.0275,0.8000,0.0263,0.8010,55.204
1777126958.4650688,1293,511,0.0241,0.8072,0.0262,0.8060,55.279
1777126958.5356748,1292,512,0.0277,0.8107,0.0256,0.8120,55.350
1777126958.6130962,1293,514,0.0243,0.8179,0.0252,0.8170,55.427
1777126958.6844084,1293,515,0.0244,0.8215,0.0253,0.8218,55.498
1777126958.7561193,1292,516,0.0280,0.8250,0.0262,0.8247,55.570
1777126958.8333411,1293,517,0.0245,0.8286,0.0255,0.8295,55.647
1777126958.9056814,1293,519,0.0247,0.8358,0.0253,0.8346,55.720
1777126958.9814672,1292,520,0.0284,0.8393,0.0275,0.8405,55.795
1777126959.0617769,1292,522,0.0285,0.8465,0.0291,0.8452,55.876
1777126959.1371193,1292,523,0.0286,0.8500,0.0274,0.8513,55.951
1777126959.2074146,1293,525,0.0252,0.8572,0.0270,0.8563,56.021
1777126959.27822,1292,526,0.0289,0.8607,0.0280,0.8607,56.092
1777126959.349941,1292,527,0.0290,0.8643,0.0284,0.8652,56.164
1777126959.4270613,1293,529,0.0255,0.8715,0.0264,0.8705,56.241
1777126959.4984074,1293,530,0.0256,0.8750,0.0253,0.8754,56.312
1777126959.573904,1293,531,0.0257,0.8786,0.0257,0.8783,56.388
1777126959.6450458,1293,532,0.0258,0.8822,0.0258,0.8831,56.459
1777126959.7166286,1293,534,0.0260,0.8893,0.0259,0.8884,56.531
1777126959.7903376,1293,535,0.0260,0.8929,0.0261,0.8932,56.604
1777126959.862468,1293,536,0.0261,0.8964,0.0261,0.8961,56.676
1777126959.9319506,1293,537,0.0262,0.9000,0.0262,0.9009,56.746
1777126960.00228,1293,539,0.0264,0.9071,0.0264,0.9062,56.816
1777126960.0728862,1293,540,0.0265,0.9107,0.0265,0.9107,56.887
1777126960.1491106,1293,541,0.0265,0.9143,0.0266,0.9152,56.963
1777126960.2211115,1293,543,0.0267,0.9214,0.0267,0.9202,57.035
1777126960.2923107,1293,544,0.0268,0.9250,0.0268,0.9262,57.106
1777126960.3656685,1293,546,0.0270,0.9321,0.0269,0.9312,57.180
1777126960.4373078,1293,547,0.0270,0.9356,0.0270,0.9356,57.251
1777126960.5086834,1293,548,0.0271,0.9392,0.0271,0.9401,57.323
1777126960.578621,1293,550,0.0273,0.9463,0.0273,0.9454,57.393
1777126960.6554842,1293,551,0.0274,0.9499,0.0274,0.9499,57.469
1777126960.7277815,1293,552,0.0275,0.9535,0.0275,0.9544,57.542
1777126960.799037,1293,554,0.0276,0.9606,0.0273,0.9597,57.613
1777126960.870961,1293,555,0.0277,0.9641,0.0289,0.9641,57.685
1777126960.9413693,1292,556,0.0314,0.9677,0.0295,0.9686,57.755
1777126961.011616,1293,558,0.0279,0.9748,0.0292,0.9739,57.826
1777126961.0823498,1293,559,0.0280,0.9784,0.0277,0.9784,57.896
1777126961.1532884,1293,560,0.0281,0.9819,0.0281,0.9829,57.967
1777126961.2255452,1293,562,0.0283,0.9891,0.0283,0.9881,58.039
1777126961.2965596,1293,563,0.0284,0.9926,0.0287,0.9926,58.110
1777126961.3648548,1293,564,0.0284,0.9962,0.0272,0.9971,58.179
1777126961.4351943,1294,566,0.0250,1.0033,0.0269,1.0024,58.249
1777126961.5049465,1293,567,0.0287,1.0068,0.0278,1.0072,58.319
1777126961.5810924,1293,568,0.0288,1.0104,0.0282,1.0101,58.395
1777126961.6506412,1294,569,0.0253,1.0140,0.0262,1.0149,58.465
1777126961.723863,1294,571,0.0255,1.0211,0.0251,1.0202,58.538
1777126961.7973943,1294,572,0.0255,1.0247,0.0255,1.0250,58.611
1777126961.8736944,1294,573,0.0256,1.0282,0.0256,1.0282,58.688
1777126961.949734,1294,574,0.0257,1.0318,0.0257,1.0315,58.764
1777126962.0247307,1294,575,0.0258,1.0353,0.0258,1.0359,58.839
1777126962.0991971,1294,577,0.0260,1.0424,0.0263,1.0424,58.913
1777126962.1714132,1294,579,0.0261,1.0495,0.0249,1.0490,58.985
1777126962.240269,1295,580,0.0226,1.0531,0.0280,1.0539,59.054
1777126962.315925,1294,581,0.0263,1.0567,0.0142,1.0551,59.130
1777126962.3885005,1295,582,-0.0147,1.0543,-0.0026,1.0555,59.202
1777126962.4596112,1294,583,-0.0111,1.0579,-0.0165,1.0580,59.274
1777126962.535887,1295,585,-0.0148,1.0652,-0.0139,1.0652,59.350
1777126962.6069636,1295,587,-0.0149,1.0725,-0.0143,1.0718,59.421
1777126962.6797614,1294,588,-0.0113,1.0760,-0.0123,1.0764,59.494
1777126962.755724,1294,589,-0.0114,1.0797,-0.0114,1.0797,59.570
1777126962.8310432,1294,590,-0.0114,1.0833,-0.0105,1.0833,59.645
1777126962.9022362,1293,591,-0.0078,1.0869,-0.0088,1.0869,59.716
1777126962.9730535,1293,592,-0.0079,1.0906,-0.0076,1.0902,59.787
1777126963.04986,1293,593,-0.0079,1.0942,-0.0079,1.0951,59.864
1777126963.1228218,1293,595,-0.0080,1.1015,-0.0083,1.1006,59.937
1777126963.193552,1293,596,-0.0081,1.1051,-0.0071,1.1051,60.007
1777126963.2696593,1292,597,-0.0045,1.1087,-0.0054,1.1100,60.084
1777126963.3411138,1292,599,-0.0046,1.1160,-0.0042,1.1138,60.155
1777126963.4124038,1292,599,-0.0046,1.1160,-0.0046,1.1182,60.226
1777126963.4925294,1292,601,-0.0047,1.1233,-0.0050,1.1221,60.306
1777126963.5681405,1292,602,-0.0047,1.1270,-0.0038,1.1270,60.382
1777126963.6414423,1291,603,-0.0011,1.1306,-0.0021,1.1315,60.455
1777126963.7147577,1291,605,-0.0012,1.1379,-0.0012,1.1369,60.529
1777126963.7863886,1291,606,-0.0013,1.1415,-0.0003,1.1415,60.600
1777126963.856809,1290,607,0.0023,1.1451,0.0014,1.1461,60.671
1777126963.9282115,1290,609,0.0022,1.1524,0.0023,1.1515,60.742
1777126964.0031528,1290,610,0.0022,1.1561,0.0031,1.1564,60.817
1777126964.0751598,1289,611,0.0058,1.1597,0.0046,1.1594,60.889
1777126964.1446679,1289,612,0.0058,1.1633,0.0067,1.1643,60.959
1777126964.2169423,1288,614,0.0093,1.1706,0.0093,1.1693,61.031
1777126964.2941947,1287,615,0.0129,1.1742,0.0123,1.1755,61.108
1777126964.3673837,1287,617,0.0128,1.1815,0.0128,1.1806,61.181
1777126964.4401817,1287,618,0.0128,1.1852,0.0137,1.1855,61.254
1777126964.5189917,1286,619,0.0164,1.1888,0.0154,1.1888,61.333
1777126964.5978968,1286,620,0.0163,1.1924,0.0163,1.1924,61.412
1777126964.66814,1286,621,0.0163,1.1961,0.0172,1.1958,61.482
1777126964.7450511,1285,622,0.0199,1.1997,0.0189,1.2007,61.559
1777126964.8203232,1285,624,0.0198,1.2070,0.0198,1.2058,61.634
1777126964.9014792,1285,625,0.0197,1.2107,0.0204,1.2120,61.715
1777126964.9731967,1284,627,0.0233,1.2180,0.0233,1.2170,61.787
1777126965.0487416,1283,628,0.0269,1.2216,0.0260,1.2219,61.863
1777126965.1195397,1283,629,0.0269,1.2253,0.0281,1.2249,61.933
1777126965.2048151,1282,630,0.0305,1.2289,0.0295,1.2298,62.019
1777126965.2785032,1282,632,0.0304,1.2362,0.0307,1.2353,62.092
1777126965.3507197,1282,633,0.0303,1.2399,0.0300,1.2402,62.165
1777126965.4243753,1282,634,0.0303,1.2436,0.0312,1.2435,62.238
1777126965.4964323,1281,635,0.0339,1.2472,0.0327,1.2472,62.310
1777126965.5745478,1281,636,0.0339,1.2509,0.0351,1.2505,62.388
1777126965.6470711,1280,637,0.0375,1.2545,0.0365,1.2554,62.461
1777126965.7199147,1280,639,0.0374,1.2618,0.0374,1.2609,62.534
1777126965.79595,1280,640,0.0373,1.2655,0.0383,1.2658,62.610
1777126965.8663259,1279,641,0.0410,1.2691,0.0397,1.2691,62.680
1777126965.939689,1279,642,0.0409,1.2728,0.0422,1.2728,62.754
1777126966.0107203,1278,643,0.0445,1.2764,0.0433,1.2764,62.825
1777126966.0833712,1278,644,0.0445,1.2801,0.0454,1.2801,62.897
1777126966.1549606,1277,645,0.0481,1.2837,0.0481,1.2834,62.969
1777126966.2299721,1276,646,0.0517,1.2873,0.0508,1.2883,63.044
1777126966.3023407,1276,648,0.0516,1.2947,0.0529,1.2937,63.116
1777126966.3753383,1275,649,0.0552,1.2983,0.0540,1.2987,63.189
1777126966.4509916,1275,650,0.0552,1.3020,0.0561,1.3020,63.265
1777126966.5296981,1274,651,0.0588,1.3056,0.0588,1.3056,63.344
1777126966.6106365,1273,652,0.0624,1.3093,0.0618,1.3089,63.425
1777126966.685438,1273,653,0.0624,1.3129,0.0624,1.3139,63.499
1777126966.7603357,1273,655,0.0623,1.3203,0.0629,1.3197,63.574
1777126966.833331,1272,656,0.0659,1.3239,0.0656,1.3233,63.647
1777126966.9092457,1271,656,0.0696,1.3239,0.0696,1.3248,63.723
1777126966.984217,1270,657,0.0732,1.3275,0.0735,1.3272,63.798
1777126967.0588226,1269,658,0.0768,1.3311,0.0759,1.3308,63.873
1777126967.1319928,1269,659,0.0768,1.3348,0.0780,1.3358,63.946
1777126967.2037675,1268,661,0.0804,1.3422,0.0788,1.3415,64.018
1777126967.278572,1268,662,0.0803,1.3458,0.0822,1.3452,64.093
1777126967.3485637,1266,662,0.0877,1.3457,0.0867,1.3467,64.162
1777126967.4214032,1265,663,0.0913,1.3494,0.0903,1.3491,64.235
1777126967.492429,1265,664,0.0912,1.3530,0.0934,1.3530,64.306
1777126967.5665495,1263,665,0.0985,1.3566,0.0963,1.3567,64.380
1777126967.6442797,1263,666,0.0985,1.3603,0.0998,1.3603,64.458
1777126967.720029,1262,667,0.1021,1.3640,0.1018,1.3640,64.534
1777126967.7947652,1261,668,0.1057,1.3676,0.1057,1.3676,64.609
1777126967.866704,1260,669,0.1094,1.3712,0.1094,1.3712,64.681
1777126967.9379494,1259,670,0.1130,1.3749,0.1130,1.3749,64.752
1777126968.0098128,1258,671,0.1166,1.3785,0.1166,1.3785,64.824
1777126968.0836298,1257,672,0.1203,1.3821,0.1206,1.3821,64.898
1777126968.153982,1256,673,0.1239,1.3858,0.1218,1.3857,64.968
1777126968.222735,1256,674,0.1239,1.3895,0.1281,1.3897,65.037
1777126968.2940986,1255,675,0.1404,1.3939,0.1370,1.3937,65.108
1777126968.366653,1254,676,0.1440,1.3975,0.1442,1.3972,65.181
1777126968.4433584,1254,677,0.1440,1.4011,0.1449,1.4020,65.257
1777126968.5156777,1253,679,0.1476,1.4084,0.1473,1.4074,65.330
1777126968.5901127,1252,680,0.1512,1.4120,0.1512,1.4123,65.404
1777126968.674833,1251,681,0.1549,1.4156,0.1552,1.4156,65.489
1777126968.7525172,1250,682,0.1585,1.4192,0.1576,1.4192,65.566
1777126968.8262153,1250,683,0.1585,1.4229,0.1594,1.4228,65.640
1777126968.9099162,1249,684,0.1621,1.4265,0.1618,1.4265,65.724
1777126968.9882364,1248,685,0.1658,1.4301,0.1658,1.4301,65.802
1777126969.060215,1247,686,0.1694,1.4337,0.1694,1.4340,65.874
1777126969.1321597,1246,687,0.1730,1.4373,0.1730,1.4364,65.946
1777126969.2049005,1245,687,0.1767,1.4373,0.1767,1.4382,66.019
1777126969.2767656,1244,688,0.1803,1.4409,0.1806,1.4406,66.091
1777126969.3483136,1243,689,0.1839,1.4445,0.1830,1.4446,66.162
1777126969.4269397,1243,690,0.1839,1.4482,0.1849,1.4482,66.241
1777126969.4989936,1242,691,0.1876,1.4518,0.1869,1.4518,66.313
1777126969.5664577,1241,692,0.1912,1.4554,0.1921,1.4557,66.380
1777126969.6436305,1239,693,0.1985,1.4590,0.1975,1.4581,66.458
1777126969.7158103,1238,693,0.2021,1.4590,0.2024,1.4599,66.530
1777126969.7871637,1237,694,0.2057,1.4626,0.2060,1.4623,66.601
1777126969.858218,1236,695,0.2094,1.4663,0.2081,1.4663,66.672
1777126969.9418888,1236,696,0.2094,1.4699,0.2112,1.4699,66.756
1777126970.014262,1234,697,0.2166,1.4735,0.2154,1.4735,66.828
1777126970.085435,1233,698,0.2203,1.4771,0.2206,1.4774,66.899
1777126970.1555917,1232,699,0.2239,1.4807,0.2239,1.4798,66.970
1777126970.2258317,1231,699,0.2275,1.4807,0.2275,1.4820,67.040
1777126970.3043072,1230,700,0.2312,1.4843,0.2312,1.4831,67.118
1777126970.378269,1229,700,0.2348,1.4843,0.2348,1.4856,67.192
1777126970.4511364,1228,701,0.2384,1.4880,0.2381,1.4867,67.265
1777126970.5244043,1227,701,0.2421,1.4879,0.2430,1.4889,67.338
1777126970.5954957,1225,702,0.2493,1.4915,0.2484,1.4912,67.409
1777126970.6669986,1224,703,0.2530,1.4952,0.2533,1.4955,67.481
1777126970.744194,1223,704,0.2566,1.4988,0.2566,1.4979,67.558
1777126970.8214798,1222,704,0.2602,1.4988,0.2602,1.4997,67.635
1777126970.8932004,1221,705,0.2639,1.5024,0.2639,1.5024,67.707
1777126970.9688857,1220,706,0.2675,1.5060,0.2675,1.5051,67.783
1777126971.0452604,1219,706,0.2712,1.5060,0.2712,1.5069,67.859
1777126971.1219766,1218,707,0.2748,1.5096,0.2748,1.5093,67.936
1777126971.195412,1217,708,0.2784,1.5132,0.2784,1.5136,68.009
1777126971.2695527,1216,709,0.2821,1.5169,0.2821,1.5159,68.083
1777126971.346379,1215,709,0.2857,1.5169,0.2857,1.5178,68.160
1777126971.4247432,1214,710,0.2893,1.5205,0.2893,1.5205,68.239
1777126971.5040934,1213,711,0.2930,1.5241,0.2930,1.5229,68.318
1777126971.5812998,1212,711,0.2966,1.5241,0.2966,1.5263,68.395
1777126971.657487,1211,713,0.3003,1.5314,0.3003,1.5292,68.471
1777126971.7460814,1210,713,0.3039,1.5313,0.3039,1.5326,68.560
1777126971.8245435,1209,714,0.3075,1.5350,0.3075,1.5347,68.638
1777126971.8958907,1208,715,0.3112,1.5386,0.3112,1.5389,68.710
1777126971.9682164,1207,716,0.3148,1.5422,0.3148,1.5413,68.782
1777126972.0480082,1206,716,0.3184,1.5422,0.3184,1.5431,68.862
1777126972.1198897,1205,717,0.3221,1.5458,0.3221,1.5458,68.934
1777126972.192988,1204,718,0.3257,1.5495,0.3257,1.5485,69.007
1777126972.2649872,1203,718,0.3294,1.5494,0.3291,1.5507,69.079
1777126972.3442974,1202,719,0.3330,1.5531,0.3343,1.5515,69.158
1777126972.421021,1200,719,0.3403,1.5530,0.3381,1.5552,69.235
1777126972.491823,1200,721,0.3403,1.5603,0.3428,1.5584,69.306
1777126972.5626311,1198,721,0.3476,1.5603,0.3450,1.5604,69.377
1777126972.6355574,1198,721,0.3476,1.5603,0.3499,1.5615,69.449
1777126972.7164564,1196,721,0.3555,1.5663,0.3541,1.5654,69.530
1777126972.8021965,1195,722,0.3592,1.5700,0.3592,1.5705,69.616
1777126972.8741038,1194,723,0.3628,1.5736,0.3638,1.5726,69.688
1777126972.9500852,1192,723,0.3702,1.5735,0.3692,1.5744,69.764
1777126973.0246634,1191,724,0.3739,1.5771,0.3742,1.5768,69.839
1777126973.1113505,1190,725,0.3775,1.5807,0.3772,1.5810,69.925
1777126973.18972,1189,726,0.3812,1.5843,0.3821,1.5837,70.004
1777126973.265772,1187,726,0.3885,1.5842,0.3876,1.5842,70.080
1777126973.3371515,1186,726,0.3922,1.5842,0.3922,1.5851,70.151
1777126973.4089797,1185,727,0.3959,1.5878,0.3968,1.5872,70.223
1777126973.4790902,1183,727,0.4032,1.5877,0.4023,1.5865,70.293
1777126973.5516887,1182,726,0.4069,1.5840,0.4072,1.5865,70.366
1777126973.6255498,1181,728,0.4106,1.5913,0.4106,1.5900,70.439
1777126973.6976407,1180,729,0.4142,1.5949,0.4139,1.5943,70.512
1777126973.773401,1179,729,0.4179,1.5949,0.4188,1.5964,70.587
1777126973.8469555,1177,730,0.4252,1.5984,0.4246,1.5962,70.661
1777126973.9250145,1176,729,0.4289,1.5947,0.4280,1.5972,70.739
1777126974.0022552,1176,730,0.4289,1.5984,0.4308,1.5959,70.816
1777126974.0766943,1174,729,0.4363,1.5947,0.4350,1.5966,70.891
1777126974.1481395,1173,730,0.4399,1.5983,0.4375,1.5991,70.962
1777126974.219335,1172,731,0.4436,1.6019,0.4517,1.5985,71.033
1777126974.2967832,1170,733,0.4787,1.5890,0.4705,1.5908,71.111
1777126974.3719115,1169,731,0.4821,1.5819,0.4845,1.5826,71.186
1777126974.4436843,1168,731,0.4856,1.5819,0.4865,1.5810,71.258
1777126974.5160205,1166,731,0.4927,1.5818,0.4918,1.5827,71.330
1777126974.591133,1165,732,0.4963,1.5853,0.4966,1.5841,71.405
1777126974.6717432,1164,732,0.4999,1.5853,0.4999,1.5868,71.486
1777126974.7454371,1163,733,0.5035,1.5887,0.5032,1.5866,71.559
1777126974.8257504,1162,732,0.5070,1.5852,0.5079,1.5873,71.640
1777126974.900279,1160,733,0.5142,1.5886,0.5129,1.5874,71.714
1777126974.9773517,1159,733,0.5177,1.5886,0.5189,1.5889,71.791
1777126975.0482745,1157,733,0.5248,1.5885,0.5239,1.5885,71.862
1777126975.125429,1156,733,0.5284,1.5885,0.5287,1.5885,71.939
1777126975.202098,1155,733,0.5319,1.5885,0.5319,1.5885,72.016
1777126975.2731962,1154,733,0.5355,1.5884,0.5355,1.5881,72.087
1777126975.3455536,1153,733,0.5390,1.5884,0.5387,1.5893,72.159
1777126975.421646,1152,734,0.5426,1.5919,0.5435,1.5907,72.236
1777126975.4966857,1150,734,0.5497,1.5918,0.5488,1.5933,72.311
1777126975.567663,1149,735,0.5533,1.5953,0.5536,1.5935,72.382
1777126975.6435483,1148,734,0.5568,1.5917,0.5568,1.5926,72.457
1777126975.722937,1147,734,0.5604,1.5917,0.5604,1.5923,72.537
1777126975.7973814,1146,735,0.5640,1.5952,0.5637,1.5943,72.611
1777126975.8750005,1145,735,0.5675,1.5951,0.5684,1.5951,72.689
1777126975.9464061,1143,735,0.5746,1.5951,0.5734,1.5960,72.760
1777126976.0261624,1142,736,0.5782,1.5985,0.5795,1.5979,72.840
1777126976.1024196,1140,736,0.5853,1.5985,0.5840,1.5978,72.916
1777126976.1805036,1139,735,0.5888,1.5949,0.5903,1.5960,72.994
1777126976.252818,1137,735,0.5970,1.5956,0.5975,1.5932,73.067
1777126976.324134,1136,735,0.6006,1.5956,0.5960,1.6015,73.138
1777126976.387275,1135,735,0.5847,1.6183,0.5897,1.6124,73.201
1777126976.4576292,1134,735,0.5883,1.6182,0.5863,1.6202,73.272
1777126976.525371,1133,735,0.5919,1.6182,0.5929,1.6182,73.339
1777126976.5893638,1131,735,0.5992,1.6182,0.5979,1.6182,73.403
1777126976.6537607,1130,735,0.6028,1.6182,0.6040,1.6181,73.468
1777126976.7179184,1128,735,0.6100,1.6181,0.6091,1.6181,73.532
1777126976.7857912,1127,735,0.6137,1.6181,0.6140,1.6181,73.600
1777126976.855606,1126,735,0.6173,1.6181,0.6170,1.6181,73.670
1777126976.9198909,1125,735,0.6209,1.6181,0.6219,1.6180,73.734
1777126976.9838998,1123,735,0.6282,1.6180,0.6272,1.6180,73.798
1777126977.054005,1122,735,0.6318,1.6180,0.6318,1.6180,73.868
1777126977.117586,1121,735,0.6354,1.6180,0.6363,1.6183,73.932
1777126977.1853964,1119,735,0.6427,1.6179,0.6417,1.6170,73.999
1777126977.249421,1118,734,0.6463,1.6143,0.6466,1.6152,74.063
1777126977.31832,1117,734,0.6499,1.6143,0.6496,1.6140,74.132
1777126977.3815722,1116,734,0.6535,1.6143,0.6545,1.6143,74.196
1777126977.4446182,1114,734,0.6608,1.6142,0.6598,1.6145,74.259
1777126977.5139623,1113,734,0.6644,1.6142,0.6644,1.6133,74.328
1777126977.5782542,1112,733,0.6680,1.6106,0.6689,1.6115,74.392
1777126977.6442137,1110,733,0.6752,1.6106,0.6743,1.6106,74.458
1777126977.708033,1109,733,0.6789,1.6105,0.6789,1.6096,74.522
1777126977.7715733,1108,732,0.6825,1.6069,0.6834,1.6078,74.586
1777126977.834962,1106,732,0.6897,1.6069,0.6888,1.6069,74.649
1777126977.9048977,1105,732,0.6933,1.6069,0.6936,1.6059,74.719
1777126977.968476,1104,731,0.6970,1.6032,0.6966,1.6042,74.782
1777126978.031208,1103,731,0.7006,1.6032,0.7015,1.6029,74.845
1777126978.0960872,1101,731,0.7078,1.6032,0.7066,1.6032,74.910
1777126978.161753,1100,731,0.7114,1.6032,0.7127,1.6035,74.976
1777126978.2293434,1098,731,0.7187,1.6031,0.7177,1.6022,75.043
1777126978.2938902,1097,730,0.7223,1.5995,0.7226,1.6004,75.108
1777126978.36451,1096,730,0.7259,1.5995,0.7256,1.5992,75.178
1777126978.4303489,1095,730,0.7295,1.5995,0.7305,1.5995,75.244
1777126978.4924726,1093,730,0.7368,1.5994,0.7358,1.5994,75.306
1777126978.5536985,1092,730,0.7404,1.5994,0.7407,1.5994,75.368
1777126978.6164238,1091,730,0.7440,1.5994,0.7437,1.5997,75.430
1777126978.6860347,1090,730,0.7476,1.5994,0.7486,1.5984,75.500
1777126978.7548385,1088,729,0.7549,1.5957,0.7539,1.5967,75.569
1777126978.8253446,1087,729,0.7585,1.5957,0.7588,1.5957,75.639
1777126978.8927565,1086,729,0.7621,1.5957,0.7618,1.5948,75.707
1777126978.9567401,1085,728,0.7657,1.5921,0.7666,1.5933,75.771
1777126979.0199687,1083,728,0.7729,1.5920,0.7720,1.5908,75.834
1777126979.0855207,1082,727,0.7766,1.5884,0.7769,1.5893,75.899
1777126979.154132,1081,727,0.7802,1.5884,0.7802,1.5884,75.968
1777126979.2256627,1080,727,0.7838,1.5884,0.7841,1.5878,76.040
1777126979.2888284,1079,726,0.7874,1.5848,0.7864,1.5845,76.103
1777126979.362453,1077,726,0.7871,1.5803,0.7881,1.5814,76.176
1777126979.4406278,1076,726,0.7907,1.5802,0.7904,1.5789,76.255
1777126979.5165703,1075,725,0.7944,1.5764,0.7944,1.5777,76.331
1777126979.5948372,1074,725,0.7981,1.5764,0.7977,1.5751,76.409
1777126979.6752741,1073,724,0.8017,1.5726,0.8027,1.5739,76.489
1777126979.7539837,1071,724,0.8091,1.5725,0.8059,1.5728,76.568
1777126979.8368745,1070,723,0.8127,1.5687,0.8195,1.5654,76.651
1777126979.9331124,1068,723,0.8416,1.5509,0.8347,1.5542,76.747
1777126980.0339484,1067,722,0.8451,1.5473,0.8482,1.5470,76.848
1777126980.12365,1065,722,0.8522,1.5472,0.8512,1.5460,76.938
1777126980.202138,1064,721,0.8557,1.5437,0.8560,1.5449,77.016
1777126980.2786708,1063,721,0.8592,1.5436,0.8589,1.5424,77.093
1777126980.3516397,1062,720,0.8627,1.5401,0.8637,1.5416,77.166
1777126980.4265068,1060,720,0.8699,1.5400,0.8689,1.5382,77.240
1777126980.499413,1059,718,0.8733,1.5329,0.8736,1.5341,77.313
1777126980.5789535,1058,717,0.8768,1.5294,0.8768,1.5288,77.393
1777126980.6532626,1057,716,0.8803,1.5258,0.8803,1.5267,77.467
1777126980.7333288,1056,716,0.8839,1.5258,0.8839,1.5249,77.547
1777126980.821977,1055,715,0.8874,1.5222,0.8871,1.5222,77.636
1777126980.9118507,1054,714,0.8909,1.5187,0.8918,1.5196,77.726
1777126980.999325,1052,714,0.8980,1.5186,0.8971,1.5177,77.813
1777126981.0721693,1051,713,0.9015,1.5150,0.9015,1.5150,77.886
1777126981.1433203,1050,712,0.9050,1.5115,0.9060,1.5124,77.957
1777126981.226958,1048,712,0.9122,1.5114,0.9112,1.5105,78.041
1777126981.3017359,1047,711,0.9157,1.5078,0.9160,1.5078,78.116
1777126981.3829393,1046,710,0.9192,1.5043,0.9192,1.5052,78.197
1777126981.454028,1045,710,0.9227,1.5043,0.9227,1.5033,78.268
1777126981.524644,1044,709,0.9263,1.5007,0.9260,1.5007,78.339
1777126981.5954766,1043,708,0.9298,1.4971,0.9307,1.4980,78.409
1777126981.6780777,1041,708,0.9369,1.4971,0.9360,1.4962,78.492
1777126981.7520118,1040,707,0.9404,1.4935,0.9407,1.4938,78.566
1777126981.8304737,1039,706,0.9439,1.4899,0.9439,1.4896,78.644
1777126981.9067004,1038,705,0.9474,1.4864,0.9474,1.4870,78.721
1777126981.9903393,1037,705,0.9510,1.4863,0.9510,1.4863,78.804
1777126982.0692825,1036,705,0.9545,1.4863,0.9545,1.4857,78.883
1777126982.1450868,1035,704,0.9581,1.4827,0.9581,1.4830,78.959
1777126982.2203763,1034,703,0.9616,1.4792,0.9613,1.4792,79.034
1777126982.3021526,1033,702,0.9651,1.4756,0.9660,1.4756,79.116
1777126982.3738837,1031,701,0.9722,1.4720,0.9712,1.4720,79.188
1777126982.448734,1030,700,0.9757,1.4684,0.9760,1.4681,79.263
1777126982.526395,1029,699,0.9792,1.4649,0.9792,1.4658,79.340
1777126982.6015525,1028,699,0.9828,1.4648,0.9827,1.4636,79.415
1777126982.6736903,1027,698,0.9863,1.4613,0.9863,1.4625,79.488
1777126982.746355,1026,698,0.9898,1.4612,0.9898,1.4603,79.560
1777126982.8216553,1025,697,0.9933,1.4577,0.9934,1.4580,79.636
1777126982.8951452,1024,696,0.9969,1.4541,0.9966,1.4541,79.709
1777126982.9785903,1023,695,1.0004,1.4506,1.0013,1.4505,79.793
1777126983.052454,1021,694,1.0075,1.4470,1.0065,1.4467,79.866
1777126983.123028,1020,693,1.0110,1.4434,1.0113,1.4443,79.937
1777126983.1947577,1019,693,1.0145,1.4433,1.0148,1.4421,80.009
1777126983.266007,1018,692,1.0181,1.4398,1.0169,1.4410,80.080
1777126983.3415666,1018,692,1.0181,1.4398,1.0199,1.4389,80.156
1777126983.4190826,1016,691,1.0251,1.4362,1.0239,1.4365,80.233
1777126983.5169475,1015,690,1.0287,1.4326,1.0290,1.4326,80.331
1777126983.6070166,1014,689,1.0322,1.4290,1.0322,1.4290,80.421
1777126983.6928532,1013,688,1.0357,1.4255,1.0360,1.4255,80.507
1777126983.7723348,1012,687,1.0392,1.4219,1.0383,1.4216,80.586
1777126983.858346,1012,686,1.0392,1.4184,1.0401,1.4193,80.672
1777126983.9299438,1011,686,1.0427,1.4183,1.0424,1.4174,80.744
1777126984.0017977,1010,685,1.0463,1.4148,1.0460,1.4151,80.816
1777126984.0788226,1009,684,1.0498,1.4112,1.0507,1.4112,80.893
1777126984.1545634,1007,683,1.0569,1.4076,1.0559,1.4073,80.968
1777126984.2263489,1006,682,1.0604,1.4040,1.0607,1.4049,81.040
1777126984.2991953,1005,682,1.0640,1.4040,1.0639,1.4031,81.113
1777126984.3700497,1004,681,1.0675,1.4004,1.0678,1.4004,81.184
1777126984.4417646,1003,680,1.0710,1.3969,1.0701,1.3978,81.256
1777126984.518324,1003,680,1.0710,1.3969,1.0719,1.3959,81.332
1777126984.5902295,1002,679,1.0745,1.3933,1.0742,1.3936,81.404
1777126984.6718361,1001,678,1.0780,1.3897,1.0780,1.3897,81.486
1777126984.7468648,1000,677,1.0816,1.3861,1.0816,1.3861,81.561
1777126984.8315704,999,676,1.0851,1.3826,1.0851,1.3823,81.646
1777126984.904507,998,675,1.0886,1.3790,1.0886,1.3799,81.718
1777126984.9770155,997,675,1.0922,1.3790,1.0922,1.3781,81.791
1777126985.0522325,996,674,1.0957,1.3754,1.0957,1.3757,81.866
1777126985.1262383,995,673,1.0992,1.3718,1.0992,1.3718,81.940
1777126985.2053812,994,672,1.1028,1.3682,1.1028,1.3682,82.019
1777126985.2841008,993,671,1.1063,1.3647,1.1063,1.3650,82.098
1777126985.362111,992,670,1.1098,1.3611,1.1098,1.3602,82.176
1777126985.4359663,991,668,1.1133,1.3540,1.1133,1.3546,82.250
1777126985.506179,990,667,1.1168,1.3504,1.1171,1.3510,82.320
1777126985.5833967,989,667,1.1204,1.3504,1.1195,1.3495,82.397
1777126985.6607935,989,666,1.1204,1.3468,1.1213,1.3474,82.475
1777126985.73747,988,665,1.1239,1.3433,1.1236,1.3421,82.551
1777126985.810525,987,663,1.1274,1.3362,1.1274,1.3383,82.624
1777126985.8891072,986,663,1.1309,1.3361,1.1312,1.3340,82.703
1777126985.9592378,985,661,1.1344,1.3290,1.1334,1.3303,82.773
1777126986.044826,985,660,1.1344,1.3255,1.1359,1.3249,82.859
1777126986.1212926,983,659,1.1391,1.3211,1.1376,1.3210,82.935
1777126986.1978087,983,658,1.1391,1.3176,1.1404,1.3187,83.012
1777126986.2820637,982,658,1.1426,1.3175,1.1414,1.3157,83.096
1777126986.3584063,982,656,1.1425,1.3104,1.1435,1.3116,83.172
1777126986.429774,981,655,1.1461,1.3069,1.1458,1.3066,83.244
1777126986.5100915,980,654,1.1496,1.3033,1.1499,1.3033,83.324
1777126986.586377,979,653,1.1531,1.2997,1.1522,1.2997,83.400
1777126986.6594498,979,652,1.1531,1.2962,1.1543,1.2962,83.473
1777126986.733139,978,651,1.1566,1.2926,1.1554,1.2926,83.547
1777126986.8063383,978,650,1.1566,1.2891,1.1575,1.2891,83.620
1777126986.8843086,977,649,1.1601,1.2855,1.1598,1.2855,83.698
1777126986.9595563,976,648,1.1637,1.2819,1.1637,1.2819,83.773
1777126987.0316455,975,647,1.1672,1.2783,1.1675,1.2783,83.846
1777126987.1057687,974,646,1.1708,1.2748,1.1698,1.2748,83.920
1777126987.1910608,974,645,1.1707,1.2712,1.1716,1.2712,84.005
1777126987.2696452,973,644,1.1743,1.2677,1.1740,1.2677,84.084
1777126987.346693,972,643,1.1778,1.2641,1.1781,1.2641,84.161
1777126987.4356568,971,642,1.1813,1.2605,1.1804,1.2605,84.250
1777126987.526767,971,641,1.1813,1.2570,1.1822,1.2569,84.341
1777126987.6100628,970,640,1.1848,1.2534,1.1845,1.2534,84.424
1777126987.6976743,969,639,1.1884,1.2498,1.1887,1.2498,84.512
1777126987.784707,968,638,1.1919,1.2462,1.1910,1.2462,84.599
1777126987.8646283,968,637,1.1919,1.2427,1.1928,1.2430,84.679
1777126987.9358933,967,636,1.1954,1.2391,1.1954,1.2382,84.750
1777126988.0061529,966,634,1.1989,1.2320,1.1980,1.2326,84.820
1777126988.0753436,966,633,1.1989,1.2284,1.1998,1.2290,84.889
1777126988.1458504,965,633,1.2025,1.2284,1.2021,1.2275,84.960
1777126988.220166,964,632,1.2060,1.2248,1.2063,1.2254,85.034
1777126988.2948947,963,631,1.2095,1.2212,1.2086,1.2203,85.109
1777126988.3655126,963,629,1.2095,1.2141,1.2104,1.2150,85.179
1777126988.4464467,962,628,1.2130,1.2106,1.2127,1.2103,85.260
1777126988.530019,961,627,1.2166,1.2070,1.2169,1.2070,85.344
1777126988.6126204,960,626,1.2201,1.2034,1.2192,1.2034,85.427
1777126988.6834347,960,625,1.2201,1.1998,1.2210,1.1998,85.497
1777126988.7595303,959,624,1.2236,1.1963,1.2236,1.1963,85.573
1777126988.8366036,958,623,1.2272,1.1927,1.2262,1.1927,85.651
1777126988.912048,958,622,1.2271,1.1891,1.2280,1.1891,85.726
1777126988.9926052,957,621,1.2307,1.1855,1.2304,1.1855,85.807
1777126989.0633082,956,620,1.2342,1.1820,1.2345,1.1820,85.877
1777126989.138277,955,619,1.2378,1.1784,1.2368,1.1784,85.952
1777126989.2092555,955,618,1.2377,1.1748,1.2386,1.1748,86.023
1777126989.2880318,954,617,1.2413,1.1712,1.2410,1.1715,86.102
1777126989.3613276,953,616,1.2448,1.1676,1.2451,1.1667,86.175
1777126989.4320207,952,614,1.2483,1.1605,1.2474,1.1614,86.246
1777126989.5046682,952,613,1.2483,1.1570,1.2489,1.1566,86.319
1777126989.5825539,951,612,1.2518,1.1534,1.2524,1.1531,86.396
1777126989.6627088,949,611,1.2590,1.1497,1.2584,1.1510,86.477
1777126989.740308,948,611,1.2625,1.1497,1.2619,1.1476,86.554
1777126989.810435,948,609,1.2625,1.1426,1.2637,1.1450,86.624
1777126989.8805716,947,609,1.2661,1.1426,1.2648,1.1401,86.695
1777126989.9612553,947,607,1.2660,1.1355,1.2669,1.1376,86.775
1777126990.0428486,946,607,1.2696,1.1354,1.2693,1.1345,86.857
1777126990.1226537,945,606,1.2731,1.1318,1.2734,1.1312,86.937
1777126990.1950178,944,604,1.2766,1.1247,1.2757,1.1256,87.009
1777126990.2685559,944,603,1.2766,1.1211,1.2775,1.1205,87.082
1777126990.3443575,943,602,1.2802,1.1175,1.2802,1.1188,87.158
1777126990.434657,942,602,1.2837,1.1175,1.2828,1.1154,87.249
1777126990.5113444,942,600,1.2837,1.1104,1.2843,1.1125,87.325
1777126990.588925,941,600,1.2873,1.1104,1.2882,1.1091,87.403
1777126990.6672177,939,599,1.2944,1.1067,1.2925,1.1071,87.481
1777126990.750374,939,598,1.2944,1.1032,1.2956,1.1032,87.564
1777126990.830246,938,597,1.2979,1.0996,1.2979,1.0996,87.644
1777126990.9036846,937,596,1.3015,1.0960,1.3005,1.0960,87.718
1777126990.983133,937,595,1.3014,1.0924,1.3023,1.0924,87.797
1777126991.0551012,936,594,1.3050,1.0888,1.3050,1.0888,87.869
1777126991.126073,935,593,1.3085,1.0852,1.3076,1.0853,87.940
1777126991.198937,935,592,1.3085,1.0817,1.3094,1.0817,88.013
1777126991.274201,934,591,1.3121,1.0781,1.3121,1.0781,88.088
1777126991.3492959,933,590,1.3156,1.0745,1.3147,1.0748,88.163
1777126991.4214835,933,589,1.3156,1.0709,1.3168,1.0697,88.235
1777126991.4908445,932,587,1.3191,1.0638,1.3179,1.0659,88.305
1777126991.559722,932,587,1.3191,1.0638,1.3200,1.0613,88.374
1777126991.6304836,931,585,1.3226,1.0566,1.3226,1.0591,88.444
1777126991.7018507,930,585,1.3262,1.0566,1.3253,1.0545,88.516
1777126991.7780786,930,583,1.3262,1.0495,1.3274,1.0507,88.592
1777126991.8582017,929,582,1.3297,1.0459,1.3285,1.0456,88.672
1777126991.9293635,929,581,1.3297,1.0423,1.3306,1.0423,88.743
1777126992.0009794,928,580,1.3332,1.0387,1.3332,1.0387,88.815
1777126992.0717542,927,579,1.3368,1.0351,1.3363,1.0342,88.886
1777126992.150651,927,578,1.3368,1.0316,1.3367,1.0344,88.965
1777126992.2294228,926,577,1.3353,1.0389,1.3354,1.0364,89.043
1777126992.3089025,926,576,1.3353,1.0353,1.3361,1.0353,89.123
1777126992.3830335,925,574,1.3389,1.0281,1.3377,1.0290,89.197
1777126992.4613252,925,573,1.3389,1.0245,1.3401,1.0242,89.275
1777126992.5374885,924,572,1.3424,1.0209,1.3412,1.0209,89.351
1777126992.6094627,924,571,1.3424,1.0174,1.3437,1.0174,89.423
1777126992.6805902,923,570,1.3460,1.0138,1.3448,1.0138,89.495
1777126992.7594075,923,569,1.3460,1.0102,1.3469,1.0102,89.573
1777126992.8362865,922,568,1.3496,1.0066,1.3496,1.0066,89.650
1777126992.9096053,921,567,1.3531,1.0030,1.3522,1.0033,89.724
1777126992.9877226,921,566,1.3531,0.9994,1.3543,0.9985,89.802
1777126993.0601857,920,564,1.3567,0.9922,1.3557,0.9932,89.874
1777126993.1370716,920,563,1.3566,0.9887,1.3566,0.9884,89.951
1777126993.2124317,920,562,1.3566,0.9851,1.3575,0.9851,90.026
1777126993.2976048,919,561,1.3602,0.9815,1.3590,0.9815,90.112
1777126993.3816738,919,560,1.3602,0.9779,1.3614,0.9782,90.196
1777126993.4639976,918,559,1.3637,0.9743,1.3625,0.9731,90.278
1777126993.53758,918,557,1.3637,0.9672,1.3646,0.9693,90.352
1777126993.6165142,917,557,1.3673,0.9671,1.3670,0.9647,90.430
1777126993.7049952,916,555,1.3708,0.9600,1.3712,0.9624,90.519
1777126993.7856061,915,555,1.3744,0.9600,1.3735,0.9575,90.600
1777126993.864648,915,553,1.3744,0.9528,1.3756,0.9553,90.679
1777126993.942481,914,553,1.3780,0.9528,1.3767,0.9507,90.756
1777126994.0177495,914,551,1.3779,0.9456,1.3786,0.9469,90.832
1777126994.098472,913,550,1.3815,0.9421,1.3824,0.9417,90.912
1777126994.1715755,911,549,1.3887,0.9385,1.3868,0.9385,90.986
1777126994.2466333,911,548,1.3886,0.9349,1.3899,0.9349,91.061
1777126994.3201241,910,547,1.3922,0.9313,1.3922,0.9313,91.134
1777126994.4001615,909,546,1.3958,0.9277,1.3949,0.9277,91.214
1777126994.4867172,909,545,1.3958,0.9241,1.3970,0.9241,91.301
1777126994.5690708,908,544,1.3993,0.9205,1.3981,0.9205,91.383
1777126994.6408544,908,543,1.3993,0.9170,1.4002,0.9170,91.455
1777126994.7198055,907,542,1.4029,0.9134,1.4026,0.9134,91.534
1777126994.7932425,906,541,1.4064,0.9098,1.4064,0.9098,91.607
1777126994.8692656,905,540,1.4100,0.9062,1.4103,0.9062,91.683
1777126994.9435456,904,539,1.4136,0.9026,1.4129,0.9026,91.757
1777126995.0237749,904,538,1.4135,0.8991,1.4135,0.8990,91.838
1777126995.0986078,904,537,1.4135,0.8955,1.4141,0.8958,91.913
1777126995.1750393,903,536,1.4171,0.8919,1.4168,0.8910,91.989
1777126995.2482512,902,534,1.4206,0.8847,1.4206,0.8857,92.062
1777126995.321196,901,533,1.4242,0.8812,1.4245,0.8805,92.135
1777126995.3990188,900,532,1.4277,0.8776,1.4268,0.8785,92.213
1777126995.470894,900,532,1.4277,0.8776,1.4290,0.8770,92.285
1777126995.5517886,899,531,1.4313,0.8740,1.4301,0.8734,92.366
1777126995.6249087,899,529,1.4313,0.8668,1.4325,0.8678,92.439
1777126995.6984997,898,528,1.4348,0.8633,1.4336,0.8630,92.512
1777126995.778835,898,527,1.4348,0.8597,1.4357,0.8597,92.593
1777126995.866628,897,526,1.4384,0.8561,1.4381,0.8561,92.681
1777126995.9395835,896,525,1.4419,0.8525,1.4422,0.8525,92.754
1777126996.0146687,895,524,1.4455,0.8490,1.4446,0.8490,92.829
1777126996.099338,895,523,1.4455,0.8454,1.4464,0.8451,92.913
1777126996.1740165,894,522,1.4490,0.8418,1.4487,0.8427,92.988
1777126996.2519925,893,522,1.4526,0.8418,1.4529,0.8412,93.066
1777126996.3256757,892,521,1.4561,0.8382,1.4552,0.8373,93.140
1777126996.4000387,892,519,1.4561,0.8311,1.4570,0.8329,93.214
1777126996.4728832,891,519,1.4597,0.8311,1.4594,0.8299,93.287
1777126996.546185,890,518,1.4632,0.8275,1.4632,0.8278,93.360
1777126996.621138,889,517,1.4668,0.8239,1.4668,0.8239,93.435
1777126996.6993294,888,516,1.4703,0.8204,1.4707,0.8204,93.513
1777126996.7771652,887,515,1.4739,0.8168,1.4730,0.8168,93.591
1777126996.8589132,887,514,1.4739,0.8132,1.4748,0.8132,93.673
1777126996.9391017,886,513,1.4774,0.8096,1.4771,0.8096,93.753
1777126997.0193684,885,512,1.4810,0.8061,1.4813,0.8061,93.833
1777126997.1072915,884,511,1.4845,0.8025,1.4836,0.8025,93.921
1777126997.1869261,884,510,1.4845,0.7989,1.4854,0.7989,94.001
1777126997.265188,883,509,1.4881,0.7953,1.4878,0.7954,94.079
1777126997.3442247,882,508,1.4916,0.7918,1.4919,0.7918,94.158
1777126997.4270825,881,507,1.4952,0.7882,1.4943,0.7882,94.241
1777126997.5054357,881,506,1.4952,0.7846,1.4961,0.7846,94.319
1777126997.5865288,880,505,1.4987,0.7811,1.4984,0.7811,94.400
1777126997.6690893,879,504,1.5023,0.7775,1.5023,0.7775,94.483
1777126997.7503502,878,503,1.5058,0.7739,1.5058,0.7739,94.564
1777126997.833837,877,502,1.5094,0.7704,1.5094,0.7704,94.648
1777126997.9181066,876,501,1.5129,0.7668,1.5129,0.7668,94.732
1777126998.003529,875,500,1.5165,0.7632,1.5168,0.7632,94.817
1777126998.0815878,874,499,1.5200,0.7597,1.5191,0.7597,94.896
1777126998.1646585,874,498,1.5200,0.7561,1.5209,0.7561,94.979
1777126998.2734687,873,497,1.5235,0.7525,1.5235,0.7525,95.087
1777126998.3664594,872,496,1.5271,0.7490,1.5272,0.7519,95.180
1777126998.448791,872,495,1.5271,0.7454,1.5248,0.7365,95.263
1777126998.5217123,871,494,1.5181,0.7071,1.5210,0.7160,95.336
1777126998.5950618,870,493,1.5217,0.7034,1.5206,0.7001,95.409
1777126998.6719015,869,492,1.5252,0.6997,1.5256,0.7009,95.486
1777126998.7506511,868,492,1.5289,0.6996,1.5279,0.6975,95.565
1777126998.8274584,868,490,1.5287,0.6924,1.5297,0.6946,95.641
1777126998.902122,867,490,1.5324,0.6924,1.5320,0.6914,95.716
1777126998.9800928,866,489,1.5359,0.6887,1.5359,0.6881,95.794
1777126999.0557506,865,487,1.5394,0.6814,1.5397,0.6823,95.870
1777126999.131902,864,486,1.5429,0.6777,1.5420,0.6774,95.946
1777126999.2087317,864,485,1.5428,0.6741,1.5438,0.6741,96.023
1777126999.286052,863,484,1.5464,0.6704,1.5461,0.6701,96.100
1777126999.3637075,862,483,1.5500,0.6667,1.5500,0.6677,96.178
1777126999.4426541,861,483,1.5536,0.6667,1.5539,0.6657,96.257
1777126999.5171947,860,482,1.5572,0.6630,1.5562,0.6633,96.331
1777126999.5956178,860,481,1.5571,0.6594,1.5580,0.6594,96.410
1777126999.6727285,859,480,1.5606,0.6557,1.5606,0.6557,96.487
1777126999.750518,858,479,1.5642,0.6520,1.5632,0.6521,96.564
1777126999.823431,858,478,1.5641,0.6484,1.5650,0.6484,96.637
1777126999.8982644,857,477,1.5676,0.6448,1.5673,0.6448,96.712
1777126999.972682,856,476,1.5712,0.6411,1.5712,0.6411,96.787
1777127000.0475423,855,475,1.5748,0.6374,1.5747,0.6371,96.861
1777127000.1239376,854,474,1.5783,0.6337,1.5787,0.6350,96.938
1777127000.2018888,853,474,1.5820,0.6337,1.5810,0.6318,97.016
1777127000.2781136,853,472,1.5818,0.6265,1.5831,0.6277,97.092
1777127000.3517222,852,471,1.5853,0.6228,1.5841,0.6225,97.166
1777127000.4324913,852,470,1.5852,0.6192,1.5865,0.6192,97.246
1777127000.5054688,851,469,1.5888,0.6155,1.5875,0.6155,97.319
1777127000.5902455,851,468,1.5887,0.6119,1.5896,0.6119,97.404
1777127000.663222,850,467,1.5922,0.6082,1.5919,0.6082,97.477
1777127000.7422612,849,466,1.5958,0.6046,1.5958,0.6046,97.556
1777127000.8223722,848,465,1.5993,0.6009,1.5996,0.6006,97.636
1777127000.895282,847,464,1.6029,0.5972,1.6020,0.5982,97.709
1777127000.9711962,847,464,1.6029,0.5972,1.6038,0.5963,97.785
1777127001.0452554,846,463,1.6064,0.5935,1.6061,0.5939,97.859
1777127001.1317186,845,462,1.6100,0.5899,1.6100,0.5899,97.946
1777127001.2152758,844,461,1.6135,0.5862,1.6138,0.5862,98.029
1777127001.2919495,843,460,1.6171,0.5825,1.6161,0.5826,98.106
1777127001.369805,843,459,1.6170,0.5789,1.6179,0.5786,98.184
1777127001.4466624,842,458,1.6205,0.5753,1.6202,0.5762,98.261
1777127001.5225308,841,458,1.6242,0.5752,1.6245,0.5746,98.336
1777127001.5975373,840,457,1.6277,0.5715,1.6265,0.5706,98.411
1777127001.6757898,840,455,1.6275,0.5643,1.6295,0.5661,98.490
1777127001.7544618,838,455,1.6348,0.5642,1.6339,0.5630,98.568
1777127001.8279562,837,454,1.6384,0.5605,1.6378,0.5608,98.642
1777127001.911027,837,453,1.6383,0.5569,1.6392,0.5566,98.725
1777127001.983957,836,452,1.6418,0.5533,1.6416,0.5545,98.798
1777127002.0586767,835,452,1.6455,0.5532,1.6457,0.5513,98.873
1777127002.1386638,834,450,1.6489,0.5459,1.6480,0.5472,98.953
1777127002.2167192,834,449,1.6488,0.5423,1.6497,0.5420,99.031
1777127002.290776,833,448,1.6524,0.5387,1.6524,0.5387,99.105
1777127002.3745909,832,447,1.6559,0.5350,1.6550,0.5350,99.189
1777127002.4583478,832,446,1.6558,0.5314,1.6567,0.5311,99.272
1777127002.5336142,831,445,1.6594,0.5277,1.6591,0.5287,99.348
1777127002.6079524,830,445,1.6630,0.5277,1.6630,0.5264,99.422
1777127002.6939695,829,444,1.6666,0.5240,1.6666,0.5252,99.508
1777127002.7790174,828,444,1.6702,0.5239,1.6702,0.5230,99.593
1777127002.8547764,827,443,1.6738,0.5203,1.6738,0.5206,99.669
1777127002.9329104,826,442,1.6773,0.5166,1.6776,0.5166,99.747
1777127003.0094953,825,441,1.6809,0.5129,1.6799,0.5126,99.823
1777127003.0820215,825,440,1.6807,0.5093,1.6817,0.5102,99.896
1777127003.1550376,824,440,1.6844,0.5093,1.6841,0.5084,99.969
1777127003.2296326,823,439,1.6880,0.5056,1.6880,0.5059,100.044
1777127003.3071518,822,438,1.6915,0.5019,1.6915,0.5016,100.121
1777127003.3805954,821,437,1.6950,0.4983,1.6951,0.4995,100.195
1777127003.460446,820,437,1.6987,0.4982,1.6987,0.4964,100.274
1777127003.5341153,819,435,1.7021,0.4909,1.7022,0.4922,100.348
1777127003.6125033,818,434,1.7057,0.4873,1.7060,0.4867,100.426
1777127003.6886196,817,433,1.7092,0.4836,1.7083,0.4849,100.503
1777127003.760802,817,433,1.7092,0.4836,1.7101,0.4815,100.575
1777127003.8323221,816,431,1.7127,0.4764,1.7124,0.4785,100.646
1777127003.9082282,815,431,1.7163,0.4763,1.7163,0.4751,100.722
1777127003.994585,814,430,1.7199,0.4726,1.7199,0.4726,100.809
1777127004.0710382,813,429,1.7234,0.4690,1.7234,0.4702,100.885
1777127004.1436539,812,429,1.7271,0.4689,1.7270,0.4668,100.958
1777127004.2174485,811,427,1.7305,0.4617,1.7306,0.4635,101.031
1777127004.290347,810,427,1.7342,0.4616,1.7341,0.4613,101.104
1777127004.369001,809,427,1.7378,0.4615,1.7378,0.4606,101.183
1777127004.443333,808,426,1.7414,0.4578,1.7414,0.4591,101.257
1777127004.517239,807,426,1.7450,0.4578,1.7431,0.4548,101.331
1777127004.5950112,806,425,1.7486,0.4541,1.7549,0.4606,101.409
1777127004.6681128,805,424,1.7743,0.4745,1.7661,0.4680,101.482
1777127004.7421396,806,423,1.7707,0.4709,1.7763,0.4736,101.556
1777127004.8162508,803,423,1.7815,0.4708,1.7794,0.4708,101.630
1777127004.895753,802,423,1.7852,0.4708,1.7848,0.4701,101.710
1777127004.9705195,802,422,1.7851,0.4671,1.7861,0.4674,101.784
1777127005.0433552,801,421,1.7887,0.4635,1.7884,0.4632,101.857
1777127005.1168244,800,420,1.7923,0.4598,1.7923,0.4608,101.931
1777127005.2024167,799,420,1.7959,0.4598,1.7959,0.4589,102.016
1777127005.2755184,798,419,1.7995,0.4561,1.7995,0.4564,102.089
1777127005.349694,797,418,1.8031,0.4525,1.8031,0.4522,102.164
1777127005.4231286,796,417,1.8067,0.4488,1.8068,0.4501,102.237
1777127005.4963896,795,417,1.8104,0.4488,1.8104,0.4466,102.310
1777127005.5691657,794,415,1.8140,0.4415,1.8140,0.4434,102.383
1777127005.6423101,793,415,1.8176,0.4415,1.8176,0.4411,102.456
1777127005.7213147,792,415,1.8212,0.4414,1.8212,0.4408,102.535
1777127005.794304,791,414,1.8248,0.4378,1.8248,0.4378,102.608
1777127005.8757932,790,413,1.8284,0.4341,1.8284,0.4347,102.690
1777127005.9577973,789,413,1.8320,0.4340,1.8320,0.4340,102.772
1777127006.0327914,788,413,1.8356,0.4340,1.8356,0.4334,102.847
1777127006.1113079,787,412,1.8392,0.4303,1.8392,0.4307,102.925
1777127006.185077,786,411,1.8428,0.4267,1.8428,0.4264,102.999
1777127006.2647755,785,410,1.8464,0.4230,1.8464,0.4240,103.079
1777127006.3380532,784,410,1.8500,0.4230,1.8497,0.4221,103.152
1777127006.4211524,783,409,1.8536,0.4193,1.8546,0.4193,103.235
1777127006.4997368,781,408,1.8609,0.4156,1.8602,0.4169,103.314
1777127006.5738485,780,408,1.8645,0.4156,1.8635,0.4134,103.388
1777127006.6558306,780,406,1.8644,0.4083,1.8663,0.4102,103.470
1777127006.7367148,778,406,1.8717,0.4082,1.8704,0.4080,103.551
1777127006.8101432,777,406,1.8753,0.4082,1.8756,0.4073,103.624
1777127006.8864563,776,405,1.8789,0.4045,1.8789,0.4058,103.700
1777127006.9610963,775,405,1.8825,0.4045,1.8825,0.4033,103.775
1777127007.0477529,774,404,1.8861,0.4008,1.8861,0.4021,103.862
1777127007.1277676,773,404,1.8897,0.4008,1.8897,0.3999,103.942
1777127007.2013283,772,403,1.8933,0.3971,1.8933,0.3974,104.015
1777127007.2813084,771,402,1.8969,0.3935,1.8969,0.3932,104.095
1777127007.3563678,770,401,1.9006,0.3898,1.9006,0.3907,104.170
1777127007.4406903,769,401,1.9042,0.3898,1.9042,0.3888,104.255
1777127007.5242157,768,400,1.9078,0.3861,1.9078,0.3864,104.338
1777127007.5951254,767,399,1.9114,0.3824,1.9111,0.3821,104.409
1777127007.672977,766,398,1.9150,0.3788,1.9162,0.3794,104.487
1777127007.746056,764,398,1.9222,0.3787,1.9204,0.3787,104.560
1777127007.8191667,764,398,1.9222,0.3787,1.9235,0.3780,104.633
1777127007.913463,763,397,1.9258,0.3750,1.9255,0.3750,104.727
1777127008.0159116,762,396,1.9294,0.3713,1.9291,0.3720,104.830
1777127008.1047788,761,396,1.9331,0.3713,1.9340,0.3713,104.919
1777127008.1809552,759,396,1.9403,0.3712,1.9394,0.3706,104.995
1777127008.262287,758,395,1.9439,0.3675,1.9442,0.3675,105.076
1777127008.3365448,757,394,1.9475,0.3639,1.9475,0.3648,105.150
1777127008.421073,756,394,1.9511,0.3638,1.9511,0.3626,105.235
1777127008.494577,755,393,1.9548,0.3602,1.9548,0.3611,105.309
1777127008.5729587,754,393,1.9584,0.3601,1.9584,0.3601,105.387
1777127008.652981,753,393,1.9620,0.3601,1.9620,0.3595,105.467
1777127008.7264347,752,392,1.9656,0.3564,1.9656,0.3567,105.540
1777127008.8023179,751,391,1.9692,0.3527,1.9692,0.3524,105.616
1777127008.8790386,750,390,1.9728,0.3491,1.9728,0.3497,105.693
1777127008.9528139,749,390,1.9764,0.3490,1.9764,0.3490,105.767
1777127009.0281928,748,390,1.9801,0.3490,1.9801,0.3484,105.842
1777127009.1071377,747,389,1.9837,0.3453,1.9837,0.3453,105.921
1777127009.1875677,746,388,1.9873,0.3417,1.9873,0.3426,106.002
1777127009.2617812,745,388,1.9909,0.3416,1.9906,0.3401,106.076
1777127009.3358016,744,387,1.9945,0.3379,1.9955,0.3401,106.150
1777127009.4108224,742,388,2.0018,0.3415,2.0008,0.3396,106.225
1777127009.488949,741,387,2.0054,0.3378,2.0057,0.3381,106.303
1777127009.5743258,740,386,2.0090,0.3341,2.0090,0.3351,106.388
1777127009.6481168,739,386,2.0126,0.3341,2.0126,0.3329,106.462
1777127009.721445,738,385,2.0162,0.3304,2.0162,0.3314,106.535
1777127009.804197,737,385,2.0199,0.3304,2.0199,0.3304,106.618
1777127009.8783844,736,385,2.0235,0.3303,2.0235,0.3297,106.692
1777127009.955226,735,384,2.0271,0.3267,2.0271,0.3267,106.769
1777127010.030861,734,383,2.0307,0.3230,2.0307,0.3239,106.845
1777127010.1121705,733,383,2.0343,0.3230,2.0343,0.3220,106.926
1777127010.1939023,732,382,2.0379,0.3193,2.0376,0.3193,107.008
1777127010.2671382,731,381,2.0416,0.3156,2.0425,0.3162,107.081
1777127010.3492527,729,381,2.0488,0.3155,2.0479,0.3155,107.163
1777127010.4313946,728,381,2.0524,0.3155,2.0527,0.3145,107.245
1777127010.518486,727,380,2.0560,0.3118,2.0560,0.3130,107.332
1777127010.5922892,726,380,2.0597,0.3118,2.0597,0.3105,107.406
1777127010.6718228,725,379,2.0633,0.3081,2.0633,0.3090,107.486
1777127010.7465336,724,379,2.0669,0.3080,2.0674,0.3077,107.560
1777127010.8273091,723,379,2.0705,0.3080,2.0686,0.3080,107.641
1777127010.908435,722,378,2.0679,0.3079,2.0704,0.3079,107.722
1777127010.9874387,720,378,2.0751,0.3078,2.0737,0.3081,107.801
1777127011.0615065,719,378,2.0788,0.3078,2.0791,0.3068,107.875
1777127011.1349506,718,377,2.0824,0.3041,2.0824,0.3051,107.949
1777127011.2138162,717,377,2.0860,0.3041,2.0860,0.3041,108.028
1777127011.288148,716,377,2.0897,0.3041,2.0897,0.3034,108.102
1777127011.3622622,715,376,2.0933,0.3004,2.0933,0.3004,108.176
1777127011.4365163,714,375,2.0968,0.2968,2.0969,0.2974,108.250
1777127011.5160165,713,375,2.1005,0.2968,2.1005,0.2968,108.330
1777127011.5941608,712,375,2.1041,0.2967,2.1041,0.2958,108.408
1777127011.6680925,711,374,2.1077,0.2931,2.1077,0.2943,108.482
1777127011.741685,710,374,2.1114,0.2930,2.1114,0.2921,108.556
1777127011.8158493,709,373,2.1150,0.2894,2.1150,0.2897,108.630
1777127011.8947566,708,372,2.1185,0.2858,2.1182,0.2852,108.709
1777127011.9756744,707,371,2.1221,0.2821,2.1231,0.2837,108.790
1777127012.0561178,705,372,2.1295,0.2857,2.1285,0.2844,108.870
1777127012.1321847,704,372,2.1331,0.2856,2.1334,0.2862,108.946
1777127012.208057,703,372,2.1368,0.2856,2.1367,0.2843,109.022
1777127012.2820556,702,371,2.1404,0.2819,2.1401,0.2838,109.096
1777127012.3581948,701,372,2.1441,0.2855,2.1450,0.2846,109.172
1777127012.4432752,699,372,2.1513,0.2854,2.1504,0.2848,109.257
1777127012.5189528,698,371,2.1549,0.2818,2.1553,0.2824,109.333
1777127012.593485,697,371,2.1586,0.2818,2.1586,0.2827,109.407
1777127012.673833,696,372,2.1623,0.2853,2.1622,0.2838,109.488
1777127012.7504308,695,371,2.1659,0.2817,2.1659,0.2820,109.564
1777127012.8247795,694,370,2.1695,0.2780,2.1695,0.2787,109.639
1777127012.904663,693,370,2.1731,0.2780,2.1731,0.2783,109.719
1777127012.9817998,692,370,2.1767,0.2780,2.1767,0.2761,109.796
1777127013.0633864,691,368,2.1803,0.2707,2.1803,0.2726,109.877
1777127013.1370254,690,368,2.1839,0.2707,2.1839,0.2701,109.951
1777127013.2162507,689,368,2.1876,0.2707,2.1876,0.2710,110.030
1777127013.295278,688,368,2.1912,0.2706,2.1912,0.2694,110.109
1777127013.3681543,687,367,2.1948,0.2670,2.1945,0.2688,110.182
1777127013.446409,686,368,2.1985,0.2706,2.1994,0.2693,110.260
1777127013.5239134,684,368,2.2058,0.2705,2.2049,0.2708,110.338
1777127013.5976698,683,368,2.2094,0.2704,2.2097,0.2704,110.412
1777127013.6771276,682,368,2.2131,0.2704,2.2131,0.2704,110.491
1777127013.7518024,681,368,2.2167,0.2704,2.2167,0.2707,110.566
1777127013.8256657,680,368,2.2204,0.2703,2.2204,0.2694,110.640
1777127013.9013393,679,367,2.2240,0.2667,2.2240,0.2679,110.715
1777127013.982287,678,367,2.2276,0.2667,2.2276,0.2651,110.796
1777127014.0621665,677,366,2.2312,0.2630,2.2312,0.2649,110.876
1777127014.1355743,676,367,2.2349,0.2666,2.2349,0.2653,110.950
1777127014.2099645,675,367,2.2385,0.2665,2.2385,0.2669,111.024
1777127014.2880783,674,367,2.2422,0.2665,2.2419,0.2665,111.102
1777127014.3617084,673,367,2.2458,0.2665,2.2468,0.2668,111.176
1777127014.440818,671,367,2.2531,0.2664,2.2522,0.2649,111.255
1777127014.5224795,670,366,2.2567,0.2628,2.2571,0.2658,111.336
1777127014.5960763,669,368,2.2605,0.2699,2.2604,0.2671,111.410
1777127014.6696918,668,367,2.2641,0.2663,2.2638,0.2669,111.484
1777127014.7439208,667,366,2.2677,0.2626,2.2686,0.2633,111.558
1777127014.8248303,665,366,2.2749,0.2626,2.2740,0.2623,111.639
1777127014.8980565,664,366,2.2786,0.2625,2.2789,0.2625,111.712
1777127014.972216,663,366,2.2822,0.2625,2.2822,0.2625,111.786
1777127015.048758,662,366,2.2859,0.2625,2.2859,0.2628,111.863
1777127015.1298738,661,366,2.2895,0.2624,2.2892,0.2612,111.944
1777127015.2044134,660,365,2.2931,0.2588,2.2941,0.2606,112.018
1777127015.279836,658,366,2.3005,0.2623,2.2995,0.2608,112.094
1777127015.3672547,657,366,2.3041,0.2623,2.3048,0.2638,112.181
1777127015.4430354,656,367,2.3078,0.2658,2.3065,0.2643,112.257
1777127015.521039,656,366,2.3078,0.2622,2.3096,0.2625,112.335
1777127015.6008947,654,365,2.3150,0.2586,2.3138,0.2592,112.415
1777127015.6747532,653,365,2.3186,0.2585,2.3186,0.2582,112.489
1777127015.752853,652,365,2.3223,0.2585,2.3232,0.2585,112.567
1777127015.8353784,650,365,2.3296,0.2584,2.3286,0.2581,112.649
1777127015.913778,649,365,2.3332,0.2584,2.3336,0.2596,112.728
1777127015.9885542,648,366,2.3369,0.2619,2.3366,0.2601,112.802
1777127016.0698864,647,365,2.3405,0.2583,2.3415,0.2595,112.884
1777127016.1432123,645,365,2.3478,0.2582,2.3469,0.2576,112.957
1777127016.2300444,644,365,2.3515,0.2582,2.3518,0.2594,113.044
1777127016.30823,643,366,2.3552,0.2618,2.3548,0.2599,113.122
1777127016.3825557,642,365,2.3588,0.2581,2.3597,0.2593,113.196
1777127016.4608505,640,365,2.3661,0.2580,2.3651,0.2577,113.275
1777127016.5348442,639,365,2.3697,0.2580,2.3700,0.2580,113.349
1777127016.6120143,638,365,2.3734,0.2580,2.3734,0.2580,113.426
1777127016.6870496,637,365,2.3770,0.2579,2.3770,0.2582,113.501
1777127016.7605996,636,365,2.3807,0.2579,2.3807,0.2573,113.575
1777127016.8366077,635,364,2.3843,0.2543,2.3839,0.2539,113.651
1777127016.9117684,634,363,2.3878,0.2506,2.3885,0.2525,113.726
1777127016.9982445,632,364,2.3952,0.2541,2.3953,0.2517,113.812
1777127017.0914702,631,364,2.4029,0.2495,2.4022,0.2507,113.905
1777127017.1840062,630,364,2.4066,0.2495,2.4069,0.2500,113.998
1777127017.2575247,629,365,2.4102,0.2531,2.4102,0.2518,114.071
1777127017.334732,628,365,2.4138,0.2530,2.4138,0.2552,114.149
1777127017.4172373,627,366,2.4174,0.2566,2.4171,0.2526,114.231
1777127017.49257,626,363,2.4211,0.2457,2.4220,0.2494,114.307
1777127017.5734994,624,364,2.4283,0.2492,2.4274,0.2483,114.387
1777127017.6568367,623,365,2.4319,0.2528,2.4322,0.2528,114.471
1777127017.7324984,622,365,2.4356,0.2527,2.4356,0.2506,114.546
1777127017.808558,621,363,2.4392,0.2454,2.4389,0.2495,114.622
1777127017.8880777,620,365,2.4428,0.2527,2.4438,0.2492,114.702
1777127017.9625392,618,364,2.4501,0.2489,2.4491,0.2505,114.776
1777127018.0402358,617,364,2.4537,0.2489,2.4540,0.2486,114.854
1777127018.1133282,616,364,2.4573,0.2488,2.4576,0.2488,114.927
1777127018.19244,615,364,2.4610,0.2488,2.4603,0.2488,115.006
1777127018.268342,615,364,2.4610,0.2488,2.4613,0.2488,115.082
1777127018.3425303,615,364,2.4610,0.2488,2.4613,0.2488,115.156
1777127018.422689,615,364,2.4610,0.2488,2.4600,0.2488,115.237
1777127018.4998477,616,364,2.4573,0.2488,2.4583,0.2485,115.314
1777127018.5757148,616,364,2.4573,0.2488,2.4567,0.2501,115.390
1777127018.648771,616,365,2.4573,0.2525,2.4583,0.2506,115.463
1777127018.724775,615,364,2.4610,0.2488,2.4600,0.2501,115.539
1777127018.8043563,615,364,2.4610,0.2488,2.4613,0.2485,115.618
1777127018.8831751,615,364,2.4610,0.2488,2.4610,0.2488,115.697
1777127018.9622035,615,364,2.4610,0.2488,2.4610,0.2488,115.776
1777127019.0400443,615,364,2.4610,0.2488,2.4610,0.2488,115.854
1777127019.117166,615,364,2.4610,0.2488,2.4610,0.2488,115.931
1777127019.1981528,615,364,2.4610,0.2488,2.4610,0.2488,116.012
1777127019.2735424,615,364,2.4610,0.2488,2.4610,0.2488,116.087
1777127019.3525383,615,364,2.4610,0.2488,2.4610,0.2488,116.166
1777127019.4264555,615,364,2.4610,0.2488,2.4610,0.2488,116.240
1777127019.5043209,615,364,2.4610,0.2488,2.4610,0.2488,116.318
1777127019.5809777,615,364,2.4610,0.2488,2.4610,0.2488,116.395
1777127019.6571798,615,364,2.4610,0.2488,2.4610,0.2488,116.471
1777127019.733238,615,364,2.4610,0.2488,2.4610,0.2488,116.547
1777127019.8190377,615,364,2.4610,0.2488,2.4610,0.2488,116.633
1777127019.8980272,615,364,2.4610,0.2488,2.4610,0.2488,116.712
1777127019.979005,615,364,2.4610,0.2488,2.4610,0.2488,116.793
1777127020.057301,615,364,2.4610,0.2488,2.4610,0.2488,116.871
1777127020.131001,615,364,2.4610,0.2488,2.4610,0.2488,116.945
1777127020.20496,615,364,2.4610,0.2488,2.4610,0.2488,117.019
1777127020.278179,615,364,2.4610,0.2488,2.4610,0.2488,117.092
1777127020.3571994,615,364,2.4610,0.2488,2.4610,0.2488,117.171
1777127020.4350228,615,364,2.4610,0.2488,2.4610,0.2488,117.249
1777127020.5087087,615,364,2.4610,0.2488,2.4610,0.2488,117.323
1777127020.5828466,615,364,2.4610,0.2488,2.4610,0.2488,117.397
1777127020.6557808,615,364,2.4610,0.2488,2.4610,0.2488,117.470
1777127020.731619,615,364,2.4610,0.2488,2.4610,0.2488,117.546
1777127020.8109655,615,364,2.4610,0.2488,2.4610,0.2488,117.625
1777127020.8888822,615,364,2.4610,0.2488,2.4610,0.2488,117.703
1777127020.9686975,615,364,2.4610,0.2488,2.4610,0.2488,117.783
1777127021.0463512,615,364,2.4610,0.2488,2.4610,0.2488,117.860
1777127021.1233428,615,364,2.4610,0.2488,2.4610,0.2488,117.937
1777127021.1974318,615,364,2.4610,0.2488,2.4610,0.2488,118.011
1777127021.2752345,615,364,2.4610,0.2488,2.4610,0.2488,118.089
1777127021.3506274,615,364,2.4610,0.2488,2.4610,0.2488,118.165
1777127021.438464,615,364,2.4610,0.2488,2.4610,0.2488,118.252
