timestamp,frame_x,frame_y,world_x_m,world_y_m,world_x_smooth_m,world_y_smooth_m,time_elapsed
1777127564.038825,1326,282,-0.1558,-0.0641,-0.1558,-0.0641,0.000
1777127564.3358333,1326,282,-0.1558,-0.0641,-0.1558,-0.0641,0.297
1777127564.4671192,1326,282,-0.1558,-0.0641,-0.1558,-0.0641,0.428
1777127564.6311812,1326,282,-0.1558,-0.0641,-0.1558,-0.0641,0.592
1777127564.7135053,1326,282,-0.1558,-0.0641,-0.1558,-0.0641,0.675
1777127564.795141,1326,282,-0.1558,-0.0641,-0.1558,-0.0641,0.756
1777127564.87808,1326,282,-0.1558,-0.0641,-0.1558,-0.0641,0.839
1777127564.9608717,1326,282,-0.1558,-0.0641,-0.1558,-0.0641,0.922
1777127565.0495672,1326,282,-0.1558,-0.0641,-0.1558,-0.0641,1.011
1777127565.1387672,1326,282,-0.1558,-0.0641,-0.1558,-0.0641,1.100
1777127565.2303143,1326,282,-0.1558,-0.0641,-0.1558,-0.0641,1.191
1777127565.3252308,1326,282,-0.1558,-0.0641,-0.1558,-0.0641,1.286
1777127565.4148066,1326,282,-0.1558,-0.0641,-0.1558,-0.0641,1.376
1777127565.5061617,1326,282,-0.1558,-0.0641,-0.1558,-0.0641,1.467
1777127565.5904007,1326,282,-0.1558,-0.0641,-0.1558,-0.0641,1.552
1777127565.6639774,1326,282,-0.1558,-0.0641,-0.1558,-0.0641,1.625
1777127565.7375972,1326,282,-0.1558,-0.0641,-0.1558,-0.0641,1.699
1777127565.8115435,1326,282,-0.1558,-0.0641,-0.1558,-0.0641,1.773
1777127565.8838313,1326,282,-0.1558,-0.0641,-0.1558,-0.0641,1.845
1777127565.9564483,1326,282,-0.1558,-0.0641,-0.1558,-0.0641,1.918
1777127566.0302503,1326,282,-0.1558,-0.0641,-0.1558,-0.0641,1.991
1777127566.1157346,1326,282,-0.1558,-0.0641,-0.1558,-0.0641,2.077
1777127566.1981115,1326,282,-0.1558,-0.0641,-0.1558,-0.0641,2.159
1777127566.2713366,1326,282,-0.1558,-0.0641,-0.1558,-0.0641,2.233
1777127566.340617,1326,282,-0.1558,-0.0641,-0.1558,-0.0641,2.302
1777127566.41139,1326,282,-0.1558,-0.0641,-0.1558,-0.0641,2.373
1777127566.4936304,1326,282,-0.1558,-0.0641,-0.1558,-0.0641,2.455
1777127566.5757003,1326,282,-0.1558,-0.0641,-0.1558,-0.0641,2.537
1777127566.6462188,1326,282,-0.1558,-0.0641,-0.1558,-0.0641,2.607
1777127566.7245421,1326,282,-0.1558,-0.0641,-0.1558,-0.0641,2.686
1777127566.7957263,1326,282,-0.1558,-0.0641,-0.1558,-0.0641,2.757
1777127566.8679094,1326,282,-0.1558,-0.0641,-0.1558,-0.0641,2.829
1777127566.942937,1326,282,-0.1558,-0.0641,-0.1558,-0.0641,2.904
1777127567.0127022,1326,282,-0.1558,-0.0641,-0.1558,-0.0641,2.974
1777127567.081247,1326,282,-0.1558,-0.0641,-0.1558,-0.0641,3.042
1777127567.1512244,1326,282,-0.1558,-0.0641,-0.1558,-0.0641,3.112
1777127567.2217798,1326,282,-0.1558,-0.0641,-0.1558,-0.0641,3.183
1777127567.2909713,1326,282,-0.1558,-0.0641,-0.1558,-0.0641,3.252
1777127567.3688118,1326,282,-0.1558,-0.0641,-0.1558,-0.0641,3.330
1777127567.439604,1326,282,-0.1558,-0.0641,-0.1558,-0.0641,3.401
1777127567.5201204,1326,282,-0.1558,-0.0641,-0.1558,-0.0641,3.481
1777127567.5903232,1326,282,-0.1558,-0.0641,-0.1558,-0.0641,3.551
1777127567.661846,1326,282,-0.1558,-0.0641,-0.1558,-0.0641,3.623
1777127567.7569125,1326,282,-0.1558,-0.0641,-0.1558,-0.0641,3.718
1777127567.8698146,1326,282,-0.1558,-0.0641,-0.1558,-0.0641,3.831
1777127567.955146,1326,282,-0.1558,-0.0641,-0.1558,-0.0641,3.916
1777127568.0289733,1326,282,-0.1558,-0.0641,-0.1558,-0.0641,3.990
1777127568.101826,1326,282,-0.1558,-0.0641,-0.1558,-0.0641,4.063
1777127568.1726844,1326,282,-0.1558,-0.0641,-0.1558,-0.0641,4.134
1777127568.2499213,1326,282,-0.1558,-0.0641,-0.1558,-0.0641,4.211
1777127568.3188272,1326,282,-0.1558,-0.0641,-0.1558,-0.0641,4.280
1777127568.3918655,1326,282,-0.1558,-0.0641,-0.1558,-0.0641,4.353
1777127568.4594617,1326,282,-0.1558,-0.0641,-0.1558,-0.0641,4.421
1777127568.531273,1326,282,-0.1558,-0.0641,-0.1558,-0.0641,4.492
1777127568.647188,1326,282,-0.1558,-0.0641,-0.1558,-0.0641,4.608
1777127568.7263663,1326,282,-0.1558,-0.0641,-0.1558,-0.0641,4.688
1777127568.8068695,1326,282,-0.1558,-0.0641,-0.1558,-0.0641,4.768
1777127568.885498,1326,282,-0.1558,-0.0641,-0.1558,-0.0641,4.847
1777127568.9548295,1326,282,-0.1558,-0.0641,-0.1558,-0.0641,4.916
1777127569.020186,1326,282,-0.1558,-0.0641,-0.1558,-0.0641,4.981
1777127569.0881166,1326,282,-0.1558,-0.0641,-0.1558,-0.0641,5.049
1777127569.1556027,1326,282,-0.1558,-0.0641,-0.1558,-0.0641,5.117
1777127569.2238567,1326,282,-0.1558,-0.0641,-0.1558,-0.0641,5.185
1777127569.29327,1326,282,-0.1558,-0.0641,-0.1558,-0.0641,5.254
1777127569.3598661,1326,282,-0.1558,-0.0641,-0.1558,-0.0641,5.321
1777127569.434624,1326,282,-0.1558,-0.0641,-0.1558,-0.0641,5.396
1777127569.501349,1326,282,-0.1558,-0.0641,-0.1558,-0.0641,5.463
1777127569.5706668,1326,282,-0.1558,-0.0641,-0.1558,-0.0641,5.532
1777127569.6380303,1326,282,-0.1558,-0.0641,-0.1558,-0.0641,5.599
1777127569.7043278,1326,282,-0.1558,-0.0641,-0.1558,-0.0641,5.666
1777127569.7712917,1326,282,-0.1558,-0.0641,-0.1558,-0.0641,5.732
1777127569.8429008,1326,282,-0.1558,-0.0641,-0.1558,-0.0641,5.804
1777127569.911201,1326,282,-0.1558,-0.0641,-0.1558,-0.0641,5.872
1777127569.9795039,1326,282,-0.1558,-0.0641,-0.1558,-0.0641,5.941
1777127570.050913,1326,282,-0.1558,-0.0641,-0.1558,-0.0641,6.012
1777127570.114143,1326,282,-0.1558,-0.0641,-0.1558,-0.0641,6.075
1777127570.187812,1326,282,-0.1558,-0.0641,-0.1558,-0.0641,6.149
1777127570.2569785,1326,282,-0.1558,-0.0641,-0.1558,-0.0641,6.218
1777127570.3248918,1326,282,-0.1558,-0.0641,-0.1574,-0.0642,6.286
1777127570.3967175,1326,282,-0.1558,-0.0641,-0.1512,-0.0637,6.358
1777127570.4666417,1326,282,-0.1378,-0.0627,-0.1425,-0.0631,6.428
1777127570.5371485,1326,282,-0.1378,-0.0627,-0.1363,-0.0626,6.498
1777127570.612534,1326,282,-0.1378,-0.0627,-0.1378,-0.0627,6.574
1777127570.6847546,1326,282,-0.1378,-0.0627,-0.1378,-0.0627,6.646
1777127570.7613518,1326,282,-0.1378,-0.0627,-0.1378,-0.0627,6.723
1777127570.832211,1326,282,-0.1378,-0.0627,-0.1378,-0.0627,6.793
1777127570.9040482,1326,282,-0.1378,-0.0627,-0.1378,-0.0627,6.865
1777127570.9801455,1326,282,-0.1378,-0.0627,-0.1378,-0.0627,6.941
1777127571.0526497,1326,282,-0.1378,-0.0627,-0.1378,-0.0627,7.014
1777127571.1288865,1326,282,-0.1378,-0.0627,-0.1378,-0.0627,7.090
1777127571.2006993,1326,282,-0.1378,-0.0627,-0.1378,-0.0627,7.162
1777127571.2707522,1326,282,-0.1378,-0.0627,-0.1378,-0.0627,7.232
1777127571.342195,1326,282,-0.1378,-0.0627,-0.1378,-0.0627,7.303
1777127571.4165697,1326,282,-0.1378,-0.0627,-0.1378,-0.0627,7.378
1777127571.4868212,1326,282,-0.1378,-0.0627,-0.1378,-0.0627,7.448
1777127571.5643766,1326,282,-0.1378,-0.0627,-0.1378,-0.0627,7.526
1777127571.6391752,1326,282,-0.1378,-0.0627,-0.1378,-0.0627,7.600
1777127571.7113173,1326,282,-0.1378,-0.0627,-0.1378,-0.0627,7.672
1777127571.7812998,1326,282,-0.1378,-0.0627,-0.1378,-0.0627,7.742
1777127571.8511105,1326,282,-0.1378,-0.0627,-0.1378,-0.0627,7.812
1777127571.92104,1326,282,-0.1378,-0.0627,-0.1378,-0.0627,7.882
1777127571.9983704,1326,282,-0.1378,-0.0627,-0.1378,-0.0627,7.960
1777127572.070996,1326,282,-0.1378,-0.0627,-0.1378,-0.0627,8.032
1777127572.1413093,1326,282,-0.1378,-0.0627,-0.1378,-0.0627,8.102
1777127572.216985,1326,282,-0.1378,-0.0627,-0.1378,-0.0627,8.178
1777127572.2916148,1326,282,-0.1378,-0.0627,-0.1378,-0.0627,8.253
1777127572.3616521,1326,282,-0.1378,-0.0627,-0.1378,-0.0627,8.323
1777127572.4311864,1326,282,-0.1378,-0.0627,-0.1378,-0.0627,8.392
1777127572.501113,1326,282,-0.1378,-0.0627,-0.1378,-0.0627,8.462
1777127572.5724814,1326,282,-0.1378,-0.0627,-0.1378,-0.0627,8.534
1777127572.644894,1326,282,-0.1378,-0.0627,-0.1378,-0.0627,8.606
1777127572.7167716,1326,282,-0.1378,-0.0627,-0.1378,-0.0627,8.678
1777127572.7883282,1326,282,-0.1378,-0.0627,-0.1378,-0.0627,8.750
1777127572.8636308,1326,282,-0.1378,-0.0627,-0.1378,-0.0627,8.825
1777127572.939644,1326,282,-0.1378,-0.0627,-0.1378,-0.0627,8.901
1777127573.0162747,1326,282,-0.1378,-0.0627,-0.1378,-0.0624,8.977
1777127573.091563,1326,282,-0.1378,-0.0627,-0.1379,-0.0637,9.053
1777127573.1627266,1326,281,-0.1380,-0.0666,-0.1379,-0.0656,9.124
1777127573.2341907,1326,281,-0.1380,-0.0666,-0.1380,-0.0669,9.195
1777127573.3046498,1326,281,-0.1380,-0.0666,-0.1380,-0.0666,9.266
1777127573.3757532,1326,281,-0.1380,-0.0666,-0.1380,-0.0666,9.337
1777127573.4477088,1326,281,-0.1380,-0.0666,-0.1380,-0.0666,9.409
1777127573.5183184,1326,281,-0.1380,-0.0666,-0.1380,-0.0666,9.479
1777127573.5889785,1326,281,-0.1380,-0.0666,-0.1380,-0.0666,9.550
1777127573.6672158,1326,281,-0.1380,-0.0666,-0.1380,-0.0666,9.628
1777127573.742894,1326,281,-0.1380,-0.0666,-0.1380,-0.0666,9.704
1777127573.8150542,1326,281,-0.1380,-0.0666,-0.1380,-0.0666,9.776
1777127573.88863,1326,281,-0.1380,-0.0666,-0.1380,-0.0666,9.850
1777127573.962112,1326,281,-0.1380,-0.0666,-0.1380,-0.0666,9.923
1777127574.0368896,1326,281,-0.1380,-0.0666,-0.1380,-0.0666,9.998
1777127574.113031,1326,281,-0.1380,-0.0666,-0.1380,-0.0666,10.074
1777127574.1858678,1326,281,-0.1380,-0.0666,-0.1380,-0.0666,10.147
1777127574.2559342,1326,281,-0.1380,-0.0666,-0.1380,-0.0666,10.217
1777127574.3262928,1326,281,-0.1380,-0.0666,-0.1380,-0.0666,10.287
1777127574.4014363,1326,281,-0.1380,-0.0666,-0.1380,-0.0666,10.363
1777127574.48416,1326,281,-0.1380,-0.0666,-0.1380,-0.0666,10.445
1777127574.5747712,1326,281,-0.1380,-0.0666,-0.1380,-0.0666,10.536
1777127574.6633165,1326,281,-0.1380,-0.0666,-0.1380,-0.0666,10.624
1777127574.7530277,1326,281,-0.1380,-0.0666,-0.1380,-0.0666,10.714
1777127574.8382366,1326,281,-0.1380,-0.0666,-0.1380,-0.0666,10.799
1777127574.9246204,1326,281,-0.1380,-0.0666,-0.1380,-0.0666,10.886
1777127575.004077,1326,281,-0.1380,-0.0666,-0.1380,-0.0666,10.965
1777127575.0782204,1326,281,-0.1380,-0.0666,-0.1380,-0.0666,11.039
1777127575.149517,1326,281,-0.1380,-0.0666,-0.1380,-0.0666,11.111
1777127575.2218163,1326,281,-0.1380,-0.0666,-0.1380,-0.0666,11.183
1777127575.2931674,1326,281,-0.1380,-0.0666,-0.1380,-0.0666,11.254
1777127575.3639264,1326,281,-0.1380,-0.0666,-0.1380,-0.0666,11.325
1777127575.4396021,1326,281,-0.1380,-0.0666,-0.1380,-0.0666,11.401
1777127575.5112817,1326,281,-0.1380,-0.0666,-0.1380,-0.0666,11.472
1777127575.582477,1326,281,-0.1380,-0.0666,-0.1380,-0.0666,11.544
1777127575.6565335,1326,281,-0.1380,-0.0666,-0.1380,-0.0666,11.618
1777127575.7267506,1326,281,-0.1380,-0.0666,-0.1380,-0.0666,11.688
1777127575.8019474,1326,281,-0.1380,-0.0666,-0.1380,-0.0666,11.763
1777127575.8791537,1326,281,-0.1380,-0.0666,-0.1380,-0.0666,11.840
1777127575.9559567,1326,281,-0.1380,-0.0666,-0.1380,-0.0666,11.917
1777127576.0280495,1326,281,-0.1380,-0.0666,-0.1380,-0.0666,11.989
1777127576.0982246,1326,281,-0.1380,-0.0666,-0.1380,-0.0666,12.059
1777127576.1714292,1326,281,-0.1380,-0.0666,-0.1380,-0.0666,12.133
1777127576.241545,1326,281,-0.1380,-0.0666,-0.1383,-0.0666,12.203
1777127576.3122604,1326,281,-0.1380,-0.0666,-0.1370,-0.0666,12.273
1777127576.3817465,1325,281,-0.1342,-0.0665,-0.1352,-0.0665,12.343
1777127576.450854,1325,281,-0.1342,-0.0665,-0.1338,-0.0665,12.412
1777127576.5200634,1325,281,-0.1342,-0.0665,-0.1342,-0.0665,12.481
1777127576.590848,1325,281,-0.1342,-0.0665,-0.1342,-0.0665,12.552
1777127576.6626627,1325,281,-0.1342,-0.0665,-0.1342,-0.0665,12.624
1777127576.737599,1325,281,-0.1342,-0.0665,-0.1342,-0.0665,12.699
1777127576.807765,1325,281,-0.1342,-0.0665,-0.1342,-0.0665,12.769
1777127576.8809383,1325,281,-0.1342,-0.0665,-0.1342,-0.0665,12.842
1777127576.9508653,1325,281,-0.1342,-0.0665,-0.1342,-0.0665,12.912
1777127577.0239754,1325,281,-0.1342,-0.0665,-0.1342,-0.0665,12.985
1777127577.1022918,1325,281,-0.1342,-0.0665,-0.1342,-0.0665,13.063
1777127577.1726894,1325,281,-0.1342,-0.0665,-0.1342,-0.0665,13.134
1777127577.242577,1325,281,-0.1342,-0.0665,-0.1342,-0.0665,13.204
1777127577.3120193,1325,281,-0.1342,-0.0665,-0.1342,-0.0665,13.273
1777127577.3813636,1325,281,-0.1342,-0.0665,-0.1342,-0.0665,13.343
1777127577.451252,1325,281,-0.1342,-0.0665,-0.1342,-0.0665,13.412
1777127577.5220344,1325,281,-0.1342,-0.0665,-0.1342,-0.0665,13.483
1777127577.6004422,1325,281,-0.1342,-0.0665,-0.1342,-0.0665,13.562
1777127577.6752176,1325,281,-0.1342,-0.0665,-0.1342,-0.0665,13.636
1777127577.7458022,1325,281,-0.1342,-0.0665,-0.1342,-0.0665,13.707
1777127577.8148932,1325,281,-0.1342,-0.0665,-0.1342,-0.0665,13.776
1777127577.8941877,1325,281,-0.1342,-0.0665,-0.1342,-0.0665,13.855
1777127577.9670155,1325,281,-0.1342,-0.0665,-0.1342,-0.0665,13.928
1777127578.051213,1325,281,-0.1342,-0.0665,-0.1342,-0.0665,14.012
1777127578.1208608,1325,281,-0.1342,-0.0665,-0.1342,-0.0665,14.082
1777127578.1905475,1325,281,-0.1342,-0.0665,-0.1342,-0.0665,14.152
1777127578.2639449,1325,281,-0.1342,-0.0665,-0.1342,-0.0665,14.225
1777127578.3366694,1325,281,-0.1342,-0.0665,-0.1342,-0.0665,14.298
1777127578.4109905,1325,281,-0.1342,-0.0665,-0.1342,-0.0665,14.372
1777127578.4831562,1325,281,-0.1342,-0.0665,-0.1342,-0.0665,14.444
1777127578.5594406,1325,281,-0.1342,-0.0665,-0.1342,-0.0665,14.521
1777127578.6360877,1325,281,-0.1342,-0.0665,-0.1342,-0.0665,14.597
1777127578.706175,1325,281,-0.1342,-0.0665,-0.1342,-0.0665,14.667
1777127578.7768414,1325,281,-0.1342,-0.0665,-0.1342,-0.0665,14.738
1777127578.8510554,1325,281,-0.1342,-0.0665,-0.1342,-0.0665,14.812
1777127578.9274263,1325,281,-0.1342,-0.0665,-0.1342,-0.0665,14.889
1777127578.9977734,1325,281,-0.1342,-0.0665,-0.1342,-0.0665,14.959
1777127579.0708482,1325,281,-0.1342,-0.0665,-0.1342,-0.0665,15.032
1777127579.1406467,1325,281,-0.1342,-0.0665,-0.1342,-0.0665,15.102
1777127579.2112544,1325,281,-0.1342,-0.0665,-0.1342,-0.0665,15.172
1777127579.2801392,1325,281,-0.1342,-0.0665,-0.1342,-0.0665,15.241
1777127579.350295,1325,281,-0.1342,-0.0665,-0.1342,-0.0665,15.311
1777127579.420974,1325,281,-0.1342,-0.0665,-0.1342,-0.0665,15.382
1777127579.4909534,1325,281,-0.1342,-0.0665,-0.1342,-0.0665,15.452
1777127579.5721326,1325,281,-0.1342,-0.0665,-0.1342,-0.0665,15.533
1777127579.6413767,1325,281,-0.1342,-0.0665,-0.1342,-0.0665,15.603
1777127579.7111127,1325,281,-0.1342,-0.0665,-0.1342,-0.0665,15.672
1777127579.7817948,1325,281,-0.1342,-0.0665,-0.1342,-0.0665,15.743
1777127579.8524077,1325,281,-0.1342,-0.0665,-0.1342,-0.0665,15.814
1777127579.9256825,1325,281,-0.1342,-0.0665,-0.1342,-0.0665,15.887
1777127579.9959216,1325,281,-0.1342,-0.0665,-0.1342,-0.0665,15.957
1777127580.0723147,1325,281,-0.1342,-0.0665,-0.1342,-0.0665,16.033
1777127580.1476793,1325,281,-0.1342,-0.0665,-0.1342,-0.0665,16.109
1777127580.2175987,1325,281,-0.1342,-0.0665,-0.1342,-0.0665,16.179
1777127580.287409,1325,281,-0.1342,-0.0665,-0.1342,-0.0665,16.249
1777127580.3578084,1325,281,-0.1342,-0.0665,-0.1342,-0.0665,16.319
1777127580.4283993,1325,281,-0.1342,-0.0665,-0.1342,-0.0665,16.390
1777127580.499313,1325,281,-0.1342,-0.0665,-0.1342,-0.0665,16.460
1777127580.5737226,1325,281,-0.1342,-0.0665,-0.1342,-0.0665,16.535
1777127580.6419601,1325,281,-0.1342,-0.0665,-0.1342,-0.0665,16.603
1777127580.7174108,1325,281,-0.1342,-0.0665,-0.1342,-0.0665,16.679
1777127580.7897542,1325,281,-0.1342,-0.0665,-0.1342,-0.0665,16.751
1777127580.8652549,1325,281,-0.1342,-0.0665,-0.1342,-0.0665,16.826
1777127580.9430778,1325,281,-0.1342,-0.0665,-0.1342,-0.0665,16.904
1777127581.02241,1325,281,-0.1342,-0.0665,-0.1342,-0.0665,16.984
1777127581.0955806,1325,281,-0.1342,-0.0665,-0.1342,-0.0665,17.057
1777127581.1661727,1325,281,-0.1342,-0.0665,-0.1342,-0.0665,17.127
1777127581.2462442,1325,281,-0.1342,-0.0665,-0.1342,-0.0665,17.207
1777127581.3159528,1325,281,-0.1342,-0.0665,-0.1342,-0.0665,17.277
1777127581.3907897,1325,281,-0.1342,-0.0665,-0.1342,-0.0665,17.352
1777127581.4679139,1325,281,-0.1342,-0.0665,-0.1342,-0.0665,17.429
1777127581.544069,1325,281,-0.1342,-0.0665,-0.1342,-0.0665,17.505
1777127581.6146634,1325,281,-0.1342,-0.0665,-0.1342,-0.0665,17.576
1777127581.6893866,1325,281,-0.1342,-0.0665,-0.1342,-0.0665,17.651
1777127581.7585824,1325,281,-0.1342,-0.0665,-0.1342,-0.0665,17.720
1777127581.8281646,1325,281,-0.1342,-0.0665,-0.1342,-0.0665,17.789
1777127581.898006,1325,281,-0.1342,-0.0665,-0.1342,-0.0665,17.859
1777127581.972602,1325,281,-0.1342,-0.0665,-0.1342,-0.0665,17.934
1777127582.0436847,1325,281,-0.1342,-0.0665,-0.1387,-0.0688,18.005
1777127582.1168737,1325,281,-0.1342,-0.0665,-0.1207,-0.0598,18.078
1777127582.1903112,1325,281,-0.0817,-0.0403,-0.0952,-0.0471,18.151
1777127582.2685885,1325,281,-0.0817,-0.0403,-0.0772,-0.0381,18.230
1777127582.3392587,1325,281,-0.0817,-0.0403,-0.0817,-0.0403,18.300
1777127582.4186335,1325,281,-0.0817,-0.0403,-0.0817,-0.0403,18.380
1777127582.490947,1325,281,-0.0817,-0.0403,-0.0817,-0.0403,18.452
1777127582.5616586,1325,281,-0.0817,-0.0403,-0.0817,-0.0403,18.523
1777127582.6316135,1325,281,-0.0817,-0.0403,-0.0817,-0.0403,18.593
1777127582.702142,1325,281,-0.0817,-0.0403,-0.0817,-0.0403,18.663
1777127582.7726538,1325,281,-0.0817,-0.0403,-0.0817,-0.0403,18.734
1777127582.8477507,1325,281,-0.0817,-0.0403,-0.0817,-0.0403,18.809
1777127582.9188101,1325,281,-0.0817,-0.0403,-0.0817,-0.0403,18.880
1777127582.991485,1325,281,-0.0817,-0.0403,-0.0817,-0.0403,18.953
1777127583.0683582,1325,281,-0.0817,-0.0403,-0.0817,-0.0403,19.030
1777127583.1373029,1325,281,-0.0817,-0.0403,-0.0817,-0.0403,19.098
1777127583.2133322,1325,281,-0.0817,-0.0403,-0.0817,-0.0403,19.175
1777127583.283853,1325,281,-0.0817,-0.0403,-0.0817,-0.0403,19.245
1777127583.3537772,1325,281,-0.0817,-0.0403,-0.0817,-0.0403,19.315
1777127583.4305336,1325,281,-0.0817,-0.0403,-0.0817,-0.0403,19.392
1777127583.502573,1325,281,-0.0817,-0.0403,-0.0817,-0.0403,19.464
1777127583.574465,1325,281,-0.0817,-0.0403,-0.0817,-0.0403,19.536
1777127583.6490123,1325,281,-0.0817,-0.0403,-0.0817,-0.0403,19.610
1777127583.7242885,1325,281,-0.0817,-0.0403,-0.0817,-0.0403,19.685
1777127583.795618,1325,281,-0.0817,-0.0403,-0.0817,-0.0403,19.757
1777127583.8656905,1325,281,-0.0817,-0.0403,-0.0817,-0.0403,19.827
1777127583.937316,1325,281,-0.0817,-0.0403,-0.0817,-0.0403,19.898
1777127584.018914,1325,281,-0.0817,-0.0403,-0.0817,-0.0403,19.980
1777127584.097164,1325,281,-0.0817,-0.0403,-0.0817,-0.0403,20.058
1777127584.1674795,1325,281,-0.0817,-0.0403,-0.0817,-0.0403,20.129
1777127584.244014,1325,281,-0.0817,-0.0403,-0.0817,-0.0403,20.205
1777127584.314818,1325,281,-0.0817,-0.0403,-0.0817,-0.0403,20.276
1777127584.3875134,1325,281,-0.0817,-0.0403,-0.0817,-0.0403,20.349
1777127584.4581404,1325,281,-0.0817,-0.0403,-0.0817,-0.0403,20.419
1777127584.530044,1325,281,-0.0817,-0.0403,-0.0817,-0.0403,20.491
1777127584.6061628,1325,281,-0.0817,-0.0403,-0.0817,-0.0403,20.567
1777127584.6765487,1325,281,-0.0817,-0.0403,-0.0817,-0.0403,20.638
1777127584.7526352,1325,281,-0.0817,-0.0403,-0.0817,-0.0403,20.714
1777127584.82289,1325,281,-0.0817,-0.0403,-0.0817,-0.0403,20.784
1777127584.8932924,1325,281,-0.0817,-0.0403,-0.0817,-0.0403,20.854
1777127584.9659119,1325,281,-0.0817,-0.0403,-0.0817,-0.0403,20.927
1777127585.0380986,1325,281,-0.0817,-0.0403,-0.0817,-0.0403,20.999
1777127585.1168168,1325,281,-0.0817,-0.0403,-0.0817,-0.0403,21.078
1777127585.1882308,1325,281,-0.0817,-0.0403,-0.0817,-0.0403,21.149
1777127585.2690396,1325,281,-0.0817,-0.0403,-0.0817,-0.0403,21.230
1777127585.3468626,1325,281,-0.0817,-0.0403,-0.0817,-0.0403,21.308
1777127585.418855,1325,281,-0.0817,-0.0403,-0.0817,-0.0403,21.380
1777127585.4890883,1325,281,-0.0817,-0.0403,-0.0817,-0.0403,21.450
1777127585.5589569,1325,281,-0.0817,-0.0403,-0.0817,-0.0403,21.520
1777127585.6308618,1325,281,-0.0817,-0.0403,-0.0817,-0.0403,21.592
1777127585.704047,1325,281,-0.0817,-0.0403,-0.0817,-0.0403,21.665
1777127585.7758343,1325,281,-0.0817,-0.0403,-0.0817,-0.0403,21.737
1777127585.8471994,1325,281,-0.0817,-0.0403,-0.0817,-0.0403,21.808
1777127585.9170926,1325,281,-0.0817,-0.0403,-0.0817,-0.0403,21.878
1777127585.9882743,1325,281,-0.0817,-0.0403,-0.0817,-0.0403,21.949
1777127586.0619464,1325,281,-0.0817,-0.0403,-0.0817,-0.0403,22.023
1777127586.1331801,1325,281,-0.0817,-0.0403,-0.0817,-0.0410,22.094
1777127586.20156,1325,281,-0.0817,-0.0403,-0.0817,-0.0391,22.163
1777127586.2751877,1325,283,-0.0817,-0.0332,-0.0814,-0.0335,22.236
1777127586.3460984,1325,285,-0.0816,-0.0260,-0.0822,-0.0270,22.307
1777127586.4158654,1326,286,-0.0852,-0.0224,-0.0855,-0.0215,22.377
1777127586.4871304,1327,288,-0.0887,-0.0152,-0.0875,-0.0153,22.448
1777127586.5606022,1326,290,-0.0851,-0.0081,-0.0851,-0.0087,22.522
1777127586.6352456,1325,291,-0.0814,-0.0046,-0.0833,-0.0043,22.596
1777127586.7102442,1326,292,-0.0850,-0.0010,-0.0825,-0.0007,22.671
1777127586.78463,1325,293,-0.0814,0.0026,-0.0839,0.0014,22.746
1777127586.8549712,1326,293,-0.0850,0.0026,-0.0828,0.0044,22.816
1777127586.9323707,1325,295,-0.0813,0.0097,-0.0823,0.0082,22.894
1777127587.0088077,1325,296,-0.0813,0.0133,-0.0822,0.0145,22.970
1777127587.0851943,1326,298,-0.0849,0.0205,-0.0827,0.0195,23.046
1777127587.1557956,1325,299,-0.0812,0.0240,-0.0834,0.0244,23.117
1777127587.2265465,1326,300,-0.0848,0.0276,-0.0839,0.0276,23.188
1777127587.298025,1326,301,-0.0848,0.0312,-0.0841,0.0309,23.259
1777127587.366535,1325,302,-0.0811,0.0348,-0.0820,0.0357,23.328
1777127587.4393756,1325,304,-0.0811,0.0419,-0.0808,0.0407,23.401
1777127587.508644,1325,305,-0.0810,0.0455,-0.0810,0.0467,23.470
1777127587.5844693,1325,307,-0.0810,0.0526,-0.0810,0.0517,23.546
1777127587.6559696,1325,308,-0.0810,0.0562,-0.0810,0.0565,23.617
1777127587.7284133,1325,309,-0.0809,0.0598,-0.0806,0.0598,23.690
1777127587.801608,1325,310,-0.0809,0.0634,-0.0818,0.0634,23.763
1777127587.875163,1326,311,-0.0845,0.0670,-0.0836,0.0667,23.836
1777127587.9459195,1326,312,-0.0845,0.0706,-0.0844,0.0715,23.907
1777127588.0161052,1326,314,-0.0844,0.0777,-0.0853,0.0768,23.977
1777127588.0895941,1327,315,-0.0880,0.0813,-0.0850,0.0800,24.051
1777127588.1602132,1327,316,-0.0879,0.0849,-0.0943,0.0895,24.121
1777127588.2322967,1326,318,-0.1112,0.1077,-0.1052,0.1040,24.193
1777127588.30278,1326,320,-0.1110,0.1150,-0.1131,0.1145,24.264
1777127588.3745234,1326,320,-0.1110,0.1150,-0.1110,0.1171,24.336
1777127588.4448667,1326,322,-0.1109,0.1222,-0.1109,0.1210,24.406
1777127588.5151246,1326,323,-0.1108,0.1258,-0.1108,0.1258,24.476
1777127588.5834777,1326,324,-0.1107,0.1294,-0.1107,0.1304,24.545
1777127588.6548326,1326,326,-0.1105,0.1367,-0.1106,0.1357,24.616
1777127588.731421,1326,327,-0.1104,0.1403,-0.1108,0.1403,24.693
1777127588.8013623,1326,328,-0.1104,0.1439,-0.1094,0.1448,24.763
1777127588.8773866,1325,330,-0.1066,0.1511,-0.1075,0.1502,24.839
1777127588.951023,1325,331,-0.1065,0.1547,-0.1061,0.1550,24.912
1777127589.032112,1325,332,-0.1064,0.1583,-0.1061,0.1583,24.993
1777127589.1030905,1325,333,-0.1063,0.1619,-0.1076,0.1617,25.064
1777127589.173297,1326,334,-0.1098,0.1656,-0.1076,0.1665,25.134
1777127589.2438545,1325,336,-0.1060,0.1728,-0.1082,0.1719,25.205
1777127589.3141007,1326,337,-0.1096,0.1764,-0.1083,0.1767,25.275
1777127589.3896005,1326,338,-0.1095,0.1801,-0.1098,0.1797,25.351
1777127589.4648893,1326,339,-0.1094,0.1837,-0.1094,0.1846,25.426
1777127589.538803,1326,341,-0.1093,0.1909,-0.1096,0.1897,25.500
1777127589.6083353,1326,342,-0.1092,0.1945,-0.1079,0.1957,25.570
1777127589.686065,1325,344,-0.1054,0.2017,-0.1073,0.2005,25.647
1777127589.7568393,1326,345,-0.1089,0.2053,-0.1076,0.2066,25.718
1777127589.8333676,1326,347,-0.1087,0.2126,-0.1091,0.2116,25.795
1777127589.9044423,1326,348,-0.1087,0.2162,-0.1090,0.2165,25.866
1777127589.9799006,1326,349,-0.1086,0.2198,-0.1076,0.2198,25.941
1777127590.0584064,1325,350,-0.1049,0.2234,-0.1055,0.2234,26.020
1777127590.1311796,1325,351,-0.1048,0.2270,-0.1054,0.2267,26.092
1777127590.201252,1326,352,-0.1083,0.2306,-0.1074,0.2312,26.162
1777127590.2715216,1326,354,-0.1081,0.2378,-0.1085,0.2378,26.233
1777127590.3409972,1326,356,-0.1080,0.2451,-0.1077,0.2444,26.302
1777127590.4108014,1326,357,-0.1079,0.2487,-0.1088,0.2487,26.372
1777127590.488411,1327,358,-0.1114,0.2523,-0.1108,0.2529,26.450
1777127590.5593271,1327,360,-0.1113,0.2595,-0.1106,0.2595,26.521
1777127590.6291344,1326,362,-0.1075,0.2667,-0.1084,0.2658,26.590
1777127590.698237,1326,363,-0.1074,0.2703,-0.1070,0.2716,26.659
1777127590.7680686,1326,365,-0.1072,0.2775,-0.1075,0.2766,26.729
1777127590.8411956,1326,366,-0.1071,0.2811,-0.1059,0.2814,26.802
1777127590.9108644,1325,367,-0.1034,0.2847,-0.1056,0.2847,26.872
1777127590.9814296,1326,368,-0.1070,0.2884,-0.1048,0.2880,26.943
1777127591.0562162,1325,369,-0.1032,0.2919,-0.1045,0.2926,27.017
1777127591.1272633,1325,371,-0.1031,0.2991,-0.1024,0.2991,27.088
1777127591.2042458,1325,373,-0.1029,0.3064,-0.1042,0.3058,27.165
1777127591.2766423,1326,374,-0.1064,0.3100,-0.1046,0.3103,27.238
1777127591.3557813,1325,375,-0.1027,0.3136,-0.1037,0.3136,27.317
1777127591.427034,1325,376,-0.1026,0.3172,-0.1033,0.3172,27.388
1777127591.495327,1326,377,-0.1062,0.3208,-0.1056,0.3208,27.457
1777127591.565538,1326,378,-0.1061,0.3244,-0.1055,0.3241,27.527
1777127591.6406972,1325,379,-0.1024,0.3280,-0.1030,0.3286,27.602
1777127591.7121418,1325,381,-0.1022,0.3352,-0.1032,0.3352,27.673
1777127591.7843664,1326,383,-0.1057,0.3424,-0.1038,0.3415,27.746
1777127591.8595772,1325,384,-0.1020,0.3460,-0.1032,0.3476,27.821
1777127591.9317026,1325,386,-0.1018,0.3532,-0.1015,0.3514,27.893
1777127592.0005758,1325,386,-0.1018,0.3532,-0.1015,0.3545,27.962
1777127592.0719578,1325,387,-0.1017,0.3568,-0.1027,0.3562,28.033
1777127592.1481137,1326,388,-0.1053,0.3605,-0.1040,0.3611,28.109
1777127592.2200742,1326,390,-0.1051,0.3677,-0.1066,0.3677,28.181
1777127592.293743,1327,392,-0.1085,0.3749,-0.1067,0.3743,28.255
1777127592.3661792,1326,393,-0.1048,0.3785,-0.1061,0.3788,28.327
1777127592.4363978,1326,394,-0.1047,0.3821,-0.1044,0.3821,28.398
1777127592.514007,1326,395,-0.1047,0.3857,-0.1047,0.3857,28.475
1777127592.5910084,1326,396,-0.1046,0.3893,-0.1046,0.3893,28.552
1777127592.660907,1326,397,-0.1045,0.3929,-0.1045,0.3926,28.622
1777127592.7320495,1326,398,-0.1044,0.3965,-0.1044,0.3971,28.693
1777127592.8019223,1326,400,-0.1042,0.4037,-0.1046,0.4037,28.763
1777127592.873111,1326,402,-0.1041,0.4109,-0.1028,0.4103,28.834
1777127592.9505286,1325,403,-0.1004,0.4144,-0.1025,0.4148,28.912
1777127593.0208507,1326,404,-0.1039,0.4181,-0.1014,0.4181,28.982
1777127593.09075,1325,405,-0.1002,0.4216,-0.1024,0.4217,29.052
1777127593.1628888,1326,406,-0.1037,0.4253,-0.1025,0.4250,29.124
1777127593.2383344,1326,407,-0.1036,0.4289,-0.1039,0.4298,29.200
1777127593.3078377,1326,409,-0.1035,0.4361,-0.1035,0.4349,29.269
1777127593.387194,1326,410,-0.1034,0.4397,-0.1034,0.4409,29.348
1777127593.4583542,1326,412,-0.1032,0.4469,-0.1032,0.4460,29.420
1777127593.5374873,1326,413,-0.1031,0.4505,-0.1031,0.4508,29.499
1777127593.6154575,1326,414,-0.1031,0.4541,-0.1031,0.4538,29.577
1777127593.6863353,1326,415,-0.1030,0.4577,-0.1027,0.4580,29.648
1777127593.7622726,1326,417,-0.1028,0.4649,-0.1039,0.4658,29.723
1777127593.8382044,1327,418,-0.1056,0.4757,-0.1040,0.4738,29.799
1777127593.9086955,1326,419,-0.1019,0.4793,-0.1031,0.4805,29.870
1777127593.9832973,1326,421,-0.1018,0.4865,-0.1015,0.4865,29.944
1777127594.0582855,1326,423,-0.1016,0.4937,-0.1016,0.4931,30.019
1777127594.1325374,1326,424,-0.1015,0.4973,-0.1015,0.4976,30.094
1777127594.20542,1326,425,-0.1014,0.5009,-0.1014,0.5006,30.167
1777127594.2774346,1326,426,-0.1013,0.5045,-0.1013,0.5054,30.239
1777127594.354444,1326,428,-0.1011,0.5117,-0.1012,0.5108,30.316
1777127594.4261022,1326,429,-0.1010,0.5153,-0.1010,0.5156,30.387
1777127594.4980943,1326,430,-0.1009,0.5189,-0.1010,0.5186,30.459
1777127594.5736492,1326,431,-0.1009,0.5225,-0.1008,0.5234,30.535
1777127594.6446202,1326,433,-0.1007,0.5297,-0.1007,0.5288,30.606
1777127594.7203283,1326,434,-0.1006,0.5333,-0.1006,0.5333,30.682
1777127594.791172,1326,435,-0.1005,0.5369,-0.1002,0.5378,30.752
1777127594.8621259,1326,437,-0.1003,0.5441,-0.1016,0.5428,30.823
1777127594.937188,1327,438,-0.1038,0.5477,-0.1019,0.5489,30.898
1777127595.0077949,1326,440,-0.1000,0.5548,-0.1010,0.5539,30.969
1777127595.0834768,1326,441,-0.0999,0.5584,-0.1009,0.5588,31.045
1777127595.1580572,1327,442,-0.1034,0.5621,-0.1013,0.5621,31.119
1777127595.2311785,1326,443,-0.0998,0.5656,-0.1019,0.5657,31.192
1777127595.3022642,1327,444,-0.1033,0.5693,-0.1020,0.5689,31.263
1777127595.372352,1327,445,-0.1032,0.5729,-0.1032,0.5738,31.334
1777127595.443683,1327,447,-0.1030,0.5801,-0.1042,0.5791,31.405
1777127595.518534,1328,448,-0.1065,0.5837,-0.1046,0.5840,31.480
1777127595.588889,1327,449,-0.1028,0.5872,-0.1040,0.5873,31.550
1777127595.6606746,1327,450,-0.1027,0.5908,-0.1024,0.5908,31.622
1777127595.7327454,1327,451,-0.1026,0.5944,-0.1029,0.5941,31.694
1777127595.8051624,1327,452,-0.1025,0.5980,-0.1016,0.5989,31.766
1777127595.8762505,1326,454,-0.0988,0.6052,-0.0997,0.6039,31.837
1777127595.949969,1326,455,-0.0987,0.6087,-0.0980,0.6100,31.911
1777127596.0207503,1326,457,-0.0985,0.6159,-0.0994,0.6150,31.982
1777127596.0969648,1327,458,-0.1020,0.6196,-0.1014,0.6199,32.058
1777127596.1672325,1327,459,-0.1019,0.6231,-0.1013,0.6231,32.128
1777127596.2377293,1326,460,-0.0982,0.6267,-0.0988,0.6264,32.199
1777127596.3082635,1326,461,-0.0981,0.6303,-0.0990,0.6312,32.269
1777127596.38541,1327,463,-0.1015,0.6375,-0.1000,0.6363,32.347
1777127596.455942,1326,464,-0.0979,0.6410,-0.0981,0.6423,32.417
1777127596.5364819,1325,466,-0.0941,0.6482,-0.0944,0.6473,32.498
1777127596.6101818,1325,467,-0.0940,0.6518,-0.0946,0.6521,32.571
1777127596.6863832,1326,468,-0.0975,0.6554,-0.0969,0.6554,32.648
1777127596.759006,1326,469,-0.0974,0.6590,-0.0968,0.6590,32.720
1777127596.8323014,1325,470,-0.0937,0.6625,-0.0947,0.6622,32.793
1777127596.907858,1325,471,-0.0936,0.6661,-0.0933,0.6667,32.869
1777127596.979431,1325,473,-0.0935,0.6733,-0.0935,0.6730,32.941
1777127597.050481,1325,475,-0.0933,0.6805,-0.0933,0.6808,33.012
1777127597.1264386,1325,477,-0.0931,0.6876,-0.0931,0.6870,33.088
1777127597.2024503,1325,478,-0.0930,0.6912,-0.0930,0.6915,33.164
1777127597.2774947,1325,479,-0.0929,0.6948,-0.0929,0.6948,33.239
1777127597.3514018,1325,480,-0.0928,0.6984,-0.0928,0.6984,33.313
1777127597.4213078,1325,481,-0.0927,0.7020,-0.0931,0.7017,33.382
1777127597.490668,1325,482,-0.0927,0.7055,-0.0914,0.7065,33.452
1777127597.5625558,1324,484,-0.0889,0.7127,-0.0911,0.7115,33.524
1777127597.6322296,1325,485,-0.0924,0.7163,-0.0902,0.7172,33.593
1777127597.7027705,1324,487,-0.0886,0.7234,-0.0898,0.7234,33.664
1777127597.770553,1324,489,-0.0884,0.7306,-0.0881,0.7300,33.732
1777127597.8422492,1324,490,-0.0883,0.7342,-0.0883,0.7345,33.803
1777127597.9134197,1324,491,-0.0883,0.7377,-0.0883,0.7377,33.875
1777127597.9845874,1324,492,-0.0882,0.7413,-0.0882,0.7413,33.946
1777127598.0590992,1324,493,-0.0881,0.7449,-0.0881,0.7446,34.020
1777127598.1286454,1324,494,-0.0880,0.7485,-0.0880,0.7494,34.090
1777127598.204391,1324,496,-0.0878,0.7556,-0.0878,0.7547,34.166
1777127598.2835352,1324,497,-0.0877,0.7592,-0.0877,0.7595,34.245
1777127598.3547714,1324,498,-0.0876,0.7628,-0.0876,0.7628,34.316
1777127598.42473,1324,499,-0.0875,0.7664,-0.0875,0.7664,34.386
1777127598.4959393,1324,500,-0.0874,0.7699,-0.0875,0.7696,34.457
1777127598.5698488,1324,501,-0.0874,0.7735,-0.0873,0.7741,34.531
1777127598.6400328,1324,503,-0.0872,0.7807,-0.0872,0.7807,34.601
1777127598.7170029,1324,505,-0.0870,0.7878,-0.0873,0.7872,34.678
1777127598.7869606,1324,506,-0.0869,0.7914,-0.0857,0.7917,34.748
1777127598.8600705,1323,507,-0.0832,0.7949,-0.0851,0.7947,34.821
1777127598.9319124,1324,508,-0.0867,0.7986,-0.0858,0.7995,34.893
1777127599.0058587,1324,510,-0.0865,0.8057,-0.0860,0.8048,34.967
1777127599.0752065,1323,511,-0.0829,0.8092,-0.0838,0.8092,35.036
1777127599.1475859,1323,512,-0.0828,0.8128,-0.0825,0.8137,35.109
1777127599.2185419,1323,514,-0.0826,0.8200,-0.0826,0.8187,35.180
1777127599.2882423,1323,515,-0.0825,0.8235,-0.0828,0.8248,35.249
1777127599.3627167,1323,517,-0.0823,0.8307,-0.0814,0.8297,35.324
1777127599.4375584,1322,518,-0.0787,0.8342,-0.0793,0.8342,35.399
1777127599.5108547,1322,519,-0.0786,0.8378,-0.0759,0.8403,35.472
1777127599.5888634,1323,521,-0.0820,0.8450,-0.0913,0.8391,35.550
1777127599.6634011,1323,522,-0.1203,0.8304,-0.1101,0.8363,35.625
1777127599.73626,1322,524,-0.1167,0.8376,-0.1200,0.8352,35.697
1777127599.8081148,1321,525,-0.1132,0.8412,-0.1138,0.8415,35.769
1777127599.8792028,1321,526,-0.1132,0.8448,-0.1129,0.8448,35.840
1777127599.9494362,1321,527,-0.1133,0.8485,-0.1133,0.8485,35.911
1777127600.023845,1321,528,-0.1133,0.8521,-0.1133,0.8518,35.985
1777127600.096597,1321,529,-0.1134,0.8557,-0.1137,0.8567,36.058
1777127600.1724072,1321,531,-0.1135,0.8630,-0.1125,0.8620,36.134
1777127600.2447476,1320,532,-0.1099,0.8666,-0.1108,0.8669,36.206
1777127600.3153648,1320,533,-0.1099,0.8702,-0.1096,0.8702,36.277
1777127600.3891656,1320,534,-0.1100,0.8738,-0.1100,0.8735,36.350
1777127600.466044,1320,535,-0.1100,0.8775,-0.1101,0.8784,36.427
1777127600.5385232,1320,537,-0.1101,0.8847,-0.1104,0.8838,36.500
1777127600.6166713,1320,538,-0.1102,0.8883,-0.1093,0.8886,36.578
1777127600.687593,1319,539,-0.1066,0.8919,-0.1078,0.8916,36.649
1777127600.7595727,1319,540,-0.1067,0.8956,-0.1054,0.8965,36.721
1777127600.829989,1318,542,-0.1031,0.9028,-0.1040,0.9019,36.791
1777127600.900167,1318,543,-0.1032,0.9064,-0.1029,0.9067,36.861
1777127600.9763968,1318,544,-0.1032,0.9101,-0.1032,0.9101,36.938
1777127601.0479867,1318,545,-0.1033,0.9137,-0.1033,0.9134,37.009
1777127601.1238644,1318,546,-0.1033,0.9173,-0.1036,0.9183,37.085
1777127601.2016356,1318,548,-0.1034,0.9246,-0.1025,0.9237,37.163
1777127601.2757564,1317,549,-0.0998,0.9282,-0.1011,0.9282,37.237
1777127601.3470323,1317,550,-0.0999,0.9318,-0.0986,0.9328,37.308
1777127601.4178963,1316,552,-0.0963,0.9391,-0.0973,0.9381,37.379
1777127601.489954,1316,553,-0.0964,0.9427,-0.0961,0.9430,37.451
1777127601.5642712,1316,554,-0.0964,0.9464,-0.0967,0.9464,37.525
1777127601.6420472,1316,555,-0.0965,0.9500,-0.0955,0.9497,37.603
1777127601.7139735,1315,556,-0.0929,0.9536,-0.0938,0.9542,37.675
1777127601.786725,1315,558,-0.0930,0.9609,-0.0930,0.9609,37.748
1777127601.8592355,1315,560,-0.0931,0.9682,-0.0924,0.9672,37.820
1777127601.931504,1314,561,-0.0895,0.9718,-0.0895,0.9730,37.893
1777127602.0027106,1313,563,-0.0859,0.9790,-0.0865,0.9781,37.964
1777127602.0750656,1313,564,-0.0860,0.9827,-0.0857,0.9827,38.036
1777127602.1502564,1313,565,-0.0860,0.9863,-0.0860,0.9873,38.111
1777127602.2223463,1313,567,-0.0861,0.9936,-0.0864,0.9927,38.184
1777127602.2993925,1313,568,-0.0862,0.9973,-0.0856,0.9976,38.261
1777127602.3731148,1312,569,-0.0826,1.0009,-0.0823,1.0005,38.334
1777127602.4445345,1311,570,-0.0790,1.0045,-0.0809,1.0054,38.406
1777127602.5210686,1312,572,-0.0827,1.0118,-0.0805,1.0105,38.482
1777127602.5926585,1311,573,-0.0791,1.0154,-0.0804,1.0167,38.554
1777127602.665955,1311,575,-0.0792,1.0227,-0.0792,1.0218,38.627
1777127602.737952,1311,576,-0.0793,1.0264,-0.0783,1.0267,38.699
1777127602.8146708,1310,577,-0.0757,1.0300,-0.0766,1.0300,38.776
1777127602.892605,1310,578,-0.0757,1.0337,-0.0754,1.0333,38.854
1777127602.9645731,1310,579,-0.0758,1.0373,-0.0758,1.0383,38.926
1777127603.0403585,1310,581,-0.0759,1.0446,-0.0762,1.0437,39.002
1777127603.1188533,1310,582,-0.0759,1.0483,-0.0753,1.0486,39.080
1777127603.1947746,1309,583,-0.0723,1.0519,-0.0720,1.0516,39.156
1777127603.2727764,1308,584,-0.0687,1.0555,-0.0703,1.0565,39.234
1777127603.3435447,1309,586,-0.0725,1.0629,-0.0715,1.0619,39.305
1777127603.4139686,1309,587,-0.0725,1.0665,-0.0719,1.0665,39.375
1777127603.48624,1308,588,-0.0689,1.0702,-0.0702,1.0711,39.447
1777127603.5573065,1308,590,-0.0690,1.0775,-0.0677,1.0762,39.518
1777127603.6286843,1307,591,-0.0654,1.0811,-0.0663,1.0824,39.590
1777127603.7025826,1307,593,-0.0655,1.0884,-0.0655,1.0875,39.664
1777127603.7742321,1307,594,-0.0655,1.0921,-0.0646,1.0924,39.735
1777127603.848998,1306,595,-0.0619,1.0957,-0.0629,1.0957,39.810
1777127603.9195468,1306,596,-0.0620,1.0994,-0.0616,1.0994,39.881
1777127603.9909766,1306,597,-0.0620,1.1031,-0.0623,1.1027,39.952
1777127604.0621302,1306,598,-0.0621,1.1067,-0.0611,1.1077,40.023
1777127604.1332393,1305,600,-0.0585,1.1140,-0.0597,1.1131,40.094
1777127604.203503,1305,601,-0.0585,1.1177,-0.0573,1.1180,40.165
1777127604.2749321,1304,602,-0.0549,1.1213,-0.0559,1.1213,40.236
1777127604.345229,1304,603,-0.0550,1.1250,-0.0550,1.1250,40.306
1777127604.420868,1304,604,-0.0550,1.1287,-0.0541,1.1283,40.382
1777127604.4914525,1303,605,-0.0514,1.1323,-0.0527,1.1332,40.453
1777127604.5632858,1303,607,-0.0515,1.1396,-0.0502,1.1384,40.524
1777127604.6339915,1302,608,-0.0479,1.1433,-0.0491,1.1445,40.595
1777127604.7087357,1302,610,-0.0480,1.1506,-0.0467,1.1496,40.670
1777127604.778619,1301,611,-0.0443,1.1542,-0.0453,1.1546,40.740
1777127604.8494756,1301,612,-0.0444,1.1579,-0.0441,1.1579,40.811
1777127604.9230158,1301,613,-0.0444,1.1616,-0.0444,1.1616,40.884
1777127604.9942951,1301,614,-0.0445,1.1653,-0.0445,1.1650,40.955
1777127605.0744777,1301,615,-0.0445,1.1689,-0.0445,1.1696,41.036
1777127605.1470692,1301,617,-0.0446,1.1763,-0.0449,1.1763,41.108
1777127605.2172456,1301,619,-0.0447,1.1837,-0.0438,1.1830,41.178
1777127605.2987237,1300,620,-0.0411,1.1873,-0.0421,1.1876,41.260
1777127605.3682344,1300,621,-0.0412,1.1910,-0.0451,1.1908,41.329
1777127605.4390233,1300,622,-0.0412,1.1947,-0.0291,1.1952,41.400
1777127605.5198355,1300,623,0.0082,1.2002,-0.0026,1.1997,41.481
1777127605.5919793,1298,624,0.0155,1.2037,0.0179,1.2035,41.553
1777127605.6631951,1298,625,0.0156,1.2072,0.0159,1.2078,41.624
1777127605.7342885,1298,627,0.0158,1.2143,0.0167,1.2140,41.695
1777127605.8084943,1297,629,0.0195,1.2214,0.0183,1.2217,41.770
1777127605.8800943,1297,631,0.0197,1.2285,0.0209,1.2278,41.841
1777127605.9506433,1296,632,0.0234,1.2320,0.0225,1.2323,41.912
1777127606.022864,1296,633,0.0235,1.2355,0.0238,1.2355,41.984
1777127606.100032,1296,634,0.0235,1.2391,0.0232,1.2391,42.061
1777127606.1705244,1296,635,0.0236,1.2426,0.0245,1.2423,42.132
1777127606.2466798,1295,636,0.0273,1.2461,0.0261,1.2470,42.208
1777127606.322629,1295,638,0.0275,1.2532,0.0287,1.2520,42.284
1777127606.3952496,1294,639,0.0311,1.2567,0.0299,1.2579,42.356
1777127606.4739358,1294,641,0.0313,1.2638,0.0325,1.2629,42.435
1777127606.5442507,1293,642,0.0350,1.2673,0.0341,1.2676,42.505
1777127606.6146672,1293,643,0.0351,1.2709,0.0354,1.2708,42.576
1777127606.6873825,1293,644,0.0351,1.2744,0.0348,1.2744,42.649
1777127606.7584512,1293,645,0.0352,1.2780,0.0358,1.2779,42.720
1777127606.8299236,1292,646,0.0389,1.2814,0.0386,1.2814,42.791
1777127606.900858,1291,647,0.0426,1.2849,0.0426,1.2846,42.862
1777127606.9715831,1290,648,0.0463,1.2884,0.0466,1.2893,42.933
1777127607.042819,1289,650,0.0500,1.2955,0.0494,1.2946,43.004
1777127607.1203065,1289,651,0.0501,1.2990,0.0501,1.2990,43.081
1777127607.190576,1289,652,0.0502,1.3026,0.0508,1.3038,43.152
1777127607.2629688,1288,654,0.0539,1.3096,0.0539,1.3075,43.224
1777127607.3344555,1287,654,0.0575,1.3095,0.0566,1.3114,43.296
1777127607.4185658,1287,656,0.0577,1.3166,0.0589,1.3163,43.380
1777127607.4991827,1286,658,0.0614,1.3237,0.0602,1.3231,43.460
1777127607.571119,1286,659,0.0615,1.3272,0.0627,1.3272,43.532
1777127607.6458018,1285,660,0.0652,1.3307,0.0640,1.3319,43.607
1777127607.7187781,1285,662,0.0653,1.3378,0.0665,1.3356,43.680
1777127607.7943296,1284,662,0.0689,1.3377,0.0678,1.3399,43.756
1777127607.8665237,1284,664,0.0691,1.3448,0.0703,1.3436,43.828
1777127607.9368136,1283,665,0.0728,1.3483,0.0715,1.3486,43.898
1777127608.0080366,1283,666,0.0729,1.3519,0.0741,1.3518,43.969
1777127608.0834882,1282,667,0.0765,1.3553,0.0753,1.3554,44.045
1777127608.1550255,1282,668,0.0766,1.3589,0.0775,1.3589,44.116
1777127608.2279093,1281,669,0.0803,1.3624,0.0803,1.3624,44.189
1777127608.2989964,1280,670,0.0840,1.3659,0.0833,1.3656,44.260
1777127608.375021,1280,671,0.0840,1.3694,0.0841,1.3703,44.336
1777127608.4497535,1280,673,0.0842,1.3765,0.0848,1.3756,44.411
1777127608.5202522,1279,674,0.0879,1.3800,0.0876,1.3803,44.481
1777127608.5949929,1278,675,0.0915,1.3834,0.0915,1.3834,44.556
1777127608.673826,1277,676,0.0952,1.3869,0.0955,1.3869,44.635
1777127608.750368,1276,677,0.0989,1.3904,0.0980,1.3904,44.712
1777127608.8202915,1276,678,0.0990,1.3940,0.0999,1.3942,44.781
1777127608.8928292,1275,679,0.1026,1.3974,0.1023,1.3962,44.854
1777127608.9718068,1274,679,0.1062,1.3974,0.1066,1.3992,44.933
1777127609.0509763,1273,681,0.1100,1.4044,0.1090,1.4032,45.012
1777127609.122705,1273,682,0.1100,1.4079,0.1110,1.4082,45.084
1777127609.191624,1272,683,0.1137,1.4114,0.1134,1.4114,45.153
1777127609.2635112,1271,684,0.1174,1.4149,0.1177,1.4149,45.225
1777127609.3348267,1270,685,0.1210,1.4184,0.1201,1.4184,45.296
1777127609.408408,1270,686,0.1211,1.4219,0.1224,1.4219,45.370
1777127609.479542,1269,687,0.1248,1.4254,0.1236,1.4254,45.441
1777127609.556171,1269,688,0.1249,1.4289,0.1258,1.4286,45.517
1777127609.6279106,1268,689,0.1285,1.4324,0.1283,1.4336,45.589
1777127609.7021742,1267,691,0.1323,1.4394,0.1322,1.4376,45.663
1777127609.7762952,1266,691,0.1359,1.4394,0.1362,1.4403,45.737
1777127609.8531141,1265,692,0.1395,1.4429,0.1386,1.4438,45.814
1777127609.9370186,1265,694,0.1397,1.4499,0.1409,1.4481,45.898
1777127610.0134785,1264,694,0.1433,1.4499,0.1421,1.4511,45.975
1777127610.1069744,1264,695,0.1434,1.4534,0.1443,1.4531,46.068
1777127610.1832814,1263,696,0.1470,1.4569,0.1467,1.4569,46.144
1777127610.255698,1262,697,0.1507,1.4604,0.1507,1.4604,46.217
1777127610.3285959,1261,698,0.1544,1.4638,0.1544,1.4638,46.290
1777127610.4011009,1260,699,0.1580,1.4673,0.1580,1.4673,46.362
1777127610.4722786,1259,700,0.1617,1.4708,0.1617,1.4708,46.433
1777127610.5432289,1258,701,0.1653,1.4743,0.1653,1.4743,46.504
1777127610.6155279,1257,702,0.1690,1.4777,0.1690,1.4777,46.577
1777127610.6949148,1256,703,0.1727,1.4812,0.1727,1.4815,46.656
1777127610.7651992,1255,704,0.1763,1.4847,0.1763,1.4838,46.726
1777127610.8388696,1254,704,0.1799,1.4846,0.1799,1.4855,46.800
1777127610.9114945,1253,705,0.1836,1.4881,0.1836,1.4878,46.873
1777127610.9829755,1252,706,0.1872,1.4916,0.1872,1.4916,46.944
1777127611.0593188,1251,707,0.1909,1.4950,0.1909,1.4950,47.020
1777127611.1313481,1250,708,0.1946,1.4985,0.1949,1.4985,47.093
1777127611.2044742,1249,709,0.1982,1.5020,0.1973,1.5020,47.166
1777127611.2780054,1249,710,0.1983,1.5055,0.1991,1.5048,47.239
1777127611.349069,1248,711,0.2020,1.5090,0.2021,1.5115,47.310
1777127611.4143913,1246,713,0.2074,1.5210,0.2072,1.5179,47.376
1777127611.4802136,1245,713,0.2109,1.5209,0.2102,1.5226,47.441
1777127611.545673,1245,714,0.2110,1.5244,0.2119,1.5241,47.507
1777127611.6141953,1244,715,0.2146,1.5279,0.2143,1.5282,47.575
1777127611.6808543,1243,716,0.2183,1.5314,0.2182,1.5305,47.642
1777127611.747802,1242,716,0.2218,1.5314,0.2218,1.5323,47.709
1777127611.8202753,1241,717,0.2254,1.5348,0.2254,1.5345,47.781
1777127611.88918,1240,718,0.2290,1.5383,0.2290,1.5386,47.850
1777127611.9612796,1239,719,0.2327,1.5418,0.2326,1.5406,47.922
1777127612.0310352,1238,719,0.2362,1.5418,0.2363,1.5439,47.992
1777127612.1054626,1237,721,0.2399,1.5488,0.2399,1.5466,48.067
1777127612.1747713,1236,721,0.2434,1.5487,0.2432,1.5502,48.136
1777127612.2494302,1235,722,0.2471,1.5522,0.2483,1.5510,48.211
1777127612.3181605,1233,722,0.2542,1.5521,0.2524,1.5531,48.279
1777127612.393248,1233,723,0.2542,1.5556,0.2551,1.5553,48.354
1777127612.4613526,1232,724,0.2578,1.5591,0.2585,1.5591,48.423
1777127612.5278795,1230,725,0.2650,1.5626,0.2641,1.5629,48.489
1777127612.5998352,1229,726,0.2686,1.5660,0.2689,1.5651,48.561
1777127612.6686146,1228,726,0.2722,1.5660,0.2725,1.5669,48.630
1777127612.738347,1227,727,0.2758,1.5695,0.2749,1.5692,48.700
1777127612.805128,1227,728,0.2759,1.5730,0.2768,1.5730,48.766
1777127612.8735192,1226,729,0.2795,1.5765,0.2789,1.5768,48.835
1777127612.946552,1225,730,0.2831,1.5800,0.2838,1.5789,48.908
1777127613.0160773,1223,730,0.2894,1.5792,0.2886,1.5803,48.977
1777127613.0880632,1222,731,0.2930,1.5827,0.2934,1.5828,49.049
1777127613.1624835,1221,732,0.2974,1.5868,0.2972,1.5861,49.124
1777127613.2317874,1220,732,0.3010,1.5868,0.3010,1.5869,49.193
1777127613.3062608,1219,732,0.3045,1.5868,0.3045,1.5874,49.267
1777127613.378117,1218,733,0.3081,1.5902,0.3081,1.5902,49.339
1777127613.4468043,1217,734,0.3117,1.5937,0.3117,1.5928,49.408
1777127613.5159097,1216,734,0.3153,1.5937,0.3150,1.5949,49.477
1777127613.584765,1215,735,0.3189,1.5972,0.3198,1.5960,49.546
1777127613.6630402,1213,735,0.3260,1.5971,0.3251,1.5983,49.624
1777127613.7372928,1212,736,0.3296,1.6006,0.3296,1.5997,49.698
1777127613.8052528,1211,736,0.3331,1.6005,0.3341,1.6005,49.766
1777127613.874219,1209,736,0.3402,1.6005,0.3393,1.6011,49.835
1777127613.943299,1208,737,0.3439,1.6039,0.3442,1.6039,49.904
1777127614.015393,1207,738,0.3475,1.6074,0.3471,1.6065,49.977
1777127614.0855324,1206,738,0.3510,1.6074,0.3519,1.6086,50.047
1777127614.1530497,1204,739,0.3582,1.6108,0.3572,1.6099,50.114
1777127614.2212784,1203,739,0.3617,1.6108,0.3617,1.6111,50.182
1777127614.2916715,1202,739,0.3653,1.6108,0.3662,1.6102,50.253
1777127614.3643622,1200,739,0.3723,1.6107,0.3715,1.6125,50.326
1777127614.4340024,1199,741,0.3760,1.6177,0.3763,1.6156,50.395
1777127614.5061874,1198,741,0.3796,1.6176,0.3796,1.6192,50.467
1777127614.5741324,1197,742,0.3832,1.6211,0.3832,1.6199,50.535
1777127614.6415884,1196,742,0.3867,1.6211,0.3868,1.6223,50.603
1777127614.7141197,1195,743,0.3903,1.6246,0.3903,1.6234,50.675
1777127614.78065,1194,743,0.3939,1.6245,0.3936,1.6257,50.742
1777127614.8481348,1193,744,0.3975,1.6280,0.3984,1.6268,50.809
1777127614.9159462,1191,744,0.4046,1.6279,0.4037,1.6288,50.877
1777127614.984277,1190,745,0.4082,1.6314,0.4082,1.6314,50.945
1777127615.0530317,1189,746,0.4118,1.6349,0.4127,1.6343,51.014
1777127615.127732,1187,746,0.4189,1.6348,0.4177,1.6351,51.089
1777127615.1957738,1186,746,0.4224,1.6348,0.4240,1.6345,51.157
1777127615.2640388,1184,746,0.4295,1.6347,0.4274,1.6356,51.225
1777127615.3352435,1184,747,0.4296,1.6382,0.4317,1.6370,51.296
1777127615.409817,1182,747,0.4367,1.6382,0.4352,1.6394,51.371
1777127615.4793704,1181,748,0.4403,1.6416,0.4415,1.6407,51.441
1777127615.5499663,1179,748,0.4474,1.6416,0.4465,1.6416,51.511
1777127615.6251354,1178,748,0.4509,1.6415,0.4513,1.6424,51.586
1777127615.6918178,1177,749,0.4545,1.6450,0.4545,1.6441,51.653
1777127615.7600443,1176,749,0.4581,1.6450,0.4581,1.6450,51.721
1777127615.834003,1175,749,0.4616,1.6449,0.4613,1.6458,51.795
1777127615.9032986,1174,750,0.4652,1.6484,0.4661,1.6472,51.864
1777127615.9793148,1172,750,0.4723,1.6483,0.4714,1.6496,51.940
1777127616.0496492,1171,751,0.4759,1.6518,0.4762,1.6506,52.011
1777127616.1227274,1170,751,0.4795,1.6518,0.4792,1.6530,52.084
1777127616.1930332,1169,752,0.4831,1.6553,0.4840,1.6543,52.154
1777127616.2656827,1167,752,0.4902,1.6552,0.4893,1.6555,52.227
1777127616.3370776,1166,752,0.4937,1.6552,0.4940,1.6549,52.298
1777127616.4096823,1165,752,0.4973,1.6551,0.4970,1.6560,52.371
1777127616.4778037,1164,753,0.5009,1.6586,0.5018,1.6577,52.439
1777127616.5464275,1162,753,0.5080,1.6585,0.5071,1.6588,52.508
1777127616.6193032,1161,753,0.5115,1.6585,0.5115,1.6582,52.580
1777127616.693692,1160,753,0.5151,1.6585,0.5160,1.6597,52.655
1777127616.761848,1158,754,0.5222,1.6619,0.5213,1.6598,52.723
1777127616.8304093,1157,753,0.5257,1.6584,0.5260,1.6605,52.792
1777127616.8990142,1156,754,0.5293,1.6618,0.5316,1.6587,52.860
1777127616.9664888,1155,754,0.5328,1.6618,0.5258,1.6677,52.928
1777127617.0406513,1154,755,0.5091,1.6847,0.5158,1.6801,53.002
1777127617.1102026,1153,756,0.5127,1.6884,0.5113,1.6884,53.071
1777127617.1813226,1151,755,0.5200,1.6847,0.5191,1.6856,53.142
1777127617.2559521,1150,755,0.5237,1.6847,0.5240,1.6853,53.217
1777127617.3331075,1149,756,0.5273,1.6883,0.5273,1.6877,53.294
1777127617.4096625,1148,756,0.5310,1.6883,0.5306,1.6873,53.371
1777127617.488789,1147,755,0.5346,1.6846,0.5355,1.6865,53.450
1777127617.5603812,1145,756,0.5419,1.6882,0.5406,1.6870,53.522
1777127617.6374264,1144,756,0.5455,1.6882,0.5468,1.6888,53.599
1777127617.710817,1142,756,0.5528,1.6882,0.5519,1.6869,53.672
1777127617.7830381,1141,755,0.5564,1.6845,0.5564,1.6864,53.744
1777127617.8547113,1140,756,0.5601,1.6881,0.5610,1.6869,53.816
1777127617.9293506,1138,756,0.5674,1.6881,0.5661,1.6887,53.891
1777127618.001773,1137,756,0.5710,1.6881,0.5723,1.6868,53.963
1777127618.0809968,1135,755,0.5783,1.6844,0.5774,1.6863,54.042
1777127618.1539245,1134,756,0.5819,1.6880,0.5819,1.6865,54.115
1777127618.2334654,1133,756,0.5856,1.6880,0.5865,1.6892,54.195
1777127618.3156872,1131,757,0.5929,1.6916,0.5919,1.6910,54.277
1777127618.3886158,1130,757,0.5965,1.6916,0.5965,1.6910,54.350
1777127618.4613256,1129,756,0.6002,1.6879,0.6011,1.6889,54.423
1777127618.5338728,1127,756,0.6074,1.6879,0.6062,1.6873,54.495
1777127618.6079211,1126,756,0.6111,1.6879,0.6123,1.6888,54.569
1777127618.6823335,1124,757,0.6184,1.6915,0.6174,1.6906,54.644
1777127618.7530267,1123,757,0.6220,1.6915,0.6220,1.6918,54.714
1777127618.8255515,1122,757,0.6257,1.6914,0.6266,1.6914,54.787
1777127618.8971672,1120,757,0.6330,1.6914,0.6320,1.6914,54.858
1777127618.9701617,1119,757,0.6366,1.6914,0.6369,1.6914,54.931
1777127619.0424788,1118,757,0.6402,1.6914,0.6402,1.6911,55.004
1777127619.1147308,1117,757,0.6439,1.6914,0.6439,1.6923,55.076
1777127619.1863723,1116,758,0.6475,1.6950,0.6472,1.6940,55.148
1777127619.2587862,1115,758,0.6512,1.6950,0.6518,1.6953,55.220
1777127619.3316429,1113,758,0.6585,1.6949,0.6585,1.6949,55.293
1777127619.4039805,1111,758,0.6658,1.6949,0.6651,1.6949,55.365
1777127619.477356,1110,758,0.6694,1.6949,0.6697,1.6949,55.439
1777127619.5500705,1109,758,0.6730,1.6949,0.6727,1.6949,55.511
1777127619.6211147,1108,758,0.6767,1.6948,0.6776,1.6948,55.582
1777127619.692267,1106,758,0.6840,1.6948,0.6827,1.6945,55.653
1777127619.7617245,1105,758,0.6876,1.6948,0.6889,1.6960,55.723
1777127619.8330371,1103,759,0.6949,1.6984,0.6940,1.6965,55.794
1777127619.9075758,1102,758,0.6985,1.6947,0.6989,1.6957,55.869
1777127619.9800467,1101,758,0.7022,1.6947,0.7019,1.6953,55.941
1777127620.052895,1100,759,0.7058,1.6983,0.7068,1.6974,56.014
1777127620.1248233,1098,759,0.7131,1.6983,0.7122,1.6986,56.086
1777127620.2020717,1097,759,0.7168,1.6983,0.7168,1.6983,56.163
1777127620.2731423,1096,759,0.7204,1.6983,0.7214,1.6983,56.234
1777127620.3438792,1094,759,0.7277,1.6982,0.7265,1.6982,56.305
1777127620.414356,1093,759,0.7314,1.6982,0.7326,1.6982,56.376
1777127620.4858928,1091,759,0.7386,1.6982,0.7377,1.6982,56.447
1777127620.5670831,1090,759,0.7423,1.6982,0.7426,1.6982,56.528
1777127620.6424558,1089,759,0.7459,1.6981,0.7459,1.6981,56.604
1777127620.7136683,1088,759,0.7496,1.6981,0.7493,1.6981,56.675
1777127620.7854323,1087,759,0.7532,1.6981,0.7542,1.6978,56.747
1777127620.855409,1085,759,0.7605,1.6981,0.7593,1.6990,56.817
1777127620.9268897,1084,760,0.7642,1.7017,0.7654,1.7011,56.888
1777127621.0046167,1082,760,0.7715,1.7017,0.7705,1.7007,56.966
1777127621.0769732,1081,759,0.7751,1.6980,0.7754,1.6999,57.038
1777127621.1568453,1080,760,0.7787,1.7016,0.7784,1.7004,57.118
1777127621.2282698,1079,760,0.7824,1.7016,0.7833,1.7019,57.189
1777127621.303248,1077,760,0.7897,1.7016,0.7884,1.7016,57.264
1777127621.3805354,1076,760,0.7933,1.7016,0.7946,1.7016,57.342
1777127621.452278,1074,760,0.8006,1.7015,0.7997,1.7015,57.413
1777127621.5299728,1073,760,0.8043,1.7015,0.8046,1.7015,57.491
1777127621.6063068,1072,760,0.8079,1.7015,0.8076,1.7015,57.567
1777127621.678116,1071,760,0.8115,1.7015,0.8125,1.7015,57.639
1777127621.7490232,1069,760,0.8188,1.7014,0.8176,1.7014,57.710
1777127621.820801,1068,760,0.8225,1.7014,0.8237,1.7014,57.782
1777127621.898959,1066,760,0.8298,1.7014,0.8285,1.7014,57.860
1777127621.9761674,1065,760,0.8334,1.7014,0.8347,1.7014,57.937
1777127622.048844,1063,760,0.8407,1.7013,0.8398,1.7013,58.010
1777127622.1204393,1062,760,0.8443,1.7013,0.8447,1.7013,58.082
1777127622.2008007,1061,760,0.8480,1.7013,0.8477,1.7013,58.162
1777127622.271748,1060,760,0.8516,1.7013,0.8526,1.7010,58.233
1777127622.343626,1058,760,0.8589,1.7012,0.8577,1.7022,58.305
1777127622.4138005,1057,761,0.8626,1.7049,0.8638,1.7039,58.375
1777127622.4862382,1055,761,0.8699,1.7048,0.8686,1.7051,58.447
1777127622.5623844,1054,761,0.8735,1.7048,0.8748,1.7048,58.524
1777127622.6332428,1052,761,0.8808,1.7048,0.8799,1.7048,58.594
1777127622.7127037,1051,761,0.8845,1.7048,0.8848,1.7048,58.674
1777127622.7832096,1050,761,0.8881,1.7047,0.8866,1.7066,58.744
1777127622.8564134,1049,761,0.8917,1.7047,0.8961,1.6991,58.818
1777127622.9274697,1048,761,0.9134,1.6830,0.9095,1.6885,58.889
1777127623.00485,1046,761,0.9205,1.6829,0.9211,1.6812,58.966
1777127623.0806217,1045,761,0.9252,1.6835,0.9261,1.6833,59.042
1777127623.1540093,1043,761,0.9323,1.6834,0.9312,1.6835,59.115
1777127623.2255447,1042,761,0.9358,1.6834,0.9371,1.6834,59.187
1777127623.2978709,1040,761,0.9429,1.6833,0.9420,1.6833,59.259
1777127623.3699386,1039,761,0.9465,1.6833,0.9465,1.6833,59.331
1777127623.448164,1038,761,0.9500,1.6832,0.9510,1.6829,59.409
1777127623.5169024,1036,761,0.9571,1.6832,0.9559,1.6841,59.478
1777127623.5893679,1035,762,0.9607,1.6866,0.9616,1.6857,59.551
1777127623.6614988,1033,762,0.9679,1.6866,0.9679,1.6866,59.623
1777127623.7391074,1031,762,0.9750,1.6865,0.9744,1.6877,59.700
1777127623.8104079,1030,763,0.9786,1.6900,0.9788,1.6879,59.772
1777127623.8818944,1029,762,0.9821,1.6864,0.9821,1.6885,59.843
1777127623.9533284,1028,763,0.9857,1.6899,0.9853,1.6887,59.915
1777127624.0281267,1027,763,0.9892,1.6898,0.9901,1.6901,59.989
1777127624.1112838,1025,763,0.9963,1.6898,0.9954,1.6898,60.072
1777127624.187476,1024,763,0.9999,1.6897,0.9999,1.6900,60.149
1777127624.2647932,1023,763,1.0034,1.6897,1.0043,1.6885,60.226
1777127624.3359008,1021,762,1.0105,1.6861,1.0093,1.6882,60.297
1777127624.4072452,1020,763,1.0141,1.6896,1.0153,1.6875,60.368
1777127624.4902835,1018,762,1.0211,1.6860,1.0202,1.6869,60.451
1777127624.5618832,1017,762,1.0247,1.6860,1.0250,1.6866,60.523
1777127624.6341388,1016,763,1.0283,1.6894,1.0280,1.6885,60.595
1777127624.7063785,1015,763,1.0318,1.6894,1.0328,1.6897,60.668
1777127624.7836068,1013,763,1.0389,1.6893,1.0379,1.6900,60.745
1777127624.8586893,1012,763,1.0425,1.6893,1.0433,1.6873,60.820
1777127624.927769,1010,763,1.0480,1.6814,1.0474,1.6834,60.889
1777127624.9967256,1009,763,1.0514,1.6813,1.0516,1.6806,60.958
1777127625.0770442,1008,763,1.0549,1.6812,1.0549,1.6812,61.038
1777127625.143686,1007,763,1.0584,1.6812,1.0581,1.6812,61.105
1777127625.218757,1006,763,1.0618,1.6811,1.0627,1.6811,61.180
1777127625.288386,1004,763,1.0687,1.6810,1.0676,1.6810,61.250
1777127625.358008,1003,763,1.0722,1.6809,1.0734,1.6809,61.319
1777127625.4268525,1001,763,1.0791,1.6808,1.0782,1.6808,61.388
1777127625.5008574,1000,763,1.0826,1.6807,1.0826,1.6807,61.462
1777127625.567249,999,763,1.0861,1.6806,1.0870,1.6803,61.528
1777127625.6355906,997,763,1.0930,1.6805,1.0921,1.6817,61.597
1777127625.7097013,996,764,1.0965,1.6838,1.0968,1.6821,61.671
1777127625.7802067,995,763,1.0999,1.6803,1.0996,1.6812,61.741
1777127625.8482952,994,763,1.1034,1.6803,1.1040,1.6811,61.809
1777127625.9151022,992,764,1.1103,1.6835,1.1103,1.6815,61.876
1777127625.9837182,990,763,1.1172,1.6800,1.1166,1.6821,61.945
1777127626.051872,989,764,1.1207,1.6833,1.1210,1.6822,62.013
1777127626.126586,988,764,1.1241,1.6833,1.1241,1.6838,62.088
1777127626.1958694,987,764,1.1276,1.6832,1.1276,1.6820,62.157
1777127626.2639153,986,763,1.1310,1.6797,1.1307,1.6815,62.225
1777127626.3377173,985,764,1.1345,1.6831,1.1354,1.6819,62.299
1777127626.4050605,983,764,1.1414,1.6829,1.1402,1.6832,62.366
1777127626.472779,982,764,1.1449,1.6829,1.1460,1.6828,62.434
1777127626.5416608,980,764,1.1518,1.6827,1.1509,1.6830,62.503
1777127626.6101592,979,764,1.1552,1.6827,1.1555,1.6818,62.571
1777127626.6783404,978,763,1.1586,1.6792,1.1586,1.6798,62.640
1777127626.7453163,977,763,1.1621,1.6791,1.1618,1.6797,62.706
1777127626.814384,976,764,1.1656,1.6825,1.1664,1.6816,62.776
1777127626.8835173,974,764,1.1725,1.6823,1.1713,1.6829,62.845
1777127626.9523413,973,764,1.1759,1.6823,1.1771,1.6811,62.914
1777127627.0244257,971,763,1.1828,1.6787,1.1819,1.6805,62.986
1777127627.1064086,970,764,1.1863,1.6820,1.1865,1.6812,63.068
1777127627.17536,969,764,1.1897,1.6820,1.1897,1.6814,63.137
1777127627.2432094,968,763,1.1931,1.6785,1.1928,1.6794,63.204
1777127627.3149693,967,763,1.1966,1.6785,1.1975,1.6781,63.276
1777127627.3862805,965,763,1.2035,1.6783,1.2026,1.6780,63.347
1777127627.454323,964,763,1.2069,1.6783,1.2069,1.6791,63.415
1777127627.5264084,963,764,1.2104,1.6816,1.2113,1.6807,63.488
1777127627.6012974,961,764,1.2173,1.6814,1.2164,1.6817,63.562
1777127627.6683679,960,764,1.2207,1.6814,1.2210,1.6817,63.630
1777127627.736587,959,764,1.2241,1.6813,1.2241,1.6804,63.698
1777127627.8080657,958,763,1.2276,1.6778,1.2273,1.6787,63.769
1777127627.8754008,957,763,1.2310,1.6778,1.2319,1.6775,63.837
1777127627.9500148,955,763,1.2379,1.6776,1.2367,1.6777,63.911
1777127628.0173244,954,763,1.2413,1.6776,1.2425,1.6776,63.978
1777127628.0895007,952,763,1.2482,1.6774,1.2473,1.6775,64.051
1777127628.1608388,951,763,1.2516,1.6774,1.2519,1.6774,64.122
1777127628.2342205,950,763,1.2551,1.6773,1.2551,1.6773,64.195
1777127628.3046007,949,763,1.2585,1.6772,1.2585,1.6772,64.266
1777127628.3722641,948,763,1.2620,1.6772,1.2617,1.6769,64.333
1777127628.446132,947,763,1.2654,1.6771,1.2660,1.6783,64.407
1777127628.5233684,945,764,1.2723,1.6804,1.2720,1.6794,64.485
1777127628.6141758,943,763,1.2791,1.6768,1.2793,1.6756,64.575
1777127628.6917164,942,763,1.2854,1.6673,1.2850,1.6694,64.653
1777127628.7655976,941,763,1.2889,1.6672,1.2891,1.6664,64.727
1777127628.834924,940,763,1.2923,1.6671,1.2923,1.6671,64.796
1777127628.9055817,939,763,1.2958,1.6670,1.2955,1.6670,64.867
1777127628.975296,938,763,1.2993,1.6670,1.3002,1.6669,64.936
1777127629.0460145,936,763,1.3062,1.6668,1.3053,1.6668,65.007
1777127629.1317923,935,763,1.3097,1.6667,1.3100,1.6667,65.093
1777127629.205827,934,763,1.3132,1.6666,1.3132,1.6666,65.167
1777127629.2824078,933,763,1.3166,1.6666,1.3166,1.6666,65.244
1777127629.3573258,932,763,1.3201,1.6665,1.3198,1.6665,65.319
1777127629.4327867,931,763,1.3236,1.6664,1.3245,1.6664,65.394
1777127629.5098157,929,763,1.3305,1.6662,1.3296,1.6663,65.471
1777127629.5975761,928,763,1.3340,1.6662,1.3340,1.6662,65.559
1777127629.6867552,927,763,1.3374,1.6661,1.3383,1.6661,65.648
1777127629.7798786,925,763,1.3444,1.6659,1.3435,1.6662,65.741
1777127629.8683178,924,763,1.3478,1.6659,1.3481,1.6650,65.829
1777127629.9584475,923,762,1.3513,1.6623,1.3513,1.6629,65.920
1777127630.0499597,922,762,1.3547,1.6623,1.3547,1.6628,66.011
1777127630.1396646,921,763,1.3582,1.6656,1.3579,1.6647,66.101
1777127630.221226,920,763,1.3617,1.6655,1.3626,1.6658,66.182
1777127630.3017797,918,763,1.3686,1.6654,1.3677,1.6654,66.263
1777127630.3782318,917,763,1.3721,1.6653,1.3722,1.6617,66.339
1777127630.4532359,916,763,1.3756,1.6652,1.3762,1.6761,66.414
1777127630.5296948,914,763,1.3815,1.7076,1.3809,1.6967,66.491
1777127630.6139696,913,763,1.3851,1.7075,1.3853,1.7112,66.575
1777127630.6863303,912,763,1.3887,1.7075,1.3884,1.7078,66.648
1777127630.7636175,911,763,1.3923,1.7074,1.3933,1.7065,66.725
1777127630.834778,909,762,1.3995,1.7037,1.3983,1.7044,66.796
1777127630.9058454,908,762,1.4031,1.7037,1.4043,1.7043,66.867
1777127630.9773924,906,763,1.4103,1.7072,1.4094,1.7066,66.939
1777127631.050636,905,763,1.4139,1.7072,1.4142,1.7069,67.012
1777127631.1237855,904,762,1.4175,1.7035,1.4175,1.7032,67.085
1777127631.195512,903,761,1.4211,1.6999,1.4208,1.7011,67.157
1777127631.2670617,902,762,1.4247,1.7034,1.4256,1.7034,67.228
1777127631.3400173,900,763,1.4319,1.7070,1.4310,1.7054,67.301
1777127631.4134066,899,762,1.4355,1.7033,1.4355,1.7042,67.375
1777127631.487399,898,762,1.4391,1.7033,1.4400,1.7042,67.449
1777127631.5600395,896,763,1.4463,1.7068,1.4454,1.7050,67.521
1777127631.6373935,895,762,1.4499,1.7032,1.4502,1.7044,67.599
1777127631.7090473,894,762,1.4535,1.7031,1.4531,1.7028,67.670
1777127631.7838209,893,762,1.4571,1.7031,1.4580,1.7031,67.745
1777127631.8633826,891,762,1.4642,1.7030,1.4630,1.7030,67.825
1777127631.9401312,890,762,1.4678,1.7029,1.4691,1.7029,67.901
1777127632.014103,888,762,1.4750,1.7029,1.4741,1.7029,67.975
1777127632.0870805,887,762,1.4786,1.7028,1.4789,1.7028,68.048
1777127632.1639464,886,762,1.4822,1.7028,1.4819,1.7028,68.125
1777127632.2357786,885,762,1.4858,1.7027,1.4867,1.7024,68.197
1777127632.306671,883,762,1.4930,1.7027,1.4921,1.7039,68.268
1777127632.3863573,882,763,1.4966,1.7062,1.4969,1.7044,68.348
1777127632.4587126,881,762,1.5002,1.7026,1.5002,1.7035,68.420
1777127632.5288684,880,762,1.5038,1.7025,1.5035,1.7035,68.490
1777127632.597766,879,763,1.5074,1.7061,1.5083,1.7042,68.559
1777127632.6732502,877,762,1.5145,1.7024,1.5136,1.7036,68.634
1777127632.7458153,876,762,1.5181,1.7024,1.5181,1.7017,68.707
1777127632.8217165,875,762,1.5217,1.7023,1.5226,1.7032,68.783
1777127632.8989737,873,763,1.5289,1.7058,1.5280,1.7052,68.860
1777127632.972504,872,763,1.5325,1.7058,1.5325,1.7052,68.934
1777127633.0433586,871,762,1.5361,1.7022,1.5373,1.7031,69.005
1777127633.1157277,869,762,1.5432,1.7021,1.5411,1.7018,69.077
1777127633.1871858,869,762,1.5432,1.7021,1.5454,1.7017,69.148
1777127633.2591827,867,762,1.5504,1.7020,1.5492,1.7032,69.220
1777127633.33637,866,763,1.5540,1.7055,1.5543,1.7034,69.298
1777127633.4081113,865,762,1.5576,1.7019,1.5573,1.7044,69.369
1777127633.4793472,864,763,1.5612,1.7055,1.5621,1.7033,69.441
1777127633.5504746,862,762,1.5683,1.7018,1.5674,1.7030,69.512
1777127633.6216893,861,762,1.5719,1.7017,1.5722,1.7014,69.583
1777127633.7036781,860,762,1.5755,1.7017,1.5755,1.7014,69.665
1777127633.7749488,859,762,1.5791,1.7017,1.5791,1.7029,69.736
1777127633.8490894,858,763,1.5827,1.7052,1.5824,1.7034,69.810
1777127633.9296546,857,762,1.5863,1.7016,1.5872,1.7028,69.891
1777127634.0128229,855,762,1.5934,1.7015,1.5925,1.7012,69.974
1777127634.0849776,854,762,1.5970,1.7014,1.5970,1.7014,70.046
1777127634.1646993,853,762,1.6006,1.7014,1.6015,1.7014,70.126
1777127634.2441022,851,762,1.6078,1.7013,1.6068,1.7013,70.205
1777127634.3157313,850,762,1.6114,1.7013,1.6117,1.7013,70.277
1777127634.3863916,849,762,1.6149,1.7012,1.6146,1.7012,70.348
1777127634.4570053,848,762,1.6185,1.7012,1.6194,1.7012,70.418
1777127634.5310764,846,762,1.6257,1.7011,1.6248,1.7011,70.492
1777127634.6023731,845,762,1.6293,1.7011,1.6288,1.7018,70.564
1777127634.6740994,844,762,1.6328,1.7010,1.6348,1.6988,70.635
1777127634.7501173,843,762,1.6453,1.6925,1.6440,1.6943,70.711
1777127634.828932,841,762,1.6527,1.6923,1.6526,1.6929,70.790
1777127634.8995554,840,763,1.6565,1.6960,1.6568,1.6941,70.861
1777127634.970746,839,762,1.6601,1.6922,1.6608,1.6926,70.932
1777127635.0438724,838,762,1.6638,1.6921,1.6619,1.6943,71.005
1777127635.1176732,836,762,1.6600,1.7030,1.6619,1.7011,71.079
1777127635.1900525,835,763,1.6636,1.7065,1.6629,1.7066,71.151
1777127635.2633708,834,763,1.6671,1.7065,1.6671,1.7068,71.225
1777127635.3357003,833,763,1.6706,1.7064,1.6703,1.7067,71.297
1777127635.4094212,832,763,1.6741,1.7063,1.6750,1.7051,71.371
1777127635.4866214,830,762,1.6812,1.7026,1.6803,1.7045,71.448
1777127635.558752,829,763,1.6847,1.7061,1.6847,1.7052,71.520
1777127635.631228,828,763,1.6883,1.7061,1.6892,1.7051,71.592
1777127635.7069502,826,762,1.6953,1.7024,1.6941,1.7043,71.668
1777127635.781964,825,763,1.6988,1.7059,1.6983,1.7096,71.743
1777127635.8559794,824,763,1.7059,1.7049,1.7098,1.6898,71.817
1777127635.9280987,823,763,1.7293,1.6440,1.7255,1.6596,71.889
1777127636.0051181,821,763,1.7365,1.6438,1.7373,1.6383,71.966
1777127636.0733032,820,763,1.7401,1.6437,1.7401,1.6449,72.034
1777127636.1455207,819,764,1.7438,1.6472,1.7446,1.6453,72.107
1777127636.2145224,817,763,1.7508,1.6434,1.7499,1.6447,72.176
1777127636.2887588,816,763,1.7544,1.6433,1.7547,1.6427,72.250
1777127636.3636353,815,763,1.7580,1.6432,1.7577,1.6445,72.325
1777127636.439672,814,764,1.7617,1.6467,1.7625,1.6448,72.401
1777127636.5109289,812,763,1.7687,1.6429,1.7679,1.6442,72.472
1777127636.5800223,811,763,1.7723,1.6428,1.7726,1.6425,72.541
1777127636.6481657,810,763,1.7759,1.6427,1.7759,1.6427,72.609
1777127636.719503,809,763,1.7795,1.6426,1.7792,1.6426,72.681
1777127636.7888517,808,763,1.7831,1.6425,1.7840,1.6422,72.750
1777127636.8568969,806,763,1.7902,1.6423,1.7893,1.6436,72.818
1777127636.9286854,805,764,1.7939,1.6458,1.7942,1.6440,72.890
1777127636.9966033,804,763,1.7974,1.6421,1.7971,1.6434,72.958
1777127637.065696,803,763,1.8010,1.6420,1.8019,1.6417,73.027
1777127637.1344643,801,763,1.8081,1.6419,1.8072,1.6419,73.096
1777127637.2026632,800,763,1.8117,1.6418,1.8120,1.6421,73.164
1777127637.277373,799,763,1.8153,1.6417,1.8150,1.6407,73.239
1777127637.3447049,798,762,1.8188,1.6380,1.8197,1.6389,73.306
1777127637.4186668,796,762,1.8259,1.6378,1.8260,1.6339,73.380
1777127637.4938967,795,762,1.8295,1.6377,1.8266,1.6474,73.455
1777127637.56706,794,762,1.8219,1.6799,1.8256,1.6728,73.528
1777127637.639779,793,763,1.8297,1.6931,1.8289,1.6920,73.601
1777127637.7117698,791,762,1.8370,1.6893,1.8355,1.6920,73.673
1777127637.7834687,791,763,1.8371,1.6930,1.8381,1.6930,73.745
1777127637.854666,790,764,1.8409,1.6967,1.8415,1.6951,73.816
1777127637.9273694,788,763,1.8482,1.6928,1.8470,1.6941,73.889
1777127638.009656,787,763,1.8519,1.6928,1.8531,1.6927,73.971
1777127638.0825207,785,763,1.8592,1.6926,1.8582,1.6917,74.044
1777127638.1571004,784,762,1.8628,1.6888,1.8631,1.6895,74.118
1777127638.2372997,783,762,1.8665,1.6888,1.8662,1.6897,74.198
1777127638.309399,782,763,1.8703,1.6925,1.8712,1.6905,74.271
1777127638.3857386,780,762,1.8775,1.6886,1.8766,1.6899,74.347
1777127638.4584541,779,762,1.8812,1.6885,1.8815,1.6885,74.420
1777127638.5303938,778,762,1.8849,1.6885,1.8848,1.6875,74.492
1777127638.6016421,777,761,1.8884,1.6846,1.8882,1.6856,74.563
1777127638.6736596,776,761,1.8921,1.6846,1.8931,1.6842,74.635
1777127638.7453387,774,761,1.8995,1.6845,1.8985,1.6848,74.707
1777127638.8159332,773,761,1.9032,1.6844,1.9034,1.6834,74.777
1777127638.8886578,772,760,1.9067,1.6806,1.9068,1.6819,74.850
1777127638.9612942,771,760,1.9104,1.6805,1.9100,1.6792,74.922
1777127639.034289,770,759,1.9139,1.6767,1.9149,1.6777,74.995
1777127639.1072905,768,759,1.9213,1.6766,1.9200,1.6766,75.068
1777127639.181754,767,759,1.9250,1.6765,1.9262,1.6759,75.143
1777127639.2517486,765,758,1.9322,1.6726,1.9313,1.6723,75.213
1777127639.329063,764,757,1.9358,1.6688,1.9361,1.6704,75.290
1777127639.4029834,763,758,1.9396,1.6725,1.9395,1.6712,75.364
1777127639.4756048,762,758,1.9433,1.6725,1.9430,1.6728,75.437
1777127639.5532894,761,758,1.9470,1.6724,1.9479,1.6730,75.514
1777127639.6257172,759,758,1.9543,1.6723,1.9533,1.6700,75.587
1777127639.7037196,758,756,1.9577,1.6647,1.9582,1.6682,75.665
1777127639.77397,757,757,1.9615,1.6684,1.9611,1.6649,75.735
1777127639.8519862,756,755,1.9649,1.6608,1.9660,1.6634,75.813
1777127639.9347198,754,755,1.9723,1.6607,1.9713,1.6591,75.896
1777127640.0071084,753,754,1.9758,1.6569,1.9762,1.6579,75.968
1777127640.081516,752,754,1.9795,1.6568,1.9795,1.6568,76.043
1777127640.155157,751,754,1.9832,1.6568,1.9832,1.6561,76.116
1777127640.2268229,750,753,1.9867,1.6530,1.9867,1.6527,76.188
1777127640.2986798,749,752,1.9903,1.6492,1.9900,1.6511,76.260
1777127640.3721495,748,753,1.9941,1.6529,1.9950,1.6506,76.333
1777127640.4444382,746,752,2.0013,1.6490,2.0016,1.6513,76.406
1777127640.5217574,745,752,2.0050,1.6489,2.0017,1.6459,76.483
1777127640.5964475,744,751,1.9948,1.6371,1.9984,1.6392,76.558
1777127640.6675515,743,750,1.9984,1.6336,1.9972,1.6338,76.629
1777127640.7397978,742,750,2.0020,1.6335,2.0020,1.6323,76.701
1777127640.811116,741,749,2.0055,1.6300,2.0055,1.6312,76.772
1777127640.8828127,740,749,2.0091,1.6299,2.0088,1.6287,76.844
1777127640.9543526,739,748,2.0126,1.6264,2.0136,1.6276,76.916
1777127641.0300002,737,748,2.0198,1.6263,2.0189,1.6254,76.991
1777127641.1030354,736,747,2.0233,1.6228,2.0236,1.6227,77.064
1777127641.1868355,735,746,2.0269,1.6192,2.0269,1.6198,77.148
1777127641.2591655,734,746,2.0305,1.6192,2.0305,1.6189,77.220
1777127641.3294578,733,746,2.0340,1.6191,2.0340,1.6194,77.291
1777127641.401286,732,746,2.0376,1.6191,2.0376,1.6185,77.362
1777127641.4732726,731,745,2.0412,1.6155,2.0409,1.6152,77.434
1777127641.5520585,730,744,2.0447,1.6120,2.0457,1.6141,77.513
1777127641.6218598,728,745,2.0519,1.6154,2.0510,1.6127,77.583
1777127641.6935613,727,743,2.0554,1.6084,2.0557,1.6096,77.655
1777127641.7679327,726,742,2.0590,1.6048,2.0593,1.6054,77.729
1777127641.8422034,725,742,2.0626,1.6048,2.0613,1.6039,77.803
1777127641.9152298,725,741,2.0626,1.6012,2.0647,1.6012,77.876
1777127641.9915063,723,740,2.0697,1.5977,2.0676,1.5986,77.953
1777127642.064109,723,740,2.0697,1.5977,2.0709,1.5967,78.025
1777127642.1353033,722,739,2.0733,1.5941,2.0727,1.5944,78.096
1777127642.210176,721,738,2.0768,1.5905,2.0778,1.5902,78.171
1777127642.2825034,719,737,2.0840,1.5869,2.0834,1.5879,78.244
1777127642.355296,718,737,2.0875,1.5869,2.0869,1.5860,78.316
1777127642.4288023,718,736,2.0875,1.5834,2.0885,1.5834,78.390
1777127642.500967,717,735,2.0911,1.5798,2.0908,1.5807,78.462
1777127642.5724378,716,735,2.0947,1.5798,2.0947,1.5789,78.534
1777127642.6434066,715,734,2.0982,1.5762,2.0982,1.5762,78.605
1777127642.71468,714,733,2.1018,1.5727,2.1015,1.5736,78.676
1777127642.7878757,713,733,2.1054,1.5726,2.1063,1.5714,78.749
1777127642.8607628,711,732,2.1125,1.5690,2.1116,1.5703,78.822
1777127642.9326336,710,732,2.1161,1.5690,2.1167,1.5681,78.894
1777127643.0074732,709,731,2.1197,1.5655,2.1188,1.5655,78.969
1777127643.082738,709,730,2.1197,1.5619,2.1206,1.5628,79.044
1777127643.1621897,708,730,2.1232,1.5619,2.1229,1.5610,79.123
1777127643.2402966,707,729,2.1268,1.5583,2.1268,1.5586,79.201
1777127643.3167763,706,728,2.1304,1.5548,2.1304,1.5548,79.278
1777127643.3964567,705,727,2.1340,1.5512,2.1340,1.5512,79.358
1777127643.4697556,704,726,2.1375,1.5476,2.1375,1.5473,79.431
1777127643.547184,703,725,2.1411,1.5441,2.1411,1.5450,79.508
1777127643.619479,702,725,2.1447,1.5441,2.1447,1.5431,79.581
1777127643.6922743,701,724,2.1482,1.5405,2.1482,1.5408,79.653
1777127643.7654557,700,723,2.1518,1.5369,2.1518,1.5369,79.727
1777127643.8378131,699,722,2.1554,1.5334,2.1554,1.5331,79.799
1777127643.9102855,698,721,2.1590,1.5298,2.1590,1.5307,79.871
1777127643.982968,697,721,2.1625,1.5298,2.1625,1.5289,79.944
1777127644.0614948,696,720,2.1661,1.5262,2.1661,1.5262,80.023
1777127644.1322527,695,719,2.1697,1.5226,2.1697,1.5235,80.093
1777127644.2050686,694,719,2.1733,1.5226,2.1733,1.5217,80.166
1777127644.2768657,693,718,2.1768,1.5190,2.1768,1.5193,80.238
1777127644.3478336,692,717,2.1804,1.5155,2.1804,1.5155,80.309
1777127644.4207187,691,716,2.1840,1.5119,2.1840,1.5116,80.382
1777127644.5008936,690,715,2.1876,1.5083,2.1879,1.5096,80.462
1777127644.582239,689,715,2.1911,1.5083,2.1902,1.5062,80.543
1777127644.6567245,689,713,2.1911,1.5013,2.1921,1.5034,80.618
1777127644.733162,688,713,2.1947,1.5012,2.1947,1.5000,80.694
1777127644.8054125,687,712,2.1983,1.4977,2.1974,1.4980,80.767
1777127644.877752,687,711,2.1983,1.4941,2.1992,1.4941,80.839
1777127644.9478595,686,710,2.2019,1.4906,2.2016,1.4906,80.909
1777127645.0207267,685,709,2.2055,1.4870,2.2055,1.4870,80.982
1777127645.09284,684,708,2.2090,1.4834,2.2090,1.4834,81.054
1777127645.1658034,683,707,2.2126,1.4799,2.2129,1.4799,81.127
1777127645.2392597,682,706,2.2162,1.4763,2.2153,1.4763,81.200
1777127645.317336,682,705,2.2162,1.4728,2.2171,1.4727,81.279
1777127645.4008904,681,704,2.2198,1.4692,2.2195,1.4689,81.362
1777127645.4823666,680,703,2.2234,1.4656,2.2234,1.4668,81.444
1777127645.5621402,679,703,2.2269,1.4656,2.2269,1.4638,81.523
1777127645.634103,678,701,2.2305,1.4585,2.2308,1.4594,81.595
1777127645.7277975,677,700,2.2341,1.4549,2.2332,1.4555,81.689
1777127645.824838,677,700,2.2341,1.4549,2.2350,1.4537,81.786
1777127645.9157367,676,699,2.2377,1.4513,2.2374,1.4526,81.877
1777127646.0002937,675,699,2.2413,1.4513,2.2413,1.4504,81.961
1777127646.0842106,674,698,2.2448,1.4477,2.2448,1.4480,82.045
1777127646.1658235,673,697,2.2484,1.4442,2.2487,1.4442,82.127
1777127646.238611,672,696,2.2520,1.4406,2.2511,1.4406,82.200
1777127646.3133416,672,695,2.2520,1.4371,2.2529,1.4370,82.275
1777127646.3919058,671,694,2.2556,1.4335,2.2556,1.4335,82.353
1777127646.4682658,670,693,2.2592,1.4299,2.2583,1.4299,82.429
1777127646.5481806,670,692,2.2592,1.4264,2.2601,1.4261,82.509
1777127646.6218698,669,691,2.2628,1.4228,2.2628,1.4240,82.583
1777127646.6926572,668,691,2.2664,1.4228,2.2651,1.4207,82.654
1777127646.7647343,668,689,2.2664,1.4157,2.2685,1.4178,82.726
1777127646.8410573,666,689,2.2735,1.4156,2.2717,1.4147,82.802
1777127646.9185567,666,688,2.2735,1.4121,2.2738,1.4112,82.880
1777127646.9902954,666,686,2.2735,1.4050,2.2742,1.4071,82.951
1777127647.0623484,665,686,2.2771,1.4050,2.2771,1.4029,83.024
1777127647.1379206,664,684,2.2807,1.3979,2.2798,1.3991,83.099
1777127647.215397,664,683,2.2807,1.3943,2.2820,1.3940,83.177
1777127647.2871826,663,682,2.2843,1.3908,2.2831,1.3911,83.248
1777127647.371469,663,681,2.2843,1.3872,2.2856,1.3863,83.333
1777127647.444566,662,679,2.2879,1.3801,2.2867,1.3807,83.406
1777127647.521143,662,678,2.2879,1.3766,2.2888,1.3772,83.482
1777127647.6041622,661,678,2.2915,1.3765,2.2915,1.3759,83.565
1777127647.6850836,660,677,2.2951,1.3729,2.2945,1.3723,83.646
1777127647.7588217,660,675,2.2951,1.3659,2.2951,1.3668,83.720
1777127647.8399243,660,674,2.2951,1.3623,2.2957,1.3620,83.801
1777127647.9133656,659,673,2.2987,1.3587,2.2987,1.3590,83.875
1777127647.98459,658,672,2.3023,1.3552,2.3014,1.3543,83.946
1777127648.0581398,658,670,2.3023,1.3481,2.3032,1.3490,84.019
1777127648.1394968,657,669,2.3059,1.3445,2.3059,1.3442,84.101
1777127648.2130716,656,668,2.3095,1.3409,2.3086,1.3409,84.174
1777127648.284451,656,667,2.3095,1.3374,2.3107,1.3374,84.246
1777127648.355576,655,666,2.3131,1.3338,2.3119,1.3338,84.317
1777127648.4310126,655,665,2.3131,1.3303,2.3140,1.3302,84.392
1777127648.506667,654,664,2.3167,1.3267,2.3167,1.3267,84.468
1777127648.59491,653,663,2.3203,1.3231,2.3197,1.3234,84.556
1777127648.6869464,653,662,2.3203,1.3195,2.3203,1.3186,84.648
1777127648.7832808,653,660,2.3203,1.3125,2.3212,1.3134,84.744
1777127648.8761103,652,659,2.3239,1.3089,2.3227,1.3086,84.837
1777127648.9543326,652,658,2.3239,1.3053,2.3251,1.3053,84.916
1777127649.0326524,651,657,2.3275,1.3017,2.3266,1.3021,84.994
1777127649.1031914,651,656,2.3275,1.2982,2.3275,1.2973,85.064
1777127649.1773841,651,654,2.3275,1.2911,2.3281,1.2920,85.139
1777127649.2558455,650,653,2.3311,1.2875,2.3311,1.2872,85.217
1777127649.3277254,649,652,2.3347,1.2839,2.3341,1.2839,85.289
1777127649.3981395,649,651,2.3347,1.2804,2.3350,1.2804,85.359
1777127649.4715679,649,650,2.3347,1.2768,2.3347,1.2771,85.433
1777127649.5479696,649,649,2.3348,1.2733,2.3345,1.2721,85.509
1777127649.6283586,649,647,2.3348,1.2662,2.3354,1.2683,85.590
1777127649.7053995,648,647,2.3384,1.2662,2.3384,1.2637,85.667
1777127649.7822323,647,645,2.3420,1.2590,2.3413,1.2615,85.743
1777127649.8626165,647,645,2.3420,1.2590,2.3423,1.2569,85.824
1777127649.9382575,647,643,2.3420,1.2519,2.3417,1.2531,85.899
1777127650.0139523,647,642,2.3420,1.2484,2.3426,1.2481,85.975
1777127650.0874386,646,641,2.3456,1.2448,2.3456,1.2448,86.049
1777127650.161442,645,640,2.3492,1.2412,2.3486,1.2415,86.123
1777127650.2363503,645,639,2.3492,1.2376,2.3495,1.2367,86.198
1777127650.3082948,645,637,2.3492,1.2305,2.3489,1.2318,86.269
1777127650.3821704,645,636,2.3492,1.2270,2.3502,1.2255,86.343
1777127650.4553473,644,634,2.3528,1.2198,2.3516,1.2217,86.417
1777127650.5280783,644,634,2.3528,1.2198,2.3541,1.2189,86.489
1777127650.6037116,643,633,2.3564,1.2163,2.3552,1.2157,86.565
1777127650.6752343,643,631,2.3565,1.2092,2.3577,1.2101,86.636
1777127650.748231,642,630,2.3601,1.2056,2.3591,1.2053,86.709
1777127650.825455,642,629,2.3601,1.2020,2.3601,1.2020,86.787
1777127650.8993342,642,628,2.3601,1.1985,2.3610,1.1984,86.861
1777127650.9797046,641,627,2.3637,1.1949,2.3628,1.1949,86.941
1777127651.0540047,641,626,2.3637,1.1913,2.3640,1.1916,87.015
1777127651.127217,641,625,2.3637,1.1877,2.3640,1.1868,87.088
1777127651.2035344,641,623,2.3637,1.1806,2.3625,1.1816,87.165
1777127651.2756052,642,622,2.3601,1.1771,2.3617,1.1784,87.237
1777127651.3515575,641,621,2.3637,1.1735,2.3634,1.1686,87.313
1777127651.4294639,640,619,2.3671,1.1507,2.3665,1.1557,87.391
1777127651.529641,640,618,2.3669,1.1471,2.3672,1.1454,87.491
1777127651.6157954,640,617,2.3668,1.1434,2.3665,1.1434,87.577
1777127651.6938107,640,616,2.3666,1.1398,2.3675,1.1401,87.655
1777127651.77679,639,615,2.3700,1.1361,2.3691,1.1351,87.738
1777127651.8563137,639,613,2.3697,1.1288,2.3700,1.1300,87.817
1777127651.9331365,639,612,2.3695,1.1251,2.3693,1.1225,87.894
1777127652.0073645,639,610,2.3691,1.1178,2.3697,1.1230,87.969
1777127652.0963728,639,609,2.3711,1.1308,2.3705,1.1265,88.058
1777127652.194517,639,608,2.3711,1.1272,2.3712,1.1277,88.156
1777127652.2945135,639,606,2.3711,1.1201,2.3708,1.1210,88.256
1777127652.385514,639,605,2.3711,1.1165,2.3717,1.1159,88.347
1777127652.488354,638,604,2.3747,1.1129,2.3747,1.1138,88.450
1777127652.5888004,637,604,2.3783,1.1129,2.3774,1.1123,88.550
1777127652.6861641,637,603,2.3783,1.1093,2.3795,1.1087,88.647
1777127652.7780108,636,601,2.3819,1.1021,2.3806,1.1004,88.739
1777127652.8675277,636,600,2.3819,1.0986,2.3835,1.1066,88.829
1777127652.9476924,635,600,2.3869,1.1261,2.3856,1.1172,88.909
1777127653.0263176,635,598,2.3868,1.1189,2.3870,1.1225,88.987
1777127653.105231,635,597,2.3868,1.1153,2.3878,1.1153,89.066
1777127653.1786597,634,596,2.3904,1.1117,2.3898,1.1108,89.140
1777127653.25743,634,594,2.3904,1.1046,2.3895,1.1055,89.219
1777127653.3292243,635,593,2.3868,1.1010,2.3887,1.1007,89.290
1777127653.4091492,634,592,2.3904,1.0974,2.3892,1.0974,89.370
1777127653.492152,634,591,2.3904,1.0938,2.3907,1.0938,89.453
1777127653.585249,634,590,2.3904,1.0902,2.3904,1.0905,89.546
1777127653.6844976,634,589,2.3904,1.0866,2.3904,1.0857,89.646
1777127653.7870595,634,587,2.3904,1.0795,2.3904,1.0804,89.748
1777127653.8901284,634,586,2.3904,1.0759,2.3904,1.0756,89.851
1777127654.0000908,634,585,2.3904,1.0723,2.3904,1.0726,89.961
1777127654.1007276,634,584,2.3904,1.0687,2.3904,1.0675,90.062
1777127654.200424,634,582,2.3904,1.0615,2.3904,1.0634,90.162
1777127654.3070061,634,582,2.3904,1.0615,2.3904,1.0606,90.268
1777127654.3858154,634,581,2.3904,1.0579,2.3904,1.0573,90.347
1777127654.4639282,634,579,2.3903,1.0508,2.3903,1.0517,90.425
1777127654.538456,634,578,2.3903,1.0472,2.3906,1.0472,90.500
1777127654.6152108,634,577,2.3903,1.0436,2.3891,1.0424,90.576
1777127654.6946924,635,575,2.3867,1.0364,2.3889,1.0386,90.656
1777127654.7775288,634,575,2.3903,1.0364,2.3879,1.0343,90.739
1777127654.859651,635,573,2.3867,1.0293,2.3889,1.0305,90.821
1777127654.9457386,634,572,2.3903,1.0257,2.3891,1.0254,90.907
1777127655.0421977,634,571,2.3903,1.0221,2.3906,1.0224,91.003
1777127655.1494386,634,570,2.3903,1.0185,2.3903,1.0176,91.111
1777127655.241668,634,568,2.3903,1.0113,2.3903,1.0122,91.203
1777127655.3314736,634,567,2.3903,1.0077,2.3903,1.0074,91.293
1777127655.421009,634,566,2.3903,1.0041,2.3903,1.0041,91.382
1777127655.4975233,634,565,2.3903,1.0006,2.3900,1.0006,91.459
1777127655.5759726,634,564,2.3903,0.9970,2.3912,0.9970,91.537
1777127655.6572926,633,563,2.3939,0.9934,2.3932,0.9934,91.618
1777127655.7314055,633,562,2.3938,0.9898,2.3932,0.9901,91.693
1777127655.8107326,634,561,2.3902,0.9862,2.3912,0.9853,91.772
1777127655.890838,634,559,2.3902,0.9790,2.3902,0.9800,91.852
1777127655.9690819,634,558,2.3902,0.9754,2.3893,0.9751,91.930
1777127656.0491993,635,557,2.3866,0.9719,2.3876,0.9719,92.010
1777127656.1222682,635,556,2.3866,0.9683,2.3866,0.9683,92.083
1777127656.1972957,635,555,2.3866,0.9647,2.3857,0.9647,92.158
1777127656.277543,636,554,2.3830,0.9611,2.3843,0.9614,92.239
1777127656.3531249,636,553,2.3830,0.9575,2.3815,0.9566,92.314
1777127656.4278355,637,551,2.3794,0.9504,2.3813,0.9516,92.389
1777127656.509339,636,550,2.3830,0.9468,2.3815,0.9455,92.471
1777127656.5897617,636,548,2.3830,0.9396,2.3848,0.9405,92.551
1777127656.6822078,635,547,2.3866,0.9360,2.3835,0.9357,92.643
1777127656.7576988,637,546,2.3794,0.9324,2.3828,0.9324,92.719
1777127656.8302443,636,545,2.3830,0.9288,2.3802,0.9288,92.791
1777127656.92376,637,544,2.3794,0.9253,2.3815,0.9256,92.885
1777127657.0166612,636,543,2.3830,0.9217,2.3817,0.9207,92.978
1777127657.0932693,636,541,2.3830,0.9145,2.3833,0.9154,93.054
1777127657.1744456,636,540,2.3829,0.9109,2.3829,0.9106,93.136
1777127657.2693973,636,539,2.3829,0.9073,2.3829,0.9073,93.231
1777127657.3555088,636,538,2.3829,0.9037,2.3832,0.9037,93.317
1777127657.4413197,636,537,2.3829,0.9001,2.3817,0.9004,93.402
1777127657.5348625,637,536,2.3793,0.8965,2.3815,0.8956,93.496
1777127657.6088474,636,534,2.3829,0.8894,2.3808,0.8906,93.570
1777127657.6831145,637,533,2.3793,0.8858,2.3805,0.8845,93.644
1777127657.7567327,637,531,2.3793,0.8786,2.3796,0.8795,93.718
1777127657.842192,637,530,2.3793,0.8750,2.3774,0.8747,93.803
1777127657.9163382,639,529,2.3721,0.8715,2.3740,0.8714,93.878
1777127657.9923425,639,528,2.3721,0.8679,2.3715,0.8679,93.954
1777127658.0731769,639,527,2.3721,0.8643,2.3724,0.8646,94.034
1777127658.1511698,639,526,2.3721,0.8607,2.3709,0.8598,94.112
1777127658.2254343,640,524,2.3685,0.8535,2.3706,0.8544,94.187
1777127658.2998958,639,523,2.3721,0.8499,2.3699,0.8499,94.261
1777127658.3837376,640,522,2.3685,0.8463,2.3700,0.8454,94.345
1777127658.4572868,640,520,2.3685,0.8392,2.3669,0.8401,94.418
1777127658.5390308,641,519,2.3649,0.8356,2.3670,0.8353,94.500
1777127658.6177857,640,518,2.3684,0.8320,2.3663,0.8320,94.579
1777127658.7061758,641,517,2.3648,0.8284,2.3661,0.8284,94.667
1777127658.8063984,641,516,2.3648,0.8248,2.3648,0.8248,94.768
1777127658.8995821,641,515,2.3648,0.8212,2.3639,0.8215,94.861
1777127658.9971423,642,514,2.3612,0.8177,2.3622,0.8164,94.958
1777127659.091621,642,512,2.3612,0.8105,2.3609,0.8126,95.053
1777127659.181497,642,512,2.3612,0.8105,2.3615,0.8083,95.143
1777127659.2817888,642,510,2.3612,0.8033,2.3600,0.8045,95.243
1777127659.3866634,643,509,2.3576,0.7997,2.3598,0.7994,95.348
1777127659.4763067,642,508,2.3612,0.7961,2.3594,0.7964,95.437
1777127659.5620334,643,507,2.3576,0.7925,2.3576,0.7938,95.523
1777127659.6413841,644,505,2.3540,0.7854,2.3559,0.7796,95.603
1777127659.71952,643,504,2.3578,0.7560,2.3559,0.7623,95.681
1777127659.7999668,644,503,2.3542,0.7524,2.3546,0.7502,95.761
1777127659.8844328,645,502,2.3507,0.7489,2.3513,0.7488,95.846
1777127659.965882,645,501,2.3507,0.7453,2.3507,0.7453,95.927
1777127660.0393147,645,500,2.3507,0.7417,2.3497,0.7417,96.000
1777127660.1210387,646,499,2.3471,0.7381,2.3483,0.7381,96.082
1777127660.203219,646,498,2.3471,0.7345,2.3455,0.7348,96.164
1777127660.2840364,647,497,2.3435,0.7310,2.3457,0.7300,96.245
1777127660.366818,646,495,2.3471,0.7237,2.3453,0.7247,96.328
1777127660.4535193,647,494,2.3435,0.7202,2.3438,0.7199,96.415
1777127660.5245922,648,493,2.3399,0.7166,2.3406,0.7166,96.486
1777127660.6056716,648,492,2.3399,0.7130,2.3396,0.7133,96.567
1777127660.674741,648,491,2.3400,0.7094,2.3400,0.7085,96.636
1777127660.7504811,648,489,2.3400,0.7022,2.3403,0.7032,96.712
1777127660.8235183,648,488,2.3400,0.6986,2.3391,0.6983,96.785
1777127660.8952315,649,487,2.3364,0.6951,2.3376,0.6951,96.856
1777127660.9728982,649,486,2.3364,0.6915,2.3352,0.6915,96.934
1777127661.0443277,650,485,2.3328,0.6879,2.3341,0.6879,97.006
1777127661.1164455,650,484,2.3328,0.6843,2.3316,0.6843,97.078
1777127661.1902049,651,483,2.3292,0.6808,2.3305,0.6807,97.151
1777127661.268667,651,482,2.3292,0.6772,2.3280,0.6775,97.230
1777127661.3407347,652,481,2.3256,0.6736,2.3269,0.6724,97.302
1777127661.4115758,652,479,2.3257,0.6664,2.3247,0.6686,97.373
1777127661.484605,653,479,2.3220,0.6664,2.3221,0.6643,97.446
1777127661.561267,654,477,2.3185,0.6593,2.3191,0.6605,97.522
1777127661.6315207,654,476,2.3185,0.6557,2.3185,0.6554,97.593
1777127661.7072556,654,475,2.3185,0.6521,2.3176,0.6521,97.668
1777127661.7776914,655,474,2.3149,0.6485,2.3158,0.6488,97.739
1777127661.8493679,655,473,2.3149,0.6449,2.3149,0.6440,97.811
1777127661.9197586,655,471,2.3149,0.6377,2.3143,0.6386,97.881
1777127661.9903824,656,470,2.3113,0.6342,2.3113,0.6338,97.952
1777127662.0624652,657,469,2.3077,0.6306,2.3086,0.6306,98.024
1777127662.1393776,657,468,2.3077,0.6270,2.3065,0.6270,98.101
1777127662.210639,658,467,2.3041,0.6234,2.3050,0.6234,98.172
1777127662.2831326,658,466,2.3041,0.6198,2.3041,0.6198,98.244
1777127662.3574252,658,465,2.3041,0.6162,2.3032,0.6162,98.319
1777127662.4276853,659,464,2.3005,0.6127,2.3015,0.6130,98.389
1777127662.5076928,659,463,2.3005,0.6091,2.3005,0.6081,98.469
1777127662.5858598,659,461,2.3006,0.6018,2.2999,0.6028,98.547
1777127662.65561,660,460,2.2970,0.5983,2.2970,0.5980,98.617
1777127662.7259758,661,459,2.2934,0.5947,2.2943,0.5947,98.687
1777127662.796741,661,458,2.2934,0.5911,2.2921,0.5911,98.758
1777127662.8749125,662,457,2.2898,0.5875,2.2910,0.5872,98.836
1777127662.9461133,662,456,2.2898,0.5839,2.2885,0.5852,98.907
1777127663.0204372,663,456,2.2862,0.5840,2.2874,0.5818,98.982
1777127663.0915596,663,454,2.2862,0.5768,2.2852,0.5792,99.053
1777127663.1667354,664,454,2.2826,0.5768,2.2829,0.5746,99.128
1777127663.237403,665,452,2.2790,0.5696,2.2790,0.5706,99.199
1777127663.3087628,666,451,2.2754,0.5661,2.2750,0.5670,99.270
1777127663.379543,667,451,2.2717,0.5661,2.2727,0.5642,99.341
1777127663.4545228,667,449,2.2718,0.5589,2.2708,0.5601,99.416
1777127663.5363433,668,448,2.2682,0.5553,2.2685,0.5547,99.498
1777127663.6053164,669,447,2.2645,0.5518,2.2642,0.5530,99.566
1777127663.6758564,670,447,2.2609,0.5518,2.2619,0.5499,99.637
1777127663.745351,670,445,2.2609,0.5446,2.2600,0.5458,99.707
1777127663.818465,671,444,2.2573,0.5410,2.2573,0.5407,99.780
1777127663.9018645,672,443,2.2537,0.5374,2.2547,0.5374,99.863
1777127663.9728029,672,442,2.2537,0.5338,2.2528,0.5335,99.934
1777127664.0435658,673,441,2.2501,0.5303,2.2501,0.5315,100.005
1777127664.1142695,674,441,2.2465,0.5303,2.2474,0.5284,100.075
1777127664.1902432,674,439,2.2465,0.5231,2.2459,0.5240,100.151
1777127664.2699142,675,438,2.2429,0.5195,2.2423,0.5198,100.231
1777127664.3493361,677,438,2.2357,0.5196,2.2363,0.5199,100.311
1777127664.4316988,678,438,2.2321,0.5196,2.2327,0.5178,100.393
1777127664.5077279,678,436,2.2321,0.5124,2.2308,0.5146,100.469
1777127664.5852757,679,436,2.2285,0.5125,2.2297,0.5112,100.546
1777127664.668875,679,435,2.2285,0.5088,2.2275,0.5095,100.630
1777127664.7441232,680,434,2.2249,0.5053,2.2252,0.5043,100.705
1777127664.8217707,681,432,2.2213,0.4981,2.2213,0.4987,100.783
1777127664.8932183,682,431,2.2176,0.4945,2.2176,0.4951,100.854
1777127664.9685504,683,431,2.2140,0.4946,2.2140,0.4936,100.930
1777127665.0454056,684,430,2.2104,0.4910,2.2101,0.4910,101.007
1777127665.1217322,685,429,2.2068,0.4874,2.2077,0.4883,101.083
1777127665.1928537,685,429,2.2068,0.4874,2.2062,0.4865,101.154
1777127665.2651613,686,428,2.2032,0.4838,2.2023,0.4842,101.226
1777127665.3373237,688,427,2.1960,0.4803,2.1978,0.4803,101.298
1777127665.4084885,688,426,2.1960,0.4767,2.1947,0.4764,101.370
1777127665.48023,689,425,2.1924,0.4731,2.1927,0.4740,101.441
1777127665.551215,690,425,2.1887,0.4732,2.1887,0.4722,101.512
1777127665.6223803,691,424,2.1851,0.4696,2.1851,0.4696,101.584
1777127665.6934924,692,423,2.1815,0.4660,2.1815,0.4669,101.655
1777127665.7699237,693,423,2.1779,0.4661,2.1779,0.4654,101.731
1777127665.8405588,694,422,2.1743,0.4625,2.1740,0.4616,101.802
1777127665.9155228,695,420,2.1707,0.4553,2.1716,0.4575,101.877
1777127665.9938543,695,420,2.1707,0.4553,2.1697,0.4531,101.955
1777127666.065357,696,418,2.1671,0.4481,2.1674,0.4490,102.027
1777127666.1379588,697,417,2.1634,0.4445,2.1634,0.4452,102.099
1777127666.208658,698,417,2.1598,0.4446,2.1598,0.4436,102.170
1777127666.2802334,699,416,2.1562,0.4410,2.1562,0.4413,102.241
1777127666.3510914,700,415,2.1526,0.4374,2.1526,0.4374,102.312
1777127666.4285145,701,414,2.1490,0.4338,2.1490,0.4338,102.390
1777127666.5010788,702,413,2.1454,0.4303,2.1454,0.4303,102.462
1777127666.5716221,703,412,2.1417,0.4267,2.1417,0.4264,102.533
1777127666.6425083,704,411,2.1381,0.4231,2.1381,0.4241,102.604
1777127666.7134366,705,411,2.1345,0.4232,2.1342,0.4222,102.675
1777127666.7900605,706,410,2.1309,0.4196,2.1318,0.4196,102.751
1777127666.860801,706,409,2.1309,0.4160,2.1300,0.4169,102.822
1777127666.9310184,707,409,2.1273,0.4160,2.1276,0.4151,102.892
1777127667.0033844,708,408,2.1237,0.4124,2.1240,0.4124,102.965
1777127667.0738547,709,407,2.1200,0.4089,2.1188,0.4098,103.035
1777127667.1503932,711,407,2.1128,0.4089,2.1147,0.4080,103.112
1777127667.2219055,711,406,2.1128,0.4053,2.1116,0.4056,103.183
1777127667.2982159,712,405,2.1092,0.4017,2.1095,0.4014,103.259
1777127667.3700078,713,404,2.1056,0.3982,2.1056,0.3991,103.331
1777127667.440455,714,404,2.1019,0.3982,2.1019,0.3973,103.402
1777127667.5131357,715,403,2.0983,0.3946,2.0983,0.3946,103.474
1777127667.5843837,716,402,2.0947,0.3911,2.0947,0.3920,103.546
1777127667.6546874,717,402,2.0911,0.3911,2.0911,0.3902,103.616
1777127667.7337906,718,401,2.0875,0.3875,2.0875,0.3875,103.695
1777127667.8139312,719,400,2.0838,0.3839,2.0838,0.3849,103.775
1777127667.8922276,720,400,2.0802,0.3840,2.0799,0.3831,103.853
1777127667.9633305,721,399,2.0766,0.3804,2.0775,0.3804,103.925
1777127668.0414567,721,398,2.0766,0.3768,2.0757,0.3777,104.003
1777127668.134301,722,398,2.0730,0.3768,2.0736,0.3756,104.095
1777127668.204803,723,397,2.0694,0.3732,2.0684,0.3745,104.166
1777127668.2758756,725,397,2.0621,0.3733,2.0631,0.3721,104.237
1777127668.3485415,726,396,2.0585,0.3698,2.0582,0.3710,104.310
1777127668.4263365,727,396,2.0549,0.3698,2.0549,0.3686,104.388
1777127668.4972303,728,395,2.0513,0.3662,2.0513,0.3671,104.458
1777127668.5692792,729,395,2.0476,0.3663,2.0476,0.3663,104.530
1777127668.6406553,730,395,2.0440,0.3663,2.0440,0.3657,104.602
1777127668.710697,731,394,2.0404,0.3627,2.0407,0.3630,104.672
1777127668.7859347,732,393,2.0368,0.3591,2.0358,0.3592,104.747
1777127668.8596354,734,392,2.0295,0.3556,2.0305,0.3553,104.821
1777127668.93063,735,391,2.0259,0.3520,2.0256,0.3530,104.892
1777127669.005502,736,391,2.0223,0.3521,2.0223,0.3508,104.967
1777127669.0798993,737,390,2.0187,0.3485,2.0187,0.3494,105.041
1777127669.1651778,738,390,2.0150,0.3485,2.0150,0.3488,105.126
1777127669.2411287,739,390,2.0114,0.3486,2.0114,0.3467,105.202
1777127669.3158388,740,388,2.0078,0.3414,2.0078,0.3432,105.277
1777127669.3872852,741,388,2.0042,0.3414,2.0042,0.3408,105.348
1777127669.4600623,742,388,2.0005,0.3415,2.0005,0.3421,105.421
1777127669.5332048,743,388,1.9969,0.3415,1.9969,0.3396,105.494
1777127669.613126,744,386,1.9933,0.3343,1.9933,0.3362,105.574
1777127669.689411,745,386,1.9897,0.3343,1.9897,0.3340,105.651
1777127669.7595513,746,386,1.9861,0.3344,1.9861,0.3334,105.721
1777127669.8406503,747,385,1.9824,0.3308,1.9824,0.3320,105.802
1777127669.9177496,748,385,1.9788,0.3308,1.9788,0.3296,105.879
1777127669.9882822,749,384,1.9752,0.3273,1.9752,0.3285,105.949
1777127670.0653634,750,384,1.9716,0.3273,1.9719,0.3261,106.027
1777127670.141668,751,383,1.9679,0.3237,1.9670,0.3250,106.103
1777127670.2181783,753,383,1.9607,0.3238,1.9616,0.3226,106.179
1777127670.2910042,754,382,1.9571,0.3202,1.9571,0.3212,106.252
1777127670.3681262,755,382,1.9534,0.3203,1.9522,0.3200,106.329
1777127670.4443495,757,382,1.9462,0.3204,1.9484,0.3206,106.406
1777127670.515066,757,382,1.9462,0.3204,1.9440,0.3191,106.476
1777127670.5867174,759,381,1.9390,0.3168,1.9402,0.3190,106.548
1777127670.665235,760,382,1.9353,0.3205,1.9353,0.3186,106.626
1777127670.7417455,761,381,1.9317,0.3169,1.9308,0.3172,106.703
1777127670.831583,763,380,1.9245,0.3134,1.9254,0.3140,106.793
1777127670.9078522,764,380,1.9208,0.3134,1.9208,0.3134,106.869
1777127670.979715,765,380,1.9172,0.3135,1.9163,0.3125,106.941
1777127671.0509205,767,379,1.9100,0.3099,1.9109,0.3108,107.012
1777127671.1219568,768,379,1.9063,0.3100,1.9060,0.3096,107.083
1777127671.1988301,769,379,1.9027,0.3100,1.9027,0.3100,107.160
1777127671.2769916,770,379,1.8991,0.3100,1.8994,0.3100,107.238
1777127671.3540094,771,379,1.8955,0.3101,1.8945,0.3104,107.315
1777127671.4271138,773,379,1.8882,0.3102,1.8892,0.3095,107.388
1777127671.4995003,774,378,1.8846,0.3066,1.8873,0.3076,107.461
1777127671.5822742,775,377,1.8810,0.3030,1.8718,0.3006,107.543
1777127671.6558943,776,376,1.8418,0.2911,1.8512,0.2942,107.617
1777127671.7377706,777,376,1.8382,0.2912,1.8339,0.2893,107.699
1777127671.8121252,779,375,1.8310,0.2878,1.8328,0.2884,107.773
1777127671.8877475,779,375,1.8310,0.2878,1.8301,0.2887,107.849
1777127671.9712691,780,376,1.8276,0.2914,1.8269,0.2896,107.932
1777127672.0454972,782,375,1.8203,0.2880,1.8213,0.2892,108.007
1777127672.1203127,783,375,1.8168,0.2880,1.8165,0.2877,108.081
1777127672.2004492,784,375,1.8132,0.2881,1.8135,0.2884,108.162
1777127672.2790158,785,375,1.8097,0.2881,1.8087,0.2873,108.240
1777127672.35501,787,374,1.8024,0.2848,1.8034,0.2856,108.316
1777127672.4301128,788,374,1.7989,0.2848,1.7989,0.2845,108.391
1777127672.5021791,789,374,1.7953,0.2849,1.7944,0.2849,108.463
1777127672.584183,791,374,1.7882,0.2850,1.7891,0.2850,108.545
1777127672.6641433,792,374,1.7847,0.2850,1.7844,0.2850,108.625
1777127672.7441118,793,374,1.7811,0.2851,1.7811,0.2851,108.705
1777127672.8167543,794,374,1.7776,0.2851,1.7776,0.2851,108.778
1777127672.896724,795,374,1.7740,0.2852,1.7743,0.2852,108.858
1777127672.9778867,796,374,1.7705,0.2852,1.7696,0.2853,108.939
1777127673.0574644,798,374,1.7634,0.2854,1.7643,0.2856,109.019
1777127673.1323261,799,374,1.7598,0.2854,1.7595,0.2845,109.094
1777127673.213122,800,373,1.7562,0.2820,1.7562,0.2832,109.174
1777127673.2881553,801,373,1.7526,0.2820,1.7525,0.2805,109.249
1777127673.3657856,802,372,1.7489,0.2786,1.7490,0.2807,109.327
1777127673.4440174,803,373,1.7455,0.2821,1.7457,0.2800,109.405
1777127673.5181658,804,372,1.7418,0.2787,1.7410,0.2799,109.479
1777127673.5921888,806,372,1.7347,0.2788,1.7356,0.2785,109.553
1777127673.6665616,807,372,1.7312,0.2789,1.7309,0.2792,109.628
1777127673.744322,808,372,1.7276,0.2789,1.7279,0.2777,109.705
1777127673.8251991,809,371,1.7240,0.2755,1.7228,0.2773,109.786
1777127673.9015381,811,372,1.7170,0.2791,1.7191,0.2779,109.863
1777127673.9866385,811,372,1.7170,0.2791,1.7148,0.2794,109.948
1777127674.0635197,813,372,1.7099,0.2792,1.7114,0.2795,110.025
1777127674.1490512,814,372,1.7063,0.2793,1.7051,0.2781,110.110
1777127674.2286732,816,371,1.6991,0.2759,1.7001,0.2777,110.190
1777127674.3169627,817,372,1.6957,0.2794,1.6953,0.2782,110.278
1777127674.3970327,818,372,1.6921,0.2795,1.6921,0.2798,110.358
1777127674.4804208,819,372,1.6886,0.2795,1.6886,0.2795,110.442
1777127674.5684047,820,372,1.6850,0.2796,1.6853,0.2796,110.530
1777127674.65354,821,372,1.6815,0.2796,1.6805,0.2796,110.615
1777127674.7409832,823,372,1.6743,0.2797,1.6756,0.2797,110.702
1777127674.8306265,824,372,1.6708,0.2798,1.6696,0.2798,110.792
1777127674.9247391,826,372,1.6637,0.2799,1.6646,0.2799,110.886
1777127675.0118864,827,372,1.6601,0.2800,1.6598,0.2797,110.973
1777127675.1053126,828,372,1.6566,0.2800,1.6566,0.2812,111.066
1777127675.1883311,829,373,1.6531,0.2836,1.6531,0.2818,111.150
1777127675.2678466,830,372,1.6495,0.2801,1.6495,0.2810,111.229
1777127675.3658614,831,372,1.6459,0.2802,1.6463,0.2808,111.327
1777127675.439665,832,373,1.6425,0.2837,1.6415,0.2828,111.401
1777127675.5135849,834,373,1.6354,0.2838,1.6366,0.2841,111.475
1777127675.588071,835,373,1.6318,0.2839,1.6306,0.2839,111.549
1777127675.6617599,837,373,1.6247,0.2840,1.6253,0.2840,111.623
1777127675.736423,838,373,1.6212,0.2840,1.6218,0.2840,111.698
1777127675.8247125,838,373,1.6212,0.2840,1.6206,0.2841,111.786
1777127675.905032,839,373,1.6176,0.2841,1.6173,0.2841,111.866
1777127675.9798846,841,373,1.6105,0.2842,1.6105,0.2842,111.941
1777127676.054806,843,373,1.6034,0.2843,1.6040,0.2840,112.016
1777127676.1365576,844,373,1.5999,0.2844,1.5996,0.2853,112.098
1777127676.214155,845,374,1.5964,0.2879,1.5964,0.2873,112.175
1777127676.2886686,846,374,1.5929,0.2880,1.5925,0.2871,112.250
1777127676.3803034,847,373,1.5892,0.2845,1.5905,0.2866,112.341
1777127676.45996,847,374,1.5893,0.2880,1.5874,0.2857,112.421
1777127676.5393162,849,373,1.5821,0.2846,1.5837,0.2867,112.500
1777127676.6137345,850,374,1.5786,0.2882,1.5774,0.2870,112.575
1777127676.6893442,852,374,1.5715,0.2883,1.5728,0.2889,112.651
1777127676.7690654,853,374,1.5680,0.2884,1.5664,0.2872,112.730
1777127676.8459432,855,373,1.5608,0.2850,1.5627,0.2867,112.807
1777127676.9254827,855,374,1.5609,0.2885,1.5596,0.2873,112.887
1777127677.0000563,856,374,1.5573,0.2885,1.5579,0.2888,112.961
1777127677.081513,857,374,1.5538,0.2886,1.5529,0.2886,113.043
1777127677.1601512,859,374,1.5467,0.2887,1.5476,0.2887,113.121
1777127677.234282,860,374,1.5431,0.2887,1.5431,0.2887,113.195
1777127677.3187056,861,374,1.5396,0.2888,1.5383,0.2888,113.280
1777127677.4004061,863,374,1.5325,0.2889,1.5343,0.2889,113.362
1777127677.474724,863,374,1.5325,0.2889,1.5312,0.2892,113.436
1777127677.5562067,864,374,1.5289,0.2890,1.5292,0.2878,113.517
1777127677.6315477,865,373,1.5252,0.2855,1.5256,0.2873,113.593
1777127677.7046037,866,374,1.5218,0.2891,1.5208,0.2879,113.666
1777127677.7815847,868,374,1.5147,0.2892,1.5156,0.2892,113.743
1777127677.8560746,869,374,1.5111,0.2892,1.5090,0.2897,113.817
1777127677.92746,870,375,1.5077,0.2928,1.5128,0.2931,113.889
1777127678.004228,872,374,1.5255,0.2978,1.5209,0.2965,113.965
1777127678.0835273,872,374,1.5255,0.2978,1.5267,0.2991,114.045
1777127678.164805,873,375,1.5219,0.3014,1.5212,0.3005,114.126
1777127678.24233,875,375,1.5146,0.3014,1.5155,0.3017,114.204
1777127678.318154,876,375,1.5110,0.3015,1.5110,0.3015,114.279
1777127678.394167,877,375,1.5074,0.3015,1.5064,0.3015,114.355
1777127678.4664123,879,375,1.5001,0.3015,1.5007,0.3015,114.428
1777127678.540587,880,375,1.4965,0.3016,1.4974,0.3016,114.502
1777127678.6181927,880,375,1.4965,0.3016,1.4946,0.3016,114.579
1777127678.6938462,882,375,1.4892,0.3016,1.4905,0.3013,114.655
1777127678.7694426,883,375,1.4856,0.3016,1.4856,0.3029,114.731
1777127678.842922,884,376,1.4820,0.3053,1.4811,0.3031,114.804
1777127678.9178433,886,375,1.4747,0.3017,1.4757,0.3039,114.879
1777127678.9944627,887,376,1.4711,0.3053,1.4708,0.3041,114.956
1777127679.0823972,888,376,1.4675,0.3054,1.4675,0.3057,115.044
1777127679.1618032,889,376,1.4639,0.3054,1.4639,0.3054,115.123
1777127679.2414896,890,376,1.4602,0.3054,1.4606,0.3054,115.203
1777127679.322747,891,376,1.4566,0.3054,1.4557,0.3055,115.284
1777127679.398656,893,376,1.4494,0.3055,1.4506,0.3055,115.360
1777127679.4731345,894,376,1.4457,0.3055,1.4445,0.3055,115.434
1777127679.5528502,896,376,1.4385,0.3056,1.4394,0.3056,115.514
1777127679.6306083,897,376,1.4349,0.3056,1.4346,0.3056,115.592
1777127679.7082477,898,376,1.4312,0.3056,1.4312,0.3056,115.669
1777127679.7828074,899,376,1.4276,0.3057,1.4276,0.3054,115.744
1777127679.8579676,900,376,1.4240,0.3057,1.4243,0.3069,115.819
1777127679.9311624,901,377,1.4204,0.3093,1.4195,0.3075,115.892
1777127680.0106902,903,376,1.4131,0.3058,1.4144,0.3070,115.972
1777127680.0948682,904,376,1.4095,0.3058,1.4082,0.3052,116.056
1777127680.1703126,906,376,1.4022,0.3058,1.4032,0.3068,116.131
1777127680.2550364,907,377,1.3986,0.3095,1.3983,0.3085,116.216
1777127680.3314834,908,377,1.3950,0.3095,1.3950,0.3098,116.293
1777127680.4073849,909,377,1.3914,0.3095,1.3914,0.3095,116.369
1777127680.4804385,910,377,1.3878,0.3095,1.3881,0.3095,116.442
1777127680.554617,911,377,1.3842,0.3096,1.3832,0.3096,116.516
1777127680.6304834,913,377,1.3769,0.3096,1.3778,0.3093,116.592
1777127680.7039285,914,377,1.3733,0.3097,1.3733,0.3106,116.665
1777127680.7848046,915,378,1.3697,0.3133,1.3687,0.3124,116.746
1777127680.864406,917,378,1.3624,0.3133,1.3634,0.3136,116.826
1777127680.9448674,918,378,1.3588,0.3134,1.3585,0.3134,116.906
1777127681.022137,919,378,1.3552,0.3134,1.3555,0.3134,116.983
1777127681.0964146,920,378,1.3516,0.3134,1.3506,0.3134,117.058
1777127681.1701958,922,378,1.3443,0.3135,1.3452,0.3135,117.131
1777127681.2502382,923,378,1.3407,0.3135,1.3404,0.3135,117.211
1777127681.3261025,924,378,1.3371,0.3135,1.3371,0.3135,117.287
1777127681.410174,925,378,1.3334,0.3135,1.3334,0.3135,117.371
1777127681.4863389,926,378,1.3298,0.3136,1.3301,0.3133,117.448
1777127681.564543,927,378,1.3262,0.3136,1.3253,0.3145,117.526
1777127681.6449566,929,379,1.3190,0.3172,1.3199,0.3163,117.606
1777127681.718986,930,379,1.3154,0.3173,1.3150,0.3179,117.680
1777127681.7946947,931,379,1.3117,0.3173,1.3120,0.3164,117.756
1777127681.8684406,932,378,1.3081,0.3137,1.3071,0.3143,117.830
1777127681.9452124,934,378,1.3008,0.3138,1.3018,0.3147,117.906
1777127682.0209534,935,379,1.2972,0.3174,1.2969,0.3156,117.982
1777127682.0986443,936,378,1.2936,0.3138,1.2939,0.3151,118.060
1777127682.174735,937,378,1.2900,0.3139,1.2890,0.3139,118.136
1777127682.2496376,939,378,1.2827,0.3139,1.2836,0.3130,118.211
1777127682.328156,940,377,1.2791,0.3103,1.2791,0.3113,118.289
1777127682.4036508,941,377,1.2754,0.3104,1.2745,0.3101,118.365
1777127682.4784236,943,377,1.2682,0.3104,1.2691,0.3104,118.440
1777127682.5658195,944,377,1.2646,0.3105,1.2643,0.3105,118.527
1777127682.6457832,945,377,1.2610,0.3105,1.2610,0.3105,118.607
1777127682.7218544,946,377,1.2573,0.3105,1.2576,0.3105,118.683
1777127682.8015451,947,377,1.2537,0.3105,1.2528,0.3108,118.763
1777127682.8788083,949,377,1.2465,0.3106,1.2474,0.3097,118.840
1777127682.9552114,950,376,1.2428,0.3070,1.2425,0.3076,118.916
1777127683.0388188,951,376,1.2392,0.3071,1.2395,0.3080,119.000
1777127683.1109142,952,377,1.2356,0.3107,1.2347,0.3088,119.072
1777127683.186593,954,376,1.2283,0.3071,1.2296,0.3084,119.148
1777127683.2606432,955,376,1.2247,0.3072,1.2235,0.3069,119.222
1777127683.3373127,957,376,1.2175,0.3072,1.2184,0.3072,119.298
1777127683.4244306,958,376,1.2138,0.3072,1.2135,0.3075,119.386
1777127683.5003064,959,376,1.2102,0.3073,1.2105,0.3063,119.461
1777127683.5815651,960,375,1.2066,0.3037,1.2056,0.3043,119.543
1777127683.66078,962,375,1.1993,0.3038,1.2003,0.3047,119.622
1777127683.7483313,963,376,1.1957,0.3074,1.1957,0.3055,119.710
1777127683.8234982,964,375,1.1921,0.3038,1.1912,0.3050,119.785
1777127683.898561,966,375,1.1848,0.3039,1.1858,0.3035,119.860
1777127683.9765832,967,375,1.1812,0.3039,1.1809,0.3042,119.938
1777127684.060333,968,375,1.1776,0.3039,1.1774,0.3026,120.022
1777127684.1395955,969,374,1.1740,0.3004,1.1746,0.3023,120.101
1777127684.2142465,971,375,1.1728,0.3044,1.1722,0.3031,120.175
1777127684.2935333,972,375,1.1692,0.3045,1.1695,0.3048,120.255
1777127684.3754258,973,375,1.1656,0.3045,1.1653,0.3045,120.337
1777127684.4577951,974,375,1.1620,0.3046,1.1623,0.3046,120.419
1777127684.5365546,974,375,1.1620,0.3046,1.1626,0.3046,120.498
1777127684.612832,973,375,1.1656,0.3045,1.1647,0.3049,120.574
1777127684.687938,973,375,1.1656,0.3045,1.1659,0.3036,120.649
1777127684.76724,973,374,1.1656,0.3009,1.1656,0.3015,120.728
1777127684.8416398,973,374,1.1656,0.3009,1.1656,0.3015,120.803
1777127684.9164212,973,375,1.1656,0.3045,1.1659,0.3036,120.878
1777127684.996441,973,375,1.1656,0.3045,1.1644,0.3049,120.958
1777127685.0806627,974,375,1.1620,0.3046,1.1639,0.3046,121.042
1777127685.1575503,973,375,1.1656,0.3045,1.1644,0.3049,121.119
1777127685.2321208,973,375,1.1656,0.3045,1.1659,0.3036,121.193
1777127685.308289,973,374,1.1656,0.3009,1.1656,0.3018,121.269
1777127685.3864477,973,374,1.1656,0.3009,1.1656,0.3003,121.348
1777127685.4627168,973,374,1.1656,0.3009,1.1656,0.3018,121.424
1777127685.538709,973,375,1.1656,0.3045,1.1656,0.3036,121.500
1777127685.6143293,973,375,1.1656,0.3045,1.1656,0.3051,121.576
1777127685.6926095,973,375,1.1656,0.3045,1.1656,0.3033,121.654
1777127685.7765195,973,374,1.1656,0.3009,1.1656,0.3028,121.738
1777127685.8525672,973,375,1.1656,0.3045,1.1656,0.3036,121.814
1777127685.9261985,973,375,1.1656,0.3045,1.1656,0.3036,121.887
1777127686.0004628,973,374,1.1656,0.3009,1.1656,0.3028,121.962
1777127686.0753462,973,375,1.1656,0.3045,1.1656,0.3033,122.037
1777127686.1521332,973,375,1.1656,0.3045,1.1656,0.3048,122.113
