timestamp,frame_x,frame_y,world_x_m,world_y_m,world_x_smooth_m,world_y_smooth_m,time_elapsed
1777127742.5112922,1330,281,,,-0.0998,-0.0402,0.000
1777127742.8498373,1330,281,,,-0.0998,-0.0402,0.339
1777127742.9663856,1330,281,,,-0.0998,-0.0402,0.455
1777127743.063029,1330,281,,,-0.0998,-0.0402,0.552
1777127743.1522388,1330,281,,,-0.0998,-0.0402,0.641
1777127743.242399,1330,281,,,-0.0998,-0.0402,0.731
1777127743.3403296,1330,281,,,-0.0998,-0.0402,0.829
1777127743.432882,1330,281,,,-0.0998,-0.0402,0.922
1777127743.5239224,1330,281,,,-0.0998,-0.0402,1.013
1777127743.6138608,1330,281,,,-0.0998,-0.0402,1.103
1777127743.713562,1330,281,,,-0.0998,-0.0402,1.202
1777127743.8076532,1330,281,,,-0.0998,-0.0402,1.296
1777127743.8987858,1330,281,,,-0.0998,-0.0402,1.387
1777127743.9877093,1330,281,,,-0.0998,-0.0402,1.476
1777127744.0894773,1330,281,,,-0.0998,-0.0402,1.578
1777127744.1678216,1330,281,,,-0.0998,-0.0402,1.657
1777127744.251786,1330,281,,,-0.0998,-0.0402,1.740
1777127744.3250542,1330,281,,,-0.0998,-0.0402,1.814
1777127744.4024692,1330,281,,,-0.0998,-0.0402,1.891
1777127744.47797,1330,281,,,-0.0998,-0.0402,1.967
1777127744.5707126,1330,281,,,-0.0998,-0.0402,2.059
1777127744.6532218,1330,281,,,-0.0998,-0.0402,2.142
1777127744.7337403,1330,281,,,-0.0998,-0.0402,2.222
1777127744.8127346,1330,281,,,-0.0998,-0.0402,2.301
1777127744.8900964,1330,281,,,-0.0998,-0.0402,2.379
1777127744.9678059,1330,281,,,-0.0998,-0.0402,2.457
1777127745.0486777,1330,281,,,-0.0998,-0.0402,2.537
1777127745.1224258,1330,281,,,-0.0998,-0.0402,2.611
1777127745.2005546,1330,281,,,-0.0998,-0.0402,2.689
1777127745.2714188,1330,281,,,-0.0998,-0.0402,2.760
1777127745.3456073,1330,281,,,-0.0998,-0.0402,2.834
1777127745.418665,1330,281,,,-0.0998,-0.0402,2.907
1777127745.4944758,1330,281,,,-0.0998,-0.0402,2.983
1777127745.5735471,1330,281,,,-0.0998,-0.0402,3.062
1777127745.6525679,1330,281,,,-0.0998,-0.0402,3.141
1777127745.7326562,1330,281,,,-0.0998,-0.0402,3.221
1777127745.8055801,1330,281,,,-0.0998,-0.0402,3.294
1777127745.8869336,1330,281,,,-0.0998,-0.0402,3.376
1777127745.9666827,1330,281,,,-0.0998,-0.0402,3.455
1777127746.0390573,1330,281,,,-0.0998,-0.0402,3.528
1777127746.1227887,1330,281,,,-0.0998,-0.0402,3.611
1777127746.2434654,1330,281,,,-0.0998,-0.0402,3.732
1777127746.3273277,1330,281,,,-0.0998,-0.0402,3.816
1777127746.4075284,1330,281,,,-0.0998,-0.0402,3.896
1777127746.4789712,1330,281,,,-0.0998,-0.0402,3.968
1777127746.548499,1330,281,,,-0.0998,-0.0402,4.037
1777127746.6185312,1330,281,,,-0.0998,-0.0402,4.107
1777127746.7018504,1330,281,,,-0.0998,-0.0402,4.191
1777127746.7868783,1330,281,,,-0.0998,-0.0402,4.276
1777127746.858233,1330,281,,,-0.0998,-0.0402,4.347
1777127746.933512,1330,281,,,-0.0998,-0.0402,4.422
1777127747.003269,1330,281,,,-0.0998,-0.0402,4.492
1777127747.0779912,1330,281,,,-0.0998,-0.0402,4.567
1777127747.1575963,1330,281,,,-0.0998,-0.0402,4.646
1777127747.2300966,1330,281,,,-0.0998,-0.0402,4.719
1777127747.3003292,1330,281,,,-0.0998,-0.0402,4.789
1777127747.3912413,1330,281,,,-0.0998,-0.0402,4.880
1777127747.486603,1330,281,,,-0.0998,-0.0402,4.975
1777127747.5734098,1330,281,,,-0.0998,-0.0402,5.062
1777127747.6558795,1330,281,,,-0.0998,-0.0402,5.145
1777127747.7360697,1330,281,,,-0.0998,-0.0402,5.225
1777127747.808392,1330,281,,,-0.0998,-0.0402,5.297
1777127747.878591,1330,281,,,-0.0998,-0.0402,5.367
1777127747.9487844,1330,281,,,-0.0998,-0.0402,5.437
1777127748.021388,1330,281,-0.0998,-0.0402,-0.0998,-0.0402,5.510
1777127748.0902839,1330,281,-0.0998,-0.0402,-0.0998,-0.0402,5.579
1777127748.162633,1330,281,-0.0998,-0.0402,-0.0998,-0.0402,5.651
1777127748.2329748,1330,281,-0.0998,-0.0402,-0.0998,-0.0402,5.722
1777127748.309299,1330,281,-0.0998,-0.0402,-0.0998,-0.0402,5.798
1777127748.3853269,1330,281,-0.0998,-0.0402,-0.0998,-0.0402,5.874
1777127748.4593432,1330,281,-0.0998,-0.0402,-0.0998,-0.0402,5.948
1777127748.5324929,1330,281,-0.0998,-0.0402,-0.0998,-0.0402,6.021
1777127748.6043677,1330,281,-0.0998,-0.0402,-0.0998,-0.0402,6.093
1777127748.6740322,1330,281,-0.0998,-0.0402,-0.0998,-0.0402,6.163
1777127748.7467968,1330,281,-0.0998,-0.0402,-0.0998,-0.0402,6.236
1777127748.8190336,1330,281,-0.0998,-0.0402,-0.0998,-0.0402,6.308
1777127748.889919,1330,281,-0.0998,-0.0402,-0.0998,-0.0402,6.379
1777127748.962582,1330,281,-0.0998,-0.0402,-0.0998,-0.0402,6.451
1777127749.0354838,1330,281,-0.0998,-0.0402,-0.0952,-0.0379,6.524
1777127749.1091883,1330,281,-0.0998,-0.0402,-0.1135,-0.0470,6.598
1777127749.1794224,1330,281,-0.1532,-0.0668,-0.1395,-0.0599,6.668
1777127749.2511373,1330,281,-0.1532,-0.0668,-0.1578,-0.0690,6.740
1777127749.3222897,1330,281,-0.1532,-0.0668,-0.1532,-0.0668,6.811
1777127749.3940449,1330,281,-0.1532,-0.0668,-0.1532,-0.0668,6.883
1777127749.464465,1330,281,-0.1532,-0.0668,-0.1532,-0.0668,6.953
1777127749.5447109,1330,281,-0.1532,-0.0668,-0.1532,-0.0668,7.033
1777127749.6191726,1330,281,-0.1532,-0.0668,-0.1532,-0.0668,7.108
1777127749.6891317,1330,281,-0.1532,-0.0668,-0.1532,-0.0668,7.178
1777127749.759804,1330,281,-0.1532,-0.0668,-0.1532,-0.0668,7.249
1777127749.8306243,1330,281,-0.1532,-0.0668,-0.1532,-0.0668,7.319
1777127749.9074192,1330,281,-0.1532,-0.0668,-0.1532,-0.0668,7.396
1777127749.9854953,1330,281,-0.1532,-0.0668,-0.1532,-0.0668,7.474
1777127750.054417,1330,281,-0.1532,-0.0668,-0.1532,-0.0668,7.543
1777127750.1324325,1330,281,-0.1532,-0.0668,-0.1532,-0.0668,7.621
1777127750.2061493,1330,281,-0.1532,-0.0668,-0.1532,-0.0668,7.695
1777127750.27819,1330,281,-0.1532,-0.0668,-0.1532,-0.0668,7.767
1777127750.363205,1330,281,-0.1532,-0.0668,-0.1532,-0.0668,7.852
1777127750.4386332,1330,281,-0.1532,-0.0668,-0.1532,-0.0668,7.927
1777127750.5180688,1330,281,-0.1532,-0.0668,-0.1532,-0.0668,8.007
1777127750.5944917,1330,281,-0.1532,-0.0668,-0.1532,-0.0668,8.083
1777127750.676394,1330,281,-0.1532,-0.0668,-0.1532,-0.0668,8.165
1777127750.7669017,1330,281,-0.1532,-0.0668,-0.1532,-0.0668,8.256
1777127750.8620787,1330,281,-0.1532,-0.0668,-0.1532,-0.0668,8.351
1777127750.958365,1330,281,-0.1532,-0.0668,-0.1532,-0.0668,8.447
1777127751.042408,1330,281,-0.1532,-0.0668,-0.1532,-0.0668,8.531
1777127751.1282036,1330,281,-0.1532,-0.0668,-0.1532,-0.0668,8.617
1777127751.20357,1330,281,-0.1532,-0.0668,-0.1532,-0.0668,8.692
1777127751.276167,1330,281,-0.1532,-0.0668,-0.1532,-0.0668,8.765
1777127751.3559053,1330,281,-0.1532,-0.0668,-0.1532,-0.0668,8.845
1777127751.431965,1330,281,-0.1532,-0.0668,-0.1532,-0.0668,8.921
1777127751.5092475,1330,281,-0.1532,-0.0668,-0.1532,-0.0668,8.998
1777127751.5816977,1330,281,-0.1532,-0.0668,-0.1532,-0.0668,9.070
1777127751.6559138,1330,281,-0.1532,-0.0668,-0.1532,-0.0668,9.145
1777127751.7270951,1330,281,-0.1532,-0.0668,-0.1532,-0.0668,9.216
1777127751.7978501,1330,281,-0.1532,-0.0668,-0.1532,-0.0668,9.287
1777127751.8695133,1330,281,-0.1532,-0.0668,-0.1532,-0.0668,9.358
1777127751.9428418,1330,281,-0.1532,-0.0668,-0.1532,-0.0668,9.432
1777127752.0166786,1330,281,-0.1532,-0.0668,-0.1532,-0.0668,9.505
1777127752.0895734,1330,281,-0.1532,-0.0668,-0.1532,-0.0668,9.578
1777127752.1611595,1330,281,-0.1532,-0.0668,-0.1532,-0.0668,9.650
1777127752.2347116,1330,281,-0.1532,-0.0668,-0.1532,-0.0668,9.723
1777127752.3044834,1330,281,-0.1532,-0.0668,-0.1532,-0.0668,9.793
1777127752.375807,1330,281,-0.1532,-0.0668,-0.1532,-0.0668,9.865
1777127752.457256,1330,281,-0.1532,-0.0668,-0.1532,-0.0668,9.946
1777127752.5367222,1330,281,-0.1532,-0.0668,-0.1532,-0.0668,10.025
1777127752.6121552,1330,281,-0.1532,-0.0668,-0.1532,-0.0668,10.101
1777127752.689019,1330,281,-0.1532,-0.0668,-0.1532,-0.0668,10.178
1777127752.7576354,1330,281,-0.1532,-0.0668,-0.1532,-0.0668,10.246
1777127752.8336968,1330,281,-0.1532,-0.0668,-0.1532,-0.0668,10.322
1777127752.9036555,1330,281,-0.1532,-0.0668,-0.1532,-0.0668,10.392
1777127752.983224,1330,281,-0.1532,-0.0668,-0.1532,-0.0668,10.472
1777127753.0602586,1330,281,-0.1532,-0.0668,-0.1532,-0.0668,10.549
1777127753.1310558,1330,281,-0.1532,-0.0668,-0.1532,-0.0668,10.620
1777127753.2030632,1330,281,-0.1532,-0.0668,-0.1532,-0.0668,10.692
1777127753.27759,1330,281,-0.1532,-0.0668,-0.1532,-0.0668,10.766
1777127753.349996,1330,281,-0.1532,-0.0668,-0.1532,-0.0668,10.839
1777127753.4234843,1330,281,-0.1532,-0.0668,-0.1532,-0.0668,10.912
1777127753.4932992,1330,281,-0.1532,-0.0668,-0.1532,-0.0668,10.982
1777127753.5652497,1330,281,-0.1532,-0.0668,-0.1532,-0.0668,11.054
1777127753.637003,1330,281,-0.1532,-0.0668,-0.1532,-0.0668,11.126
1777127753.707341,1330,281,-0.1532,-0.0668,-0.1532,-0.0668,11.196
1777127753.7765832,1330,281,-0.1532,-0.0668,-0.1532,-0.0668,11.265
1777127753.8468108,1330,281,-0.1532,-0.0668,-0.1532,-0.0668,11.336
1777127753.9162798,1330,281,-0.1532,-0.0668,-0.1532,-0.0668,11.405
1777127753.9883702,1330,281,-0.1532,-0.0668,-0.1532,-0.0668,11.477
1777127754.0640423,1330,281,-0.1532,-0.0668,-0.1532,-0.0668,11.553
1777127754.141487,1330,281,-0.1532,-0.0668,-0.1532,-0.0668,11.630
1777127754.2121782,1330,281,-0.1532,-0.0668,-0.1532,-0.0668,11.701
1777127754.2856238,1330,281,-0.1532,-0.0668,-0.1532,-0.0668,11.774
1777127754.355431,1330,281,-0.1532,-0.0668,-0.1532,-0.0668,11.844
1777127754.4324472,1330,281,-0.1532,-0.0668,-0.1532,-0.0668,11.921
1777127754.5087802,1330,281,-0.1532,-0.0668,-0.1532,-0.0668,11.997
1777127754.5812263,1330,281,-0.1532,-0.0668,-0.1532,-0.0668,12.070
1777127754.6516633,1330,281,-0.1532,-0.0668,-0.1532,-0.0668,12.140
1777127754.7285876,1330,281,-0.1532,-0.0668,-0.1532,-0.0668,12.217
1777127754.8082914,1330,281,-0.1532,-0.0668,-0.1532,-0.0668,12.297
1777127754.8853188,1330,281,-0.1532,-0.0668,-0.1532,-0.0668,12.374
1777127754.9564383,1330,281,-0.1532,-0.0668,-0.1532,-0.0668,12.445
1777127755.0271552,1330,281,-0.1532,-0.0668,-0.1540,-0.0680,12.516
1777127755.0983732,1330,281,-0.1532,-0.0668,-0.1507,-0.0632,12.587
1777127755.165874,1330,281,-0.1436,-0.0528,-0.1460,-0.0564,12.655
1777127755.232732,1330,281,-0.1436,-0.0528,-0.1427,-0.0516,12.721
1777127755.3020248,1330,281,-0.1436,-0.0528,-0.1436,-0.0528,12.791
1777127755.369306,1330,281,-0.1436,-0.0528,-0.1436,-0.0528,12.858
1777127755.442859,1330,281,-0.1436,-0.0528,-0.1436,-0.0528,12.932
1777127755.5161555,1330,281,-0.1436,-0.0528,-0.1436,-0.0528,13.005
1777127755.58691,1330,281,-0.1436,-0.0528,-0.1436,-0.0528,13.076
1777127755.6635172,1330,281,-0.1436,-0.0528,-0.1436,-0.0528,13.152
1777127755.732327,1330,281,-0.1436,-0.0528,-0.1436,-0.0528,13.221
1777127755.8069608,1330,281,-0.1436,-0.0528,-0.1436,-0.0528,13.296
1777127755.8763156,1330,281,-0.1436,-0.0528,-0.1436,-0.0528,13.365
1777127755.950352,1330,281,-0.1436,-0.0528,-0.1436,-0.0528,13.439
1777127756.020507,1330,281,-0.1436,-0.0528,-0.1436,-0.0528,13.509
1777127756.0934453,1330,281,-0.1436,-0.0528,-0.1436,-0.0528,13.582
1777127756.1619728,1330,281,-0.1436,-0.0528,-0.1436,-0.0528,13.651
1777127756.2411375,1330,281,-0.1436,-0.0528,-0.1436,-0.0528,13.730
1777127756.3085773,1330,281,-0.1436,-0.0528,-0.1436,-0.0528,13.797
1777127756.375252,1330,281,-0.1436,-0.0528,-0.1436,-0.0528,13.864
1777127756.4433014,1330,281,-0.1436,-0.0528,-0.1436,-0.0528,13.932
1777127756.5116498,1330,281,-0.1436,-0.0528,-0.1436,-0.0528,14.000
1777127756.5790477,1330,281,-0.1436,-0.0528,-0.1436,-0.0528,14.068
1777127756.6463253,1330,281,-0.1436,-0.0528,-0.1436,-0.0528,14.135
1777127756.7273052,1330,281,-0.1436,-0.0528,-0.1436,-0.0528,14.216
1777127756.7945719,1330,281,-0.1436,-0.0528,-0.1436,-0.0528,14.283
1777127756.8619123,1330,281,-0.1436,-0.0528,-0.1436,-0.0528,14.351
1777127756.9360402,1330,281,-0.1436,-0.0528,-0.1436,-0.0528,14.425
1777127757.0103385,1330,281,-0.1436,-0.0528,-0.1436,-0.0528,14.499
1777127757.0771117,1330,281,-0.1436,-0.0528,-0.1436,-0.0528,14.566
1777127757.1442902,1330,281,-0.1436,-0.0528,-0.1436,-0.0528,14.633
1777127757.211165,1330,281,-0.1436,-0.0528,-0.1436,-0.0528,14.700
1777127757.2789366,1330,281,-0.1436,-0.0528,-0.1436,-0.0528,14.768
1777127757.345945,1330,281,-0.1436,-0.0528,-0.1436,-0.0528,14.835
1777127757.4142,1330,281,-0.1436,-0.0528,-0.1436,-0.0528,14.903
1777127757.4870408,1330,281,-0.1436,-0.0528,-0.1436,-0.0528,14.976
1777127757.557521,1330,281,-0.1436,-0.0528,-0.1436,-0.0528,15.046
1777127757.62568,1330,281,-0.1436,-0.0528,-0.1436,-0.0528,15.114
1777127757.6940894,1330,281,-0.1436,-0.0528,-0.1436,-0.0528,15.183
1777127757.760397,1330,281,-0.1436,-0.0528,-0.1436,-0.0528,15.249
1777127757.8292415,1330,281,-0.1436,-0.0528,-0.1436,-0.0528,15.318
1777127757.9020627,1330,281,-0.1436,-0.0528,-0.1436,-0.0528,15.391
1777127757.9754813,1330,281,-0.1436,-0.0528,-0.1436,-0.0528,15.464
1777127758.0420108,1330,281,-0.1436,-0.0528,-0.1436,-0.0528,15.531
1777127758.110294,1330,281,-0.1436,-0.0528,-0.1436,-0.0528,15.599
1777127758.1863947,1330,281,-0.1436,-0.0528,-0.1436,-0.0528,15.675
1777127758.2545598,1330,281,-0.1436,-0.0528,-0.1436,-0.0528,15.743
1777127758.32153,1330,281,-0.1436,-0.0528,-0.1436,-0.0528,15.810
1777127758.3925807,1330,281,-0.1436,-0.0528,-0.1436,-0.0528,15.881
1777127758.4589584,1330,281,-0.1436,-0.0528,-0.1436,-0.0528,15.948
1777127758.5264082,1330,281,-0.1436,-0.0528,-0.1436,-0.0528,16.015
1777127758.5944114,1330,281,-0.1436,-0.0528,-0.1436,-0.0528,16.083
1777127758.6612253,1330,281,-0.1436,-0.0528,-0.1436,-0.0528,16.150
1777127758.7287707,1330,281,-0.1436,-0.0528,-0.1436,-0.0528,16.217
1777127758.8025253,1330,281,-0.1436,-0.0528,-0.1436,-0.0528,16.291
1777127758.8690467,1330,281,-0.1436,-0.0528,-0.1436,-0.0528,16.358
1777127758.9456494,1330,281,-0.1436,-0.0528,-0.1436,-0.0528,16.434
1777127759.0214694,1330,281,-0.1436,-0.0528,-0.1436,-0.0528,16.510
1777127759.0933325,1330,281,-0.1436,-0.0528,-0.1436,-0.0528,16.582
1777127759.1601238,1330,281,-0.1436,-0.0528,-0.1436,-0.0528,16.649
1777127759.22715,1330,281,-0.1436,-0.0528,-0.1436,-0.0528,16.716
1777127759.2989397,1330,281,-0.1436,-0.0528,-0.1436,-0.0528,16.788
1777127759.370557,1330,281,-0.1436,-0.0528,-0.1436,-0.0528,16.859
1777127759.4376779,1330,281,-0.1436,-0.0528,-0.1436,-0.0528,16.926
1777127759.5127113,1330,281,-0.1436,-0.0528,-0.1436,-0.0528,17.001
1777127759.5853639,1330,281,-0.1436,-0.0528,-0.1436,-0.0528,17.074
1777127759.6571546,1330,281,-0.1436,-0.0528,-0.1436,-0.0528,17.146
1777127759.7245264,1330,281,-0.1436,-0.0528,-0.1436,-0.0528,17.213
1777127759.7943084,1330,281,-0.1436,-0.0528,-0.1436,-0.0528,17.283
1777127759.8604841,1330,281,-0.1436,-0.0528,-0.1436,-0.0528,17.349
1777127759.930328,1330,281,-0.1436,-0.0528,-0.1436,-0.0528,17.419
1777127760.00269,1330,281,-0.1436,-0.0528,-0.1436,-0.0528,17.491
1777127760.082886,1330,281,-0.1436,-0.0528,-0.1436,-0.0528,17.572
1777127760.1518745,1330,281,-0.1436,-0.0528,-0.1436,-0.0528,17.641
1777127760.223074,1330,281,-0.1436,-0.0528,-0.1436,-0.0528,17.712
1777127760.2897289,1330,281,-0.1436,-0.0528,-0.1436,-0.0528,17.778
1777127760.3574653,1330,281,-0.1436,-0.0528,-0.1436,-0.0528,17.846
1777127760.4255843,1330,281,-0.1436,-0.0528,-0.1436,-0.0528,17.914
1777127760.5003822,1330,281,-0.1436,-0.0528,-0.1436,-0.0528,17.989
1777127760.5693958,1330,281,-0.1436,-0.0528,-0.1436,-0.0528,18.058
1777127760.6369643,1330,281,-0.1436,-0.0528,-0.1481,-0.0546,18.126
1777127760.7040558,1330,281,-0.1436,-0.0528,-0.1301,-0.0474,18.193
1777127760.7814674,1330,281,-0.0911,-0.0307,-0.1046,-0.0355,18.270
1777127760.8515823,1330,282,-0.0911,-0.0272,-0.0866,-0.0262,18.340
1777127760.9228628,1330,282,-0.0911,-0.0272,-0.0911,-0.0269,18.412
1777127760.9996147,1330,282,-0.0911,-0.0272,-0.0911,-0.0272,18.488
1777127761.0709136,1330,282,-0.0911,-0.0272,-0.0911,-0.0272,18.560
1777127761.1463997,1330,282,-0.0911,-0.0272,-0.0911,-0.0278,18.635
1777127761.2197893,1330,282,-0.0911,-0.0272,-0.0911,-0.0260,18.708
1777127761.292216,1330,284,-0.0911,-0.0202,-0.0914,-0.0208,18.781
1777127761.3686938,1330,286,-0.0911,-0.0131,-0.0902,-0.0128,18.857
1777127761.4453115,1329,288,-0.0875,-0.0061,-0.0884,-0.0070,18.934
1777127761.5161488,1329,289,-0.0875,-0.0026,-0.0869,-0.0014,19.005
1777127761.5873232,1329,291,-0.0875,0.0044,-0.0884,0.0038,19.076
1777127761.6605425,1330,292,-0.0910,0.0080,-0.0901,0.0074,19.149
1777127761.734609,1330,292,-0.0910,0.0080,-0.0913,0.0089,19.223
1777127761.8063004,1330,293,-0.0910,0.0115,-0.0910,0.0109,19.295
1777127761.8761716,1330,294,-0.0910,0.0151,-0.0910,0.0160,19.365
1777127761.9480646,1330,296,-0.0910,0.0221,-0.0910,0.0209,19.437
1777127762.020632,1330,297,-0.0909,0.0256,-0.0909,0.0269,19.509
1777127762.0925298,1330,299,-0.0909,0.0327,-0.0909,0.0318,19.581
1777127762.1682284,1330,300,-0.0909,0.0362,-0.0909,0.0368,19.657
1777127762.24795,1330,301,-0.0909,0.0398,-0.0909,0.0385,19.737
1777127762.318443,1330,301,-0.0909,0.0398,-0.0909,0.0416,19.807
1777127762.388171,1330,303,-0.0909,0.0468,-0.0912,0.0453,19.877
1777127762.4648414,1330,304,-0.0909,0.0503,-0.0896,0.0515,19.954
1777127762.5359108,1329,306,-0.0873,0.0573,-0.0891,0.0561,20.025
1777127762.6073682,1330,307,-0.0908,0.0609,-0.0896,0.0621,20.096
1777127762.6790204,1330,309,-0.0908,0.0680,-0.0911,0.0671,20.168
1777127762.7488384,1330,310,-0.0908,0.0715,-0.0908,0.0718,20.238
1777127762.823207,1330,311,-0.0908,0.0750,-0.0908,0.0750,20.312
1777127762.8931985,1330,312,-0.0908,0.0786,-0.0905,0.0786,20.382
1777127762.9638674,1330,313,-0.0907,0.0821,-0.0879,0.0806,20.453
1777127763.0341778,1331,314,-0.0943,0.0857,-0.1043,0.0901,20.523
1777127763.112789,1330,316,-0.1380,0.1064,-0.1284,0.1017,20.601
1777127763.1840396,1331,317,-0.1419,0.1099,-0.1437,0.1123,20.673
1777127763.2587166,1330,319,-0.1382,0.1171,-0.1395,0.1162,20.747
1777127763.3298445,1330,320,-0.1383,0.1207,-0.1380,0.1207,20.819
1777127763.402497,1330,321,-0.1384,0.1243,-0.1384,0.1252,20.891
1777127763.48063,1330,323,-0.1385,0.1315,-0.1385,0.1305,20.969
1777127763.5555305,1330,324,-0.1386,0.1350,-0.1386,0.1350,21.044
1777127763.6332276,1330,325,-0.1387,0.1386,-0.1387,0.1395,21.122
1777127763.7073705,1330,327,-0.1388,0.1458,-0.1391,0.1449,21.196
1777127763.7800422,1330,328,-0.1389,0.1494,-0.1379,0.1494,21.269
1777127763.8509407,1329,329,-0.1351,0.1530,-0.1358,0.1539,21.340
1777127763.9226408,1329,331,-0.1353,0.1602,-0.1359,0.1593,21.411
1777127763.998901,1330,332,-0.1392,0.1637,-0.1382,0.1640,21.488
1777127764.0691216,1330,333,-0.1392,0.1673,-0.1396,0.1673,21.558
1777127764.1395223,1330,334,-0.1393,0.1709,-0.1393,0.1709,21.628
1777127764.2153513,1330,335,-0.1394,0.1744,-0.1394,0.1741,21.704
1777127764.2948503,1330,336,-0.1394,0.1780,-0.1395,0.1790,21.784
1777127764.3657758,1330,338,-0.1396,0.1852,-0.1399,0.1843,21.854
1777127764.4469578,1330,339,-0.1397,0.1888,-0.1384,0.1888,21.936
1777127764.5172317,1329,340,-0.1359,0.1925,-0.1379,0.1930,22.006
1777127764.589071,1330,342,-0.1399,0.1996,-0.1386,0.1996,22.078
1777127764.6591358,1330,344,-0.1400,0.2067,-0.1403,0.2061,22.148
1777127764.733313,1330,345,-0.1401,0.2103,-0.1401,0.2103,22.222
1777127764.8079164,1330,346,-0.1402,0.2139,-0.1402,0.2151,22.297
1777127764.879314,1330,348,-0.1403,0.2211,-0.1403,0.2189,22.368
1777127764.9562516,1330,348,-0.1403,0.2211,-0.1404,0.2232,22.445
1777127765.0273452,1330,350,-0.1405,0.2283,-0.1404,0.2270,22.516
1777127765.103898,1330,351,-0.1405,0.2319,-0.1409,0.2319,22.593
1777127765.1744173,1330,352,-0.1406,0.2355,-0.1396,0.2364,22.663
1777127765.2452536,1329,354,-0.1369,0.2427,-0.1379,0.2418,22.734
1777127765.3155646,1329,355,-0.1370,0.2463,-0.1363,0.2466,22.804
1777127765.3864524,1329,356,-0.1371,0.2499,-0.1380,0.2496,22.875
1777127765.4619503,1330,357,-0.1410,0.2534,-0.1403,0.2541,22.951
1777127765.5311997,1330,359,-0.1411,0.2606,-0.1404,0.2603,23.020
1777127765.6074789,1329,361,-0.1374,0.2679,-0.1384,0.2682,23.096
1777127765.677795,1329,363,-0.1376,0.2751,-0.1372,0.2745,23.167
1777127765.752773,1329,364,-0.1376,0.2787,-0.1376,0.2787,23.241
1777127765.8287501,1329,365,-0.1377,0.2823,-0.1374,0.2835,23.317
1777127765.8992515,1329,367,-0.1379,0.2895,-0.1388,0.2876,23.388
1777127765.9707847,1330,367,-0.1417,0.2894,-0.1407,0.2903,23.459
1777127766.0491817,1330,368,-0.1418,0.2930,-0.1421,0.2933,23.538
1777127766.118168,1330,370,-0.1419,0.3002,-0.1419,0.3002,23.607
1777127766.1882772,1330,372,-0.1420,0.3074,-0.1420,0.3065,23.677
1777127766.260046,1330,373,-0.1421,0.3110,-0.1421,0.3122,23.749
1777127766.335987,1330,375,-0.1423,0.3182,-0.1422,0.3173,23.825
1777127766.4066436,1330,376,-0.1423,0.3218,-0.1423,0.3224,23.895
1777127766.487451,1330,377,-0.1424,0.3254,-0.1440,0.3240,23.976
1777127766.557986,1330,377,-0.1424,0.3254,-0.1379,0.3278,24.047
1777127766.6289878,1331,379,-0.1236,0.3347,-0.1275,0.3329,24.118
1777127766.6994421,1330,380,-0.1199,0.3383,-0.1189,0.3385,24.188
1777127766.771,1330,381,-0.1198,0.3419,-0.1204,0.3428,24.260
1777127766.842003,1331,383,-0.1232,0.3491,-0.1223,0.3482,24.331
1777127766.9141192,1331,384,-0.1231,0.3528,-0.1237,0.3531,24.403
1777127766.9951303,1331,385,-0.1230,0.3564,-0.1221,0.3563,24.484
1777127767.0662673,1330,386,-0.1194,0.3599,-0.1200,0.3599,24.555
1777127767.143954,1330,387,-0.1193,0.3635,-0.1202,0.3632,24.633
1777127767.2152135,1331,388,-0.1228,0.3672,-0.1209,0.3678,24.704
1777127767.2869039,1330,390,-0.1190,0.3744,-0.1199,0.3744,24.776
1777127767.3676333,1330,392,-0.1188,0.3816,-0.1198,0.3810,24.856
1777127767.4448156,1331,393,-0.1223,0.3852,-0.1208,0.3855,24.934
1777127767.5156698,1330,394,-0.1186,0.3888,-0.1186,0.3888,25.004
1777127767.5879874,1329,395,-0.1150,0.3923,-0.1165,0.3921,25.077
1777127767.665409,1330,396,-0.1185,0.3960,-0.1172,0.3969,25.154
1777127767.7358375,1330,398,-0.1183,0.4032,-0.1186,0.4023,25.225
1777127767.806216,1330,399,-0.1182,0.4068,-0.1182,0.4068,25.295
1777127767.8790047,1330,400,-0.1181,0.4104,-0.1181,0.4113,25.368
1777127767.9510424,1330,402,-0.1179,0.4176,-0.1183,0.4164,25.440
1777127768.0287008,1330,403,-0.1178,0.4212,-0.1166,0.4224,25.517
1777127768.1049633,1329,405,-0.1141,0.4284,-0.1159,0.4275,25.594
1777127768.1753492,1330,406,-0.1176,0.4320,-0.1163,0.4323,25.664
1777127768.2480464,1330,407,-0.1175,0.4356,-0.1181,0.4353,25.737
1777127768.325552,1330,408,-0.1174,0.4392,-0.1164,0.4402,25.814
1777127768.3983097,1329,410,-0.1136,0.4464,-0.1146,0.4455,25.887
1777127768.468205,1329,411,-0.1135,0.4500,-0.1132,0.4500,25.957
1777127768.544683,1329,412,-0.1134,0.4536,-0.1134,0.4545,26.033
1777127768.6160433,1329,414,-0.1133,0.4608,-0.1133,0.4599,26.105
1777127768.6932561,1329,415,-0.1132,0.4644,-0.1132,0.4644,26.182
1777127768.769488,1329,416,-0.1131,0.4680,-0.1131,0.4689,26.258
1777127768.8456295,1329,418,-0.1129,0.4752,-0.1129,0.4743,26.334
1777127768.9167657,1329,419,-0.1128,0.4788,-0.1128,0.4788,26.405
1777127768.9911644,1329,420,-0.1127,0.4824,-0.1127,0.4833,26.480
1777127769.0715492,1329,422,-0.1126,0.4896,-0.1129,0.4887,26.560
1777127769.1425123,1329,423,-0.1125,0.4932,-0.1112,0.4932,26.631
1777127769.2124543,1328,424,-0.1088,0.4968,-0.1106,0.4977,26.701
1777127769.2823684,1329,426,-0.1122,0.5040,-0.1113,0.5031,26.771
1777127769.3515623,1329,427,-0.1121,0.5076,-0.1112,0.5079,26.840
1777127769.4358065,1328,428,-0.1084,0.5111,-0.1103,0.5109,26.925
1777127769.5110054,1329,429,-0.1119,0.5148,-0.1107,0.5157,27.000
1777127769.5904312,1329,431,-0.1118,0.5220,-0.1124,0.5207,27.079
1777127769.6687162,1329,432,-0.1117,0.5256,-0.1107,0.5268,27.157
1777127769.7393372,1328,434,-0.1079,0.5327,-0.1092,0.5318,27.228
1777127769.8120759,1328,435,-0.1078,0.5363,-0.1063,0.5366,27.301
1777127769.8834596,1327,436,-0.1041,0.5399,-0.1060,0.5399,27.372
1777127769.9543407,1328,437,-0.1076,0.5435,-0.1064,0.5432,27.443
1777127770.030424,1328,438,-0.1075,0.5471,-0.1078,0.5480,27.519
1777127770.1050956,1328,440,-0.1074,0.5543,-0.1074,0.5533,27.594
1777127770.1780438,1328,441,-0.1073,0.5579,-0.1076,0.5579,27.667
1777127770.2485132,1328,442,-0.1072,0.5615,-0.1059,0.5624,27.737
1777127770.3204622,1327,444,-0.1034,0.5686,-0.1053,0.5677,27.809
1777127770.3933299,1328,445,-0.1069,0.5722,-0.1060,0.5725,27.882
1777127770.472629,1328,446,-0.1068,0.5758,-0.1059,0.5755,27.961
1777127770.5427613,1327,447,-0.1032,0.5794,-0.1050,0.5803,28.031
1777127770.6182358,1328,449,-0.1066,0.5866,-0.1057,0.5857,28.107
1777127770.688798,1328,450,-0.1065,0.5902,-0.1059,0.5905,28.178
1777127770.7603898,1327,451,-0.1028,0.5937,-0.1037,0.5937,28.249
1777127770.836856,1327,452,-0.1027,0.5973,-0.1024,0.5970,28.326
1777127770.9075272,1327,453,-0.1026,0.6009,-0.1026,0.6018,28.396
1777127770.9841545,1327,455,-0.1025,0.6081,-0.1025,0.6072,28.473
1777127771.0625393,1327,456,-0.1024,0.6117,-0.1024,0.6120,28.551
1777127771.1326725,1327,457,-0.1023,0.6153,-0.1023,0.6150,28.621
1777127771.2008636,1327,458,-0.1022,0.6189,-0.1025,0.6198,28.690
1777127771.270924,1327,460,-0.1020,0.6260,-0.1011,0.6248,28.760
1777127771.3412151,1326,461,-0.0983,0.6296,-0.0992,0.6308,28.830
1777127771.4162626,1326,463,-0.0982,0.6367,-0.0979,0.6358,28.905
1777127771.4889774,1326,464,-0.0981,0.6403,-0.0981,0.6403,28.978
1777127771.5655925,1326,465,-0.0980,0.6439,-0.0983,0.6448,29.054
1777127771.6443648,1326,467,-0.0978,0.6511,-0.0966,0.6502,29.133
1777127771.7157793,1325,468,-0.0941,0.6546,-0.0960,0.6550,29.204
1777127771.7966182,1326,469,-0.0976,0.6583,-0.0967,0.6582,29.285
1777127771.8688123,1326,470,-0.0976,0.6618,-0.0966,0.6615,29.358
1777127771.9444072,1325,471,-0.0939,0.6654,-0.0957,0.6663,29.433
1777127772.0152287,1326,473,-0.0973,0.6726,-0.0961,0.6714,29.504
1777127772.0860982,1326,474,-0.0972,0.6762,-0.0978,0.6771,29.575
1777127772.1625354,1326,476,-0.0970,0.6833,-0.0961,0.6833,29.651
1777127772.2338512,1325,478,-0.0933,0.6905,-0.0942,0.6899,29.723
1777127772.3036828,1325,479,-0.0932,0.6940,-0.0929,0.6943,29.792
1777127772.38381,1325,480,-0.0931,0.6976,-0.0931,0.6976,29.873
1777127772.455329,1325,481,-0.0930,0.7012,-0.0930,0.7009,29.944
1777127772.5332067,1325,482,-0.0929,0.7048,-0.0929,0.7057,30.022
1777127772.603091,1325,484,-0.0927,0.7120,-0.0928,0.7107,30.092
1777127772.6745942,1325,485,-0.0927,0.7155,-0.0929,0.7168,30.163
1777127772.7454329,1325,487,-0.0925,0.7227,-0.0916,0.7215,30.234
1777127772.829287,1324,488,-0.0888,0.7262,-0.0897,0.7275,30.318
1777127772.9024737,1324,490,-0.0886,0.7334,-0.0880,0.7325,30.391
1777127772.9747,1324,491,-0.0885,0.7370,-0.0898,0.7373,30.463
1777127773.0455594,1325,492,-0.0920,0.7406,-0.0902,0.7406,30.534
1777127773.1170788,1324,493,-0.0884,0.7441,-0.0896,0.7438,30.606
1777127773.1897194,1324,494,-0.0883,0.7477,-0.0883,0.7486,30.678
1777127773.2660782,1324,496,-0.0881,0.7548,-0.0872,0.7539,30.755
1777127773.3446195,1323,497,-0.0844,0.7584,-0.0854,0.7587,30.833
1777127773.415394,1323,498,-0.0844,0.7620,-0.0840,0.7620,30.904
1777127773.4863636,1323,499,-0.0843,0.7655,-0.0843,0.7655,30.975
1777127773.5578144,1323,500,-0.0842,0.7691,-0.0842,0.7691,31.047
1777127773.6296,1323,501,-0.0841,0.7727,-0.0841,0.7724,31.118
1777127773.7055817,1323,502,-0.0840,0.7763,-0.0843,0.7769,31.194
1777127773.7843578,1323,504,-0.0838,0.7834,-0.0829,0.7834,31.273
1777127773.8551984,1322,506,-0.0801,0.7905,-0.0810,0.7899,31.344
1777127773.9269245,1322,507,-0.0800,0.7941,-0.0797,0.7944,31.416
1777127773.9998689,1322,508,-0.0799,0.7977,-0.0799,0.7977,31.489
1777127774.0775528,1322,509,-0.0798,0.8012,-0.0798,0.8009,31.566
1777127774.1510835,1322,510,-0.0797,0.8048,-0.0800,0.8057,31.640
1777127774.222391,1322,512,-0.0796,0.8120,-0.0787,0.8110,31.711
1777127774.2972782,1321,513,-0.0759,0.8155,-0.0768,0.8155,31.786
1777127774.3682964,1321,514,-0.0758,0.8191,-0.0755,0.8200,31.857
1777127774.4393768,1321,516,-0.0756,0.8262,-0.0757,0.8253,31.928
1777127774.5094037,1321,517,-0.0755,0.8298,-0.0755,0.8298,31.998
1777127774.5806544,1321,518,-0.0755,0.8333,-0.0754,0.8343,32.069
1777127774.6554837,1321,520,-0.0753,0.8405,-0.0753,0.8396,32.144
1777127774.7266057,1321,521,-0.0752,0.8441,-0.0752,0.8441,32.215
1777127774.7991166,1321,522,-0.0751,0.8476,-0.0751,0.8485,32.288
1777127774.8775449,1321,524,-0.0749,0.8548,-0.0753,0.8538,32.366
1777127774.9545228,1321,525,-0.0748,0.8583,-0.0736,0.8583,32.443
1777127775.0230887,1320,526,-0.0712,0.8619,-0.0733,0.8628,32.512
1777127775.0930514,1321,528,-0.0746,0.8690,-0.0725,0.8681,32.582
1777127775.163837,1320,529,-0.0709,0.8726,-0.0721,0.8729,32.653
1777127775.2342165,1320,530,-0.0708,0.8761,-0.0705,0.8761,32.723
1777127775.3070064,1320,531,-0.0708,0.8797,-0.0705,0.8794,32.796
1777127775.3785646,1320,532,-0.0707,0.8833,-0.0716,0.8842,32.867
1777127775.4489913,1321,534,-0.0741,0.8904,-0.0735,0.8892,32.938
1777127775.523987,1321,535,-0.0740,0.8940,-0.0733,0.8952,33.013
1777127775.5950506,1320,537,-0.0702,0.9011,-0.0712,0.9002,33.084
1777127775.6666963,1320,538,-0.0701,0.9047,-0.0698,0.9050,33.155
1777127775.7446795,1320,539,-0.0701,0.9082,-0.0701,0.9079,33.233
1777127775.8158047,1320,540,-0.0700,0.9118,-0.0700,0.9127,33.305
1777127775.8877754,1320,542,-0.0698,0.9189,-0.0698,0.9180,33.376
1777127775.96462,1320,543,-0.0697,0.9225,-0.0697,0.9225,33.453
1777127776.0446599,1320,544,-0.0696,0.9260,-0.0696,0.9270,33.533
1777127776.1205237,1320,546,-0.0695,0.9332,-0.0695,0.9322,33.609
1777127776.1921802,1320,547,-0.0694,0.9367,-0.0700,0.9370,33.681
1777127776.2635098,1320,548,-0.0693,0.9403,-0.0671,0.9403,33.752
1777127776.3340251,1318,549,-0.0621,0.9438,-0.0648,0.9435,33.823
1777127776.4143748,1319,550,-0.0655,0.9474,-0.0643,0.9483,33.903
1777127776.485164,1319,552,-0.0654,0.9545,-0.0645,0.9533,33.974
1777127776.556132,1318,553,-0.0617,0.9580,-0.0638,0.9593,34.045
1777127776.6315346,1319,555,-0.0651,0.9652,-0.0630,0.9642,34.120
1777127776.7054899,1318,556,-0.0614,0.9687,-0.0627,0.9690,34.194
1777127776.7776284,1318,557,-0.0614,0.9723,-0.0611,0.9719,34.266
1777127776.8482726,1318,558,-0.0613,0.9758,-0.0613,0.9764,34.337
1777127776.920769,1318,560,-0.0611,0.9829,-0.0611,0.9829,34.409
1777127776.9958682,1318,562,-0.0609,0.9900,-0.0610,0.9891,34.485
1777127777.0671623,1318,563,-0.0608,0.9936,-0.0608,0.9945,34.556
1777127777.1431234,1318,565,-0.0607,1.0007,-0.0607,1.0007,34.632
1777127777.2146218,1318,567,-0.0605,1.0078,-0.0608,1.0072,34.703
1777127777.284904,1318,568,-0.0604,1.0114,-0.0595,1.0117,34.774
1777127777.3572536,1317,569,-0.0568,1.0149,-0.0574,1.0149,34.846
1777127777.4270124,1317,570,-0.0567,1.0185,-0.0576,1.0182,34.916
1777127777.498534,1318,571,-0.0602,1.0221,-0.0583,1.0229,34.987
1777127777.5689702,1317,573,-0.0564,1.0291,-0.0577,1.0279,35.058
1777127777.6402214,1317,574,-0.0563,1.0327,-0.0560,1.0339,35.129
1777127777.7168589,1317,576,-0.0562,1.0398,-0.0562,1.0389,35.206
1777127777.7875516,1317,577,-0.0561,1.0433,-0.0561,1.0436,35.276
1777127777.859916,1317,578,-0.0560,1.0469,-0.0563,1.0469,35.349
1777127777.9305406,1317,579,-0.0559,1.0504,-0.0550,1.0504,35.419
1777127778.0024364,1316,580,-0.0522,1.0540,-0.0532,1.0537,35.491
1777127778.078094,1316,581,-0.0522,1.0575,-0.0518,1.0584,35.567
1777127778.1508799,1316,583,-0.0520,1.0646,-0.0520,1.0634,35.640
1777127778.2254643,1316,584,-0.0519,1.0682,-0.0519,1.0695,35.714
1777127778.3019001,1316,586,-0.0517,1.0753,-0.0515,1.0741,35.791
1777127778.3708186,1316,587,-0.0519,1.0778,-0.0530,1.0784,35.860
1777127778.4461899,1317,588,-0.0553,1.0814,-0.0532,1.0810,35.935
1777127778.5143917,1316,589,-0.0517,1.0849,-0.0541,1.0858,36.003
1777127778.5883307,1317,591,-0.0551,1.0920,-0.0530,1.0911,36.077
1777127778.662613,1316,592,-0.0514,1.0956,-0.0527,1.0956,36.151
1777127778.7299485,1316,593,-0.0514,1.0991,-0.0510,1.1000,36.219
1777127778.7999408,1316,595,-0.0512,1.1062,-0.0515,1.1053,36.289
1777127778.8686252,1316,596,-0.0511,1.1097,-0.0502,1.1100,36.357
1777127778.935589,1315,597,-0.0475,1.1132,-0.0484,1.1133,36.424
1777127779.003896,1315,598,-0.0474,1.1168,-0.0471,1.1168,36.493
1777127779.0705497,1315,599,-0.0473,1.1203,-0.0476,1.1203,36.559
1777127779.1363935,1315,600,-0.0472,1.1239,-0.0463,1.1239,36.625
1777127779.2107217,1314,601,-0.0436,1.1274,-0.0442,1.1271,36.699
1777127779.285309,1314,602,-0.0435,1.1309,-0.0444,1.1318,36.774
1777127779.352348,1315,604,-0.0469,1.1381,-0.0451,1.1371,36.841
1777127779.4200885,1314,605,-0.0432,1.1416,-0.0445,1.1416,36.909
1777127779.4879766,1314,606,-0.0432,1.1451,-0.0431,1.1460,36.977
1777127779.5560007,1314,608,-0.0430,1.1522,-0.0421,1.1513,37.045
1777127779.626377,1313,609,-0.0394,1.1557,-0.0403,1.1560,37.115
1777127779.6958115,1313,610,-0.0393,1.1592,-0.0393,1.1592,37.185
1777127779.764309,1313,611,-0.0392,1.1628,-0.0383,1.1625,37.253
1777127779.8380399,1312,612,-0.0355,1.1663,-0.0364,1.1672,37.327
1777127779.907404,1312,614,-0.0354,1.1734,-0.0354,1.1724,37.396
1777127779.9759824,1312,615,-0.0353,1.1769,-0.0347,1.1769,37.465
1777127780.0498796,1311,616,-0.0317,1.1804,-0.0316,1.1813,37.539
1777127780.1216197,1310,618,-0.0279,1.1874,-0.0289,1.1865,37.610
1777127780.1947927,1310,619,-0.0279,1.1910,-0.0266,1.1913,37.684
1777127780.264076,1309,620,-0.0242,1.1945,-0.0254,1.1948,37.753
1777127780.338444,1309,621,-0.0241,1.1980,-0.0229,1.1968,37.827
1777127780.4063292,1308,621,-0.0206,1.1980,-0.0215,1.1998,37.895
1777127780.480826,1308,623,-0.0204,1.2051,-0.0201,1.2035,37.970
1777127780.5482628,1308,624,-0.0203,1.2086,-0.0206,1.2098,38.037
1777127780.617057,1308,626,-0.0202,1.2157,-0.0193,1.2148,38.106
1777127780.6864924,1307,627,-0.0165,1.2192,-0.0177,1.2195,38.175
1777127780.754394,1307,628,-0.0165,1.2227,-0.0152,1.2224,38.243
1777127780.831104,1306,629,-0.0128,1.2262,-0.0140,1.2271,38.320
1777127780.905866,1306,631,-0.0127,1.2333,-0.0118,1.2324,38.395
1777127780.983965,1305,632,-0.0090,1.2368,-0.0090,1.2371,38.473
1777127781.0627413,1304,633,-0.0054,1.2403,-0.0063,1.2403,38.551
1777127781.1361094,1304,634,-0.0053,1.2438,-0.0041,1.2435,38.625
1777127781.2041347,1303,635,-0.0017,1.2473,-0.0029,1.2482,38.693
1777127781.272206,1303,637,-0.0015,1.2544,-0.0006,1.2538,38.761
1777127781.341038,1302,638,0.0021,1.2579,0.0021,1.2570,38.830
1777127781.4093115,1301,638,0.0057,1.2579,0.0048,1.2597,38.898
1777127781.478836,1301,640,0.0058,1.2649,0.0070,1.2637,38.968
1777127781.5500622,1300,641,0.0095,1.2684,0.0083,1.2687,39.039
1777127781.6217182,1300,642,0.0096,1.2720,0.0108,1.2716,39.110
1777127781.689793,1299,643,0.0132,1.2755,0.0120,1.2764,39.179
1777127781.7595417,1299,645,0.0134,1.2825,0.0142,1.2816,39.248
1777127781.8294578,1298,646,0.0170,1.2860,0.0170,1.2863,39.318
1777127781.8970964,1297,647,0.0206,1.2895,0.0197,1.2895,39.386
1777127781.9649496,1297,648,0.0207,1.2930,0.0216,1.2930,39.454
1777127782.0327933,1296,649,0.0243,1.2965,0.0240,1.2965,39.522
1777127782.1006432,1295,650,0.0280,1.3000,0.0283,1.3000,39.589
1777127782.1745634,1294,651,0.0316,1.3035,0.0307,1.3035,39.663
1777127782.2436652,1294,652,0.0317,1.3071,0.0326,1.3071,39.732
1777127782.3137286,1293,653,0.0353,1.3106,0.0350,1.3106,39.802
1777127782.381636,1292,654,0.0389,1.3140,0.0389,1.3140,39.870
1777127782.448597,1291,655,0.0426,1.3175,0.0426,1.3175,39.937
1777127782.516499,1290,656,0.0462,1.3210,0.0462,1.3210,40.005
1777127782.586256,1289,657,0.0498,1.3245,0.0498,1.3245,40.075
1777127782.6559732,1288,658,0.0535,1.3280,0.0535,1.3280,40.145
1777127782.7280579,1287,659,0.0571,1.3315,0.0574,1.3312,40.217
1777127782.795747,1286,660,0.0607,1.3350,0.0595,1.3362,40.284
1777127782.866539,1286,662,0.0609,1.3421,0.0631,1.3404,40.355
1777127782.939574,1284,662,0.0686,1.3427,0.0663,1.3437,40.428
1777127783.008043,1284,663,0.0687,1.3462,0.0699,1.3457,40.497
1777127783.0751376,1283,664,0.0723,1.3497,0.0720,1.3506,40.564
1777127783.1431627,1282,666,0.0760,1.3567,0.0760,1.3558,40.632
1777127783.2112167,1281,667,0.0796,1.3602,0.0796,1.3605,40.700
1777127783.280363,1280,668,0.0833,1.3637,0.0836,1.3637,40.769
1777127783.353027,1279,669,0.0869,1.3672,0.0860,1.3672,40.842
1777127783.4203863,1279,670,0.0870,1.3707,0.0879,1.3710,40.909
1777127783.4861894,1278,671,0.0906,1.3742,0.0903,1.3733,40.975
1777127783.5545273,1277,671,0.0942,1.3742,0.0942,1.3751,41.043
1777127783.6231813,1276,672,0.0978,1.3777,0.0978,1.3774,41.112
1777127783.6918197,1275,673,0.1014,1.3812,0.1014,1.3812,41.181
1777127783.7617438,1274,674,0.1050,1.3847,0.1050,1.3847,41.250
1777127783.833993,1273,675,0.1087,1.3881,0.1087,1.3881,41.323
1777127783.9051478,1272,676,0.1123,1.3916,0.1123,1.3918,41.394
1777127783.9887905,1271,677,0.1159,1.3956,0.1159,1.3958,41.477
1777127784.068338,1270,678,0.1196,1.3991,0.1195,1.3982,41.557
1777127784.1453452,1269,678,0.1231,1.3990,0.1231,1.3999,41.634
1777127784.2171488,1268,679,0.1267,1.4025,0.1267,1.4022,41.706
1777127784.2890224,1267,680,0.1304,1.4060,0.1304,1.4063,41.778
1777127784.3662057,1266,681,0.1340,1.4095,0.1340,1.4086,41.855
1777127784.4378178,1265,681,0.1376,1.4095,0.1376,1.4104,41.927
1777127784.5123253,1264,682,0.1412,1.4129,0.1412,1.4126,42.001
1777127784.5874238,1263,683,0.1448,1.4164,0.1448,1.4164,42.076
1777127784.6675692,1262,684,0.1484,1.4199,0.1488,1.4199,42.156
1777127784.7554374,1261,685,0.1521,1.4234,0.1509,1.4234,42.244
1777127784.8275113,1261,686,0.1522,1.4269,0.1540,1.4269,42.316
1777127784.8988502,1259,687,0.1593,1.4304,0.1584,1.4304,42.388
1777127784.9722502,1258,688,0.1630,1.4339,0.1624,1.4342,42.461
1777127785.0466177,1258,689,0.1630,1.4374,0.1639,1.4365,42.535
1777127785.1187239,1257,689,0.1666,1.4374,0.1660,1.4383,42.607
1777127785.196068,1256,690,0.1702,1.4408,0.1714,1.4405,42.685
1777127785.2691686,1254,691,0.1774,1.4443,0.1753,1.4446,42.758
1777127785.3427703,1254,692,0.1775,1.4478,0.1796,1.4469,42.831
1777127785.4140952,1252,692,0.1846,1.4477,0.1837,1.4484,42.903
1777127785.4879985,1251,693,0.1882,1.4512,0.1873,1.4521,42.977
1777127785.5562372,1251,695,0.1884,1.4583,0.1902,1.4564,43.045
1777127785.6296263,1249,695,0.1955,1.4582,0.1943,1.4594,43.118
1777127785.7021694,1248,696,0.1991,1.4617,0.1994,1.4614,43.191
1777127785.7744951,1247,697,0.2027,1.4652,0.2027,1.4655,43.263
1777127785.8476968,1246,698,0.2064,1.4687,0.2063,1.4677,43.336
1777127785.9197917,1245,698,0.2099,1.4686,0.2099,1.4695,43.408
1777127785.990377,1244,699,0.2135,1.4721,0.2135,1.4718,43.479
1777127786.0695646,1243,700,0.2172,1.4756,0.2172,1.4759,43.558
1777127786.1401086,1242,701,0.2208,1.4791,0.2208,1.4782,43.629
1777127786.2184129,1241,701,0.2243,1.4790,0.2244,1.4799,43.707
1777127786.2908547,1240,702,0.2280,1.4825,0.2277,1.4825,43.780
1777127786.3690135,1239,703,0.2316,1.4860,0.2328,1.4851,43.858
1777127786.4396465,1237,703,0.2387,1.4859,0.2369,1.4869,43.928
1777127786.5118775,1237,704,0.2388,1.4894,0.2397,1.4891,44.001
1777127786.5822408,1236,705,0.2424,1.4929,0.2430,1.4932,44.071
1777127786.655205,1234,706,0.2496,1.4964,0.2486,1.4955,44.144
1777127786.726794,1233,706,0.2531,1.4963,0.2534,1.4972,44.216
1777127786.799671,1232,707,0.2567,1.4998,0.2564,1.4998,44.288
1777127786.8764186,1231,708,0.2604,1.5033,0.2616,1.5027,44.365
1777127786.9473062,1229,708,0.2675,1.5032,0.2656,1.5033,44.436
1777127787.0240066,1229,708,0.2675,1.5032,0.2684,1.5041,44.513
1777127787.09511,1228,709,0.2711,1.5067,0.2717,1.5055,44.584
1777127787.1710896,1226,709,0.2782,1.5066,0.2773,1.5076,44.660
1777127787.2439826,1225,710,0.2818,1.5101,0.2821,1.5101,44.733
1777127787.31338,1224,711,0.2854,1.5136,0.2854,1.5127,44.802
1777127787.3845,1223,711,0.2890,1.5136,0.2890,1.5148,44.873
1777127787.4663177,1222,712,0.2926,1.5170,0.2926,1.5158,44.955
1777127787.5380852,1221,712,0.2962,1.5170,0.2962,1.5182,45.027
1777127787.6096864,1220,713,0.2998,1.5205,0.2998,1.5193,45.098
1777127787.6840816,1219,713,0.3033,1.5205,0.3031,1.5217,45.173
1777127787.7551222,1218,714,0.3070,1.5239,0.3079,1.5230,45.244
1777127787.8311086,1216,714,0.3141,1.5239,0.3128,1.5242,45.320
1777127787.9021978,1215,714,0.3176,1.5238,0.3188,1.5235,45.391
1777127787.9738646,1213,714,0.3247,1.5238,0.3238,1.5244,45.463
1777127788.0483272,1212,715,0.3283,1.5272,0.3286,1.5275,45.537
1777127788.1212788,1211,716,0.3320,1.5307,0.3319,1.5289,45.610
1777127788.2018971,1210,715,0.3354,1.5272,0.3355,1.5290,45.691
1777127788.2837358,1209,716,0.3391,1.5306,0.3387,1.5304,45.772
1777127788.3542602,1208,717,0.3427,1.5341,0.3436,1.5335,45.843
1777127788.4353583,1206,717,0.3498,1.5341,0.3486,1.5341,45.924
1777127788.5098803,1205,717,0.3533,1.5340,0.3546,1.5349,45.999
1777127788.581021,1203,718,0.3605,1.5375,0.3596,1.5363,46.070
1777127788.6521418,1202,718,0.3640,1.5374,0.3644,1.5386,46.141
1777127788.729145,1201,719,0.3677,1.5409,0.3676,1.5397,46.218
1777127788.8049746,1200,719,0.3712,1.5409,0.3709,1.5424,46.294
1777127788.8761888,1199,720,0.3748,1.5444,0.3757,1.5422,46.365
1777127788.9526181,1197,719,0.3819,1.5408,0.3810,1.5426,46.441
1777127789.023899,1196,720,0.3855,1.5442,0.3855,1.5442,46.513
1777127789.0955904,1195,721,0.3891,1.5477,0.3900,1.5462,46.584
1777127789.1693158,1193,720,0.3961,1.5441,0.3952,1.5454,46.658
1777127789.2411458,1192,720,0.3997,1.5441,0.4000,1.5438,46.730
1777127789.3148174,1191,720,0.4032,1.5441,0.4032,1.5441,46.804
1777127789.3872912,1190,720,0.4068,1.5440,0.4065,1.5443,46.876
1777127789.4570224,1189,720,0.4103,1.5440,0.4112,1.5428,46.946
1777127789.5281885,1187,719,0.4174,1.5404,0.4162,1.5422,47.017
1777127789.5996761,1186,720,0.4210,1.5439,0.4222,1.5424,47.088
1777127789.677635,1184,720,0.4281,1.5438,0.4272,1.5453,47.166
1777127789.7505126,1183,721,0.4317,1.5473,0.4316,1.5457,47.239
1777127789.8238032,1182,720,0.4352,1.5437,0.4365,1.5447,47.313
1777127789.89558,1180,721,0.4436,1.5416,0.4423,1.5409,47.384
1777127789.9736943,1179,720,0.4471,1.5380,0.4472,1.5387,47.462
1777127790.0466063,1178,720,0.4507,1.5379,0.4516,1.5376,47.535
1777127790.1178577,1176,720,0.4578,1.5378,0.4566,1.5378,47.607
1777127790.1893518,1175,720,0.4614,1.5378,0.4626,1.5377,47.678
1777127790.2603648,1173,720,0.4685,1.5377,0.4676,1.5374,47.749
1777127790.3354506,1172,720,0.4721,1.5376,0.4724,1.5385,47.824
1777127790.4127536,1171,721,0.4757,1.5411,0.4754,1.5402,47.901
1777127790.4844115,1170,721,0.4793,1.5410,0.4802,1.5413,47.973
1777127790.5551682,1168,721,0.4864,1.5409,0.4855,1.5409,48.044
1777127790.6272523,1167,721,0.4900,1.5409,0.4900,1.5409,48.116
1777127790.7006984,1166,721,0.4935,1.5408,0.4944,1.5408,48.189
1777127790.7756567,1164,721,0.5006,1.5407,0.4997,1.5404,48.264
1777127790.847797,1163,721,0.5042,1.5406,0.5045,1.5418,48.337
1777127790.9203587,1162,722,0.5078,1.5441,0.5078,1.5417,48.409
1777127790.9927382,1161,721,0.5113,1.5405,0.5111,1.5439,48.481
1777127791.0648623,1160,723,0.5150,1.5475,0.5159,1.5445,48.554
1777127791.1382766,1158,722,0.5221,1.5439,0.5212,1.5457,48.627
1777127791.211255,1157,722,0.5256,1.5438,0.5259,1.5426,48.700
1777127791.2846751,1156,721,0.5291,1.5403,0.5292,1.5412,48.773
1777127791.3610086,1155,721,0.5327,1.5402,0.5324,1.5396,48.850
1777127791.4408898,1154,721,0.5363,1.5402,0.5372,1.5410,48.930
1777127791.5354772,1152,722,0.5435,1.5436,0.5425,1.5427,49.024
1777127791.6123478,1151,722,0.5470,1.5435,0.5473,1.5438,49.101
1777127791.6858575,1150,722,0.5506,1.5435,0.5503,1.5435,49.175
1777127791.7577434,1149,722,0.5541,1.5434,0.5551,1.5437,49.246
1777127791.8362265,1147,722,0.5613,1.5433,0.5603,1.5424,49.325
1777127791.9100556,1146,721,0.5648,1.5397,0.5648,1.5406,49.399
1777127791.9883802,1145,721,0.5683,1.5397,0.5692,1.5394,49.477
1777127792.0630367,1143,721,0.5755,1.5396,0.5745,1.5399,49.552
1777127792.1355386,1142,721,0.5790,1.5395,0.5790,1.5383,49.624
1777127792.2078958,1141,720,0.5825,1.5359,0.5835,1.5380,49.697
1777127792.2817686,1139,721,0.5897,1.5394,0.5887,1.5370,49.770
1777127792.360399,1138,720,0.5932,1.5358,0.5935,1.5382,49.849
1777127792.4336822,1137,721,0.5968,1.5392,0.5965,1.5371,49.922
1777127792.505265,1136,720,0.6003,1.5357,0.6013,1.5375,49.994
1777127792.582925,1134,720,0.6074,1.5356,0.6062,1.5332,50.072
1777127792.6603427,1133,718,0.6109,1.5285,0.6121,1.5315,50.149
1777127792.7330163,1131,719,0.6181,1.5319,0.6171,1.5292,50.222
1777127792.8056486,1130,718,0.6216,1.5283,0.6216,1.5304,50.294
1777127792.8798678,1129,719,0.6252,1.5318,0.6261,1.5306,50.369
1777127792.9547908,1127,719,0.6323,1.5317,0.6314,1.5320,50.443
1777127793.0261865,1126,719,0.6359,1.5316,0.6362,1.5313,50.515
1777127793.0981557,1125,719,0.6394,1.5316,0.6394,1.5325,50.587
1777127793.1704552,1124,720,0.6430,1.5350,0.6427,1.5341,50.659
1777127793.2487674,1123,720,0.6466,1.5350,0.6475,1.5353,50.737
1777127793.3214774,1121,720,0.6537,1.5349,0.6525,1.5346,50.810
1777127793.3924124,1120,720,0.6573,1.5348,0.6585,1.5360,50.881
1777127793.4658597,1118,721,0.6645,1.5382,0.6635,1.5364,50.955
1777127793.5369954,1117,720,0.6680,1.5347,0.6680,1.5359,51.026
1777127793.6085768,1116,720,0.6715,1.5346,0.6724,1.5343,51.097
1777127793.6831536,1114,720,0.6786,1.5345,0.6777,1.5348,51.172
1777127793.7553208,1113,720,0.6822,1.5344,0.6825,1.5335,51.244
1777127793.826764,1112,719,0.6857,1.5309,0.6854,1.5318,51.315
1777127793.8975646,1111,719,0.6892,1.5308,0.6902,1.5305,51.386
1777127793.9675138,1109,719,0.6964,1.5307,0.6952,1.5310,51.456
1777127794.0389833,1108,719,0.6999,1.5307,0.7011,1.5297,51.528
1777127794.1104066,1106,718,0.7070,1.5270,0.7058,1.5279,51.599
1777127794.1861742,1105,718,0.7105,1.5270,0.7118,1.5267,51.675
1777127794.2648683,1103,718,0.7177,1.5269,0.7167,1.5269,51.754
1777127794.3417451,1102,718,0.7212,1.5268,0.7215,1.5265,51.830
1777127794.4173732,1101,718,0.7248,1.5268,0.7248,1.5280,51.906
1777127794.4877276,1100,719,0.7284,1.5302,0.7281,1.5284,51.976
1777127794.5640643,1099,718,0.7319,1.5267,0.7325,1.5278,52.053
1777127794.641181,1097,718,0.7390,1.5265,0.7390,1.5265,52.130
1777127794.726388,1095,718,0.7461,1.5264,0.7455,1.5252,52.215
1777127794.7987533,1094,717,0.7496,1.5229,0.7497,1.5250,52.287
1777127794.8769257,1093,718,0.7532,1.5263,0.7541,1.5236,52.366
1777127794.9517903,1091,717,0.7603,1.5227,0.7594,1.5263,52.440
1777127795.0278978,1090,719,0.7640,1.5297,0.7639,1.5258,52.517
1777127795.1052244,1089,717,0.7674,1.5226,0.7684,1.5250,52.594
1777127795.1782146,1087,717,0.7745,1.5225,0.7736,1.5219,52.667
1777127795.2571917,1086,717,0.7781,1.5224,0.7781,1.5227,52.746
1777127795.3332884,1085,717,0.7816,1.5224,0.7825,1.5215,52.822
1777127795.4076893,1083,716,0.7887,1.5188,0.7878,1.5194,52.896
1777127795.4848273,1082,716,0.7922,1.5187,0.7926,1.5193,52.974
1777127795.5604932,1081,717,0.7959,1.5222,0.7958,1.5213,53.049
1777127795.6344547,1080,717,0.7994,1.5221,0.7991,1.5224,53.123
1777127795.706987,1079,717,0.8030,1.5221,0.8037,1.5220,53.196
1777127795.7829502,1077,717,0.8101,1.5220,0.8094,1.5227,53.272
1777127795.8610177,1076,718,0.8158,1.5224,0.8165,1.5201,53.350
1777127795.938451,1074,716,0.8228,1.5152,0.8222,1.5183,53.427
1777127796.0230708,1073,717,0.8265,1.5187,0.8264,1.5163,53.512
1777127796.0958323,1072,716,0.8300,1.5151,0.8309,1.5163,53.585
1777127796.1735973,1070,716,0.8371,1.5150,0.8358,1.5150,53.662
1777127796.2444382,1069,716,0.8406,1.5149,0.8418,1.5140,53.733
1777127796.3190403,1067,715,0.8477,1.5113,0.8468,1.5122,53.808
1777127796.3990355,1066,715,0.8512,1.5112,0.8512,1.5109,53.888
1777127796.4774778,1065,715,0.8548,1.5112,0.8557,1.5112,53.966
1777127796.5492506,1063,715,0.8619,1.5110,0.8610,1.5111,54.038
1777127796.6246953,1062,715,0.8655,1.5110,0.8655,1.5110,54.113
1777127796.6963456,1061,715,0.8690,1.5109,0.8699,1.5106,54.185
1777127796.770058,1059,715,0.8761,1.5108,0.8752,1.5120,54.259
1777127796.8401277,1058,716,0.8797,1.5143,0.8800,1.5121,54.329
1777127796.920613,1057,715,0.8832,1.5107,0.8830,1.5131,54.409
1777127796.9918153,1056,716,0.8868,1.5141,0.8874,1.5120,54.481
1777127797.0642262,1054,715,0.8939,1.5105,0.8939,1.5117,54.553
1777127797.1364799,1052,715,0.9010,1.5104,0.9004,1.5101,54.625
1777127797.2104895,1051,715,0.9046,1.5103,0.9049,1.5103,54.699
1777127797.2883425,1050,715,0.9081,1.5103,0.9078,1.5103,54.777
1777127797.3613696,1049,715,0.9117,1.5102,0.9126,1.5099,54.850
1777127797.4342124,1047,715,0.9188,1.5101,0.9176,1.5113,54.923
1777127797.5059595,1046,716,0.9224,1.5135,0.9236,1.5117,54.995
1777127797.5828831,1044,715,0.9294,1.5099,0.9282,1.5111,55.072
1777127797.6555574,1043,715,0.9330,1.5098,0.9342,1.5095,55.144
1777127797.7352464,1041,715,0.9401,1.5097,0.9389,1.5100,55.224
1777127797.8083024,1040,715,0.9436,1.5096,0.9448,1.5084,55.297
1777127797.8794775,1038,714,0.9507,1.5060,0.9498,1.5078,55.368
1777127797.955645,1037,715,0.9543,1.5095,0.9546,1.5083,55.444
1777127798.0278869,1036,715,0.9578,1.5094,0.9575,1.5097,55.517
1777127798.0996814,1035,715,0.9614,1.5093,0.9623,1.5093,55.588
1777127798.1703277,1033,715,0.9685,1.5092,0.9676,1.5092,55.659
1777127798.2438858,1032,715,0.9721,1.5092,0.9721,1.5092,55.733
1777127798.3222458,1031,715,0.9756,1.5091,0.9765,1.5091,55.811
1777127798.3935392,1029,715,0.9827,1.5090,0.9815,1.5090,55.882
1777127798.465215,1028,715,0.9863,1.5089,0.9875,1.5089,55.954
1777127798.5354898,1026,715,0.9934,1.5088,0.9921,1.5088,56.024
1777127798.6073189,1025,715,0.9969,1.5087,0.9981,1.5087,56.096
1777127798.68541,1023,715,1.0040,1.5086,1.0031,1.5086,56.174
1777127798.7581992,1022,715,1.0076,1.5086,1.0079,1.5086,56.247
1777127798.8318408,1021,715,1.0111,1.5085,1.0108,1.5088,56.321
1777127798.906192,1020,715,1.0147,1.5084,1.0155,1.5072,56.395
1777127798.978848,1018,714,1.0217,1.5048,1.0205,1.5066,56.468
1777127799.0566945,1017,715,1.0253,1.5083,1.0265,1.5070,56.545
1777127799.1386688,1015,715,1.0324,1.5081,1.0312,1.5088,56.627
1777127799.2147138,1014,715,1.0359,1.5081,1.0371,1.5068,56.703
1777127799.2891202,1012,714,1.0430,1.5044,1.0421,1.5066,56.778
1777127799.3624635,1011,715,1.0466,1.5079,1.0469,1.5055,56.851
1777127799.4350812,1010,714,1.0501,1.5043,1.0498,1.5070,56.924
1777127799.506081,1009,715,1.0537,1.5078,1.0545,1.5044,56.995
1777127799.5838177,1007,713,1.0607,1.5006,1.0598,1.5033,57.073
1777127799.6543539,1006,714,1.0643,1.5041,1.0643,1.5038,57.143
1777127799.7336566,1005,715,1.0679,1.5075,1.0688,1.5060,57.222
1777127799.8103766,1003,714,1.0749,1.5039,1.0740,1.5051,57.299
1777127799.883617,1002,714,1.0785,1.5038,1.0788,1.5032,57.372
1777127799.9608097,1001,714,1.0820,1.5038,1.0820,1.5050,57.450
1777127800.0335646,1000,715,1.0856,1.5072,1.0853,1.5054,57.522
1777127800.1054811,999,714,1.0891,1.5036,1.0900,1.5045,57.594
1777127800.1780384,997,714,1.0962,1.5035,1.0950,1.5044,57.667
1777127800.2498455,996,715,1.0998,1.5070,1.1010,1.5051,57.739
1777127800.3221061,994,714,1.1068,1.5033,1.1059,1.5046,57.811
1777127800.4019046,993,714,1.1104,1.5033,1.1107,1.5030,57.891
1777127800.4739318,992,714,1.1139,1.5032,1.1136,1.5029,57.963
1777127800.545484,991,714,1.1175,1.5032,1.1184,1.5043,58.034
1777127800.625917,989,715,1.1246,1.5066,1.1237,1.5048,58.115
1777127800.7071133,988,714,1.1281,1.5030,1.1281,1.5042,58.196
1777127800.7801468,987,714,1.1316,1.5029,1.1325,1.5026,58.269
1777127800.8514292,985,714,1.1387,1.5028,1.1378,1.5028,58.340
1777127800.9238775,984,714,1.1423,1.5027,1.1423,1.5027,58.413
1777127801.0041106,983,714,1.1458,1.5027,1.1467,1.5027,58.493
1777127801.0738637,981,714,1.1529,1.5026,1.1520,1.5026,58.563
1777127801.146337,980,714,1.1564,1.5025,1.1567,1.5025,58.635
1777127801.2226067,979,714,1.1600,1.5024,1.1597,1.5024,58.711
1777127801.296726,978,714,1.1635,1.5024,1.1644,1.5024,58.785
1777127801.3681946,976,714,1.1706,1.5023,1.1697,1.5023,58.857
1777127801.4398189,975,714,1.1742,1.5022,1.1742,1.5022,58.929
1777127801.5177352,974,714,1.1777,1.5021,1.1786,1.5021,59.006
1777127801.591105,972,714,1.1848,1.5020,1.1839,1.5020,59.080
1777127801.6640358,971,714,1.1883,1.5019,1.1889,1.5008,59.153
1777127801.7433722,970,714,1.1919,1.5019,1.1908,1.5053,59.232
1777127801.8156657,969,714,1.1924,1.5149,1.1941,1.5116,59.304
1777127801.886946,967,714,1.1995,1.5149,1.1983,1.5160,59.376
1777127801.9583218,966,714,1.2030,1.5148,1.2030,1.5148,59.447
1777127802.035433,965,714,1.2066,1.5148,1.2075,1.5148,59.524
1777127802.1132205,963,714,1.2137,1.5147,1.2128,1.5147,59.602
1777127802.1864674,962,714,1.2173,1.5147,1.2176,1.5147,59.675
1777127802.2585633,961,714,1.2209,1.5146,1.2209,1.5146,59.747
1777127802.33034,960,714,1.2244,1.5146,1.2244,1.5146,59.819
1777127802.4027104,959,714,1.2280,1.5146,1.2277,1.5146,59.891
1777127802.4766297,958,714,1.2315,1.5145,1.2325,1.5145,59.965
1777127802.548743,956,714,1.2387,1.5145,1.2374,1.5148,60.037
1777127802.6258018,955,714,1.2422,1.5144,1.2434,1.5132,60.115
1777127802.697121,953,713,1.2493,1.5108,1.2484,1.5127,60.186
1777127802.7681065,952,714,1.2529,1.5143,1.2529,1.5131,60.257
1777127802.846795,951,714,1.2565,1.5143,1.2574,1.5146,60.336
1777127802.918124,949,714,1.2636,1.5142,1.2627,1.5142,60.407
1777127802.9963748,948,714,1.2672,1.5142,1.2675,1.5145,60.485
1777127803.0731251,947,714,1.2707,1.5141,1.2704,1.5129,60.562
1777127803.143696,946,713,1.2742,1.5106,1.2752,1.5124,60.632
1777127803.2261238,944,714,1.2814,1.5140,1.2805,1.5131,60.715
1777127803.2953684,943,714,1.2850,1.5140,1.2853,1.5131,60.784
1777127803.366379,942,713,1.2885,1.5104,1.2885,1.5126,60.855
1777127803.4359064,941,714,1.2921,1.5139,1.2921,1.5118,60.925
1777127803.5120475,940,713,1.2956,1.5104,1.2956,1.5113,61.001
1777127803.5884726,939,713,1.2992,1.5103,1.2989,1.5109,61.077
1777127803.6616237,938,714,1.3028,1.5138,1.3037,1.5132,61.150
1777127803.736626,936,714,1.3099,1.5137,1.3090,1.5131,61.225
1777127803.8079298,935,713,1.3134,1.5102,1.3134,1.5111,61.297
1777127803.879529,934,713,1.3170,1.5101,1.3179,1.5098,61.368
1777127803.9549406,932,713,1.3241,1.5101,1.3232,1.5101,61.444
1777127804.0363376,931,713,1.3277,1.5100,1.3280,1.5100,61.525
1777127804.107377,930,713,1.3312,1.5100,1.3312,1.5100,61.596
1777127804.179316,929,713,1.3348,1.5100,1.3348,1.5100,61.668
1777127804.2533822,928,713,1.3384,1.5099,1.3381,1.5099,61.742
1777127804.3305738,927,713,1.3419,1.5099,1.3428,1.5096,61.819
1777127804.408469,925,713,1.3491,1.5098,1.3482,1.5107,61.897
1777127804.4799542,924,714,1.3527,1.5133,1.3530,1.5124,61.969
1777127804.5572038,923,714,1.3562,1.5133,1.3562,1.5139,62.046
1777127804.634421,922,714,1.3598,1.5132,1.3595,1.5123,62.123
1777127804.7105372,921,713,1.3633,1.5097,1.3642,1.5106,62.199
1777127804.784597,919,713,1.3704,1.5096,1.3695,1.5093,62.273
1777127804.8640747,918,713,1.3740,1.5096,1.3740,1.5096,62.353
1777127804.9336293,917,713,1.3776,1.5095,1.3785,1.5095,62.422
1777127805.0055172,915,713,1.3847,1.5095,1.3835,1.5095,62.494
1777127805.0792024,914,713,1.3883,1.5094,1.3895,1.5094,62.568
1777127805.1618443,912,713,1.3954,1.5093,1.3945,1.5094,62.651
1777127805.2363467,911,713,1.3989,1.5093,1.3993,1.5090,62.725
1777127805.315221,910,713,1.4025,1.5093,1.4025,1.5102,62.804
1777127805.3867962,909,714,1.4061,1.5128,1.4058,1.5122,62.876
1777127805.4581704,908,714,1.4097,1.5127,1.4106,1.5121,62.947
1777127805.5304348,906,713,1.4168,1.5091,1.4159,1.5103,63.019
1777127805.6021438,905,713,1.4203,1.5091,1.4206,1.5076,63.091
1777127805.6740167,904,712,1.4239,1.5055,1.4236,1.5074,63.163
1777127805.7537086,903,713,1.4275,1.5090,1.4284,1.5075,63.242
1777127805.8377805,901,713,1.4346,1.5090,1.4337,1.5105,63.326
1777127805.9106774,900,714,1.4382,1.5124,1.4382,1.5109,63.399
1777127805.9870276,899,713,1.4417,1.5089,1.4426,1.5092,63.476
1777127806.064255,897,712,1.4488,1.5053,1.4479,1.5059,63.553
1777127806.1364222,896,712,1.4524,1.5052,1.4527,1.5046,63.625
1777127806.207223,895,712,1.4559,1.5052,1.4560,1.5061,63.696
1777127806.2791286,894,713,1.4595,1.5087,1.4592,1.5078,63.768
1777127806.350414,893,713,1.4631,1.5087,1.4640,1.5093,63.839
1777127806.4226952,891,713,1.4702,1.5086,1.4693,1.5077,63.911
1777127806.497296,890,712,1.4738,1.5050,1.4738,1.5059,63.986
1777127806.5697062,889,712,1.4773,1.5050,1.4783,1.5047,64.058
1777127806.6427066,887,712,1.4845,1.5049,1.4832,1.5049,64.131
1777127806.720309,886,712,1.4880,1.5049,1.4893,1.5049,64.209
1777127806.7913826,884,712,1.4952,1.5048,1.4942,1.5048,64.280
1777127806.868123,883,712,1.4987,1.5048,1.4990,1.5048,64.357
1777127806.9376125,882,712,1.5023,1.5047,1.5023,1.5047,64.426
1777127807.0071683,881,712,1.5059,1.5047,1.5056,1.5047,64.496
1777127807.0796835,880,712,1.5094,1.5047,1.5103,1.5047,64.568
1777127807.1576748,878,712,1.5166,1.5046,1.5156,1.5046,64.646
1777127807.230784,877,712,1.5201,1.5046,1.5201,1.5046,64.719
1777127807.3012586,876,712,1.5237,1.5045,1.5246,1.5048,64.790
1777127807.3725922,874,712,1.5308,1.5044,1.5299,1.5032,64.861
1777127807.449279,873,711,1.5344,1.5009,1.5347,1.5027,64.938
1777127807.5229993,872,712,1.5379,1.5044,1.5379,1.5032,65.012
1777127807.5999467,871,712,1.5415,1.5043,1.5415,1.5063,65.089
1777127807.6744983,870,712,1.5451,1.5043,1.5448,1.4994,65.163
1777127807.7499673,869,711,1.5487,1.4853,1.5496,1.4901,65.239
1777127807.83583,867,711,1.5558,1.4851,1.5549,1.4835,65.325
1777127807.915238,866,711,1.5593,1.4851,1.5596,1.4851,65.404
1777127807.9882214,865,711,1.5628,1.4850,1.5628,1.4850,65.477
1777127808.061074,864,711,1.5663,1.4850,1.5660,1.4850,65.550
1777127808.1330912,863,711,1.5699,1.4849,1.5708,1.4849,65.622
1777127808.205656,861,711,1.5769,1.4848,1.5760,1.4848,65.694
1777127808.2770514,860,711,1.5804,1.4847,1.5804,1.4847,65.766
1777127808.3490317,859,711,1.5840,1.4847,1.5849,1.4847,65.838
1777127808.4186912,857,711,1.5910,1.4845,1.5901,1.4846,65.907
1777127808.4918156,856,711,1.5946,1.4845,1.5949,1.4845,65.981
1777127808.5667162,855,711,1.5981,1.4844,1.5981,1.4844,66.055
1777127808.6387284,854,711,1.6016,1.4844,1.6013,1.4847,66.127
1777127808.710831,853,711,1.6051,1.4843,1.6060,1.4831,66.200
1777127808.7822793,851,710,1.6121,1.4807,1.6113,1.4825,66.271
1777127808.853912,850,711,1.6157,1.4841,1.6160,1.4829,66.343
1777127808.926103,849,711,1.6192,1.4841,1.6189,1.4844,66.415
1777127809.0022376,848,711,1.6227,1.4840,1.6237,1.4840,66.491
1777127809.0773258,846,711,1.6298,1.4839,1.6289,1.4839,66.566
1777127809.1494226,845,711,1.6333,1.4838,1.6336,1.4838,66.638
1777127809.2273753,844,711,1.6368,1.4838,1.6368,1.4841,66.716
1777127809.3073833,843,711,1.6404,1.4837,1.6401,1.4825,66.796
1777127809.3861005,842,710,1.6439,1.4801,1.6448,1.4819,66.875
1777127809.4640508,840,711,1.6509,1.4835,1.6500,1.4823,66.953
1777127809.5366354,839,711,1.6545,1.4835,1.6545,1.4841,67.025
1777127809.6089857,838,711,1.6580,1.4834,1.6589,1.4822,67.098
1777127809.687903,836,710,1.6650,1.4798,1.6641,1.4819,67.177
1777127809.7616324,835,711,1.6685,1.4832,1.6688,1.4808,67.250
1777127809.8338897,834,710,1.6720,1.4797,1.6718,1.4821,67.323
1777127809.9121335,833,711,1.6756,1.4831,1.6765,1.4810,67.401
1777127809.9827533,831,710,1.6826,1.4795,1.6817,1.4807,67.471
1777127810.063605,830,710,1.6861,1.4794,1.6864,1.4788,67.552
1777127810.13585,829,710,1.6896,1.4794,1.6896,1.4803,67.625
1777127810.2068,828,711,1.6932,1.4828,1.6929,1.4819,67.696
1777127810.2807558,827,711,1.6967,1.4827,1.6976,1.4830,67.769
1777127810.3548458,825,711,1.7038,1.4826,1.7029,1.4826,67.844
1777127810.432598,824,711,1.7073,1.4826,1.7073,1.4829,67.921
1777127810.5112755,823,711,1.7108,1.4825,1.7117,1.4813,68.000
1777127810.5878127,821,710,1.7178,1.4789,1.7169,1.4810,68.077
1777127810.6593637,820,711,1.7214,1.4823,1.7216,1.4799,68.148
1777127810.7335646,819,710,1.7248,1.4788,1.7249,1.4809,68.222
1777127810.8108227,818,711,1.7284,1.4822,1.7284,1.4810,68.300
1777127810.884181,817,711,1.7319,1.4821,1.7316,1.4825,68.373
1777127810.9556122,816,711,1.7354,1.4821,1.7363,1.4821,68.444
1777127811.0326009,814,711,1.7425,1.4820,1.7416,1.4823,68.521
1777127811.1043863,813,711,1.7460,1.4819,1.7459,1.4783,68.593
1777127811.1781719,812,710,1.7495,1.4783,1.7505,1.4877,68.667
1777127811.2567992,810,711,1.7571,1.5098,1.7560,1.5002,68.746
1777127811.3309443,809,710,1.7607,1.5062,1.7610,1.5110,68.820
1777127811.406343,808,711,1.7643,1.5098,1.7640,1.5076,68.895
1777127811.4781723,807,710,1.7679,1.5061,1.7688,1.5076,68.967
1777127811.5498817,805,710,1.7751,1.5060,1.7741,1.5044,69.039
1777127811.6284611,804,709,1.7786,1.5023,1.7787,1.5042,69.117
1777127811.7004611,803,710,1.7823,1.5059,1.7832,1.5046,69.189
1777127811.7745903,801,710,1.7895,1.5058,1.7886,1.5061,69.263
1777127811.8474607,800,710,1.7931,1.5058,1.7934,1.5058,69.336
1777127811.9194493,799,710,1.7967,1.5057,1.7967,1.5054,69.408
1777127811.9906616,798,710,1.8003,1.5057,1.8003,1.5069,69.479
1777127812.0631049,797,711,1.8040,1.5093,1.8039,1.5071,69.552
1777127812.1344907,796,710,1.8075,1.5056,1.8076,1.5078,69.623
1777127812.2061305,795,711,1.8112,1.5092,1.8109,1.5082,69.695
1777127812.2857015,794,711,1.8148,1.5091,1.8157,1.5082,69.774
1777127812.3588488,792,710,1.8219,1.5054,1.8210,1.5076,69.848
1777127812.4304452,791,711,1.8256,1.5090,1.8259,1.5068,69.919
1777127812.5040376,790,710,1.8291,1.5053,1.8289,1.5066,69.993
1777127812.577418,789,710,1.8327,1.5053,1.8337,1.5046,70.066
1777127812.656508,787,710,1.8399,1.5052,1.8390,1.5064,70.145
1777127812.7292118,786,711,1.8436,1.5088,1.8436,1.5069,70.218
1777127812.8014128,785,710,1.8472,1.5051,1.8481,1.5063,70.290
1777127812.8757992,783,710,1.8544,1.5050,1.8534,1.5047,70.365
1777127812.9498358,782,710,1.8580,1.5050,1.8583,1.5050,70.439
1777127813.0257845,781,710,1.8616,1.5049,1.8616,1.5046,70.514
1777127813.0980678,780,710,1.8652,1.5049,1.8649,1.5058,70.587
1777127813.1735518,779,711,1.8688,1.5085,1.8697,1.5075,70.662
1777127813.2473767,777,711,1.8760,1.5084,1.8751,1.5087,70.736
1777127813.3229213,776,711,1.8796,1.5083,1.8799,1.5087,70.812
1777127813.3949487,775,711,1.8832,1.5083,1.8829,1.5074,70.884
1777127813.4711187,774,710,1.8868,1.5046,1.8877,1.5055,70.960
1777127813.5427759,772,710,1.8939,1.5045,1.8930,1.5052,71.031
1777127813.6151493,771,710,1.8975,1.5045,1.8980,1.5014,71.104
1777127813.6868968,770,710,1.9018,1.4936,1.9014,1.4976,71.176
1777127813.760082,769,711,1.9054,1.4971,1.9064,1.4941,71.249
1777127813.8343039,767,710,1.9125,1.4935,1.9116,1.4959,71.323
1777127813.9130309,766,711,1.9161,1.4970,1.9161,1.4949,71.402
1777127813.983287,765,710,1.9197,1.4934,1.9206,1.4949,71.472
1777127814.05647,763,710,1.9268,1.4934,1.9259,1.4919,71.545
1777127814.1387253,762,709,1.9304,1.4898,1.9307,1.4919,71.627
1777127814.2102125,761,710,1.9340,1.4933,1.9337,1.4909,71.699
1777127814.282442,760,709,1.9375,1.4897,1.9385,1.4918,71.771
1777127814.3547657,758,710,1.9447,1.4932,1.9438,1.4923,71.843
1777127814.426977,757,710,1.9483,1.4931,1.9483,1.4922,71.916
1777127814.4988258,756,709,1.9518,1.4896,1.9527,1.4917,71.988
1777127814.5821717,754,710,1.9590,1.4930,1.9580,1.4909,72.071
1777127814.6547146,753,709,1.9625,1.4895,1.9628,1.4904,72.143
1777127814.7329838,752,709,1.9661,1.4894,1.9658,1.4903,72.222
1777127814.817525,751,710,1.9697,1.4929,1.9706,1.4908,72.306
1777127814.8907435,749,709,1.9768,1.4893,1.9759,1.4918,72.379
1777127814.9629796,748,710,1.9804,1.4928,1.9807,1.4904,72.452
1777127815.046179,747,709,1.9840,1.4892,1.9837,1.4914,72.535
1777127815.12181,746,710,1.9875,1.4927,1.9885,1.4915,72.611
1777127815.1949635,744,710,1.9947,1.4927,1.9938,1.4930,72.684
1777127815.2727952,743,710,1.9982,1.4926,1.9986,1.4926,72.762
1777127815.3530266,742,710,2.0018,1.4926,2.0015,1.4926,72.842
1777127815.425269,741,710,2.0054,1.4926,2.0063,1.4929,72.914
1777127815.5047367,739,710,2.0125,1.4925,2.0116,1.4916,72.993
1777127815.5824683,738,709,2.0161,1.4889,2.0161,1.4898,73.071
1777127815.6609442,737,709,2.0197,1.4889,2.0206,1.4886,73.150
1777127815.740239,735,709,2.0268,1.4888,2.0259,1.4888,73.229
1777127815.8143003,734,709,2.0304,1.4888,2.0307,1.4888,73.303
1777127815.8865743,733,709,2.0340,1.4887,2.0337,1.4887,73.375
1777127815.9589396,732,709,2.0375,1.4887,2.0385,1.4887,73.448
1777127816.0309346,730,709,2.0447,1.4886,2.0438,1.4886,73.520
1777127816.101514,729,709,2.0482,1.4886,2.0486,1.4886,73.590
1777127816.1732295,728,709,2.0518,1.4886,2.0518,1.4886,73.662
1777127816.245596,727,709,2.0554,1.4885,2.0551,1.4885,73.734
1777127816.3175607,726,709,2.0590,1.4885,2.0599,1.4885,73.806
1777127816.394895,724,709,2.0661,1.4884,2.0652,1.4884,73.884
1777127816.4677944,723,709,2.0697,1.4884,2.0700,1.4884,73.957
1777127816.5489478,722,709,2.0733,1.4883,2.0733,1.4883,74.038
1777127816.6235309,721,709,2.0768,1.4883,2.0768,1.4883,74.112
1777127816.6963313,720,709,2.0804,1.4883,2.0801,1.4883,74.185
1777127816.7694259,719,709,2.0840,1.4882,2.0849,1.4882,74.258
1777127816.84723,717,709,2.0911,1.4882,2.0902,1.4882,74.336
1777127816.9199393,716,709,2.0947,1.4881,2.0950,1.4878,74.409
1777127816.9920013,715,709,2.0983,1.4881,2.0983,1.4890,74.481
1777127817.0652947,714,710,2.1018,1.4916,2.1018,1.4910,74.554
1777127817.1370022,713,710,2.1054,1.4915,2.1051,1.4909,74.626
1777127817.2099245,712,709,2.1090,1.4880,2.1099,1.4889,74.699
1777127817.2908194,710,709,2.1161,1.4879,2.1152,1.4876,74.780
1777127817.3687565,709,709,2.1197,1.4879,2.1197,1.4882,74.857
1777127817.440704,708,709,2.1233,1.4878,2.1242,1.4869,74.929
1777127817.5124068,706,708,2.1304,1.4842,2.1295,1.4848,75.001
1777127817.5987751,705,708,2.1340,1.4842,2.1343,1.4848,75.087
1777127817.6770816,704,709,2.1376,1.4877,2.1373,1.4871,75.166
1777127817.7571373,703,709,2.1411,1.4876,2.1421,1.4870,75.246
1777127817.8332374,701,708,2.1483,1.4840,2.1477,1.4850,75.322
1777127817.9061148,700,708,2.1519,1.4840,2.1516,1.4837,75.395
1777127817.978567,700,708,2.1519,1.4840,2.1525,1.4840,75.467
1777127818.052708,700,708,2.1519,1.4840,2.1509,1.4840,75.541
1777127818.1243312,701,708,2.1483,1.4840,2.1492,1.4837,75.613
1777127818.197025,701,708,2.1483,1.4840,2.1480,1.4850,75.686
1777127818.270095,701,709,2.1483,1.4876,2.1483,1.4867,75.759
1777127818.3457363,701,709,2.1483,1.4876,2.1483,1.4879,75.834
1777127818.4185145,701,709,2.1483,1.4876,2.1483,1.4876,75.907
1777127818.4911513,701,709,2.1483,1.4876,2.1483,1.4879,75.980
1777127818.5640008,701,709,2.1483,1.4876,2.1486,1.4864,76.053
1777127818.6462324,701,708,2.1483,1.4840,2.1474,1.4859,76.135
1777127818.718421,702,709,2.1447,1.4876,2.1456,1.4864,76.207
1777127818.791825,702,709,2.1447,1.4876,2.1444,1.4882,76.281
1777127818.863392,702,709,2.1447,1.4876,2.1447,1.4864,76.352
1777127818.9350038,702,708,2.1447,1.4841,2.1447,1.4859,76.424
1777127819.0129468,702,709,2.1447,1.4876,2.1444,1.4864,76.502
1777127819.0854661,702,709,2.1447,1.4876,2.1459,1.4879,76.574
1777127819.1587322,701,709,2.1483,1.4876,2.1464,1.4873,76.647
1777127819.236993,702,709,2.1447,1.4876,2.1459,1.4885,76.726
1777127819.31132,702,710,2.1447,1.4911,2.1444,1.4902,76.800
1777127819.3834016,702,710,2.1447,1.4911,2.1447,1.4914,76.872
1777127819.4577014,702,710,2.1447,1.4911,2.1447,1.4911,76.946
1777127819.5308933,702,710,2.1447,1.4911,2.1446,1.4905,77.020
1777127819.6026511,702,710,2.1447,1.4911,2.1450,1.4930,77.091
1777127819.6749835,702,712,2.1458,1.4984,2.1455,1.4965,77.164
1777127819.7462573,702,712,2.1458,1.4984,2.1459,1.4993,77.235
1777127819.8271034,702,712,2.1458,1.4984,2.1458,1.4975,77.316
1777127819.9065,702,711,2.1458,1.4948,2.1458,1.4954,77.395
1777127819.9793065,702,711,2.1458,1.4948,2.1458,1.4954,77.468
1777127820.0571527,702,712,2.1458,1.4984,2.1455,1.4975,77.546
1777127820.136426,702,712,2.1458,1.4984,2.1467,1.4987,77.625
1777127820.209493,701,712,2.1494,1.4983,2.1484,1.4986,77.698
1777127820.2830148,701,712,2.1494,1.4983,2.1497,1.4971,77.772
1777127820.3613002,701,711,2.1494,1.4948,2.1494,1.4966,77.850
1777127820.4342513,701,712,2.1494,1.4983,2.1494,1.4971,77.923
1777127820.5078218,701,712,2.1494,1.4983,2.1494,1.4983,77.997
1777127820.5798311,701,712,2.1494,1.4983,2.1494,1.4989,78.069
1777127820.6559262,701,713,2.1494,1.5019,2.1494,1.5019,78.145
1777127820.7295036,701,714,2.1494,1.5054,2.1490,1.5048,78.218
1777127820.8136656,701,714,2.1494,1.5054,2.1506,1.5060,78.302
1777127820.9053798,700,714,2.1529,1.5054,2.1511,1.5045,78.394
1777127820.996456,701,713,2.1494,1.5019,2.1506,1.5028,78.485
1777127821.0760102,701,713,2.1494,1.5019,2.1487,1.5016,78.565
1777127821.1474676,701,713,2.1494,1.5019,2.1506,1.5019,78.636
1777127821.2200458,700,713,2.1529,1.5018,2.1508,1.5018,78.709
1777127821.3012362,701,713,2.1494,1.5019,2.1515,1.5018,78.790
1777127821.3750272,700,713,2.1529,1.5018,2.1517,1.5015,78.864
1777127821.4467387,700,713,2.1529,1.5018,2.1532,1.5027,78.935
1777127821.5248113,700,714,2.1529,1.5054,2.1529,1.5044,79.014
1777127821.6051853,700,714,2.1529,1.5054,2.1529,1.5057,79.094
1777127821.678228,700,714,2.1529,1.5054,2.1529,1.5054,79.167
1777127821.755685,700,714,2.1529,1.5054,2.1529,1.5051,79.244
1777127821.8281214,700,714,2.1529,1.5054,2.1529,1.5063,79.317
1777127821.9006984,700,715,2.1529,1.5089,2.1526,1.5080,79.389
1777127821.9738884,700,715,2.1529,1.5089,2.1538,1.5092,79.463
1777127822.0551958,699,715,2.1565,1.5088,2.1556,1.5089,79.544
1777127822.1298301,699,715,2.1565,1.5088,2.1568,1.5088,79.619
1777127822.208288,699,715,2.1565,1.5088,2.1565,1.5088,79.697
1777127822.2812457,699,715,2.1565,1.5088,2.1565,1.5085,79.770
1777127822.3538272,699,715,2.1565,1.5088,2.1568,1.5097,79.843
1777127822.426064,699,716,2.1565,1.5124,2.1556,1.5115,79.915
1777127822.498705,700,716,2.1529,1.5124,2.1538,1.5127,79.987
1777127822.576599,700,716,2.1529,1.5124,2.1526,1.5124,80.065
1777127822.6495178,700,716,2.1529,1.5124,2.1526,1.5124,80.138
1777127822.7241068,700,716,2.1529,1.5124,2.1538,1.5124,80.213
1777127822.7988114,699,716,2.1565,1.5124,2.1556,1.5124,80.288
1777127822.8787,699,716,2.1565,1.5124,2.1568,1.5121,80.367
1777127822.9504397,699,716,2.1565,1.5124,2.1565,1.5136,80.439
1777127823.0278907,699,717,2.1565,1.5159,2.1565,1.5141,80.517
1777127823.1000776,699,716,2.1565,1.5124,2.1565,1.5136,80.589
1777127823.1755843,699,716,2.1565,1.5124,2.1565,1.5121,80.664
1777127823.2476416,699,716,2.1565,1.5124,2.1565,1.5124,80.736
1777127823.3207734,699,716,2.1565,1.5124,2.1565,1.5121,80.809
1777127823.394188,699,716,2.1565,1.5124,2.1562,1.5133,80.883
1777127823.4666724,699,717,2.1565,1.5159,2.1577,1.5150,80.955
1777127823.53896,698,717,2.1601,1.5159,2.1579,1.5162,81.028
1777127823.6107037,699,717,2.1565,1.5159,2.1586,1.5159,81.099
1777127823.690031,698,717,2.1601,1.5159,2.1591,1.5159,81.179
1777127823.7624643,698,717,2.1601,1.5159,2.1591,1.5159,81.251
1777127823.835099,699,717,2.1565,1.5159,2.1583,1.5159,81.324
1777127823.9134865,698,717,2.1601,1.5159,2.1588,1.5159,81.402
1777127823.9865463,698,717,2.1601,1.5159,2.1604,1.5156,81.475
1777127824.0589683,698,717,2.1601,1.5159,2.1601,1.5168,81.548
1777127824.1293013,698,718,2.1601,1.5194,2.1601,1.5188,81.618
1777127824.208442,698,718,2.1601,1.5194,2.1601,1.5188,81.697
1777127824.281189,698,717,2.1601,1.5159,2.1601,1.5168,81.770
1777127824.3611178,698,717,2.1601,1.5159,2.1601,1.5156,81.850
1777127824.4389398,698,717,2.1601,1.5159,2.1601,1.5156,81.928
1777127824.51098,698,717,2.1601,1.5159,2.1601,1.5168,82.000
1777127824.5822368,698,718,2.1601,1.5194,2.1601,1.5185,82.071
1777127824.6548202,698,718,2.1601,1.5194,2.1601,1.5200,82.144
1777127824.726289,698,718,2.1601,1.5194,2.1601,1.5182,82.215
1777127824.8023574,698,717,2.1601,1.5159,2.1601,1.5177,82.291
1777127824.8817482,698,718,2.1601,1.5194,2.1601,1.5182,82.370
1777127824.9549565,698,718,2.1601,1.5194,2.1601,1.5197,82.444
1777127825.0270844,698,718,2.1601,1.5194,2.1601,1.5194,82.516
1777127825.099106,698,718,2.1601,1.5194,2.1601,1.5194,82.588
1777127825.171727,698,718,2.1601,1.5194,2.1598,1.5191,82.660
1777127825.2431877,698,718,2.1601,1.5194,2.1610,1.5203,82.732
1777127825.312882,697,719,2.1636,1.5229,2.1627,1.5220,82.802
1777127825.3845599,697,719,2.1636,1.5229,2.1639,1.5232,82.873
1777127825.4598107,697,719,2.1636,1.5229,2.1636,1.5229,82.949
1777127825.5380428,697,719,2.1636,1.5229,2.1625,1.5226,83.027
1777127825.6104875,697,719,2.1636,1.5229,2.1669,1.5238,83.099
1777127825.6899536,697,720,2.1764,1.5265,2.1731,1.5255,83.179
1777127825.761604,697,720,2.1764,1.5265,2.1775,1.5268,83.250
1777127825.8359153,697,720,2.1764,1.5265,2.1764,1.5265,83.325
1777127825.9122949,697,720,2.1764,1.5265,2.1764,1.5265,83.401
1777127825.9902968,697,720,2.1764,1.5265,2.1764,1.5265,83.479
1777127826.0646636,697,720,2.1764,1.5265,2.1764,1.5262,83.553
1777127826.1399221,697,720,2.1764,1.5265,2.1764,1.5274,83.629
1777127826.214283,697,721,2.1765,1.5302,2.1765,1.5292,83.703
1777127826.2936845,697,721,2.1765,1.5302,2.1766,1.5305,83.782
1777127826.3659523,697,721,2.1765,1.5302,2.1762,1.5302,83.855
1777127826.4395866,697,721,2.1765,1.5302,2.1775,1.5302,83.928
1777127826.5122705,696,721,2.1802,1.5301,2.1793,1.5302,84.001
1777127826.593316,696,721,2.1802,1.5301,2.1805,1.5298,84.082
1777127826.6778874,696,721,2.1802,1.5301,2.1803,1.5314,84.167
1777127826.7551339,696,722,2.1804,1.5339,2.1803,1.5316,84.244
1777127826.8278954,696,721,2.1802,1.5301,2.1803,1.5324,84.317
1777127826.9055762,696,722,2.1804,1.5339,2.1800,1.5326,84.394
1777127826.9784303,696,722,2.1804,1.5339,2.1813,1.5342,84.467
1777127827.0564294,695,722,2.1840,1.5338,2.1831,1.5338,84.545
1777127827.1311553,695,722,2.1840,1.5338,2.1843,1.5335,84.620
1777127827.2037838,695,722,2.1840,1.5338,2.1841,1.5348,84.692
1777127827.2758217,695,723,2.1842,1.5375,2.1842,1.5366,84.765
1777127827.3567684,695,723,2.1842,1.5375,2.1839,1.5378,84.845
1777127827.4347007,695,723,2.1842,1.5375,2.1851,1.5375,84.923
1777127827.5135877,694,723,2.1879,1.5375,2.1869,1.5375,85.002
1777127827.585416,694,723,2.1879,1.5375,2.1882,1.5375,85.074
1777127827.6594768,694,723,2.1879,1.5375,2.1879,1.5375,85.148
1777127827.7323217,694,723,2.1879,1.5375,2.1879,1.5375,85.221
1777127827.8114994,694,723,2.1879,1.5375,2.1879,1.5375,85.300
1777127827.884289,694,723,2.1879,1.5375,2.1879,1.5375,85.373
1777127827.9655888,694,723,2.1879,1.5375,2.1879,1.5375,85.454
1777127828.0422432,694,723,2.1879,1.5375,2.1879,1.5375,85.531
1777127828.11539,694,723,2.1879,1.5375,2.1879,1.5375,85.604
1777127828.1932247,694,723,2.1879,1.5375,2.1876,1.5375,85.682
1777127828.2718766,694,723,2.1879,1.5375,2.1888,1.5371,85.761
1777127828.3493035,693,723,2.1915,1.5374,2.1906,1.5384,85.838
1777127828.4240866,693,724,2.1917,1.5411,2.1920,1.5402,85.913
1777127828.4980407,693,724,2.1917,1.5411,2.1917,1.5414,85.987
1777127828.5787446,693,724,2.1917,1.5411,2.1917,1.5411,86.067
1777127828.652213,693,724,2.1917,1.5411,2.1917,1.5411,86.141
1777127828.7259963,693,724,2.1917,1.5411,2.1914,1.5411,86.215
1777127828.7988505,693,724,2.1917,1.5411,2.1926,1.5411,86.288
1777127828.877472,692,724,2.1954,1.5411,2.1944,1.5411,86.366
1777127828.9478195,692,724,2.1954,1.5411,2.1957,1.5411,86.437
1777127829.0231042,692,724,2.1954,1.5411,2.1950,1.5408,86.512
1777127829.096032,692,724,2.1954,1.5411,2.1964,1.5420,86.585
1777127829.169556,691,725,2.1992,1.5447,2.1979,1.5438,86.658
1777127829.2424464,691,725,2.1992,1.5447,2.2008,1.5450,86.731
1777127829.320356,690,725,2.2029,1.5447,2.2010,1.5447,86.809
1777127829.3933809,691,725,2.1992,1.5447,2.2005,1.5447,86.882
1777127829.47114,691,725,2.1992,1.5447,2.1986,1.5447,86.960
1777127829.548829,691,725,2.1992,1.5447,2.2002,1.5447,87.038
1777127829.6218078,690,725,2.2029,1.5447,2.2019,1.5447,87.111
1777127829.698638,690,725,2.2029,1.5447,2.2032,1.5447,87.187
1777127829.7715704,690,725,2.2029,1.5447,2.2029,1.5447,87.260
1777127829.8475795,690,725,2.2029,1.5447,2.2029,1.5447,87.336
1777127829.9193115,690,725,2.2029,1.5447,2.2029,1.5447,87.408
1777127829.9937005,690,725,2.2029,1.5447,2.2026,1.5447,87.482
1777127830.0715098,690,725,2.2029,1.5447,2.2038,1.5447,87.560
1777127830.147465,689,725,2.2065,1.5446,2.2059,1.5446,87.636
1777127830.2210243,689,725,2.2065,1.5446,2.2056,1.5446,87.710
1777127830.295232,690,725,2.2029,1.5447,2.2048,1.5446,87.784
1777127830.3683178,689,725,2.2065,1.5446,2.2053,1.5446,87.857
1777127830.4482884,689,725,2.2065,1.5446,2.2069,1.5446,87.937
1777127830.521438,689,725,2.2065,1.5446,2.2065,1.5446,88.010
1777127830.5995367,689,725,2.2065,1.5446,2.2062,1.5446,88.088
1777127830.6716647,689,725,2.2065,1.5446,2.2075,1.5446,88.160
1777127830.751952,688,725,2.2102,1.5445,2.2093,1.5446,88.241
1777127830.8278747,688,725,2.2102,1.5445,2.2105,1.5442,88.317
1777127830.9066794,688,725,2.2102,1.5445,2.2103,1.5458,88.395
1777127830.9819624,688,726,2.2104,1.5483,2.2103,1.5464,88.471
1777127831.0575192,688,725,2.2102,1.5445,2.2103,1.5458,88.546
1777127831.1312115,688,725,2.2102,1.5445,2.2099,1.5442,88.620
1777127831.2037506,688,725,2.2102,1.5445,2.2112,1.5445,88.692
1777127831.2775822,687,725,2.2139,1.5445,2.2129,1.5442,88.766
1777127831.3520849,687,725,2.2139,1.5445,2.2143,1.5458,88.841
1777127831.424769,687,726,2.2140,1.5482,2.2140,1.5463,88.913
1777127831.5031486,687,725,2.2139,1.5445,2.2139,1.5458,88.992
1777127831.5793893,687,725,2.2139,1.5445,2.2160,1.5460,89.068
1777127831.6517832,687,725,2.2139,1.5445,2.2073,1.5391,89.140
1777127831.73479,687,725,2.1894,1.5235,2.1966,1.5289,89.223
1777127831.8138452,686,725,2.1929,1.5235,2.1899,1.5217,89.303
1777127831.8849914,686,725,2.1929,1.5235,2.1929,1.5235,89.374
1777127831.9581215,686,725,2.1929,1.5235,2.1941,1.5235,89.447
1777127832.040246,685,725,2.1964,1.5234,2.1943,1.5235,89.529
1777127832.1135848,686,725,2.1929,1.5235,2.1950,1.5234,89.602
1777127832.1855795,685,725,2.1964,1.5234,2.1952,1.5234,89.674
1777127832.2581313,685,725,2.1964,1.5234,2.1967,1.5234,89.747
1777127832.3366754,685,725,2.1964,1.5234,2.1964,1.5234,89.825
1777127832.4141965,685,725,2.1964,1.5234,2.1964,1.5234,89.903
1777127832.4887636,685,725,2.1964,1.5234,2.1964,1.5234,89.977
1777127832.561977,685,725,2.1964,1.5234,2.1961,1.5234,90.051
1777127832.6359007,685,725,2.1964,1.5234,2.1973,1.5234,90.125
1777127832.709739,684,725,2.1999,1.5234,2.1990,1.5234,90.198
1777127832.7832456,684,725,2.1999,1.5234,2.2002,1.5234,90.272
1777127832.8554926,684,725,2.1999,1.5234,2.1999,1.5234,90.344
1777127832.9292176,684,725,2.1999,1.5234,2.1996,1.5234,90.418
1777127833.0022933,684,725,2.1999,1.5234,2.2011,1.5233,90.491
1777127833.0797555,683,725,2.2034,1.5233,2.2016,1.5233,90.568
1777127833.1518435,684,725,2.1999,1.5234,2.2011,1.5233,90.641
1777127833.2255383,684,725,2.1999,1.5234,2.1996,1.5234,90.714
1777127833.3045723,684,725,2.1999,1.5234,2.1999,1.5234,90.793
1777127833.3825161,684,725,2.1999,1.5234,2.1999,1.5234,90.871
1777127833.4624999,684,725,2.1999,1.5234,2.1996,1.5234,90.951
1777127833.5355237,684,725,2.1999,1.5234,2.2008,1.5233,91.024
1777127833.6077573,683,725,2.2034,1.5233,2.2025,1.5236,91.096
1777127833.6840396,683,725,2.2034,1.5233,2.2034,1.5224,91.173
1777127833.76426,683,724,2.2034,1.5198,2.2043,1.5207,91.253
1777127833.8402834,682,724,2.2069,1.5198,2.2060,1.5195,91.329
1777127833.91329,682,724,2.2069,1.5198,2.2072,1.5197,91.402
1777127833.9865553,682,724,2.2069,1.5198,2.2069,1.5198,91.475
1777127834.0594194,682,724,2.2069,1.5198,2.2069,1.5198,91.548
1777127834.133022,682,724,2.2069,1.5198,2.2069,1.5198,91.622
1777127834.2047346,682,724,2.2069,1.5198,2.2069,1.5198,91.693
1777127834.2775164,682,724,2.2069,1.5198,2.2069,1.5198,91.766
1777127834.3563735,682,724,2.2069,1.5198,2.2066,1.5201,91.845
1777127834.4297688,682,724,2.2069,1.5198,2.2078,1.5188,91.918
1777127834.506669,681,723,2.2103,1.5162,2.2094,1.5168,91.995
1777127834.5794523,681,723,2.2103,1.5162,2.2106,1.5168,92.068
1777127834.6566572,681,724,2.2104,1.5197,2.2104,1.5191,92.145
1777127834.7313695,681,724,2.2104,1.5197,2.2104,1.5191,92.220
1777127834.8046174,681,723,2.2103,1.5162,2.2104,1.5171,92.293
1777127834.8802798,681,723,2.2103,1.5162,2.2100,1.5159,92.369
1777127834.9606302,681,723,2.2103,1.5162,2.2115,1.5162,92.449
1777127835.033457,680,723,2.2138,1.5161,2.2120,1.5162,92.522
1777127835.1057768,681,723,2.2103,1.5162,2.2112,1.5162,92.594
1777127835.184902,681,723,2.2103,1.5162,2.2109,1.5162,92.674
1777127835.258076,680,723,2.2138,1.5161,2.2129,1.5165,92.747
1777127835.3310149,680,723,2.2138,1.5161,2.2144,1.5155,92.820
1777127835.4030328,680,722,2.2138,1.5126,2.2132,1.5130,92.892
1777127835.4773598,681,721,2.2103,1.5092,2.2106,1.5092,92.966
1777127835.549921,682,720,2.2068,1.5058,2.2068,1.5055,93.039
1777127835.6359096,683,719,2.2033,1.5024,2.2033,1.5033,93.125
1777127835.711912,684,719,2.1998,1.5024,2.1998,1.5015,93.201
1777127835.7858646,685,718,2.1963,1.4990,2.1963,1.4993,93.275
1777127835.8615751,686,717,2.1927,1.4956,2.1924,1.4956,93.350
1777127835.9321253,687,716,2.1892,1.4921,2.1901,1.4921,93.421
1777127836.0123687,687,715,2.1892,1.4886,2.1883,1.4887,93.501
1777127836.0854046,688,714,2.1857,1.4852,2.1860,1.4849,93.574
1777127836.16228,689,713,2.1822,1.4818,2.1822,1.4827,93.651
1777127836.2346995,690,713,2.1787,1.4818,2.1786,1.4812,93.723
1777127836.3125603,691,712,2.1751,1.4784,2.1751,1.4775,93.801
1777127836.388742,692,710,2.1716,1.4715,2.1716,1.4733,93.877
1777127836.4613857,693,710,2.1681,1.4715,2.1681,1.4703,93.950
1777127836.5354633,694,709,2.1646,1.4681,2.1643,1.4684,94.024
1777127836.6087062,695,708,2.1610,1.4647,2.1619,1.4647,94.097
1777127836.684095,695,707,2.1610,1.4612,2.1601,1.4612,94.173
1777127836.7572103,696,706,2.1575,1.4578,2.1578,1.4577,94.246
1777127836.8300006,697,705,2.1540,1.4543,2.1540,1.4540,94.319
1777127836.9123337,698,704,2.1505,1.4509,2.1502,1.4521,94.401
1777127836.9849076,699,704,2.1470,1.4509,2.1481,1.4488,94.474
1777127837.06244,699,702,2.1469,1.4440,2.1448,1.4461,94.551
1777127837.138086,701,702,2.1399,1.4441,2.1420,1.4428,94.627
1777127837.2138684,701,701,2.1399,1.4406,2.1387,1.4409,94.703
1777127837.2907743,702,700,2.1364,1.4371,2.1367,1.4368,94.779
1777127837.3688173,703,699,2.1328,1.4337,2.1328,1.4346,94.858
1777127837.4402175,704,699,2.1293,1.4338,2.1290,1.4332,94.929
1777127837.5148926,705,698,2.1258,1.4303,2.1267,1.4294,95.004
1777127837.5883346,705,696,2.1258,1.4233,2.1242,1.4238,95.077
1777127837.6610851,706,696,2.1223,1.4234,2.1244,1.4262,95.150
1777127837.7362285,707,694,2.1260,1.4355,2.1241,1.4315,95.225
1777127837.805078,708,693,2.1224,1.4320,2.1231,1.4343,95.294
1777127837.8755622,709,693,2.1189,1.4320,2.1189,1.4311,95.364
1777127837.950669,710,692,2.1153,1.4285,2.1153,1.4288,95.439
1777127838.0204883,711,691,2.1117,1.4250,2.1117,1.4250,95.509
1777127838.090879,712,690,2.1081,1.4215,2.1081,1.4215,95.580
1777127838.1625793,713,689,2.1046,1.4180,2.1043,1.4180,95.651
1777127838.2404733,714,688,2.1010,1.4145,2.1022,1.4142,95.729
1777127838.3116171,714,687,2.1010,1.4110,2.0991,1.4119,95.800
1777127838.3857636,716,687,2.0938,1.4111,2.0948,1.4101,95.874
1777127838.4620368,717,686,2.0903,1.4076,2.0909,1.4079,95.951
1777127838.5377185,717,685,2.0903,1.4040,2.0893,1.4040,96.026
1777127838.6142983,718,684,2.0867,1.4005,2.0870,1.4008,96.103
1777127838.6861532,719,683,2.0831,1.3970,2.0828,1.3961,96.175
1777127838.7559357,720,681,2.0795,1.3900,2.0804,1.3906,96.245
1777127838.8233356,720,680,2.0795,1.3864,2.0786,1.3870,96.312
1777127838.8948734,721,680,2.0759,1.3865,2.0763,1.3855,96.384
1777127838.9707584,722,679,2.0724,1.3830,2.0724,1.3833,96.459
1777127839.040243,723,678,2.0688,1.3794,2.0688,1.3794,96.529
1777127839.1106067,724,677,2.0652,1.3759,2.0649,1.3759,96.599
1777127839.1826112,725,676,2.0616,1.3724,2.0629,1.3724,96.671
1777127839.2527418,725,675,2.0616,1.3689,2.0598,1.3686,96.741
1777127839.3220627,727,674,2.0545,1.3654,2.0557,1.3663,96.811
1777127839.3980107,728,674,2.0509,1.3655,2.0506,1.3648,96.887
1777127839.4680138,729,673,2.0473,1.3619,2.0473,1.3613,96.957
1777127839.5366864,730,671,2.0437,1.3549,2.0434,1.3558,97.025
1777127839.6071227,731,670,2.0402,1.3514,2.0411,1.3511,97.096
1777127839.6780503,731,669,2.0402,1.3478,2.0392,1.3476,97.167
1777127839.7485886,732,668,2.0366,1.3443,2.0369,1.3452,97.237
1777127839.8175964,733,668,2.0330,1.3444,2.0330,1.3435,97.306
1777127839.890798,734,667,2.0294,1.3409,2.0294,1.3412,97.380
1777127839.9665222,735,666,2.0258,1.3374,2.0258,1.3374,97.455
1777127840.036244,736,665,2.0222,1.3338,2.0222,1.3338,97.525
1777127840.106828,737,664,2.0187,1.3303,2.0187,1.3303,97.596
1777127840.1861863,738,663,2.0151,1.3268,2.0148,1.3268,97.675
1777127840.2559526,739,662,2.0115,1.3233,2.0127,1.3230,97.745
1777127840.3312685,739,661,2.0115,1.3198,2.0093,1.3210,97.820
1777127840.4021525,741,661,2.0043,1.3198,2.0065,1.3177,97.891
1777127840.4738767,741,659,2.0043,1.3128,2.0031,1.3149,97.963
1777127840.5446966,742,659,2.0007,1.3128,2.0007,1.3116,98.033
1777127840.6221154,743,658,1.9972,1.3093,1.9981,1.3096,98.111
1777127840.6918914,743,657,1.9972,1.3057,1.9962,1.3057,98.181
1777127840.7666073,744,656,1.9936,1.3022,1.9939,1.3022,98.255
1777127840.8364084,745,655,1.9900,1.2987,1.9900,1.2987,98.325
1777127840.9082024,746,654,1.9864,1.2952,1.9864,1.2952,98.397
1777127840.9817822,747,653,1.9828,1.2917,1.9828,1.2917,98.470
1777127841.0556333,748,652,1.9792,1.2882,1.9792,1.2882,98.544
1777127841.131056,749,651,1.9757,1.2847,1.9754,1.2847,98.620
1777127841.2066565,750,650,1.9721,1.2812,1.9730,1.2811,98.695
1777127841.2769923,750,649,1.9721,1.2776,1.9715,1.2773,98.766
1777127841.3538213,751,648,1.9685,1.2741,1.9679,1.2750,98.843
1777127841.4294977,753,648,1.9613,1.2742,1.9622,1.2732,98.918
1777127841.5026412,754,647,1.9577,1.2706,1.9571,1.2710,98.991
1777127841.5729434,755,646,1.9541,1.2671,1.9551,1.2671,99.062
1777127841.6440012,755,645,1.9541,1.2636,1.9532,1.2636,99.133
1777127841.7167544,756,644,1.9506,1.2601,1.9509,1.2601,99.205
1777127841.7873597,757,643,1.9470,1.2566,1.9470,1.2566,99.276
1777127841.8567834,758,642,1.9434,1.2530,1.9431,1.2530,99.345
1777127841.9269326,759,641,1.9398,1.2495,1.9407,1.2495,99.416
1777127842.012456,759,640,1.9398,1.2460,1.9389,1.2457,99.501
1777127842.087966,760,639,1.9362,1.2425,1.9365,1.2434,99.577
1777127842.1554987,761,639,1.9326,1.2425,1.9326,1.2416,99.644
1777127842.2322023,762,638,1.9290,1.2390,1.9290,1.2393,99.721
1777127842.3055305,763,637,1.9254,1.2355,1.9251,1.2355,99.794
1777127842.378983,764,636,1.9219,1.2320,1.9231,1.2319,99.868
1777127842.45198,764,635,1.9219,1.2284,1.9197,1.2284,99.941
1777127842.5230906,766,634,1.9147,1.2249,1.9168,1.2249,100.012
1777127842.6019714,766,633,1.9147,1.2214,1.9134,1.2211,100.091
1777127842.672968,767,632,1.9111,1.2179,1.9114,1.2191,100.162
1777127842.7402995,768,632,1.9075,1.2179,1.9075,1.2161,100.229
1777127842.8101456,769,630,1.9039,1.2108,1.9036,1.2120,100.299
1777127842.8847032,770,629,1.9003,1.2073,1.9012,1.2070,100.373
1777127842.960157,770,628,1.9003,1.2038,1.8997,1.2038,100.449
1777127843.033827,771,627,1.8967,1.2002,1.8958,1.2002,100.523
1777127843.1064603,773,626,1.8895,1.1968,1.8914,1.1964,100.595
1777127843.1832237,773,625,1.8895,1.1932,1.8883,1.1941,100.672
1777127843.2576537,774,625,1.8860,1.1932,1.8863,1.1923,100.746
1777127843.328895,775,624,1.8824,1.1897,1.8824,1.1900,100.818
1777127843.3992906,776,623,1.8788,1.1862,1.8790,1.1862,100.888
1777127843.4691706,777,622,1.8752,1.1827,1.8745,1.1823,100.958
1777127843.5487545,779,621,1.8689,1.1788,1.8693,1.1801,101.037
1777127843.6209576,780,621,1.8654,1.1789,1.8660,1.1770,101.110
1777127843.693798,780,619,1.8653,1.1718,1.8644,1.1730,101.183
1777127843.7660642,781,618,1.8617,1.1682,1.8621,1.1676,101.255
1777127843.8388171,782,617,1.8582,1.1647,1.8582,1.1656,101.328
1777127843.9137313,783,617,1.8546,1.1648,1.8546,1.1639,101.402
1777127843.9889438,784,616,1.8510,1.1613,1.8510,1.1616,101.478
1777127844.0676231,785,615,1.8474,1.1577,1.8474,1.1577,101.556
1777127844.1412933,786,614,1.8438,1.1542,1.8435,1.1542,101.630
1777127844.2151222,787,613,1.8402,1.1507,1.8411,1.1507,101.704
1777127844.2921896,787,612,1.8402,1.1471,1.8393,1.1469,101.781
1777127844.3699603,788,611,1.8366,1.1436,1.8369,1.1445,101.859
1777127844.4428926,789,611,1.8330,1.1437,1.8330,1.1428,101.932
1777127844.516977,790,610,1.8294,1.1402,1.8294,1.1402,102.006
1777127844.5924268,791,609,1.8258,1.1366,1.8258,1.1375,102.081
1777127844.6727808,792,609,1.8222,1.1367,1.8219,1.1361,102.161
1777127844.7513082,793,608,1.8186,1.1332,1.8199,1.1322,102.240
1777127844.823995,793,606,1.8186,1.1260,1.8165,1.1279,102.313
1777127844.9025004,795,606,1.8115,1.1261,1.8136,1.1249,102.391
1777127844.9775229,795,605,1.8114,1.1226,1.8105,1.1226,102.466
1777127845.0553427,796,604,1.8078,1.1190,1.8069,1.1203,102.544
1777127845.1341126,798,604,1.8007,1.1191,1.8025,1.1173,102.623
1777127845.2114873,798,602,1.8007,1.1120,1.7994,1.1132,102.700
1777127845.286464,799,601,1.7971,1.1085,1.7974,1.1079,102.775
1777127845.3658702,800,600,1.7935,1.1050,1.7935,1.1059,102.855
1777127845.43803,801,600,1.7899,1.1050,1.7899,1.1041,102.927
1777127845.5128646,802,599,1.7863,1.1015,1.7860,1.1015,103.002
1777127845.5853643,803,598,1.7827,1.0980,1.7836,1.0989,103.074
1777127845.6670656,803,598,1.7827,1.0980,1.7818,1.0971,103.156
1777127845.7402983,804,597,1.7791,1.0944,1.7794,1.0947,103.229
1777127845.815069,805,596,1.7755,1.0909,1.7755,1.0909,103.304
1777127845.8887854,806,595,1.7719,1.0874,1.7719,1.0874,103.377
1777127845.9621766,807,594,1.7683,1.0839,1.7683,1.0836,103.451
1777127846.0346467,808,593,1.7647,1.0804,1.7647,1.0813,103.523
1777127846.1100404,809,593,1.7611,1.0804,1.7611,1.0795,103.599
1777127846.1839826,810,592,1.7575,1.0769,1.7572,1.0772,103.673
1777127846.2589154,811,591,1.7539,1.0734,1.7548,1.0733,103.748
1777127846.3321953,811,590,1.7539,1.0698,1.7527,1.0698,103.821
1777127846.4032567,812,589,1.7503,1.0663,1.7518,1.0663,103.892
1777127846.4790676,812,588,1.7503,1.0627,1.7484,1.0627,103.968
1777127846.5572438,814,587,1.7431,1.0592,1.7443,1.0592,104.046
1777127846.6304016,815,586,1.7395,1.0557,1.7392,1.0557,104.119
1777127846.7034044,816,585,1.7359,1.0522,1.7356,1.0522,104.192
1777127846.7811725,817,584,1.7323,1.0487,1.7332,1.0483,104.270
1777127846.8528318,817,583,1.7323,1.0451,1.7314,1.0460,104.342
1777127846.926734,818,583,1.7287,1.0451,1.7290,1.0442,104.415
1777127846.9997709,819,582,1.7251,1.0416,1.7251,1.0419,104.488
1777127847.0727665,820,581,1.7215,1.0381,1.7215,1.0381,104.561
1777127847.146418,821,580,1.7179,1.0346,1.7179,1.0346,104.635
1777127847.219876,822,579,1.7143,1.0310,1.7143,1.0310,104.709
1777127847.29191,823,578,1.7107,1.0275,1.7107,1.0272,104.781
1777127847.3720856,824,577,1.7071,1.0240,1.7071,1.0249,104.861
1777127847.4492495,825,577,1.7035,1.0240,1.7035,1.0231,104.938
1777127847.5223708,826,576,1.6999,1.0205,1.6999,1.0208,105.011
1777127847.597555,827,575,1.6963,1.0170,1.6960,1.0170,105.086
1777127847.6696389,828,574,1.6927,1.0134,1.6939,1.0131,105.158
1777127847.7488883,828,573,1.6927,1.0099,1.6908,1.0111,105.238
1777127847.8263292,830,573,1.6855,1.0100,1.6864,1.0078,105.315
1777127847.907602,831,571,1.6819,1.0029,1.6825,1.0050,105.396
1777127847.985153,831,571,1.6819,1.0029,1.6810,1.0017,105.474
1777127848.0592663,832,570,1.6783,0.9993,1.6786,0.9996,105.548
1777127848.1323493,833,569,1.6747,0.9958,1.6744,0.9958,105.621
1777127848.2045767,834,568,1.6711,0.9923,1.6723,0.9920,105.693
1777127848.2849607,834,567,1.6711,0.9887,1.6692,0.9897,105.774
1777127848.3598185,836,567,1.6639,0.9888,1.6651,0.9879,105.849
1777127848.4317017,837,566,1.6603,0.9853,1.6600,0.9856,105.920
1777127848.5069811,838,565,1.6567,0.9817,1.6567,0.9817,105.996
1777127848.5799725,839,564,1.6531,0.9782,1.6528,0.9782,106.069
1777127848.6665857,840,563,1.6495,0.9747,1.6507,0.9747,106.155
1777127848.7396638,840,562,1.6494,0.9711,1.6473,0.9711,106.228
1777127848.8150716,842,561,1.6423,0.9676,1.6444,0.9673,106.304
1777127848.8948555,842,560,1.6422,0.9641,1.6410,0.9650,106.384
1777127848.9735262,843,560,1.6386,0.9641,1.6393,0.9632,106.462
1777127849.0459807,844,559,1.6350,0.9606,1.6338,0.9609,106.535
1777127849.12306,846,558,1.6278,0.9571,1.6297,0.9571,106.612
1777127849.195608,846,557,1.6278,0.9535,1.6266,0.9532,106.684
1777127849.2733526,847,556,1.6242,0.9500,1.6245,0.9509,106.762
1777127849.3485234,848,556,1.6206,0.9500,1.6206,0.9488,106.837
1777127849.422625,849,555,1.6170,0.9465,1.6169,0.9480,106.911
1777127849.4964936,850,555,1.6134,0.9465,1.6134,0.9448,106.985
1777127849.5761635,851,553,1.6108,0.9398,1.6115,0.9409,107.065
1777127849.6551485,851,552,1.6108,0.9362,1.6103,0.9356,107.144
1777127849.7335138,852,551,1.6072,0.9327,1.6063,0.9339,107.222
1777127849.8130991,854,551,1.6000,0.9327,1.6019,0.9306,107.302
1777127849.8865957,854,549,1.6000,0.9256,1.5988,0.9278,107.375
1777127849.968128,855,549,1.5964,0.9256,1.5967,0.9244,107.457
1777127850.0420241,856,548,1.5928,0.9221,1.5928,0.9224,107.531
1777127850.1209974,857,547,1.5892,0.9186,1.5892,0.9183,107.610
1777127850.1951513,858,546,1.5856,0.9150,1.5856,0.9163,107.684
1777127850.2733352,859,546,1.5820,0.9151,1.5820,0.9129,107.762
1777127850.348066,860,544,1.5783,0.9080,1.5780,0.9101,107.837
1777127850.4224064,861,544,1.5748,0.9080,1.5757,0.9068,107.911
1777127850.496273,861,543,1.5747,0.9044,1.5741,0.9048,107.985
1777127850.5728705,862,542,1.5711,0.9009,1.5702,0.9009,108.062
1777127850.647661,864,541,1.5639,0.8974,1.5661,0.8974,108.136
1777127850.7244942,864,540,1.5639,0.8938,1.5614,0.8939,108.213
1777127850.8042488,866,539,1.5567,0.8904,1.5588,0.8903,108.293
1777127850.8864303,866,538,1.5567,0.8868,1.5554,0.8865,108.375
1777127850.964849,867,537,1.5531,0.8832,1.5534,0.8842,108.454
1777127851.0599082,868,537,1.5495,0.8833,1.5495,0.8824,108.549
1777127851.1608179,869,536,1.5458,0.8797,1.5459,0.8801,108.650
1777127851.2531111,870,535,1.5422,0.8762,1.5422,0.8759,108.742
1777127851.3421996,871,534,1.5386,0.8727,1.5386,0.8739,108.831
1777127851.4244115,872,534,1.5350,0.8727,1.5350,0.8706,108.913
1777127851.514456,873,532,1.5314,0.8656,1.5314,0.8678,109.003
1777127851.6129704,874,532,1.5278,0.8656,1.5278,0.8644,109.102
1777127851.6864963,875,531,1.5242,0.8621,1.5239,0.8624,109.175
1777127851.7617192,876,530,1.5206,0.8586,1.5218,0.8583,109.250
1777127851.8444898,876,529,1.5205,0.8550,1.5184,0.8562,109.333
1777127851.9217243,878,529,1.5134,0.8551,1.5155,0.8529,109.410
1777127852.0003428,878,527,1.5133,0.8479,1.5121,0.8504,109.489
1777127852.0727978,879,527,1.5097,0.8480,1.5103,0.8455,109.562
1777127852.1532862,880,525,1.5061,0.8408,1.5049,0.8430,109.642
1777127852.232178,882,525,1.4989,0.8409,1.5010,0.8394,109.721
1777127852.3123205,882,524,1.4989,0.8373,1.4964,0.8386,109.801
1777127852.3936756,884,524,1.4917,0.8374,1.4938,0.8365,109.882
1777127852.4796994,884,523,1.4917,0.8339,1.4904,0.8342,109.968
1777127852.553254,885,522,1.4880,0.8303,1.4883,0.8303,110.042
1777127852.6298637,886,521,1.4844,0.8268,1.4844,0.8268,110.119
1777127852.7096567,887,520,1.4808,0.8232,1.4808,0.8232,110.198
1777127852.7850218,888,519,1.4772,0.8197,1.4772,0.8194,110.274
1777127852.8589783,889,518,1.4736,0.8162,1.4736,0.8174,110.348
1777127852.9354084,890,518,1.4700,0.8162,1.4700,0.8144,110.424
1777127853.0104506,891,516,1.4663,0.8091,1.4663,0.8100,110.499
1777127853.0944495,892,515,1.4627,0.8055,1.4627,0.8062,110.583
1777127853.173375,893,515,1.4591,0.8056,1.4591,0.8043,110.662
1777127853.2464643,894,514,1.4555,0.8020,1.4555,0.8033,110.735
1777127853.3252661,895,514,1.4519,0.8021,1.4516,0.8015,110.814
1777127853.3987963,896,513,1.4483,0.7985,1.4492,0.7976,110.888
1777127853.4723501,896,511,1.4482,0.7914,1.4473,0.7932,110.961
1777127853.5482452,897,511,1.4446,0.7914,1.4449,0.7902,111.037
1777127853.6208189,898,510,1.4410,0.7879,1.4410,0.7882,111.110
1777127853.7075613,899,509,1.4374,0.7843,1.4374,0.7843,111.196
1777127853.7888684,900,508,1.4338,0.7808,1.4338,0.7808,111.278
1777127853.864405,901,507,1.4301,0.7772,1.4301,0.7769,111.353
1777127853.953306,902,506,1.4265,0.7737,1.4265,0.7746,111.442
1777127854.0314436,903,506,1.4229,0.7737,1.4226,0.7728,111.520
1777127854.1088054,904,505,1.4193,0.7702,1.4202,0.7705,111.598
1777127854.1879127,904,504,1.4193,0.7666,1.4184,0.7666,111.677
1777127854.2695496,905,503,1.4157,0.7631,1.4160,0.7628,111.758
1777127854.3514452,906,502,1.4120,0.7595,1.4120,0.7605,111.840
1777127854.4317632,907,502,1.4084,0.7596,1.4084,0.7587,111.920
1777127854.5122824,908,501,1.4048,0.7560,1.4048,0.7563,112.001
1777127854.596509,909,500,1.4012,0.7525,1.4012,0.7525,112.085
1777127854.6762078,910,499,1.3976,0.7489,1.3976,0.7489,112.165
1777127854.759983,911,498,1.3939,0.7454,1.3939,0.7451,112.249
1777127854.8372111,912,497,1.3903,0.7419,1.3903,0.7428,112.326
1777127854.9250486,913,497,1.3867,0.7419,1.3867,0.7410,112.414
1777127855.0188358,914,496,1.3831,0.7383,1.3831,0.7387,112.508
1777127855.128652,915,495,1.3795,0.7348,1.3795,0.7348,112.617
1777127855.220631,916,494,1.3758,0.7313,1.3758,0.7313,112.709
1777127855.3220222,917,493,1.3722,0.7277,1.3722,0.7277,112.811
1777127855.4089751,918,492,1.3686,0.7242,1.3686,0.7242,112.898
1777127855.4871383,919,491,1.3650,0.7206,1.3650,0.7203,112.976
1777127855.5690718,920,490,1.3613,0.7171,1.3614,0.7180,113.058
1777127855.6489744,921,490,1.3577,0.7171,1.3574,0.7165,113.138
1777127855.7237365,922,489,1.3541,0.7136,1.3553,0.7126,113.212
1777127855.8007212,922,487,1.3541,0.7064,1.3519,0.7083,113.289
1777127855.881778,924,487,1.3469,0.7065,1.3494,0.7052,113.370
1777127855.9589477,924,486,1.3468,0.7029,1.3441,0.7031,113.448
1777127856.0358324,926,485,1.3387,0.6990,1.3411,0.6988,113.525
1777127856.120948,926,484,1.3386,0.6954,1.3373,0.6966,113.610
1777127856.199036,927,484,1.3351,0.6955,1.3353,0.6936,113.688
1777127856.275108,928,482,1.3314,0.6883,1.3314,0.6893,113.764
1777127856.3520489,929,481,1.3278,0.6848,1.3278,0.6854,113.841
1777127856.4250553,930,481,1.3242,0.6848,1.3242,0.6839,113.914
1777127856.500368,931,480,1.3205,0.6813,1.3205,0.6816,113.989
1777127856.5809119,932,479,1.3169,0.6777,1.3169,0.6774,114.070
1777127856.6637075,933,478,1.3133,0.6742,1.3133,0.6751,114.152
1777127856.7473223,934,478,1.3097,0.6742,1.3097,0.6733,114.236
1777127856.8240712,935,477,1.3061,0.6707,1.3061,0.6710,114.313
1777127856.898886,936,476,1.3024,0.6671,1.3024,0.6671,114.388
1777127856.979458,937,475,1.2988,0.6636,1.2988,0.6636,114.468
1777127857.0604203,938,474,1.2952,0.6600,1.2949,0.6600,114.549
1777127857.14066,939,473,1.2915,0.6565,1.2925,0.6565,114.629
1777127857.2178388,939,472,1.2915,0.6529,1.2909,0.6526,114.707
1777127857.2994301,940,471,1.2879,0.6493,1.2870,0.6503,114.788
1777127857.374145,942,471,1.2807,0.6494,1.2825,0.6485,114.863
1777127857.4499445,942,470,1.2807,0.6458,1.2794,0.6461,114.939
1777127857.5239472,943,469,1.2770,0.6423,1.2776,0.6423,115.013
1777127857.5986226,944,468,1.2734,0.6387,1.2722,0.6387,115.087
1777127857.6831052,946,467,1.2662,0.6352,1.2683,0.6352,115.172
1777127857.757638,946,466,1.2661,0.6316,1.2637,0.6313,115.246
1777127857.8335154,948,465,1.2589,0.6281,1.2611,0.6290,115.322
1777127857.909808,948,465,1.2589,0.6281,1.2577,0.6272,115.399
1777127857.9901187,949,464,1.2553,0.6246,1.2553,0.6249,115.479
1777127858.0667834,950,463,1.2516,0.6210,1.2529,0.6210,115.555
1777127858.1551945,950,462,1.2516,0.6174,1.2498,0.6174,115.644
1777127858.2362232,952,461,1.2444,0.6139,1.2453,0.6139,115.725
1777127858.3170564,953,460,1.2408,0.6103,1.2414,0.6100,115.806
1777127858.3932974,953,459,1.2407,0.6067,1.2398,0.6077,115.882
1777127858.473278,954,459,1.2371,0.6068,1.2374,0.6059,115.962
1777127858.5555754,955,458,1.2335,0.6032,1.2335,0.6035,116.044
1777127858.6321683,956,457,1.2299,0.5997,1.2299,0.5997,116.121
1777127858.7137222,957,456,1.2262,0.5961,1.2262,0.5958,116.202
1777127858.7879903,958,455,1.2226,0.5926,1.2226,0.5935,116.277
1777127858.8687851,959,455,1.2190,0.5926,1.2190,0.5917,116.357
1777127858.943995,960,454,1.2154,0.5891,1.2150,0.5894,116.433
1777127859.0258474,961,453,1.2117,0.5855,1.2126,0.5852,116.515
1777127859.1137257,961,452,1.2117,0.5819,1.2111,0.5828,116.602
1777127859.1900344,962,452,1.2081,0.5819,1.2075,0.5810,116.679
1777127859.2708075,964,451,1.2008,0.5784,1.2018,0.5787,116.760
1777127859.3505173,965,450,1.1972,0.5749,1.1969,0.5749,116.839
1777127859.4303699,966,449,1.1936,0.5713,1.1933,0.5713,116.919
1777127859.5070531,967,448,1.1899,0.5678,1.1912,0.5677,116.996
1777127859.596486,967,447,1.1899,0.5642,1.1877,0.5642,117.085
1777127859.6713731,969,446,1.1827,0.5607,1.1848,0.5603,117.160
1777127859.7546244,969,445,1.1826,0.5571,1.1814,0.5580,117.243
1777127859.8362458,970,445,1.1790,0.5571,1.1793,0.5562,117.325
1777127859.9174426,971,444,1.1754,0.5535,1.1754,0.5538,117.406
1777127859.9945483,972,443,1.1718,0.5500,1.1718,0.5500,117.483
1777127860.0699291,973,442,1.1681,0.5464,1.1681,0.5464,117.559
1777127860.1456351,974,441,1.1645,0.5429,1.1645,0.5429,117.634
1777127860.2222476,975,440,1.1608,0.5393,1.1608,0.5390,117.711
1777127860.3052735,976,439,1.1572,0.5357,1.1572,0.5367,117.794
1777127860.381078,977,439,1.1536,0.5358,1.1536,0.5346,117.870
1777127860.465725,978,438,1.1500,0.5322,1.1500,0.5338,117.954
1777127860.5424607,979,438,1.1464,0.5323,1.1463,0.5301,118.031
1777127860.6255186,980,436,1.1427,0.5251,1.1427,0.5273,118.114
1777127860.7051537,981,436,1.1391,0.5252,1.1391,0.5239,118.194
1777127860.7811406,982,435,1.1355,0.5216,1.1351,0.5219,118.270
1777127860.8572483,983,434,1.1318,0.5180,1.1327,0.5180,118.346
1777127860.937827,983,433,1.1318,0.5144,1.1309,0.5144,118.427
1777127861.0234506,984,432,1.1281,0.5109,1.1288,0.5109,118.512
1777127861.1055439,985,431,1.1245,0.5073,1.1236,0.5073,118.594
1777127861.1786683,987,430,1.1173,0.5038,1.1182,0.5038,118.667
1777127861.2535212,988,429,1.1136,0.5002,1.1133,0.5002,118.742
1777127861.3306575,989,428,1.1100,0.4967,1.1100,0.4967,118.819
1777127861.406541,990,427,1.1063,0.4931,1.1060,0.4931,118.895
1777127861.4800544,991,426,1.1027,0.4895,1.1036,0.4892,118.969
1777127861.554985,991,425,1.1027,0.4859,1.1020,0.4869,119.044
1777127861.6308935,992,425,1.0990,0.4860,1.0984,0.4851,119.120
1777127861.7126682,994,424,1.0918,0.4825,1.0924,0.4828,119.201
1777127861.7880254,995,423,1.0882,0.4789,1.0888,0.4789,119.277
1777127861.8627152,995,422,1.0881,0.4753,1.0872,0.4750,119.351
1777127861.938236,996,421,1.0845,0.4717,1.0848,0.4727,119.427
1777127862.013882,997,421,1.0809,0.4718,1.0809,0.4708,119.503
1777127862.0903811,998,420,1.0772,0.4682,1.0772,0.4685,119.579
1777127862.1724615,999,419,1.0736,0.4646,1.0737,0.4638,119.661
1777127862.2530131,1000,418,1.0699,0.4611,1.0697,0.4635,119.742
1777127862.3297071,1001,417,1.0653,0.4668,1.0655,0.4645,119.818
1777127862.4063106,1002,416,1.0617,0.4633,1.0616,0.4638,119.895
1777127862.483254,1003,415,1.0581,0.4598,1.0581,0.4607,119.972
1777127862.5666125,1004,415,1.0546,0.4598,1.0542,0.4586,120.055
1777127862.6514118,1005,414,1.0510,0.4562,1.0516,0.4572,120.140
1777127862.7272375,1005,414,1.0510,0.4562,1.0504,0.4556,120.216
1777127862.8089912,1005,414,1.0510,0.4562,1.0519,0.4572,120.298
1777127862.8842273,1004,415,1.0546,0.4598,1.0536,0.4589,120.373
1777127862.9599595,1004,415,1.0546,0.4598,1.0552,0.4598,120.449
1777127863.037772,1004,415,1.0546,0.4598,1.0537,0.4607,120.526
1777127863.1136708,1005,416,1.0510,0.4633,1.0520,0.4627,120.602
1777127863.192855,1005,416,1.0510,0.4633,1.0507,0.4627,120.682
1777127863.2678971,1005,415,1.0510,0.4598,1.0510,0.4607,120.757
1777127863.354576,1005,415,1.0510,0.4598,1.0510,0.4595,120.843
1777127863.429558,1005,415,1.0510,0.4598,1.0513,0.4595,120.918
1777127863.5058963,1005,415,1.0510,0.4598,1.0498,0.4607,120.995
1777127863.584747,1006,416,1.0475,0.4633,1.0493,0.4624,121.073
1777127863.6615567,1005,416,1.0510,0.4633,1.0501,0.4636,121.150
1777127863.7381837,1005,416,1.0510,0.4633,1.0504,0.4633,121.227
1777127863.8215048,1006,416,1.0475,0.4633,1.0484,0.4633,121.310
1777127863.8978481,1006,416,1.0475,0.4633,1.0475,0.4633,121.387
1777127863.9728823,1006,416,1.0475,0.4633,1.0466,0.4633,121.462
1777127864.0473118,1007,416,1.0440,0.4634,1.0449,0.4631,121.536
1777127864.1220312,1007,416,1.0440,0.4634,1.0437,0.4646,121.611
1777127864.2036881,1007,417,1.0440,0.4669,1.0437,0.4651,121.692
1777127864.2888942,1007,416,1.0440,0.4634,1.0452,0.4646,121.778
1777127864.3653467,1006,416,1.0475,0.4633,1.0457,0.4630,121.854
1777127864.4389937,1007,416,1.0440,0.4634,1.0452,0.4634,121.928
1777127864.5144224,1007,416,1.0440,0.4634,1.0440,0.4631,122.003
1777127864.594173,1007,416,1.0440,0.4634,1.0431,0.4643,122.083
1777127864.6692393,1008,417,1.0404,0.4669,1.0410,0.4660,122.158
1777127864.7444706,1008,417,1.0404,0.4669,1.0411,0.4672,122.233
1777127864.8237553,1007,417,1.0440,0.4669,1.0434,0.4669,122.312
1777127864.9058661,1007,417,1.0440,0.4669,1.0434,0.4669,122.395
1777127864.985691,1008,417,1.0404,0.4669,1.0414,0.4669,122.474
1777127865.0618246,1008,417,1.0404,0.4669,1.0401,0.4669,122.551
1777127865.1431031,1008,417,1.0404,0.4669,1.0404,0.4669,122.632
1777127865.2250981,1008,417,1.0404,0.4669,1.0404,0.4666,122.714
1777127865.3063283,1008,417,1.0404,0.4669,1.0405,0.4678,122.795
1777127865.3867152,1008,418,1.0405,0.4705,1.0405,0.4695,122.875
1777127865.4766366,1008,418,1.0405,0.4705,1.0405,0.4708,122.965
1777127865.5618622,1008,418,1.0405,0.4705,1.0405,0.4705,123.051
1777127865.647903,1008,418,1.0405,0.4705,1.0405,0.4705,123.137
1777127865.7340648,1008,418,1.0405,0.4705,1.0408,0.4705,123.223
1777127865.822672,1008,418,1.0405,0.4705,1.0396,0.4705,123.311
1777127865.9067369,1009,418,1.0369,0.4705,1.0379,0.4705,123.395
1777127865.9893725,1009,418,1.0369,0.4705,1.0366,0.4705,123.478
1777127866.0672472,1009,418,1.0369,0.4705,1.0372,0.4705,123.556
1777127866.158146,1009,418,1.0369,0.4705,1.0357,0.4705,123.647
1777127866.2480357,1010,418,1.0334,0.4705,1.0355,0.4705,123.737
1777127866.3364403,1009,418,1.0369,0.4705,1.0348,0.4705,123.825
1777127866.4277086,1010,418,1.0334,0.4705,1.0346,0.4702,123.916
1777127866.508223,1010,418,1.0334,0.4705,1.0331,0.4714,123.997
1777127866.5932996,1010,419,1.0334,0.4740,1.0337,0.4731,124.082
1777127866.6777058,1010,419,1.0334,0.4740,1.0325,0.4743,124.166
1777127866.7534223,1011,419,1.0299,0.4740,1.0308,0.4740,124.242
1777127866.8281353,1011,419,1.0299,0.4740,1.0296,0.4740,124.317
1777127866.9069633,1011,419,1.0299,0.4740,1.0302,0.4740,124.396
1777127866.9830794,1011,419,1.0299,0.4740,1.0290,0.4740,124.472
1777127867.0582662,1012,419,1.0263,0.4740,1.0270,0.4748,124.547
1777127867.1355743,1012,419,1.0263,0.4740,1.0268,0.4709,124.624
1777127867.2097945,1011,419,1.0295,0.4650,1.0288,0.4696,124.699
1777127867.2853343,1011,419,1.0299,0.4740,1.0301,0.4709,124.774
1777127867.3632486,1011,419,1.0299,0.4740,1.0302,0.4748,124.852
1777127867.436862,1011,419,1.0299,0.4740,1.0290,0.4740,124.926
1777127867.5130982,1012,419,1.0263,0.4740,1.0273,0.4740,125.002
1777127867.5891595,1012,419,1.0263,0.4740,1.0260,0.4740,125.078
1777127867.6715384,1012,419,1.0263,0.4740,1.0266,0.4740,125.160
1777127867.7524364,1012,419,1.0263,0.4740,1.0254,0.4740,125.241
1777127867.837348,1013,419,1.0228,0.4741,1.0234,0.4740,125.326
1777127867.912693,1013,419,1.0228,0.4741,1.0234,0.4740,125.401
1777127867.991942,1012,419,1.0263,0.4740,1.0254,0.4740,125.481
1777127868.0733414,1012,419,1.0263,0.4740,1.0269,0.4740,125.562
1777127868.158159,1012,419,1.0263,0.4740,1.0251,0.4737,125.647
1777127868.2542756,1013,419,1.0228,0.4741,1.0249,0.4750,125.743
1777127868.3381677,1012,420,1.0264,0.4776,1.0242,0.4767,125.827
1777127868.4224863,1013,420,1.0228,0.4776,1.0244,0.4779,125.911
1777127868.515138,1013,420,1.0228,0.4776,1.0213,0.4776,126.004
1777127868.6007707,1014,420,1.0193,0.4776,1.0210,0.4783,126.089
1777127868.678678,1013,420,1.0228,0.4776,1.0219,0.4754,126.167
1777127868.76049,1013,420,1.0240,0.4692,1.0240,0.4713,126.249
1777127868.8399694,1013,420,1.0240,0.4692,1.0241,0.4685,126.329
1777127868.924078,1013,420,1.0240,0.4692,1.0243,0.4692,126.413
1777127869.0070722,1013,420,1.0240,0.4692,1.0230,0.4692,126.496
1777127869.0881941,1014,420,1.0204,0.4692,1.0213,0.4692,126.577
1777127869.1632564,1014,420,1.0204,0.4692,1.0201,0.4692,126.652
1777127869.2447703,1014,420,1.0204,0.4692,1.0204,0.4692,126.733
1777127869.3253217,1014,420,1.0204,0.4692,1.0204,0.4692,126.814
1777127869.4018958,1014,420,1.0204,0.4692,1.0207,0.4692,126.891
1777127869.4814215,1014,420,1.0204,0.4692,1.0194,0.4692,126.970
1777127869.5565684,1015,420,1.0168,0.4693,1.0177,0.4693,127.045
1777127869.637097,1015,420,1.0168,0.4693,1.0164,0.4693,127.126
1777127869.7128127,1015,420,1.0168,0.4693,1.0168,0.4693,127.202
1777127869.7936068,1015,420,1.0168,0.4693,1.0171,0.4693,127.282
1777127869.8783545,1015,420,1.0168,0.4693,1.0158,0.4693,127.367
1777127869.9598932,1016,420,1.0132,0.4693,1.0141,0.4693,127.449
1777127870.0444415,1016,420,1.0132,0.4693,1.0128,0.4693,127.533
1777127870.1232438,1016,420,1.0132,0.4693,1.0132,0.4693,127.612
1777127870.204688,1016,420,1.0132,0.4693,1.0132,0.4693,127.693
1777127870.2788956,1016,420,1.0132,0.4693,1.0132,0.4693,127.768
1777127870.3545485,1016,420,1.0132,0.4693,1.0132,0.4693,127.843
1777127870.4367166,1016,420,1.0132,0.4693,1.0132,0.4693,127.925
1777127870.5158303,1016,420,1.0132,0.4693,1.0132,0.4693,128.005
1777127870.589989,1016,420,1.0132,0.4693,1.0135,0.4693,128.079
1777127870.66603,1016,420,1.0132,0.4693,1.0122,0.4693,128.155
1777127870.7399597,1017,420,1.0095,0.4694,1.0105,0.4693,128.229
1777127870.8175254,1017,420,1.0095,0.4694,1.0092,0.4694,128.306
1777127870.8931165,1017,420,1.0095,0.4694,1.0099,0.4694,128.382
1777127870.969423,1017,420,1.0095,0.4694,1.0086,0.4694,128.458
1777127871.0460007,1018,420,1.0059,0.4694,1.0069,0.4694,128.535
1777127871.1257825,1018,420,1.0059,0.4694,1.0056,0.4694,128.614
1777127871.2008724,1018,420,1.0059,0.4694,1.0059,0.4694,128.690
1777127871.276596,1018,420,1.0059,0.4694,1.0059,0.4694,128.765
1777127871.3511646,1018,420,1.0059,0.4694,1.0059,0.4694,128.840
1777127871.427158,1018,420,1.0059,0.4694,1.0059,0.4694,128.916
1777127871.4994855,1018,420,1.0059,0.4694,1.0059,0.4694,128.988
1777127871.5783536,1018,420,1.0059,0.4694,1.0059,0.4694,129.067
1777127871.6547613,1018,420,1.0059,0.4694,1.0059,0.4694,129.143
1777127871.7358975,1018,420,1.0059,0.4694,1.0063,0.4694,129.225
1777127871.822993,1018,420,1.0059,0.4694,1.0050,0.4694,129.312
1777127871.898988,1019,420,1.0023,0.4694,1.0033,0.4694,129.388
1777127871.9824805,1019,420,1.0023,0.4694,1.0020,0.4694,129.471
1777127872.0577676,1019,420,1.0023,0.4694,1.0023,0.4694,129.546
1777127872.131941,1019,420,1.0023,0.4694,1.0023,0.4694,129.621
1777127872.2067912,1019,420,1.0023,0.4694,1.0023,0.4694,129.695
1777127872.2916963,1019,420,1.0023,0.4694,1.0027,0.4694,129.780
1777127872.3742754,1019,420,1.0023,0.4694,1.0014,0.4695,129.863
1777127872.4540598,1020,420,0.9987,0.4695,0.9997,0.4695,129.943
1777127872.5372949,1020,420,0.9987,0.4695,0.9984,0.4695,130.026
1777127872.6174529,1020,420,0.9987,0.4695,0.9987,0.4695,130.106
1777127872.6928318,1020,420,0.9987,0.4695,0.9987,0.4695,130.182
1777127872.7696743,1020,420,0.9987,0.4695,0.9987,0.4695,130.258
1777127872.8508449,1020,420,0.9987,0.4695,0.9987,0.4695,130.340
1777127872.9275033,1020,420,0.9987,0.4695,0.9990,0.4695,130.416
1777127873.0096092,1020,420,0.9987,0.4695,0.9978,0.4698,130.498
1777127873.0897624,1021,420,0.9951,0.4695,0.9961,0.4686,130.578
1777127873.1668856,1021,419,0.9951,0.4659,0.9948,0.4669,130.656
1777127873.2515173,1021,419,0.9951,0.4659,0.9951,0.4656,130.740
1777127873.3269436,1021,419,0.9951,0.4659,0.9954,0.4659,130.816
1777127873.4029443,1021,419,0.9951,0.4659,0.9939,0.4659,130.892
1777127873.477931,1022,419,0.9915,0.4660,0.9937,0.4659,130.967
1777127873.5528922,1021,419,0.9951,0.4659,0.9929,0.4660,131.042
1777127873.6323533,1022,419,0.9915,0.4660,0.9927,0.4660,131.121
1777127873.712054,1022,419,0.9915,0.4660,0.9912,0.4660,131.201
1777127873.7872949,1022,419,0.9915,0.4660,0.9915,0.4660,131.276
1777127873.8726358,1022,419,0.9915,0.4660,0.9915,0.4660,131.361
1777127873.9524257,1022,419,0.9915,0.4660,0.9918,0.4660,131.441
1777127874.028732,1022,419,0.9915,0.4660,0.9906,0.4660,131.517
1777127874.106,1023,419,0.9879,0.4660,0.9888,0.4660,131.595
1777127874.1857753,1023,419,0.9879,0.4660,0.9876,0.4660,131.674
1777127874.2614489,1023,419,0.9879,0.4660,0.9879,0.4660,131.750
1777127874.3413224,1023,419,0.9879,0.4660,0.9879,0.4660,131.830
1777127874.4180737,1023,419,0.9879,0.4660,0.9879,0.4660,131.907
1777127874.4926028,1023,419,0.9879,0.4660,0.9882,0.4660,131.981
1777127874.5739667,1023,419,0.9879,0.4660,0.9867,0.4660,132.063
1777127874.6523569,1024,419,0.9843,0.4661,0.9864,0.4660,132.141
1777127874.7291515,1023,419,0.9879,0.4660,0.9857,0.4660,132.218
1777127874.8054805,1024,419,0.9843,0.4661,0.9855,0.4660,132.294
1777127874.8857126,1024,419,0.9843,0.4661,0.9843,0.4661,132.374
1777127874.9644868,1024,419,0.9843,0.4661,0.9832,0.4663,132.453
1777127875.0490453,1025,419,0.9799,0.4658,0.9810,0.4646,132.538
1777127875.1325665,1025,418,0.9799,0.4622,0.9796,0.4640,132.621
1777127875.2125561,1025,419,0.9799,0.4658,0.9799,0.4645,132.701
1777127875.287343,1025,419,0.9799,0.4658,0.9799,0.4661,132.776
1777127875.3694406,1025,419,0.9799,0.4658,0.9799,0.4661,132.858
1777127875.4543762,1025,419,0.9799,0.4658,0.9802,0.4648,132.943
1777127875.529489,1025,418,0.9799,0.4622,0.9790,0.4631,133.018
1777127875.6086047,1026,418,0.9763,0.4622,0.9772,0.4619,133.097
1777127875.6927288,1026,418,0.9763,0.4622,0.9760,0.4622,133.181
1777127875.7742655,1026,418,0.9763,0.4622,0.9763,0.4622,133.263
1777127875.8547788,1026,418,0.9763,0.4622,0.9763,0.4622,133.343
1777127875.9291656,1026,418,0.9763,0.4622,0.9763,0.4622,133.418
1777127876.0089686,1026,418,0.9763,0.4622,0.9766,0.4622,133.498
1777127876.08706,1026,418,0.9763,0.4622,0.9754,0.4622,133.576
1777127876.1624863,1027,418,0.9727,0.4622,0.9736,0.4622,133.651
1777127876.244353,1027,418,0.9727,0.4622,0.9724,0.4622,133.733
1777127876.3242958,1027,418,0.9727,0.4622,0.9727,0.4622,133.813
1777127876.4047992,1027,418,0.9727,0.4622,0.9727,0.4622,133.894
1777127876.4807777,1027,418,0.9727,0.4622,0.9727,0.4622,133.969
1777127876.561831,1027,418,0.9727,0.4622,0.9727,0.4622,134.051
1777127876.6475973,1027,418,0.9727,0.4622,0.9727,0.4622,134.136
1777127876.7338665,1027,418,0.9727,0.4622,0.9730,0.4622,134.223
1777127876.81745,1027,418,0.9727,0.4622,0.9718,0.4626,134.306
1777127876.904243,1028,418,0.9691,0.4623,0.9700,0.4614,134.393
1777127876.9888673,1028,417,0.9691,0.4587,0.9688,0.4596,134.478
1777127877.065006,1028,417,0.9691,0.4587,0.9690,0.4584,134.554
1777127877.1453311,1028,417,0.9691,0.4587,0.9691,0.4590,134.634
1777127877.2200449,1028,417,0.9691,0.4587,0.9690,0.4578,134.709
1777127877.3000169,1028,416,0.9690,0.4551,0.9690,0.4560,134.789
1777127877.3790126,1028,416,0.9690,0.4551,0.9693,0.4548,134.868
1777127877.4536686,1028,416,0.9690,0.4551,0.9681,0.4551,134.942
1777127877.5365305,1029,416,0.9654,0.4551,0.9663,0.4548,135.025
1777127877.6126525,1029,416,0.9654,0.4551,0.9651,0.4564,135.101
1777127877.690214,1029,417,0.9655,0.4587,0.9654,0.4566,135.179
1777127877.7645364,1029,416,0.9654,0.4551,0.9654,0.4576,135.253
1777127877.8392804,1029,417,0.9655,0.4587,0.9654,0.4566,135.328
1777127877.9201791,1029,416,0.9654,0.4551,0.9654,0.4564,135.409
1777127877.9942958,1029,416,0.9654,0.4551,0.9657,0.4548,135.483
1777127878.079931,1029,416,0.9654,0.4551,0.9645,0.4551,135.569
1777127878.1590168,1030,416,0.9618,0.4552,0.9627,0.4552,135.648
1777127878.234636,1030,416,0.9618,0.4552,0.9615,0.4555,135.723
1777127878.3128972,1030,416,0.9618,0.4552,0.9618,0.4539,135.802
1777127878.3881154,1030,415,0.9618,0.4516,0.9618,0.4534,135.877
1777127878.4625978,1030,416,0.9618,0.4552,0.9618,0.4539,135.951
1777127878.54665,1030,416,0.9618,0.4552,0.9618,0.4558,136.035
1777127878.6213238,1030,416,0.9618,0.4552,0.9618,0.4542,136.110
1777127878.706483,1030,415,0.9618,0.4516,0.9621,0.4525,136.195
1777127878.7802787,1030,415,0.9618,0.4516,0.9608,0.4513,136.269
1777127878.8553572,1031,415,0.9582,0.4516,0.9591,0.4519,136.344
1777127878.9369588,1031,415,0.9582,0.4516,0.9578,0.4507,136.426
1777127879.0118175,1031,414,0.9581,0.4480,0.9581,0.4489,136.501
1777127879.0950954,1031,414,0.9581,0.4480,0.9581,0.4477,136.584
1777127879.1712189,1031,414,0.9581,0.4480,0.9581,0.4480,136.660
1777127879.24595,1031,414,0.9581,0.4480,0.9581,0.4480,136.735
1777127879.3212495,1031,414,0.9581,0.4480,0.9584,0.4483,136.810
1777127879.3954318,1031,414,0.9581,0.4480,0.9569,0.4468,136.884
1777127879.4710042,1032,413,0.9545,0.4444,0.9560,0.4463,136.960
1777127879.5521116,1031,414,0.9581,0.4480,0.9572,0.4471,137.041
1777127879.627466,1030,414,0.9617,0.4479,0.9626,0.4473,137.116
1777127879.7081232,1028,413,0.9689,0.4443,0.9680,0.4452,137.197
1777127879.784157,1027,413,0.9725,0.4442,0.9728,0.4442,137.273
1777127879.86348,1026,413,0.9761,0.4442,0.9761,0.4432,137.352
1777127879.938063,1025,412,0.9796,0.4405,0.9796,0.4414,137.427
1777127880.0156853,1024,412,0.9832,0.4405,0.9832,0.4402,137.504
1777127880.0989618,1023,412,0.9868,0.4404,0.9868,0.4404,137.588
1777127880.174427,1022,412,0.9904,0.4404,0.9901,0.4407,137.663
1777127880.250039,1021,412,0.9940,0.4403,0.9950,0.4391,137.739
1777127880.324595,1019,411,1.0012,0.4366,1.0000,0.4385,137.813
1777127880.4013722,1018,412,1.0048,0.4402,1.0061,0.4393,137.890
1777127880.4776132,1016,412,1.0121,0.4401,1.0111,0.4395,137.966
1777127880.5591125,1015,411,1.0156,0.4365,1.0159,0.4374,138.048
1777127880.641382,1014,411,1.0192,0.4364,1.0189,0.4361,138.130
1777127880.7180526,1013,411,1.0228,0.4364,1.0237,0.4367,138.207
1777127880.8001273,1011,411,1.0300,0.4363,1.0291,0.4357,138.289
1777127880.8760984,1010,410,1.0336,0.4327,1.0336,0.4327,138.365
1777127880.9527788,1009,409,1.0371,0.4290,1.0381,0.4296,138.441
1777127881.0350537,1007,409,1.0444,0.4289,1.0434,0.4286,138.524
1777127881.1155415,1006,409,1.0480,0.4289,1.0483,0.4289,138.604
1777127881.1908286,1005,409,1.0516,0.4288,1.0514,0.4296,138.680
1777127881.2679,1004,409,1.0552,0.4288,1.0552,0.4265,138.757
1777127881.3467863,1003,408,1.0601,0.4199,1.0606,0.4218,138.835
1777127881.42204,1001,408,1.0672,0.4198,1.0664,0.4203,138.911
1777127881.5036302,1000,409,1.0708,0.4233,1.0708,0.4218,138.992
1777127881.5836291,999,408,1.0744,0.4197,1.0753,0.4197,139.072
1777127881.665342,997,407,1.0815,0.4161,1.0803,0.4176,139.154
1777127881.7447486,996,408,1.0851,0.4196,1.0863,0.4187,139.233
1777127881.8311908,994,408,1.0922,0.4195,1.0913,0.4189,139.320
1777127881.9063857,993,407,1.0958,0.4159,1.0961,0.4168,139.395
1777127881.9891095,992,407,1.0993,0.4159,1.0990,0.4156,139.478
1777127882.0680978,991,407,1.1029,0.4158,1.1038,0.4161,139.557
1777127882.1463468,989,407,1.1101,0.4157,1.1091,0.4148,139.635
1777127882.2214634,988,406,1.1136,0.4121,1.1139,0.4130,139.710
1777127882.2985356,987,406,1.1172,0.4121,1.1169,0.4118,139.787
1777127882.375067,986,406,1.1208,0.4121,1.1217,0.4120,139.864
1777127882.4572144,984,406,1.1279,0.4120,1.1270,0.4120,139.946
1777127882.5322936,983,406,1.1315,0.4119,1.1315,0.4119,140.021
1777127882.608447,982,406,1.1351,0.4119,1.1360,0.4119,140.097
1777127882.683153,980,406,1.1422,0.4118,1.1413,0.4121,140.172
1777127882.7648804,979,406,1.1458,0.4118,1.1461,0.4109,140.254
1777127882.8403687,978,405,1.1493,0.4082,1.1493,0.4094,140.329
1777127882.9207087,977,405,1.1529,0.4081,1.1529,0.4069,140.409
1777127883.001424,976,404,1.1564,0.4045,1.1561,0.4054,140.490
1777127883.089804,975,404,1.1600,0.4045,1.1609,0.4042,140.579
1777127883.165187,973,404,1.1671,0.4044,1.1662,0.4044,140.654
1777127883.2420526,972,404,1.1707,0.4044,1.1707,0.4044,140.731
1777127883.322334,971,404,1.1743,0.4043,1.1752,0.4046,140.811
1777127883.398401,969,404,1.1814,0.4043,1.1805,0.4033,140.887
1777127883.474588,968,403,1.1849,0.4006,1.1853,0.4019,140.963
1777127883.549928,967,403,1.1885,0.4006,1.1885,0.3991,141.039
1777127883.627846,966,402,1.1920,0.3970,1.1921,0.3988,141.117
1777127883.711682,965,403,1.1957,0.4005,1.1953,0.3993,141.200
1777127883.7940674,964,403,1.1992,0.4005,1.2002,0.4011,141.283
1777127883.8696973,962,403,1.2064,0.4004,1.2054,0.3995,141.358
1777127883.9455698,961,402,1.2099,0.3968,1.2102,0.3977,141.434
1777127884.0246818,960,402,1.2135,0.3968,1.2135,0.3968,141.513
1777127884.0995224,959,402,1.2170,0.3967,1.2170,0.3958,141.588
1777127884.1848693,958,401,1.2206,0.3931,1.2203,0.3940,141.674
1777127884.261474,957,401,1.2241,0.3931,1.2250,0.3928,141.750
1777127884.3362672,955,401,1.2313,0.3930,1.2304,0.3930,141.825
1777127884.4117758,954,401,1.2348,0.3930,1.2352,0.3930,141.900
1777127884.4897807,953,401,1.2384,0.3929,1.2384,0.3932,141.978
1777127884.5676885,952,401,1.2420,0.3929,1.2420,0.3920,142.056
1777127884.6447237,951,400,1.2455,0.3893,1.2452,0.3902,142.133
1777127884.7229955,950,400,1.2491,0.3892,1.2500,0.3886,142.212
1777127884.8010943,948,400,1.2562,0.3892,1.2553,0.3910,142.290
1777127884.8837004,947,401,1.2598,0.3927,1.2601,0.3890,142.372
1777127884.9630282,946,398,1.2633,0.3819,1.2633,0.3850,142.452
1777127885.043828,945,398,1.2668,0.3819,1.2665,0.3810,142.533
1777127885.1189547,944,398,1.2704,0.3819,1.2713,0.3819,142.608
1777127885.2028532,942,398,1.2776,0.3818,1.2766,0.3818,142.692
1777127885.2789237,941,398,1.2811,0.3817,1.2814,0.3817,142.768
1777127885.3553963,940,398,1.2847,0.3817,1.2844,0.3820,142.844
1777127885.4367812,939,398,1.2883,0.3817,1.2892,0.3807,142.925
1777127885.5122275,937,397,1.2954,0.3780,1.2944,0.3790,143.001
1777127885.588126,936,397,1.2989,0.3780,1.2992,0.3777,143.077
1777127885.6637144,935,397,1.3025,0.3779,1.3025,0.3779,143.152
1777127885.7397552,934,397,1.3061,0.3779,1.3058,0.3779,143.228
1777127885.8243377,933,397,1.3096,0.3779,1.3105,0.3779,143.313
1777127885.901853,931,397,1.3168,0.3778,1.3158,0.3781,143.391
1777127885.9854608,930,397,1.3203,0.3778,1.3203,0.3768,143.474
1777127886.0618212,929,396,1.3239,0.3742,1.3248,0.3748,143.551
1777127886.137756,927,396,1.3310,0.3741,1.3301,0.3747,143.626
1777127886.2179346,926,397,1.3346,0.3776,1.3349,0.3770,143.707
1777127886.3043451,925,397,1.3382,0.3776,1.3379,0.3770,143.793
1777127886.380397,924,396,1.3417,0.3740,1.3426,0.3752,143.869
1777127886.461319,922,396,1.3488,0.3739,1.3479,0.3724,143.950
1777127886.541462,921,395,1.3523,0.3703,1.3524,0.3724,144.030
1777127886.623444,920,396,1.3560,0.3738,1.3568,0.3717,144.112
1777127886.6985333,918,395,1.3630,0.3702,1.3621,0.3717,144.187
1777127886.7734058,917,395,1.3666,0.3701,1.3669,0.3689,144.262
1777127886.8485909,916,394,1.3701,0.3665,1.3701,0.3674,144.337
1777127886.930138,915,394,1.3737,0.3665,1.3737,0.3665,144.419
1777127887.0067382,914,394,1.3773,0.3664,1.3769,0.3652,144.495
1777127887.0819767,913,393,1.3808,0.3628,1.3817,0.3647,144.571
1777127887.1604564,911,394,1.3880,0.3663,1.3867,0.3651,144.649
1777127887.2385814,910,394,1.3915,0.3663,1.3927,0.3666,144.727
1777127887.3219776,908,394,1.3987,0.3662,1.3977,0.3662,144.811
1777127887.4006162,907,394,1.4022,0.3662,1.4025,0.3665,144.889
1777127887.4830453,906,394,1.4058,0.3661,1.4059,0.3625,144.972
1777127887.558937,905,393,1.4093,0.3625,1.4089,0.3716,145.048
1777127887.6416407,904,392,1.4111,0.3943,1.4112,0.3858,145.130
1777127887.721124,903,392,1.4146,0.3943,1.4154,0.3968,145.210
1777127887.7973862,901,392,1.4216,0.3944,1.4207,0.3956,145.286
1777127887.8730385,900,393,1.4251,0.3979,1.4251,0.3964,145.362
1777127887.9497883,899,392,1.4286,0.3944,1.4294,0.3948,145.438
1777127888.0330157,897,391,1.4355,0.3910,1.4346,0.3916,145.522
1777127888.1097193,896,391,1.4390,0.3910,1.4393,0.3910,145.598
1777127888.1867807,895,391,1.4425,0.3910,1.4425,0.3901,145.675
1777127888.2625403,894,390,1.4460,0.3875,1.4460,0.3884,145.751
1777127888.338528,893,390,1.4495,0.3876,1.4495,0.3873,145.827
1777127888.414291,892,390,1.4529,0.3876,1.4526,0.3876,145.903
1777127888.4968617,891,390,1.4564,0.3876,1.4573,0.3876,145.986
1777127888.5901783,889,390,1.4634,0.3877,1.4625,0.3880,146.079
1777127888.664829,888,390,1.4669,0.3877,1.4672,0.3868,146.154
1777127888.74103,887,389,1.4703,0.3842,1.4700,0.3851,146.230
1777127888.819578,886,389,1.4738,0.3842,1.4747,0.3839,146.308
1777127888.8966873,884,389,1.4808,0.3843,1.4799,0.3843,146.385
1777127888.9736636,883,389,1.4843,0.3843,1.4846,0.3846,146.462
1777127889.0501082,882,389,1.4877,0.3843,1.4874,0.3834,146.539
1777127889.130099,881,388,1.4912,0.3808,1.4921,0.3815,146.619
1777127889.2075744,879,388,1.4982,0.3809,1.4973,0.3815,146.696
1777127889.2834342,878,389,1.5016,0.3844,1.5019,0.3838,146.772
1777127889.3597252,877,389,1.5051,0.3845,1.5051,0.3842,146.848
1777127889.4347324,876,388,1.5086,0.3810,1.5086,0.3810,146.923
1777127889.515361,875,387,1.5121,0.3775,1.5118,0.3781,147.004
1777127889.590268,874,387,1.5155,0.3775,1.5164,0.3772,147.079
1777127889.6671252,872,387,1.5225,0.3776,1.5216,0.3776,147.156
1777127889.7502224,871,387,1.5260,0.3776,1.5263,0.3779,147.239
1777127889.8306541,870,387,1.5294,0.3776,1.5294,0.3767,147.319
1777127889.9040873,869,386,1.5329,0.3741,1.5329,0.3750,147.393
1777127889.9796774,868,386,1.5364,0.3742,1.5361,0.3739,147.468
1777127890.0580616,867,386,1.5399,0.3742,1.5407,0.3745,147.547
1777127890.1368418,865,386,1.5468,0.3742,1.5459,0.3733,147.626
1777127890.2141955,864,385,1.5503,0.3708,1.5506,0.3717,147.703
1777127890.2952616,863,385,1.5537,0.3708,1.5534,0.3705,147.784
1777127890.3768842,862,385,1.5572,0.3708,1.5581,0.3711,147.866
1777127890.4569597,860,385,1.5641,0.3709,1.5633,0.3697,147.946
1777127890.5327778,859,384,1.5676,0.3674,1.5679,0.3695,148.021
1777127890.6132782,858,385,1.5711,0.3709,1.5711,0.3688,148.102
1777127890.6891758,857,384,1.5745,0.3674,1.5742,0.3686,148.178
1777127890.765514,856,384,1.5780,0.3675,1.5789,0.3672,148.254
1777127890.8461475,854,384,1.5849,0.3675,1.5840,0.3675,148.335
1777127890.923177,853,384,1.5884,0.3675,1.5887,0.3675,148.412
1777127891.0049286,852,384,1.5919,0.3676,1.5919,0.3679,148.494
1777127891.0822518,851,384,1.5953,0.3676,1.5950,0.3664,148.571
1777127891.1574056,850,383,1.5988,0.3641,1.5997,0.3659,148.646
1777127891.2354407,848,384,1.6057,0.3677,1.6048,0.3668,148.724
1777127891.3110127,847,384,1.6092,0.3677,1.6095,0.3674,148.800
1777127891.3883915,846,383,1.6126,0.3642,1.6126,0.3642,148.877
1777127891.4638736,845,382,1.6161,0.3607,1.6161,0.3613,148.953
1777127891.5389,844,382,1.6196,0.3608,1.6196,0.3608,149.028
1777127891.618939,843,382,1.6230,0.3608,1.6227,0.3599,149.108
1777127891.6999655,842,381,1.6265,0.3573,1.6274,0.3579,149.189
1777127891.7820225,840,381,1.6334,0.3574,1.6325,0.3583,149.271
1777127891.8584697,839,382,1.6369,0.3609,1.6372,0.3591,149.347
1777127891.9342105,838,381,1.6403,0.3574,1.6391,0.3618,149.423
1777127892.0133567,837,381,1.6438,0.3575,1.6475,0.3476,149.502
1777127892.092753,836,381,1.6616,0.3203,1.6577,0.3302,149.581
1777127892.182602,835,381,1.6653,0.3203,1.6674,0.3162,149.671
1777127892.2587392,833,380,1.6725,0.3166,1.6716,0.3175,149.747
1777127892.3408937,832,380,1.6761,0.3165,1.6764,0.3162,149.830
1777127892.4168649,831,380,1.6797,0.3165,1.6797,0.3165,149.906
1777127892.491791,830,380,1.6833,0.3164,1.6833,0.3164,149.980
1777127892.5752685,829,380,1.6869,0.3164,1.6869,0.3164,150.064
1777127892.65354,828,380,1.6906,0.3163,1.6903,0.3167,150.142
1777127892.731779,827,380,1.6942,0.3163,1.6951,0.3153,150.220
1777127892.8196514,825,379,1.7014,0.3126,1.7005,0.3135,150.308
1777127892.899093,824,379,1.7050,0.3125,1.7053,0.3122,150.388
1777127892.9766314,823,379,1.7086,0.3125,1.7086,0.3125,150.465
1777127893.0589015,822,379,1.7122,0.3124,1.7122,0.3124,150.548
1777127893.1412284,821,379,1.7159,0.3124,1.7159,0.3127,150.630
1777127893.2184148,820,379,1.7195,0.3124,1.7192,0.3117,150.707
1777127893.2931602,819,378,1.7231,0.3087,1.7240,0.3087,150.782
1777127893.3735073,817,377,1.7303,0.3050,1.7294,0.3053,150.862
1777127893.4565995,816,377,1.7339,0.3049,1.7342,0.3059,150.945
1777127893.5373442,815,378,1.7376,0.3085,1.7375,0.3070,151.026
1777127893.6181881,814,377,1.7412,0.3048,1.7412,0.3048,151.107
1777127893.695248,813,376,1.7448,0.3012,1.7463,0.2996,151.184
1777127893.7712386,812,377,1.7484,0.3047,1.7433,0.3199,151.260
1777127893.8433988,811,376,1.7336,0.3407,1.7392,0.3104,151.332
1777127893.9151077,810,375,1.7408,0.2578,1.7382,0.2818,151.404
1777127893.9868534,809,375,1.7443,0.2577,1.7447,0.2515,151.476
1777127894.0628607,808,376,1.7480,0.2611,1.7477,0.2605,151.552
1777127894.1359668,807,376,1.7516,0.2610,1.7525,0.2604,151.625
1777127894.2083964,805,375,1.7587,0.2573,1.7578,0.2579,151.697
1777127894.280512,804,375,1.7623,0.2572,1.7626,0.2581,151.769
1777127894.3526573,803,376,1.7660,0.2606,1.7656,0.2588,151.841
1777127894.423887,802,375,1.7695,0.2570,1.7704,0.2582,151.913
1777127894.5002909,800,375,1.7767,0.2568,1.7744,0.2524,151.989
1777127894.5913477,799,375,1.7802,0.2567,1.7841,0.2692,152.080
1777127894.6675887,798,375,1.7989,0.3042,1.7959,0.2910,152.156
1777127894.7457798,796,374,1.8061,0.3006,1.8058,0.3065,152.234
1777127894.8305707,795,374,1.8098,0.3005,1.8122,0.2973,152.319
1777127894.9030979,794,374,1.8217,0.2902,1.8193,0.2938,152.392
1777127894.9767573,793,375,1.8254,0.2939,1.8270,0.2923,152.465
1777127895.0570152,791,375,1.8327,0.2938,1.8314,0.2931,152.546
1777127895.1325138,790,374,1.8364,0.2900,1.8376,0.2913,152.621
1777127895.2103403,788,374,1.8437,0.2899,1.8428,0.2887,152.699
1777127895.284767,787,373,1.8474,0.2862,1.8477,0.2869,152.773
1777127895.3605385,786,373,1.8511,0.2862,1.8511,0.2868,152.849
1777127895.438581,785,374,1.8547,0.2898,1.8547,0.2892,152.927
1777127895.524402,784,374,1.8584,0.2898,1.8581,0.2891,153.013
1777127895.6048,783,373,1.8621,0.2860,1.8630,0.2867,153.094
1777127895.678342,781,373,1.8694,0.2859,1.8685,0.2866,153.167
1777127895.7597122,780,374,1.8731,0.2896,1.8731,0.2886,153.248
1777127895.8311381,779,374,1.8767,0.2895,1.8780,0.2898,153.320
1777127895.912462,777,374,1.8841,0.2894,1.8822,0.2898,153.401
1777127895.9846601,777,374,1.8841,0.2894,1.8850,0.2881,153.473
1777127896.0590084,776,373,1.8878,0.2857,1.8884,0.2876,153.548
1777127896.139547,774,374,1.8951,0.2893,1.8942,0.2880,153.628
1777127896.214187,773,374,1.8988,0.2892,1.8991,0.2898,153.703
1777127896.2862449,772,374,1.9024,0.2892,1.9021,0.2882,153.775
1777127896.3643239,771,373,1.9061,0.2855,1.9071,0.2864,153.853
1777127896.4407053,769,373,1.9135,0.2854,1.9125,0.2851,153.929
1777127896.5221004,768,373,1.9171,0.2853,1.9171,0.2853,154.011
1777127896.597932,767,373,1.9208,0.2853,1.9217,0.2852,154.087
1777127896.6765802,765,373,1.9281,0.2852,1.9272,0.2855,154.165
1777127896.755228,764,373,1.9318,0.2851,1.9321,0.2839,154.244
1777127896.8300815,763,372,1.9355,0.2814,1.9355,0.2830,154.319
1777127896.9062474,762,373,1.9392,0.2850,1.9392,0.2850,154.395
1777127896.9876628,761,374,1.9428,0.2886,1.9428,0.2871,154.476
1777127897.0602448,760,373,1.9465,0.2849,1.9462,0.2862,154.549
1777127897.138019,759,373,1.9502,0.2849,1.9515,0.2845,154.627
1777127897.2170208,757,373,1.9575,0.2848,1.9553,0.2848,154.706
1777127897.2899313,757,373,1.9575,0.2848,1.9597,0.2847,154.779
1777127897.3633838,755,373,1.9649,0.2847,1.9633,0.2847,154.852
1777127897.4473772,754,373,1.9686,0.2846,1.9698,0.2846,154.936
1777127897.5215864,752,373,1.9759,0.2845,1.9750,0.2849,155.010
1777127897.5956972,751,373,1.9796,0.2845,1.9799,0.2832,155.084
1777127897.66704,750,372,1.9833,0.2808,1.9833,0.2830,155.156
1777127897.7453992,749,373,1.9869,0.2844,1.9866,0.2819,155.234
1777127897.8194928,748,372,1.9906,0.2807,1.9916,0.2832,155.308
1777127897.8962576,746,373,1.9980,0.2842,1.9970,0.2817,155.385
1777127897.9699907,745,372,2.0017,0.2805,2.0020,0.2827,155.459
1777127898.044986,744,373,2.0053,0.2841,2.0050,0.2832,155.534
1777127898.117704,743,373,2.0090,0.2841,2.0100,0.2835,155.606
1777127898.1917424,741,372,2.0164,0.2803,2.0154,0.2813,155.680
1777127898.265153,740,372,2.0200,0.2803,2.0204,0.2800,155.754
1777127898.3355784,739,372,2.0237,0.2802,2.0237,0.2802,155.824
1777127898.4143834,738,372,2.0274,0.2802,2.0274,0.2802,155.903
1777127898.487349,737,372,2.0311,0.2801,2.0308,0.2801,155.976
1777127898.5604844,736,372,2.0348,0.2801,2.0357,0.2801,156.049
1777127898.6376903,734,372,2.0421,0.2800,2.0412,0.2800,156.126
1777127898.7118728,733,372,2.0458,0.2799,2.0458,0.2799,156.201
1777127898.7877297,732,372,2.0495,0.2799,2.0504,0.2799,156.276
1777127898.8614435,730,372,2.0568,0.2798,2.0559,0.2801,156.350
1777127898.9395113,729,372,2.0605,0.2797,2.0608,0.2788,156.428
1777127899.012262,728,371,2.0642,0.2760,2.0642,0.2767,156.501
1777127899.0867708,727,371,2.0679,0.2760,2.0676,0.2766,156.575
1777127899.1598203,726,372,2.0716,0.2796,2.0725,0.2786,156.649
1777127899.2326396,724,372,2.0789,0.2795,2.0777,0.2801,156.721
1777127899.3151667,723,372,2.0826,0.2794,2.0839,0.2785,156.804
1777127899.3946214,721,371,2.0900,0.2757,2.0890,0.2766,156.883
1777127899.4766564,720,371,2.0937,0.2756,2.0940,0.2753,156.965
1777127899.5490887,719,371,2.0973,0.2756,2.0973,0.2756,157.038
1777127899.6212611,718,371,2.1010,0.2755,2.1010,0.2758,157.110
1777127899.6986256,717,371,2.1047,0.2755,2.1047,0.2745,157.187
1777127899.7718012,716,370,2.1084,0.2718,2.1081,0.2727,157.261
1777127899.8437357,715,370,2.1121,0.2717,2.1141,0.2705,157.332
1777127899.9155858,713,370,2.1194,0.2716,2.1152,0.2746,157.404
1777127899.9963033,712,372,2.1104,0.2821,2.1140,0.2791,157.485
1777127900.073809,711,371,2.1140,0.2784,2.1129,0.2778,157.563
1777127900.149347,710,369,2.1176,0.2711,2.1176,0.2746,157.638
1777127900.225236,709,371,2.1212,0.2783,2.1209,0.2759,157.714
1777127900.325666,708,371,2.1249,0.2783,2.1258,0.2789,157.814
1777127900.4371934,706,371,2.1321,0.2782,2.1312,0.2782,157.926
1777127900.5278277,705,371,2.1357,0.2782,2.1360,0.2778,158.017
1777127900.6108255,704,371,2.1393,0.2781,2.1393,0.2791,158.100
1777127900.696446,703,372,2.1430,0.2817,2.1427,0.2808,158.185
1777127900.794449,702,372,2.1466,0.2817,2.1475,0.2820,158.283
1777127900.8720734,700,372,2.1538,0.2816,2.1529,0.2816,158.361
1777127900.946635,699,372,2.1575,0.2815,2.1578,0.2815,158.435
1777127901.0222251,698,372,2.1611,0.2815,2.1611,0.2812,158.511
1777127901.1003487,697,372,2.1647,0.2814,2.1647,0.2827,158.589
1777127901.1817408,696,373,2.1683,0.2850,2.1680,0.2832,158.670
1777127901.2582395,695,372,2.1719,0.2813,2.1729,0.2826,158.747
1777127901.340762,693,372,2.1792,0.2813,2.1783,0.2813,158.829
1777127901.4209967,692,372,2.1828,0.2812,2.1831,0.2803,158.910
1777127901.5010238,691,371,2.1864,0.2775,2.1864,0.2785,158.990
1777127901.5853465,690,371,2.1901,0.2775,2.1901,0.2769,159.074
1777127901.6629221,689,371,2.1937,0.2774,2.1937,0.2790,159.152
1777127901.7380714,688,372,2.1973,0.2810,2.1973,0.2782,159.227
1777127901.822948,687,370,2.2009,0.2737,2.2006,0.2756,159.312
1777127901.9102585,686,370,2.2046,0.2737,2.2055,0.2740,159.399
1777127901.9878829,684,371,2.2118,0.2772,2.2109,0.2763,159.477
1777127902.0660057,683,371,2.2154,0.2772,2.2157,0.2775,159.555
1777127902.151974,682,371,2.2191,0.2771,2.2191,0.2771,159.641
1777127902.2382739,681,371,2.2227,0.2771,2.2227,0.2771,159.727
1777127902.3135128,680,371,2.2263,0.2770,2.2260,0.2770,159.802
1777127902.3952663,679,371,2.2299,0.2770,2.2309,0.2770,159.884
1777127902.4710672,677,371,2.2372,0.2769,2.2362,0.2772,159.960
1777127902.545788,676,371,2.2408,0.2769,2.2411,0.2759,160.034
1777127902.6256838,675,370,2.2444,0.2732,2.2447,0.2744,160.114
1777127902.7004268,674,370,2.2481,0.2731,2.2468,0.2716,160.189
1777127902.7807653,674,369,2.2481,0.2695,2.2499,0.2710,160.269
1777127902.8578684,672,370,2.2553,0.2730,2.2538,0.2731,160.347
1777127902.9403112,671,371,2.2589,0.2766,2.2602,0.2751,160.429
1777127903.0171354,669,370,2.2662,0.2729,2.2649,0.2742,160.506
1777127903.0950644,668,370,2.2698,0.2729,2.2710,0.2722,160.584
1777127903.169007,666,370,2.2771,0.2728,2.2761,0.2737,160.658
1777127903.2444434,665,371,2.2807,0.2764,2.2810,0.2757,160.733
1777127903.326571,664,371,2.2843,0.2763,2.2843,0.2754,160.815
1777127903.4032497,663,370,2.2879,0.2726,2.2879,0.2748,160.892
1777127903.482086,662,371,2.2915,0.2762,2.2915,0.2744,160.971
1777127903.5655801,661,370,2.2952,0.2725,2.2949,0.2726,161.054
1777127903.6401587,660,369,2.2988,0.2689,2.2997,0.2704,161.129
1777127903.7159553,658,370,2.3061,0.2724,2.3051,0.2712,161.205
1777127903.7981014,657,370,2.3097,0.2724,2.3100,0.2727,161.287
1777127903.8850179,656,370,2.3133,0.2723,2.3136,0.2726,161.374
1777127903.9659705,655,370,2.3169,0.2723,2.3157,0.2714,161.455
1777127904.0408237,655,369,2.3169,0.2686,2.3188,0.2692,161.530
1777127904.116625,653,369,2.3242,0.2686,2.3226,0.2698,161.605
1777127904.1976151,652,370,2.3278,0.2721,2.3291,0.2690,161.686
1777127904.2735853,650,368,2.3351,0.2648,2.3341,0.2682,161.762
1777127904.3500624,649,369,2.3387,0.2684,2.3390,0.2659,161.839
1777127904.4261818,648,368,2.3423,0.2647,2.3423,0.2659,161.915
1777127904.5029047,647,368,2.3459,0.2647,2.3456,0.2643,161.992
1777127904.5799263,646,368,2.3496,0.2646,2.3505,0.2649,162.069
1777127904.6641617,644,368,2.3568,0.2645,2.3559,0.2630,162.153
1777127904.7390347,643,367,2.3605,0.2608,2.3608,0.2636,162.228
1777127904.81475,642,369,2.3641,0.2681,2.3641,0.2659,162.303
1777127904.8871996,641,369,2.3677,0.2680,2.3677,0.2689,162.376
1777127904.962895,640,369,2.3713,0.2680,2.3713,0.2664,162.452
1777127905.042835,639,368,2.3750,0.2643,2.3749,0.2674,162.532
1777127905.1232023,638,370,2.3786,0.2715,2.3783,0.2684,162.612
1777127905.1986337,637,369,2.3822,0.2678,2.3831,0.2694,162.687
1777127905.2747493,635,369,2.3894,0.2677,2.3885,0.2674,162.763
1777127905.349147,634,369,2.3931,0.2677,2.3934,0.2677,162.838
1777127905.4327056,633,369,2.3967,0.2677,2.3967,0.2677,162.921
1777127905.5186229,632,369,2.4003,0.2676,2.4003,0.2676,163.007
1777127905.5943184,631,369,2.4040,0.2676,2.4036,0.2676,163.083
1777127905.6688755,630,369,2.4076,0.2675,2.4085,0.2672,163.158
1777127905.7452724,628,369,2.4148,0.2674,2.4139,0.2687,163.234
1777127905.8250709,627,370,2.4184,0.2710,2.4188,0.2688,163.314
1777127905.9005554,626,369,2.4221,0.2673,2.4218,0.2695,163.389
1777127905.9749112,625,370,2.4257,0.2709,2.4266,0.2697,163.464
1777127906.0512257,623,370,2.4329,0.2708,2.4320,0.2712,163.540
1777127906.1295023,622,370,2.4366,0.2708,2.4369,0.2708,163.618
1777127906.2040715,621,370,2.4402,0.2707,2.4402,0.2704,163.693
1777127906.2820659,620,370,2.4438,0.2707,2.4438,0.2716,163.771
1777127906.3606517,619,371,2.4474,0.2743,2.4474,0.2737,163.849
1777127906.4360812,618,371,2.4511,0.2742,2.4511,0.2733,163.925
1777127906.5190256,617,370,2.4547,0.2706,2.4544,0.2724,164.008
1777127906.608513,616,371,2.4583,0.2742,2.4593,0.2729,164.097
1777127906.6923554,614,371,2.4656,0.2741,2.4646,0.2744,164.181
1777127906.772359,613,371,2.4692,0.2740,2.4695,0.2737,164.261
1777127906.8482926,612,371,2.4728,0.2740,2.4725,0.2752,164.337
1777127906.922888,611,372,2.4764,0.2776,2.4774,0.2754,164.412
1777127907.0027683,609,371,2.4837,0.2738,2.4828,0.2763,164.491
1777127907.0834377,608,372,2.4873,0.2774,2.4876,0.2752,164.572
1777127907.1634371,607,371,2.4910,0.2737,2.4910,0.2750,164.652
1777127907.2467968,606,371,2.4946,0.2737,2.4949,0.2734,164.736
1777127907.3224494,605,371,2.4982,0.2737,2.4976,0.2737,164.811
1777127907.3995306,605,371,2.4982,0.2737,2.4985,0.2736,164.888
1777127907.4818034,605,371,2.4982,0.2737,2.4982,0.2737,164.971
1777127907.5562434,605,371,2.4982,0.2737,2.4982,0.2737,165.045
1777127907.6315727,605,371,2.4982,0.2737,2.4982,0.2737,165.120
1777127907.712936,605,371,2.4982,0.2737,2.4982,0.2737,165.202
1777127907.788643,605,371,2.4982,0.2737,2.4982,0.2737,165.277
1777127907.8687148,605,371,2.4982,0.2737,2.4982,0.2737,165.357
1777127907.9526556,605,371,2.4982,0.2737,2.4982,0.2737,165.441
1777127908.0326486,605,371,2.4982,0.2737,2.4982,0.2737,165.521
1777127908.1089823,605,371,2.4982,0.2737,2.4982,0.2737,165.598
1777127908.1902392,605,371,2.4982,0.2737,2.4982,0.2737,165.679
1777127908.2677429,605,371,2.4982,0.2737,2.4982,0.2737,165.756
1777127908.348361,605,371,2.4982,0.2737,2.4982,0.2737,165.837
1777127908.4282577,605,371,2.4982,0.2737,2.4982,0.2737,165.917
1777127908.5050716,605,371,2.4982,0.2737,2.4982,0.2737,165.994
1777127908.583612,605,371,2.4982,0.2737,2.4982,0.2737,166.072
1777127908.6699505,605,371,2.4982,0.2737,2.4982,0.2737,166.159
1777127908.7507327,605,371,2.4982,0.2737,2.4982,0.2737,166.239
1777127908.8272676,605,371,2.4982,0.2737,2.4982,0.2737,166.316
1777127908.9025898,605,371,2.4982,0.2737,2.4982,0.2737,166.391
1777127908.984416,605,371,2.4982,0.2737,2.4982,0.2737,166.473
