timestamp,frame_x,frame_y,world_x_m,world_y_m,world_x_smooth_m,world_y_smooth_m,time_elapsed
1777126137.3116705,1326,288,,,-0.1352,-0.0366,0.000
1777126137.5925307,1326,288,,,-0.1352,-0.0366,0.281
1777126137.7181115,1326,288,,,-0.1352,-0.0366,0.406
1777126137.8180294,1326,288,,,-0.1352,-0.0366,0.506
1777126137.9114149,1326,288,,,-0.1352,-0.0366,0.600
1777126137.9839156,1326,288,,,-0.1352,-0.0366,0.672
1777126138.0736723,1326,288,,,-0.1352,-0.0366,0.762
1777126138.1705754,1326,288,,,-0.1352,-0.0366,0.859
1777126138.262392,1326,288,,,-0.1352,-0.0366,0.951
1777126138.3578594,1326,288,,,-0.1352,-0.0366,1.046
1777126138.444331,1326,288,,,-0.1352,-0.0366,1.133
1777126138.5334828,1326,288,,,-0.1352,-0.0366,1.222
1777126138.6185846,1326,288,,,-0.1352,-0.0366,1.307
1777126138.7175944,1326,288,,,-0.1352,-0.0366,1.406
1777126138.8062153,1326,288,,,-0.1352,-0.0366,1.495
1777126138.8907,1326,288,,,-0.1352,-0.0366,1.579
1777126138.9629533,1326,288,,,-0.1352,-0.0366,1.651
1777126139.0351517,1326,288,,,-0.1352,-0.0366,1.723
1777126139.1066072,1326,288,,,-0.1352,-0.0366,1.795
1777126139.180673,1326,288,,,-0.1352,-0.0366,1.869
1777126139.2566657,1326,288,,,-0.1352,-0.0366,1.945
1777126139.3418837,1326,288,,,-0.1352,-0.0366,2.030
1777126139.41467,1326,288,,,-0.1352,-0.0366,2.103
1777126139.4881668,1326,288,,,-0.1352,-0.0366,2.176
1777126139.559931,1326,288,,,-0.1352,-0.0366,2.248
1777126139.6390615,1326,288,,,-0.1352,-0.0366,2.327
1777126139.71233,1326,288,,,-0.1352,-0.0366,2.401
1777126139.78317,1326,288,,,-0.1352,-0.0366,2.471
1777126139.855732,1326,288,,,-0.1352,-0.0366,2.544
1777126139.9360254,1326,288,,,-0.1352,-0.0366,2.624
1777126140.0180368,1326,288,,,-0.1352,-0.0366,2.706
1777126140.093657,1326,288,,,-0.1352,-0.0366,2.782
1777126140.1745727,1326,288,,,-0.1352,-0.0366,2.863
1777126140.2703953,1326,288,,,-0.1352,-0.0366,2.959
1777126140.3533702,1326,288,,,-0.1352,-0.0366,3.042
1777126140.4413238,1326,288,,,-0.1352,-0.0366,3.130
1777126140.521394,1326,288,,,-0.1352,-0.0366,3.210
1777126140.6054971,1326,288,,,-0.1352,-0.0366,3.294
1777126140.68231,1326,288,,,-0.1352,-0.0366,3.371
1777126140.766906,1326,288,,,-0.1352,-0.0366,3.455
1777126140.8489487,1326,288,,,-0.1352,-0.0366,3.537
1777126140.9301095,1326,288,,,-0.1352,-0.0366,3.618
1777126141.00826,1326,288,,,-0.1352,-0.0366,3.697
1777126141.0824037,1326,288,,,-0.1352,-0.0366,3.771
1777126141.1565053,1326,288,,,-0.1352,-0.0366,3.845
1777126141.237519,1326,288,,,-0.1352,-0.0366,3.926
1777126141.3108788,1326,288,,,-0.1352,-0.0366,3.999
1777126141.3885703,1326,288,,,-0.1352,-0.0366,4.077
1777126141.465982,1326,288,,,-0.1352,-0.0366,4.154
1777126141.5393538,1326,288,,,-0.1352,-0.0366,4.228
1777126141.621517,1326,288,,,-0.1352,-0.0366,4.310
1777126141.7010016,1326,288,,,-0.1352,-0.0366,4.389
1777126141.7745483,1326,288,,,-0.1352,-0.0366,4.463
1777126141.8830116,1326,288,,,-0.1352,-0.0366,4.571
1777126141.980534,1326,288,,,-0.1352,-0.0366,4.669
1777126142.0701463,1326,288,,,-0.1352,-0.0366,4.758
1777126142.1423578,1326,288,,,-0.1352,-0.0366,4.831
1777126142.2194142,1326,288,,,-0.1352,-0.0366,4.908
1777126142.2968202,1326,288,,,-0.1352,-0.0366,4.985
1777126142.381783,1326,288,,,-0.1352,-0.0366,5.070
1777126142.4590886,1326,288,,,-0.1352,-0.0366,5.147
1777126142.543243,1326,288,,,-0.1352,-0.0366,5.232
1777126142.612494,1326,288,,,-0.1352,-0.0366,5.301
1777126142.6828444,1326,288,,,-0.1352,-0.0366,5.371
1777126142.7658775,1326,288,,,-0.1352,-0.0366,5.454
1777126142.868319,1326,288,,,-0.1352,-0.0366,5.557
1777126142.9478893,1326,288,,,-0.1352,-0.0366,5.636
1777126143.0314803,1326,288,,,-0.1352,-0.0366,5.720
1777126143.108795,1326,288,,,-0.1352,-0.0366,5.797
1777126143.1847456,1326,288,,,-0.1352,-0.0366,5.873
1777126143.2514534,1326,288,,,-0.1352,-0.0366,5.940
1777126143.3221226,1326,288,,,-0.1352,-0.0366,6.010
1777126143.397003,1326,288,,,-0.1352,-0.0366,6.085
1777126143.4731314,1326,288,,,-0.1352,-0.0366,6.161
1777126143.5413578,1326,288,,,-0.1352,-0.0366,6.230
1777126143.6203113,1326,288,,,-0.1352,-0.0366,6.309
1777126143.6986294,1326,288,,,-0.1352,-0.0366,6.387
1777126143.769624,1326,288,,,-0.1352,-0.0366,6.458
1777126143.8433976,1326,288,,,-0.1352,-0.0366,6.532
1777126143.9204223,1326,288,,,-0.1352,-0.0366,6.609
1777126143.9918573,1325,288,,,-0.1352,-0.0366,6.680
1777126144.0681005,1325,288,,,-0.1352,-0.0366,6.756
1777126144.1369588,1325,288,,,-0.1352,-0.0366,6.825
1777126144.2130008,1325,288,,,-0.1352,-0.0366,6.901
1777126144.2834241,1325,288,,,-0.1352,-0.0366,6.972
1777126144.3522573,1325,288,,,-0.1352,-0.0366,7.041
1777126144.4252896,1325,288,,,-0.1352,-0.0366,7.114
1777126144.5019746,1325,288,,,-0.1352,-0.0366,7.190
1777126144.5743096,1325,288,,,-0.1352,-0.0366,7.263
1777126144.6486766,1325,288,,,-0.1352,-0.0366,7.337
1777126144.7198164,1325,288,,,-0.1352,-0.0366,7.408
1777126144.7944417,1325,288,,,-0.1352,-0.0366,7.483
1777126144.868782,1325,288,,,-0.1352,-0.0366,7.557
1777126144.9400158,1325,288,,,-0.1352,-0.0366,7.628
1777126145.015472,1325,288,,,-0.1352,-0.0366,7.704
1777126145.0958188,1325,288,,,-0.1352,-0.0366,7.784
1777126145.1672528,1325,288,,,-0.1352,-0.0366,7.856
1777126145.242343,1325,288,,,-0.1352,-0.0366,7.931
1777126145.311459,1325,288,,,-0.1352,-0.0366,8.000
1777126145.3874888,1325,288,,,-0.1352,-0.0366,8.076
1777126145.4587553,1325,288,,,-0.1352,-0.0366,8.147
1777126145.5290046,1325,288,,,-0.1352,-0.0366,8.217
1777126145.6003523,1325,288,,,-0.1352,-0.0366,8.289
1777126145.6723607,1325,288,,,-0.1352,-0.0366,8.361
1777126145.742179,1325,288,,,-0.1352,-0.0366,8.431
1777126145.8120732,1325,288,,,-0.1352,-0.0366,8.500
1777126145.8849597,1325,288,,,-0.1352,-0.0366,8.573
1777126145.957189,1325,288,,,-0.1352,-0.0366,8.646
1777126146.0285678,1325,288,,,-0.1352,-0.0366,8.717
1777126146.1050963,1325,288,,,-0.1352,-0.0366,8.793
1777126146.1761887,1325,288,,,-0.1352,-0.0366,8.865
1777126146.2540495,1325,288,,,-0.1352,-0.0366,8.942
1777126146.3236403,1325,288,,,-0.1352,-0.0366,9.012
1777126146.3946,1325,288,,,-0.1352,-0.0366,9.083
1777126146.4662127,1325,288,,,-0.1352,-0.0366,9.155
1777126146.5365705,1325,288,,,-0.1352,-0.0366,9.225
1777126146.6109755,1325,288,,,-0.1352,-0.0366,9.299
1777126146.6864393,1325,288,,,-0.1352,-0.0366,9.375
1777126146.7557194,1325,288,,,-0.1352,-0.0366,9.444
1777126146.8260665,1325,288,,,-0.1352,-0.0366,9.514
1777126146.8955545,1325,288,,,-0.1352,-0.0366,9.584
1777126146.9722793,1325,288,,,-0.1352,-0.0366,9.661
1777126147.0432937,1325,288,,,-0.1352,-0.0366,9.732
1777126147.1124783,1325,288,,,-0.1352,-0.0366,9.801
1777126147.185312,1325,288,,,-0.1352,-0.0366,9.874
1777126147.2808514,1325,288,,,-0.1352,-0.0366,9.969
1777126147.3565094,1325,288,,,-0.1352,-0.0366,10.045
1777126147.429408,1325,288,,,-0.1352,-0.0366,10.118
1777126147.5026846,1325,288,,,-0.1352,-0.0366,10.191
1777126147.5781457,1325,288,,,-0.1352,-0.0366,10.266
1777126147.6475804,1325,288,,,-0.1352,-0.0366,10.336
1777126147.717003,1325,288,,,-0.1352,-0.0366,10.405
1777126147.7880757,1325,288,,,-0.1352,-0.0366,10.476
1777126147.8632472,1325,288,,,-0.1352,-0.0366,10.552
1777126147.9313836,1325,288,,,-0.1352,-0.0366,10.620
1777126148.0015886,1325,288,,,-0.1352,-0.0366,10.690
1777126148.0771754,1325,288,,,-0.1352,-0.0366,10.766
1777126148.1468463,1325,288,,,-0.1352,-0.0366,10.835
1777126148.2170846,1325,288,,,-0.1352,-0.0366,10.905
1777126148.286163,1325,288,,,-0.1352,-0.0366,10.974
1777126148.3610606,1325,288,,,-0.1352,-0.0366,11.049
1777126148.4366798,1325,288,,,-0.1352,-0.0366,11.125
1777126148.5108337,1325,288,,,-0.1352,-0.0366,11.199
1777126148.5844612,1325,288,,,-0.1352,-0.0366,11.273
1777126148.6628978,1325,288,,,-0.1352,-0.0366,11.351
1777126148.7331069,1325,288,,,-0.1352,-0.0366,11.421
1777126148.8075163,1325,288,,,-0.1352,-0.0366,11.496
1777126148.8839257,1325,288,,,-0.1352,-0.0366,11.572
1777126148.9534917,1325,288,,,-0.1352,-0.0366,11.642
1777126149.0240793,1325,288,,,-0.1352,-0.0366,11.712
1777126149.0942502,1325,288,,,-0.1352,-0.0366,11.783
1777126149.1641798,1325,288,,,-0.1352,-0.0366,11.853
1777126149.2393456,1325,288,,,-0.1352,-0.0366,11.928
1777126149.3125412,1325,288,,,-0.1352,-0.0366,12.001
1777126149.3804972,1325,288,,,-0.1352,-0.0366,12.069
1777126149.4503345,1325,288,,,-0.1352,-0.0366,12.139
1777126149.521693,1325,288,,,-0.1352,-0.0366,12.210
1777126149.5952597,1325,288,,,-0.1352,-0.0366,12.284
1777126149.671195,1325,288,,,-0.1352,-0.0366,12.360
1777126149.740726,1325,288,,,-0.1352,-0.0366,12.429
1777126149.8107653,1325,288,,,-0.1352,-0.0366,12.499
1777126149.8797774,1325,288,,,-0.1352,-0.0366,12.568
1777126149.9507449,1325,288,,,-0.1352,-0.0366,12.639
1777126150.0252147,1325,288,,,-0.1352,-0.0366,12.714
1777126150.0968823,1325,288,,,-0.1352,-0.0366,12.785
1777126150.174317,1325,288,,,-0.1352,-0.0366,12.863
1777126150.252389,1325,288,,,-0.1352,-0.0366,12.941
1777126150.3239245,1325,288,,,-0.1352,-0.0366,13.012
1777126150.4013379,1325,288,,,-0.1352,-0.0366,13.090
1777126150.4762373,1325,288,,,-0.1352,-0.0366,13.165
1777126150.5526352,1325,288,,,-0.1352,-0.0366,13.241
1777126150.6384454,1325,288,,,-0.1352,-0.0366,13.327
1777126150.7165115,1325,288,,,-0.1352,-0.0366,13.405
1777126150.7867322,1325,288,,,-0.1352,-0.0366,13.475
1777126150.859581,1325,288,,,-0.1352,-0.0366,13.548
1777126150.9415448,1325,288,,,-0.1352,-0.0366,13.630
1777126151.0146635,1325,288,,,-0.1352,-0.0366,13.703
1777126151.094387,1325,288,,,-0.1352,-0.0366,13.783
1777126151.1879895,1325,288,,,-0.1352,-0.0366,13.876
1777126151.2767048,1325,288,,,-0.1352,-0.0366,13.965
1777126151.3626993,1325,288,,,-0.1352,-0.0366,14.051
1777126151.4428322,1325,288,,,-0.1352,-0.0366,14.131
1777126151.5159903,1325,288,,,-0.1352,-0.0366,14.204
1777126151.5873544,1325,288,,,-0.1352,-0.0366,14.276
1777126151.6624,1325,288,,,-0.1352,-0.0366,14.351
1777126151.7402868,1325,288,,,-0.1352,-0.0366,14.429
1777126151.8139732,1325,288,,,-0.1352,-0.0366,14.502
1777126151.884107,1325,288,,,-0.1352,-0.0366,14.572
1777126151.9536908,1325,288,,,-0.1352,-0.0366,14.642
1777126152.0274587,1325,288,,,-0.1352,-0.0366,14.716
1777126152.0960672,1325,288,,,-0.1352,-0.0366,14.784
1777126152.1672347,1325,288,,,-0.1352,-0.0366,14.856
1777126152.2404344,1325,288,,,-0.1352,-0.0366,14.929
1777126152.3139627,1325,288,,,-0.1352,-0.0366,15.002
1777126152.3832846,1325,288,,,-0.1352,-0.0366,15.072
1777126152.4550467,1325,288,,,-0.1352,-0.0366,15.143
1777126152.534617,1325,288,,,-0.1352,-0.0366,15.223
1777126152.6047444,1325,288,,,-0.1352,-0.0366,15.293
1777126152.6743412,1325,288,,,-0.1352,-0.0366,15.363
1777126152.7494895,1325,288,,,-0.1352,-0.0366,15.438
1777126152.8242261,1325,288,,,-0.1352,-0.0366,15.513
1777126152.8955276,1325,288,,,-0.1352,-0.0366,15.584
1777126152.972213,1325,288,,,-0.1352,-0.0366,15.661
1777126153.041755,1325,288,,,-0.1352,-0.0366,15.730
1777126153.1123223,1325,288,,,-0.1352,-0.0366,15.801
1777126153.1836092,1325,288,,,-0.1352,-0.0366,15.872
1777126153.2523134,1325,288,,,-0.1352,-0.0366,15.941
1777126153.3234437,1325,288,,,-0.1352,-0.0366,16.012
1777126153.3989608,1325,288,,,-0.1352,-0.0366,16.087
1777126153.4774647,1325,288,,,-0.1352,-0.0366,16.166
1777126153.5525239,1325,288,,,-0.1352,-0.0366,16.241
1777126153.629883,1325,288,,,-0.1352,-0.0366,16.318
1777126153.7051141,1325,288,,,-0.1352,-0.0366,16.393
1777126153.7801597,1325,288,,,-0.1352,-0.0366,16.468
1777126153.849163,1325,288,,,-0.1352,-0.0366,16.537
1777126153.9209085,1325,288,,,-0.1352,-0.0366,16.609
1777126153.9928274,1325,288,,,-0.1352,-0.0366,16.681
1777126154.0629976,1325,288,,,-0.1352,-0.0366,16.751
1777126154.1369007,1325,288,,,-0.1352,-0.0366,16.825
1777126154.2109592,1325,288,,,-0.1352,-0.0366,16.899
1777126154.2877924,1325,288,,,-0.1352,-0.0366,16.976
1777126154.3620806,1325,288,,,-0.1352,-0.0366,17.050
1777126154.431092,1325,288,,,-0.1352,-0.0366,17.119
1777126154.5028114,1325,288,,,-0.1352,-0.0366,17.191
1777126154.5728576,1325,288,,,-0.1352,-0.0366,17.261
1777126154.6435528,1325,288,,,-0.1352,-0.0366,17.332
1777126154.7123697,1325,288,,,-0.1352,-0.0366,17.401
1777126154.782316,1325,288,,,-0.1352,-0.0366,17.471
1777126154.8555853,1325,288,,,-0.1352,-0.0366,17.544
1777126154.928769,1325,288,,,-0.1352,-0.0366,17.617
1777126155.0042305,1325,288,,,-0.1352,-0.0366,17.693
1777126155.079006,1325,288,,,-0.1352,-0.0366,17.767
1777126155.1478486,1325,288,,,-0.1352,-0.0366,17.836
1777126155.2182655,1325,288,,,-0.1352,-0.0366,17.907
1777126155.2923496,1325,288,,,-0.1352,-0.0366,17.981
1777126155.3624792,1325,288,,,-0.1352,-0.0366,18.051
1777126155.4369283,1325,288,,,-0.1352,-0.0366,18.125
1777126155.5103223,1325,288,,,-0.1352,-0.0366,18.199
1777126155.584724,1325,288,,,-0.1352,-0.0366,18.273
1777126155.654836,1325,288,,,-0.1352,-0.0366,18.343
1777126155.7280545,1326,288,,,-0.1352,-0.0366,18.416
1777126155.7989635,1326,288,,,-0.1352,-0.0366,18.487
1777126155.8704305,1326,288,,,-0.1352,-0.0366,18.559
1777126155.9420426,1326,288,,,-0.1352,-0.0366,18.630
1777126156.0122612,1326,288,,,-0.1352,-0.0366,18.701
1777126156.084134,1326,288,,,-0.1352,-0.0366,18.772
1777126156.1565797,1326,288,,,-0.1352,-0.0366,18.845
1777126156.2272375,1326,288,,,-0.1352,-0.0366,18.916
1777126156.301354,1326,288,,,-0.1352,-0.0366,18.990
1777126156.3708782,1326,288,,,-0.1352,-0.0366,19.059
1777126156.4468596,1326,288,,,-0.1352,-0.0366,19.135
1777126156.5169647,1326,288,,,-0.1352,-0.0366,19.205
1777126156.5864332,1326,288,,,-0.1352,-0.0366,19.275
1777126156.6565242,1326,288,,,-0.1352,-0.0366,19.345
1777126156.7297957,1326,288,,,-0.1352,-0.0366,19.418
1777126156.8003492,1326,288,,,-0.1352,-0.0366,19.489
1777126156.8759186,1326,288,,,-0.1352,-0.0366,19.564
1777126156.9454293,1326,288,,,-0.1352,-0.0366,19.634
1777126157.0154755,1326,288,,,-0.1352,-0.0366,19.704
1777126157.0954566,1326,288,,,-0.1352,-0.0366,19.784
1777126157.1722567,1326,288,,,-0.1352,-0.0366,19.861
1777126157.24622,1326,288,,,-0.1352,-0.0366,19.935
1777126157.3243861,1326,288,,,-0.1352,-0.0366,20.013
1777126157.4056873,1326,288,,,-0.1352,-0.0366,20.094
1777126157.4742777,1326,288,,,-0.1352,-0.0366,20.163
1777126157.550796,1326,288,,,-0.1352,-0.0366,20.239
1777126157.6212838,1326,288,,,-0.1352,-0.0366,20.310
1777126157.6941302,1326,288,,,-0.1352,-0.0366,20.382
1777126157.7664812,1326,288,,,-0.1352,-0.0366,20.455
1777126157.835653,1326,288,,,-0.1352,-0.0366,20.524
1777126157.9048316,1326,288,,,-0.1352,-0.0366,20.593
1777126157.9746542,1326,288,,,-0.1352,-0.0366,20.663
1777126158.0487332,1326,288,,,-0.1352,-0.0366,20.737
1777126158.1234043,1326,288,,,-0.1352,-0.0366,20.812
1777126158.200646,1326,288,,,-0.1352,-0.0366,20.889
1777126158.2826145,1326,288,,,-0.1352,-0.0366,20.971
1777126158.366459,1326,288,,,-0.1352,-0.0366,21.055
1777126158.4431934,1326,288,,,-0.1352,-0.0366,21.132
1777126158.5173542,1326,288,,,-0.1352,-0.0366,21.206
1777126158.5925133,1326,288,,,-0.1352,-0.0366,21.281
1777126158.6723354,1326,288,,,-0.1352,-0.0366,21.361
1777126158.7534382,1326,288,,,-0.1352,-0.0366,21.442
1777126158.8279428,1326,288,,,-0.1352,-0.0366,21.516
1777126158.897946,1326,288,,,-0.1352,-0.0366,21.586
1777126158.9662411,1326,288,,,-0.1352,-0.0366,21.655
1777126159.0403943,1326,288,,,-0.1352,-0.0366,21.729
1777126159.116154,1326,288,,,-0.1352,-0.0366,21.804
1777126159.190447,1326,288,,,-0.1352,-0.0366,21.879
1777126159.264382,1326,288,,,-0.1352,-0.0366,21.953
1777126159.33506,1326,288,,,-0.1352,-0.0366,22.023
1777126159.4047117,1326,288,,,-0.1352,-0.0366,22.093
1777126159.4767697,1326,288,,,-0.1352,-0.0366,22.165
1777126159.5580556,1326,288,,,-0.1352,-0.0366,22.246
1777126159.631551,1326,288,,,-0.1352,-0.0366,22.320
1777126159.7012873,1326,288,,,-0.1352,-0.0366,22.390
1777126159.7723935,1326,288,,,-0.1352,-0.0366,22.461
1777126159.843489,1326,288,,,-0.1352,-0.0366,22.532
1777126159.9199252,1326,288,,,-0.1352,-0.0366,22.608
1777126159.9983788,1326,288,,,-0.1352,-0.0366,22.687
1777126160.0685263,1326,288,,,-0.1352,-0.0366,22.757
1777126160.1396444,1326,288,,,-0.1352,-0.0366,22.828
1777126160.2102768,1326,288,,,-0.1352,-0.0366,22.899
1777126160.2830546,1326,288,,,-0.1352,-0.0366,22.971
1777126160.3520179,1326,288,,,-0.1352,-0.0366,23.040
1777126160.4217694,1326,288,,,-0.1352,-0.0366,23.110
1777126160.4970307,1326,288,,,-0.1352,-0.0366,23.185
1777126160.571799,1326,288,,,-0.1352,-0.0366,23.260
1777126160.6420162,1326,288,,,-0.1352,-0.0366,23.330
1777126160.7156653,1326,288,,,-0.1352,-0.0366,23.404
1777126160.7907093,1326,288,,,-0.1352,-0.0366,23.479
1777126160.8616612,1326,288,,,-0.1352,-0.0366,23.550
1777126160.9393086,1326,288,,,-0.1352,-0.0366,23.628
1777126161.013969,1326,288,,,-0.1352,-0.0366,23.702
1777126161.09391,1326,288,,,-0.1352,-0.0366,23.782
1777126161.1628077,1326,288,,,-0.1352,-0.0366,23.851
1777126161.2406664,1326,288,,,-0.1352,-0.0366,23.929
1777126161.3073494,1326,288,,,-0.1352,-0.0366,23.996
1777126161.3767047,1326,288,,,-0.1352,-0.0366,24.065
1777126161.4454544,1326,288,,,-0.1352,-0.0366,24.134
1777126161.5143821,1326,288,,,-0.1352,-0.0366,24.203
1777126161.579417,1325,288,-0.1352,-0.0366,-0.1352,-0.0366,24.268
1777126161.6466208,1325,288,-0.1352,-0.0366,-0.1352,-0.0366,24.335
1777126161.7112887,1325,288,-0.1352,-0.0366,-0.1352,-0.0366,24.400
1777126161.7790468,1325,288,-0.1352,-0.0366,-0.1352,-0.0366,24.467
1777126161.8480756,1325,288,-0.1352,-0.0366,-0.1352,-0.0366,24.536
1777126161.916521,1325,288,-0.1352,-0.0366,-0.1352,-0.0366,24.605
1777126161.987778,1325,288,-0.1352,-0.0366,-0.1352,-0.0366,24.676
1777126162.0573578,1325,288,-0.1352,-0.0366,-0.1352,-0.0366,24.746
1777126162.1288836,1325,288,-0.1352,-0.0366,-0.1352,-0.0366,24.817
1777126162.202822,1325,288,-0.1352,-0.0366,-0.1352,-0.0366,24.891
1777126162.2773397,1325,288,-0.1352,-0.0366,-0.1352,-0.0366,24.966
1777126162.3526435,1325,288,-0.1352,-0.0366,-0.1352,-0.0366,25.041
1777126162.4451668,1325,288,-0.1352,-0.0366,-0.1352,-0.0366,25.133
1777126162.5238624,1325,288,-0.1352,-0.0366,-0.1352,-0.0366,25.212
1777126162.5981581,1325,288,-0.1352,-0.0366,-0.1352,-0.0366,25.286
1777126162.6704865,1325,288,-0.1352,-0.0366,-0.1352,-0.0366,25.359
1777126162.737961,1325,288,-0.1352,-0.0366,-0.1352,-0.0366,25.426
1777126162.8075187,1325,288,-0.1352,-0.0366,-0.1352,-0.0366,25.496
1777126162.878204,1325,288,-0.1352,-0.0366,-0.1352,-0.0366,25.567
1777126162.9509833,1325,288,-0.1352,-0.0366,-0.1352,-0.0366,25.639
1777126163.01954,1325,288,-0.1352,-0.0366,-0.1352,-0.0366,25.708
1777126163.086515,1325,288,-0.1352,-0.0366,-0.1352,-0.0366,25.775
1777126163.1626775,1325,288,-0.1352,-0.0366,-0.1352,-0.0366,25.851
1777126163.2317667,1325,288,-0.1352,-0.0366,-0.1352,-0.0366,25.920
1777126163.3005345,1325,288,-0.1352,-0.0366,-0.1352,-0.0366,25.989
1777126163.3749852,1325,288,-0.1352,-0.0366,-0.1352,-0.0366,26.063
1777126163.4410071,1325,288,-0.1352,-0.0366,-0.1352,-0.0366,26.129
1777126163.513256,1325,288,-0.1352,-0.0366,-0.1352,-0.0366,26.202
1777126163.5809765,1325,288,-0.1352,-0.0366,-0.1352,-0.0366,26.269
1777126163.6556752,1325,288,-0.1352,-0.0366,-0.1352,-0.0366,26.344
1777126163.7288806,1325,288,-0.1352,-0.0366,-0.1352,-0.0366,26.417
1777126163.7976224,1325,288,-0.1352,-0.0366,-0.1352,-0.0366,26.486
1777126163.8644724,1325,288,-0.1352,-0.0366,-0.1352,-0.0366,26.553
1777126163.9330223,1325,288,-0.1352,-0.0366,-0.1352,-0.0366,26.621
1777126164.006403,1325,288,-0.1352,-0.0366,-0.1352,-0.0366,26.695
1777126164.0747216,1325,288,-0.1352,-0.0366,-0.1352,-0.0366,26.763
1777126164.1496656,1325,288,-0.1352,-0.0366,-0.1352,-0.0366,26.838
1777126164.223186,1325,288,-0.1352,-0.0366,-0.1352,-0.0366,26.912
1777126164.3069985,1325,288,-0.1352,-0.0366,-0.1352,-0.0366,26.995
1777126164.3823757,1325,288,-0.1352,-0.0366,-0.1352,-0.0366,27.071
1777126164.4544952,1325,288,-0.1352,-0.0366,-0.1352,-0.0366,27.143
1777126164.520122,1325,288,-0.1352,-0.0366,-0.1352,-0.0366,27.208
1777126164.5928686,1325,288,-0.1352,-0.0366,-0.1352,-0.0366,27.281
1777126164.6611094,1325,288,-0.1352,-0.0366,-0.1352,-0.0366,27.349
1777126164.7338166,1325,288,-0.1352,-0.0366,-0.1352,-0.0366,27.422
1777126164.8065143,1325,288,-0.1352,-0.0366,-0.1352,-0.0366,27.495
1777126164.8777626,1325,288,-0.1352,-0.0366,-0.1352,-0.0366,27.566
1777126164.9448164,1325,288,-0.1352,-0.0366,-0.1352,-0.0366,27.633
1777126165.0127969,1325,288,-0.1352,-0.0366,-0.1352,-0.0366,27.701
1777126165.0886328,1325,288,-0.1352,-0.0366,-0.1356,-0.0372,27.777
1777126165.1556396,1325,288,-0.1352,-0.0366,-0.1339,-0.0349,27.844
1777126165.223531,1324,290,-0.1312,-0.0289,-0.1332,-0.0306,27.912
1777126165.2922506,1325,291,-0.1348,-0.0252,-0.1335,-0.0238,27.981
1777126165.3622868,1325,293,-0.1346,-0.0176,-0.1349,-0.0186,28.051
1777126165.432139,1325,294,-0.1344,-0.0138,-0.1344,-0.0135,28.120
1777126165.500495,1325,295,-0.1343,-0.0100,-0.1340,-0.0100,28.189
1777126165.5692503,1325,296,-0.1342,-0.0062,-0.1355,-0.0062,28.258
1777126165.637329,1326,297,-0.1378,-0.0024,-0.1356,-0.0024,28.326
1777126165.705699,1325,298,-0.1339,0.0014,-0.1365,0.0014,28.394
1777126165.77338,1326,299,-0.1376,0.0051,-0.1350,0.0048,28.462
1777126165.8416553,1325,300,-0.1336,0.0090,-0.1362,0.0096,28.530
1777126165.9111958,1326,302,-0.1372,0.0165,-0.1349,0.0165,28.600
1777126165.9786127,1325,304,-0.1331,0.0241,-0.1341,0.0235,28.667
1777126166.0463436,1325,305,-0.1330,0.0279,-0.1339,0.0282,28.735
1777126166.1132493,1326,306,-0.1366,0.0317,-0.1347,0.0317,28.802
1777126166.1808016,1325,307,-0.1327,0.0355,-0.1340,0.0355,28.869
1777126166.2501273,1325,308,-0.1326,0.0393,-0.1326,0.0389,28.938
1777126166.3199663,1325,309,-0.1324,0.0431,-0.1308,0.0440,29.008
1777126166.391892,1324,311,-0.1284,0.0507,-0.1320,0.0493,29.080
1777126166.4598916,1326,312,-0.1358,0.0544,-0.1312,0.0557,29.148
1777126166.5268328,1324,314,-0.1280,0.0620,-0.1319,0.0610,29.215
1777126166.5976572,1325,315,-0.1317,0.0657,-0.1308,0.0630,29.286
1777126166.6647203,1324,316,-0.1277,0.0696,-0.1242,0.0790,29.353
1777126166.7350626,1325,317,-0.1075,0.1100,-0.1114,0.1002,29.423
1777126166.804096,1324,318,-0.1038,0.1136,-0.1029,0.1177,29.492
1777126166.8747158,1324,320,-0.1036,0.1209,-0.1035,0.1197,29.563
1777126166.9434054,1324,321,-0.1042,0.1247,-0.1035,0.1260,29.632
1777126167.0138392,1324,323,-0.1041,0.1319,-0.1057,0.1307,29.702
1777126167.0922465,1325,324,-0.1099,0.1343,-0.1084,0.1346,29.781
1777126167.1686857,1325,325,-0.1098,0.1380,-0.1104,0.1389,29.857
1777126167.2400484,1326,327,-0.1100,0.1457,-0.1102,0.1446,29.928
1777126167.3156102,1326,328,-0.1099,0.1493,-0.1090,0.1497,30.004
1777126167.3832676,1325,329,-0.1062,0.1529,-0.1069,0.1529,30.072
1777126167.4509072,1325,330,-0.1062,0.1565,-0.1074,0.1562,30.139
1777126167.5160532,1326,331,-0.1097,0.1602,-0.1066,0.1611,30.204
1777126167.5835984,1324,333,-0.1023,0.1673,-0.1054,0.1664,30.272
1777126167.6529737,1325,334,-0.1058,0.1710,-0.1046,0.1713,30.341
1777126167.721093,1325,335,-0.1057,0.1746,-0.1048,0.1746,30.409
1777126167.7894268,1324,336,-0.1021,0.1782,-0.1039,0.1782,30.478
1777126167.8569808,1325,337,-0.1056,0.1819,-0.1047,0.1815,30.545
1777126167.9298842,1325,338,-0.1055,0.1855,-0.1048,0.1864,30.618
1777126167.9985864,1324,340,-0.1017,0.1927,-0.1027,0.1914,30.687
1777126168.067955,1324,341,-0.1016,0.1963,-0.1013,0.1975,30.756
1777126168.1406758,1324,343,-0.1015,0.2035,-0.1015,0.2023,30.829
1777126168.2108066,1324,344,-0.1014,0.2071,-0.1014,0.2084,30.899
1777126168.2811697,1324,346,-0.1012,0.2144,-0.1009,0.2134,30.969
1777126168.3495364,1324,347,-0.1011,0.2180,-0.1021,0.2183,31.038
1777126168.4223385,1325,348,-0.1047,0.2216,-0.1040,0.2216,31.111
1777126168.4978106,1325,349,-0.1046,0.2253,-0.1040,0.2249,31.186
1777126168.5707347,1324,350,-0.1009,0.2288,-0.1018,0.2295,31.259
1777126168.6389623,1324,352,-0.1007,0.2361,-0.1004,0.2361,31.327
1777126168.7161381,1324,354,-0.1006,0.2433,-0.1006,0.2427,31.404
1777126168.7859492,1324,355,-0.1005,0.2469,-0.1002,0.2472,31.474
1777126168.8534012,1324,356,-0.1004,0.2505,-0.1013,0.2502,31.542
1777126168.9204214,1325,357,-0.1039,0.2542,-0.1030,0.2551,31.609
1777126168.995188,1325,359,-0.1037,0.2614,-0.1041,0.2599,31.684
1777126169.071413,1325,360,-0.1037,0.2650,-0.1039,0.2672,31.760
1777126169.1459484,1325,363,-0.1034,0.2759,-0.1025,0.2737,31.834
1777126169.2127182,1324,364,-0.0997,0.2794,-0.1006,0.2810,31.901
1777126169.2824507,1324,366,-0.0996,0.2866,-0.0993,0.2857,31.971
1777126169.3497295,1324,367,-0.0995,0.2903,-0.0992,0.2906,32.038
1777126169.4239206,1324,368,-0.0994,0.2939,-0.1006,0.2939,32.112
1777126169.4925714,1325,369,-0.1029,0.2975,-0.1011,0.2972,32.181
1777126169.5585237,1324,370,-0.0992,0.3011,-0.1004,0.3020,32.247
1777126169.6255732,1324,372,-0.0991,0.3083,-0.0988,0.3071,32.314
1777126169.6986434,1324,373,-0.0990,0.3119,-0.0990,0.3131,32.387
1777126169.7670758,1324,375,-0.0988,0.3191,-0.0989,0.3179,32.455
1777126169.8360286,1324,376,-0.0987,0.3227,-0.0987,0.3243,32.524
1777126169.9035244,1324,378,-0.0986,0.3300,-0.0986,0.3281,32.592
1777126169.9715567,1324,378,-0.0986,0.3300,-0.0986,0.3309,32.660
1777126170.0454617,1324,379,-0.0985,0.3336,-0.0988,0.3342,32.734
1777126170.1132855,1324,381,-0.0983,0.3408,-0.0971,0.3395,32.802
1777126170.1802878,1323,382,-0.0947,0.3443,-0.0968,0.3456,32.869
1777126170.2590454,1324,384,-0.0981,0.3516,-0.0959,0.3506,32.947
1777126170.326846,1323,385,-0.0944,0.3552,-0.0953,0.3555,33.015
1777126170.3951669,1323,386,-0.0943,0.3588,-0.0949,0.3588,33.083
1777126170.4642942,1324,387,-0.0978,0.3624,-0.0969,0.3624,33.153
1777126170.5365188,1324,388,-0.0977,0.3660,-0.0984,0.3657,33.225
1777126170.6100674,1324,389,-0.0977,0.3696,-0.0964,0.3705,33.298
1777126170.6786366,1323,391,-0.0939,0.3768,-0.0958,0.3756,33.367
1777126170.746013,1324,392,-0.0974,0.3804,-0.0962,0.3817,33.434
1777126170.8194103,1324,394,-0.0973,0.3876,-0.0979,0.3867,33.508
1777126170.8932397,1324,395,-0.0972,0.3912,-0.0962,0.3915,33.582
1777126170.9607346,1323,396,-0.0935,0.3948,-0.0944,0.3948,33.649
1777126171.0355725,1323,397,-0.0934,0.3984,-0.0931,0.3984,33.724
1777126171.1039915,1323,398,-0.0933,0.4020,-0.0930,0.4017,33.792
1777126171.1770737,1323,399,-0.0933,0.4056,-0.0942,0.4065,33.865
1777126171.2521846,1324,401,-0.0967,0.4129,-0.0958,0.4116,33.941
1777126171.323436,1324,402,-0.0966,0.4165,-0.0969,0.4177,34.012
1777126171.3963966,1324,404,-0.0964,0.4237,-0.0968,0.4227,34.085
1777126171.4653497,1324,405,-0.0963,0.4273,-0.0951,0.4275,34.154
1777126171.5335088,1323,406,-0.0927,0.4308,-0.0942,0.4308,34.222
1777126171.600791,1324,407,-0.0962,0.4345,-0.0962,0.4341,34.289
1777126171.6801603,1325,408,-0.0997,0.4381,-0.0981,0.4390,34.368
1777126171.7516522,1324,410,-0.0959,0.4452,-0.0972,0.4440,34.440
1777126171.8192697,1324,411,-0.0958,0.4488,-0.0955,0.4501,34.508
1777126171.8861587,1324,413,-0.0957,0.4560,-0.0957,0.4551,34.574
1777126171.9585142,1324,414,-0.0956,0.4596,-0.0956,0.4599,34.647
1777126172.0250316,1324,415,-0.0955,0.4632,-0.0955,0.4629,34.713
1777126172.0929577,1324,416,-0.0954,0.4668,-0.0951,0.4678,34.781
1777126172.169214,1324,418,-0.0953,0.4740,-0.0962,0.4728,34.858
1777126172.2380722,1325,419,-0.0988,0.4777,-0.0978,0.4789,34.926
1777126172.31075,1325,421,-0.0986,0.4849,-0.0992,0.4839,34.999
1777126172.3875568,1325,422,-0.0985,0.4885,-0.0976,0.4888,35.076
1777126172.4593446,1324,423,-0.0949,0.4920,-0.0955,0.4917,35.148
1777126172.5288775,1324,424,-0.0948,0.4956,-0.0954,0.4962,35.217
1777126172.607566,1325,426,-0.0982,0.5028,-0.0976,0.5028,35.296
1777126172.6808586,1325,428,-0.0980,0.5100,-0.0974,0.5094,35.369
1777126172.7488215,1324,429,-0.0944,0.5136,-0.0947,0.5141,35.437
1777126172.8193748,1324,430,-0.0943,0.5172,-0.0961,0.5165,35.508
1777126172.8948874,1326,430,-0.1011,0.5182,-0.0984,0.5189,35.583
1777126172.971095,1325,431,-0.0974,0.5218,-0.0989,0.5213,35.659
1777126173.0506601,1325,432,-0.0973,0.5254,-0.0970,0.5260,35.739
1777126173.1335735,1325,434,-0.0971,0.5326,-0.0972,0.5323,35.822
1777126173.2042902,1325,436,-0.0970,0.5398,-0.0973,0.5401,35.893
1777126173.2798774,1325,438,-0.0968,0.5470,-0.0959,0.5463,35.968
1777126173.3505788,1324,439,-0.0931,0.5505,-0.0940,0.5508,36.039
1777126173.421446,1324,440,-0.0930,0.5541,-0.0924,0.5541,36.110
1777126173.4913754,1324,441,-0.0929,0.5577,-0.0939,0.5577,36.180
1777126173.5631068,1325,442,-0.0964,0.5613,-0.0955,0.5613,36.251
1777126173.6390886,1325,443,-0.0963,0.5649,-0.0967,0.5646,36.327
1777126173.713391,1325,444,-0.0963,0.5685,-0.0965,0.5694,36.402
1777126173.786211,1325,446,-0.0961,0.5757,-0.0952,0.5745,36.475
1777126173.864481,1324,447,-0.0924,0.5792,-0.0933,0.5805,36.553
1777126173.9371169,1324,449,-0.0922,0.5864,-0.0920,0.5855,36.625
1777126174.0101218,1324,450,-0.0921,0.5900,-0.0921,0.5903,36.698
1777126174.0862298,1324,451,-0.0921,0.5936,-0.0918,0.5936,36.775
1777126174.1645012,1324,452,-0.0920,0.5972,-0.0929,0.5969,36.853
1777126174.2362514,1325,453,-0.0955,0.6008,-0.0948,0.6017,36.925
1777126174.310422,1325,455,-0.0953,0.6080,-0.0950,0.6068,36.999
1777126174.3866568,1324,456,-0.0916,0.6116,-0.0913,0.6128,37.075
1777126174.4613013,1323,458,-0.0879,0.6187,-0.0894,0.6178,37.150
1777126174.5367403,1324,459,-0.0914,0.6223,-0.0901,0.6226,37.225
1777126174.6077015,1324,460,-0.0913,0.6259,-0.0916,0.6259,37.296
1777126174.6780674,1324,461,-0.0912,0.6295,-0.0912,0.6292,37.366
1777126174.750414,1324,462,-0.0911,0.6331,-0.0911,0.6340,37.439
1777126174.8205464,1324,464,-0.0909,0.6402,-0.0909,0.6393,37.509
1777126174.8938303,1324,465,-0.0908,0.6438,-0.0908,0.6441,37.582
1777126174.9719641,1324,466,-0.0907,0.6474,-0.0910,0.6474,37.660
1777126175.0434523,1324,467,-0.0907,0.6510,-0.0897,0.6510,37.732
1777126175.1175125,1323,468,-0.0870,0.6545,-0.0879,0.6543,37.806
1777126175.18766,1323,469,-0.0869,0.6581,-0.0866,0.6591,37.876
1777126175.262792,1323,471,-0.0867,0.6653,-0.0864,0.6641,37.951
1777126175.3339155,1323,472,-0.0866,0.6689,-0.0875,0.6701,38.022
1777126175.4069922,1324,474,-0.0900,0.6761,-0.0891,0.6749,38.095
1777126175.4788852,1324,475,-0.0900,0.6797,-0.0905,0.6809,38.167
1777126175.5494294,1324,477,-0.0898,0.6868,-0.0889,0.6859,38.238
1777126175.6198142,1323,478,-0.0861,0.6904,-0.0870,0.6904,38.308
1777126175.6958518,1323,479,-0.0860,0.6940,-0.0857,0.6949,38.384
1777126175.7668436,1323,481,-0.0858,0.7011,-0.0859,0.7002,38.455
1777126175.8433406,1323,482,-0.0858,0.7047,-0.0858,0.7047,38.532
1777126175.9177804,1323,483,-0.0857,0.7083,-0.0860,0.7092,38.606
1777126175.9905767,1323,485,-0.0855,0.7154,-0.0843,0.7145,38.679
1777126176.0637825,1322,486,-0.0818,0.7190,-0.0840,0.7193,38.752
1777126176.1399562,1323,487,-0.0853,0.7226,-0.0829,0.7223,38.828
1777126176.211878,1322,488,-0.0817,0.7261,-0.0838,0.7271,38.900
1777126176.2858665,1323,490,-0.0851,0.7333,-0.0839,0.7324,38.974
1777126176.3594134,1323,491,-0.0850,0.7369,-0.0853,0.7369,39.048
1777126176.430154,1323,492,-0.0849,0.7405,-0.0849,0.7411,39.118
1777126176.5069315,1323,494,-0.0847,0.7477,-0.0847,0.7477,39.195
1777126176.5843112,1323,496,-0.0845,0.7548,-0.0845,0.7542,39.273
1777126176.6599464,1323,497,-0.0844,0.7584,-0.0844,0.7584,39.348
1777126176.7288811,1323,498,-0.0844,0.7620,-0.0843,0.7629,39.417
1777126176.8113146,1323,500,-0.0842,0.7691,-0.0842,0.7682,39.500
1777126176.8859124,1323,501,-0.0841,0.7727,-0.0841,0.7730,39.574
1777126176.9577484,1323,502,-0.0840,0.7763,-0.0840,0.7760,39.646
1777126177.0280123,1323,503,-0.0839,0.7798,-0.0836,0.7808,39.716
1777126177.098751,1323,505,-0.0837,0.7870,-0.0847,0.7861,39.787
1777126177.1721933,1324,506,-0.0872,0.7906,-0.0863,0.7909,39.861
1777126177.242665,1324,507,-0.0871,0.7942,-0.0875,0.7939,39.931
1777126177.3152692,1324,508,-0.0871,0.7977,-0.0873,0.7987,40.004
1777126177.3959687,1324,510,-0.0869,0.8049,-0.0860,0.8040,40.084
1777126177.4702706,1323,511,-0.0832,0.8084,-0.0838,0.8084,40.159
1777126177.5462773,1323,512,-0.0831,0.8120,-0.0837,0.8129,40.235
1777126177.6171198,1324,514,-0.0865,0.8192,-0.0856,0.8183,40.305
1777126177.694175,1324,515,-0.0864,0.8228,-0.0868,0.8228,40.383
1777126177.7679296,1324,516,-0.0864,0.8263,-0.0863,0.8272,40.456
1777126177.8436139,1324,518,-0.0862,0.8335,-0.0865,0.8326,40.532
1777126177.9149373,1324,519,-0.0861,0.8370,-0.0849,0.8370,40.603
1777126177.986037,1323,520,-0.0824,0.8406,-0.0846,0.8415,40.674
1777126178.061705,1324,522,-0.0858,0.8477,-0.0834,0.8468,40.750
1777126178.130594,1323,523,-0.0822,0.8513,-0.0843,0.8513,40.819
1777126178.2028418,1324,524,-0.0857,0.8549,-0.0844,0.8558,40.891
1777126178.277338,1324,526,-0.0855,0.8620,-0.0858,0.8608,40.966
1777126178.3511446,1324,527,-0.0854,0.8656,-0.0851,0.8668,41.039
1777126178.4218214,1324,529,-0.0852,0.8727,-0.0862,0.8718,41.110
1777126178.4974592,1325,530,-0.0887,0.8763,-0.0881,0.8766,41.186
1777126178.5788455,1325,531,-0.0886,0.8799,-0.0883,0.8799,41.267
1777126178.6512966,1324,532,-0.0850,0.8834,-0.0820,0.8834,41.340
1777126178.72318,1323,533,-0.0813,0.8869,-0.0911,0.8869,41.412
1777126178.7926404,1326,535,-0.1158,0.8904,-0.1057,0.8901,41.481
1777126178.8649664,1325,536,-0.1122,0.8939,-0.1164,0.8949,41.553
1777126178.9420102,1325,538,-0.1122,0.9012,-0.1109,0.9002,41.630
1777126179.0185003,1324,539,-0.1086,0.9047,-0.1092,0.9051,41.707
1777126179.0890727,1324,540,-0.1086,0.9084,-0.1095,0.9084,41.777
1777126179.1616685,1325,541,-0.1122,0.9120,-0.1100,0.9120,41.850
1777126179.2396877,1324,542,-0.1086,0.9156,-0.1107,0.9153,41.928
1777126179.3136678,1325,543,-0.1122,0.9192,-0.1110,0.9201,42.002
1777126179.3948348,1325,545,-0.1122,0.9264,-0.1128,0.9255,42.083
1777126179.4667392,1325,546,-0.1122,0.9300,-0.1113,0.9303,42.155
1777126179.5400178,1324,547,-0.1086,0.9336,-0.1095,0.9336,42.228
1777126179.61144,1324,548,-0.1086,0.9372,-0.1083,0.9369,42.300
1777126179.6900535,1324,549,-0.1086,0.9408,-0.1086,0.9418,42.378
1777126179.7674553,1324,551,-0.1086,0.9481,-0.1086,0.9471,42.456
1777126179.8461268,1324,552,-0.1086,0.9517,-0.1086,0.9517,42.534
1777126179.9221861,1324,553,-0.1086,0.9553,-0.1086,0.9562,42.611
1777126179.9937649,1324,555,-0.1086,0.9625,-0.1086,0.9616,42.682
1777126180.0701165,1324,556,-0.1086,0.9661,-0.1086,0.9664,42.758
1777126180.149138,1324,557,-0.1086,0.9697,-0.1086,0.9697,42.837
1777126180.222068,1324,558,-0.1086,0.9733,-0.1090,0.9730,42.910
1777126180.2955096,1324,559,-0.1087,0.9769,-0.1077,0.9776,42.984
1777126180.373128,1323,561,-0.1050,0.9841,-0.1060,0.9838,43.061
1777126180.449294,1323,563,-0.1050,0.9914,-0.1047,0.9917,43.138
1777126180.5224414,1323,565,-0.1051,0.9986,-0.1054,0.9980,43.211
1777126180.598011,1323,566,-0.1051,1.0022,-0.1041,1.0025,43.286
1777126180.677525,1322,567,-0.1014,1.0058,-0.1027,1.0058,43.366
1777126180.7487545,1322,568,-0.1014,1.0094,-0.0999,1.0094,43.437
1777126180.8200986,1321,569,-0.0978,1.0130,-0.1000,1.0130,43.508
1777126180.8914945,1322,570,-0.1015,1.0166,-0.0993,1.0163,43.580
1777126180.9624472,1321,571,-0.0978,1.0202,-0.0994,1.0212,43.651
1777126181.0359972,1321,573,-0.0978,1.0275,-0.0966,1.0262,43.724
1777126181.1079512,1320,574,-0.0942,1.0311,-0.0952,1.0323,43.796
1777126181.1838548,1320,576,-0.0942,1.0383,-0.0939,1.0374,43.872
1777126181.259856,1320,577,-0.0942,1.0419,-0.0942,1.0422,43.948
1777126181.3293593,1320,578,-0.0942,1.0455,-0.0942,1.0455,44.018
1777126181.4131489,1320,579,-0.0943,1.0491,-0.0946,1.0488,44.101
1777126181.4919991,1320,580,-0.0943,1.0527,-0.0933,1.0537,44.180
1777126181.5665767,1319,582,-0.0906,1.0600,-0.0919,1.0590,44.255
1777126181.6381278,1319,583,-0.0906,1.0636,-0.0894,1.0636,44.326
1777126181.710298,1318,584,-0.0870,1.0672,-0.0883,1.0681,44.399
1777126181.7804065,1318,586,-0.0870,1.0744,-0.0858,1.0735,44.469
1777126181.8570201,1317,587,-0.0834,1.0780,-0.0847,1.0783,44.545
1777126181.927847,1317,588,-0.0834,1.0816,-0.0822,1.0816,44.616
1777126182.0006363,1316,589,-0.0798,1.0852,-0.0807,1.0849,44.689
1777126182.072126,1316,590,-0.0798,1.0888,-0.0798,1.0897,44.760
1777126182.1506555,1316,592,-0.0798,1.0961,-0.0792,1.0951,44.839
1777126182.2221034,1315,593,-0.0762,1.0996,-0.0762,1.1000,44.910
1777126182.2928388,1314,594,-0.0726,1.1032,-0.0735,1.1033,44.981
1777126182.3695183,1314,595,-0.0726,1.1069,-0.0713,1.1069,45.058
1777126182.439564,1313,596,-0.0690,1.1105,-0.0699,1.1105,45.128
1777126182.510651,1313,597,-0.0690,1.1141,-0.0690,1.1141,45.199
1777126182.5853958,1313,598,-0.0690,1.1177,-0.0683,1.1177,45.274
1777126182.6656556,1312,599,-0.0653,1.1213,-0.0653,1.1213,45.354
1777126182.7390273,1311,600,-0.0617,1.1249,-0.0627,1.1246,45.427
1777126182.811122,1311,601,-0.0617,1.1285,-0.0605,1.1297,45.499
1777126182.8839684,1310,603,-0.0581,1.1357,-0.0593,1.1339,45.572
1777126182.9559364,1310,603,-0.0581,1.1357,-0.0572,1.1370,45.644
1777126183.0287154,1309,604,-0.0545,1.1393,-0.0548,1.1387,45.717
1777126183.1066463,1308,605,-0.0509,1.1429,-0.0506,1.1439,45.795
1777126183.1827102,1307,607,-0.0472,1.1501,-0.0482,1.1492,45.871
1777126183.254165,1307,608,-0.0472,1.1538,-0.0463,1.1541,45.942
1777126183.3307421,1306,609,-0.0436,1.1574,-0.0436,1.1574,46.019
1777126183.4006124,1305,610,-0.0400,1.1610,-0.0409,1.1613,46.089
1777126183.4739144,1305,611,-0.0400,1.1646,-0.0391,1.1636,46.162
1777126183.5467026,1304,611,-0.0364,1.1646,-0.0367,1.1655,46.235
1777126183.6186876,1303,612,-0.0328,1.1682,-0.0328,1.1675,46.307
1777126183.6898215,1302,613,-0.0291,1.1718,-0.0288,1.1727,46.378
1777126183.7658565,1301,615,-0.0255,1.1790,-0.0261,1.1781,46.454
1777126183.8360727,1301,616,-0.0255,1.1826,-0.0255,1.1829,46.524
1777126183.913198,1301,617,-0.0255,1.1862,-0.0249,1.1862,46.602
1777126183.9898121,1300,618,-0.0219,1.1898,-0.0222,1.1898,46.678
1777126184.0642686,1299,619,-0.0183,1.1934,-0.0183,1.1934,46.753
1777126184.1447303,1298,620,-0.0146,1.1970,-0.0146,1.1970,46.833
1777126184.2160842,1297,621,-0.0110,1.2006,-0.0110,1.2006,46.904
1777126184.2864096,1296,622,-0.0074,1.2042,-0.0074,1.2042,46.975
1777126184.3603415,1295,623,-0.0038,1.2078,-0.0038,1.2081,47.049
1777126184.4305642,1294,624,-0.0001,1.2114,0.0002,1.2102,47.119
1777126184.5069427,1293,624,0.0035,1.2114,0.0025,1.2133,47.195
1777126184.5771866,1293,626,0.0035,1.2187,0.0056,1.2171,47.266
1777126184.6482925,1292,627,0.0071,1.2223,0.0032,1.2231,47.337
1777126184.718614,1291,627,-0.0032,1.2293,0.0004,1.2294,47.407
1777126184.7899258,1290,629,0.0004,1.2366,-0.0011,1.2360,47.478
1777126184.8611305,1289,630,0.0041,1.2403,0.0054,1.2406,47.549
1777126184.9339957,1287,631,0.0115,1.2438,0.0096,1.2439,47.622
1777126185.0180838,1287,632,0.0115,1.2475,0.0128,1.2475,47.706
1777126185.091035,1286,633,0.0152,1.2511,0.0149,1.2515,47.779
1777126185.1632109,1285,634,0.0189,1.2548,0.0192,1.2538,47.852
1777126185.2356472,1284,634,0.0226,1.2547,0.0216,1.2557,47.924
1777126185.3118346,1284,635,0.0226,1.2584,0.0232,1.2581,48.000
1777126185.3893032,1283,636,0.0263,1.2620,0.0269,1.2620,48.078
1777126185.4628222,1281,637,0.0337,1.2656,0.0327,1.2656,48.151
1777126185.5415504,1280,638,0.0374,1.2692,0.0377,1.2692,48.230
1777126185.6112504,1279,639,0.0411,1.2728,0.0411,1.2728,48.300
1777126185.6802344,1278,640,0.0448,1.2765,0.0448,1.2768,48.369
1777126185.7512543,1277,641,0.0484,1.2801,0.0485,1.2791,48.440
1777126185.8233106,1276,641,0.0522,1.2800,0.0522,1.2810,48.512
1777126185.8993118,1275,642,0.0559,1.2837,0.0559,1.2833,48.588
1777126185.9709046,1274,643,0.0596,1.2873,0.0592,1.2876,48.659
1777126186.0439246,1273,644,0.0633,1.2909,0.0642,1.2899,48.732
1777126186.1162484,1271,644,0.0707,1.2908,0.0694,1.2921,48.805
1777126186.1858485,1270,645,0.0744,1.2944,0.0757,1.2931,48.874
1777126186.2651722,1268,645,0.0819,1.2943,0.0809,1.2953,48.954
1777126186.3415647,1267,646,0.0856,1.2979,0.0859,1.2979,49.030
1777126186.4145389,1266,647,0.0892,1.3016,0.0889,1.3009,49.103
1777126186.485984,1265,647,0.0930,1.3015,0.0942,1.3015,49.174
1777126186.562023,1263,647,0.1004,1.3014,0.0985,1.3020,49.250
1777126186.6303694,1263,648,0.1004,1.3051,0.1017,1.3050,49.319
1777126186.7035148,1262,649,0.1041,1.3087,0.1038,1.3077,49.392
1777126186.7723954,1261,649,0.1078,1.3086,0.1078,1.3096,49.461
1777126186.8461826,1260,650,0.1115,1.3123,0.1115,1.3123,49.535
1777126186.921907,1259,651,0.1152,1.3159,0.1149,1.3149,49.610
1777126186.995668,1258,651,0.1189,1.3158,0.1202,1.3168,49.684
1777126187.0659804,1256,652,0.1263,1.3194,0.1241,1.3191,49.754
1777126187.1378574,1256,653,0.1263,1.3231,0.1285,1.3234,49.826
1777126187.2107627,1254,654,0.1337,1.3266,0.1324,1.3257,49.899
1777126187.2864437,1253,654,0.1374,1.3266,0.1377,1.3278,49.975
1777126187.357705,1252,655,0.1411,1.3302,0.1415,1.3286,50.046
1777126187.4305766,1251,655,0.1448,1.3301,0.1436,1.3324,50.119
1777126187.5061543,1251,657,0.1448,1.3375,0.1467,1.3353,50.194
1777126187.5792217,1249,657,0.1522,1.3374,0.1506,1.3390,50.268
1777126187.6545453,1248,658,0.1559,1.3410,0.1575,1.3397,50.343
1777126187.7393622,1246,658,0.1634,1.3409,0.1611,1.3419,50.428
1777126187.8107634,1246,659,0.1633,1.3446,0.1659,1.3445,50.499
1777126187.8823473,1244,660,0.1707,1.3481,0.1685,1.3472,50.571
1777126187.9524834,1244,660,0.1707,1.3481,0.1720,1.3491,50.641
1777126188.0252972,1243,661,0.1744,1.3518,0.1738,1.3518,50.714
1777126188.0962827,1242,662,0.1781,1.3554,0.1791,1.3544,50.785
1777126188.164761,1240,662,0.1856,1.3553,0.1846,1.3562,50.853
1777126188.2367156,1239,663,0.1893,1.3589,0.1893,1.3586,50.925
1777126188.3092036,1238,664,0.1930,1.3625,0.1942,1.3625,50.998
1777126188.3809044,1236,665,0.2004,1.3661,0.1981,1.3668,51.069
1777126188.457759,1236,666,0.2003,1.3698,0.2026,1.3675,51.146
1777126188.5291076,1234,665,0.2078,1.3660,0.2065,1.3688,51.217
1777126188.5992708,1233,667,0.2115,1.3733,0.2118,1.3720,51.288
1777126188.6720994,1232,668,0.2152,1.3769,0.2148,1.3763,51.360
1777126188.744521,1231,668,0.2189,1.3768,0.2198,1.3778,51.433
1777126188.8153517,1229,669,0.2263,1.3804,0.2253,1.3801,51.504
1777126188.8865623,1228,670,0.2300,1.3840,0.2303,1.3840,51.575
1777126188.9581487,1227,671,0.2337,1.3876,0.2337,1.3880,51.646
1777126189.031562,1226,672,0.2374,1.3913,0.2374,1.3903,51.720
1777126189.1021335,1225,672,0.2411,1.3912,0.2411,1.3925,51.790
1777126189.1739886,1224,673,0.2448,1.3948,0.2448,1.3936,51.862
1777126189.25213,1223,673,0.2485,1.3948,0.2485,1.3957,51.940
1777126189.322377,1222,674,0.2522,1.3984,0.2522,1.3981,52.011
1777126189.3957686,1221,675,0.2559,1.4020,0.2559,1.4020,52.084
1777126189.4767644,1220,676,0.2595,1.4056,0.2595,1.4060,52.165
1777126189.5478013,1219,677,0.2632,1.4093,0.2636,1.4083,52.236
1777126189.6172557,1218,677,0.2670,1.4092,0.2660,1.4102,52.306
1777126189.6933947,1218,678,0.2669,1.4129,0.2679,1.4126,52.382
1777126189.7668912,1217,679,0.2706,1.4165,0.2703,1.4168,52.455
1777126189.845936,1216,680,0.2743,1.4201,0.2743,1.4195,52.534
1777126189.9249692,1215,680,0.2780,1.4201,0.2777,1.4201,52.613
1777126189.9960716,1214,680,0.2817,1.4200,0.2827,1.4206,52.684
1777126190.0702293,1212,681,0.2891,1.4236,0.2882,1.4233,52.759
1777126190.1474736,1211,682,0.2928,1.4272,0.2935,1.4269,52.836
1777126190.2200866,1210,683,0.2965,1.4308,0.2952,1.4321,52.908
1777126190.292302,1210,685,0.2965,1.4382,0.2984,1.4362,52.981
1777126190.3673785,1208,685,0.3039,1.4381,0.3026,1.4397,53.056
1777126190.4441063,1207,686,0.3076,1.4417,0.3051,1.4418,53.132
1777126190.5162675,1206,686,0.3113,1.4416,0.3194,1.4386,53.205
1777126190.588544,1206,687,0.3477,1.4284,0.3402,1.4315,53.277
1777126190.6619358,1204,687,0.3548,1.4284,0.3567,1.4279,53.350
1777126190.7343323,1203,688,0.3584,1.4319,0.3584,1.4322,53.423
1777126190.8050022,1202,689,0.3620,1.4353,0.3629,1.4335,53.493
1777126190.877038,1200,688,0.3691,1.4317,0.3682,1.4336,53.565
1777126190.9472904,1199,689,0.3727,1.4352,0.3730,1.4349,53.636
1777126191.0161521,1198,690,0.3763,1.4387,0.3763,1.4378,53.704
1777126191.0878065,1197,690,0.3799,1.4387,0.3796,1.4399,53.776
1777126191.1585903,1196,691,0.3835,1.4422,0.3844,1.4413,53.847
1777126191.2372155,1194,691,0.3906,1.4421,0.3897,1.4421,53.926
1777126191.3084748,1193,691,0.3942,1.4421,0.3945,1.4427,53.997
1777126191.3823142,1192,692,0.3978,1.4455,0.3978,1.4455,54.071
1777126191.4585993,1191,693,0.4014,1.4490,0.4014,1.4481,54.147
1777126191.5295749,1190,693,0.4050,1.4490,0.4050,1.4499,54.218
1777126191.6012912,1189,694,0.4086,1.4525,0.4083,1.4525,54.290
1777126191.6806526,1188,695,0.4122,1.4560,0.4131,1.4551,54.369
1777126191.7600229,1186,695,0.4193,1.4559,0.4184,1.4571,54.448
1777126191.844376,1185,696,0.4230,1.4594,0.4232,1.4582,54.533
1777126191.9213626,1184,696,0.4265,1.4593,0.4265,1.4603,54.610
1777126191.9942975,1183,697,0.4301,1.4628,0.4301,1.4628,54.683
1777126192.066348,1182,698,0.4337,1.4663,0.4337,1.4654,54.755
1777126192.1373377,1181,698,0.4373,1.4663,0.4370,1.4672,54.826
1777126192.2066553,1180,699,0.4409,1.4698,0.4418,1.4698,54.895
1777126192.2843988,1178,700,0.4481,1.4732,0.4472,1.4723,54.973
1777126192.3578315,1177,700,0.4516,1.4732,0.4517,1.4744,55.046
1777126192.4345179,1176,701,0.4553,1.4767,0.4562,1.4758,55.123
1777126192.5098727,1174,701,0.4624,1.4766,0.4615,1.4769,55.198
1777126192.5810695,1173,701,0.4659,1.4766,0.4662,1.4763,55.269
1777126192.6534517,1172,701,0.4695,1.4765,0.4695,1.4774,55.342
1777126192.7244813,1171,702,0.4731,1.4800,0.4731,1.4788,55.413
1777126192.8013465,1170,702,0.4767,1.4800,0.4764,1.4812,55.490
1777126192.8779979,1169,703,0.4803,1.4835,0.4812,1.4822,55.566
1777126192.9469416,1167,703,0.4874,1.4834,0.4865,1.4846,55.635
1777126193.0172305,1166,704,0.4910,1.4869,0.4910,1.4857,55.706
1777126193.0885296,1165,704,0.4946,1.4868,0.4955,1.4880,55.777
1777126193.1598065,1163,705,0.5017,1.4903,0.5008,1.4894,55.848
1777126193.236956,1162,705,0.5053,1.4902,0.5056,1.4902,55.925
1777126193.3088615,1161,705,0.5088,1.4902,0.5085,1.4908,55.997
1777126193.3810198,1160,706,0.5125,1.4937,0.5134,1.4937,56.069
1777126193.4569087,1158,707,0.5196,1.4971,0.5187,1.4965,56.145
1777126193.5331025,1157,707,0.5232,1.4971,0.5232,1.4968,56.221
1777126193.6036582,1156,707,0.5267,1.4971,0.5277,1.4989,56.292
1777126193.6751733,1154,709,0.5340,1.5040,0.5330,1.5019,56.364
1777126193.750684,1153,709,0.5375,1.5040,0.5379,1.5055,56.439
1777126193.8306713,1152,710,0.5411,1.5075,0.5408,1.5063,56.519
1777126193.9013915,1151,710,0.5447,1.5074,0.5456,1.5086,56.590
1777126193.9751005,1149,711,0.5519,1.5109,0.5509,1.5100,56.663
1777126194.0519288,1148,711,0.5554,1.5109,0.5557,1.5109,56.740
1777126194.1306884,1147,711,0.5590,1.5108,0.5590,1.5117,56.819
1777126194.2067032,1146,712,0.5626,1.5143,0.5623,1.5131,56.895
1777126194.2805667,1145,712,0.5661,1.5143,0.5671,1.5155,56.969
1777126194.3598394,1143,713,0.5733,1.5177,0.5724,1.5168,57.048
1777126194.4309444,1142,713,0.5769,1.5177,0.5769,1.5177,57.119
1777126194.5067587,1141,713,0.5804,1.5176,0.5813,1.5185,57.195
1777126194.576533,1139,714,0.5876,1.5211,0.5867,1.5202,57.265
1777126194.6527944,1138,714,0.5911,1.5211,0.5914,1.5213,57.341
1777126194.7276971,1137,714,0.5947,1.5210,0.5947,1.5210,57.416
1777126194.798517,1136,714,0.5982,1.5210,0.5982,1.5210,57.487
1777126194.869395,1135,714,0.6018,1.5209,0.6018,1.5206,57.558
1777126194.9489896,1134,714,0.6054,1.5209,0.6054,1.5218,57.637
1777126195.0208602,1133,715,0.6090,1.5244,0.6086,1.5235,57.709
1777126195.091915,1132,715,0.6125,1.5244,0.6134,1.5243,57.780
1777126195.1620996,1130,715,0.6196,1.5243,0.6187,1.5252,57.850
1777126195.2347443,1129,716,0.6232,1.5278,0.6235,1.5266,57.923
1777126195.310324,1128,716,0.6268,1.5277,0.6265,1.5286,57.999
1777126195.3858104,1127,717,0.6304,1.5312,0.6313,1.5309,58.074
1777126195.457431,1125,718,0.6376,1.5347,0.6367,1.5353,58.146
1777126195.5372987,1124,719,0.6412,1.5381,0.6415,1.5363,58.226
1777126195.6108603,1123,718,0.6447,1.5346,0.6447,1.5367,58.299
1777126195.6818237,1122,719,0.6483,1.5381,0.6483,1.5369,58.370
1777126195.751021,1121,719,0.6518,1.5380,0.6515,1.5380,58.439
1777126195.8213544,1120,719,0.6554,1.5380,0.6563,1.5389,58.510
1777126195.8923337,1118,720,0.6626,1.5414,0.6613,1.5405,58.581
1777126195.969023,1117,720,0.6661,1.5414,0.6673,1.5414,58.657
1777126196.0399272,1115,720,0.6732,1.5413,0.6723,1.5425,58.728
1777126196.1127808,1114,721,0.6768,1.5448,0.6771,1.5430,58.801
1777126196.1942642,1113,720,0.6803,1.5413,0.6804,1.5422,58.883
1777126196.2697096,1112,720,0.6839,1.5412,0.6836,1.5418,58.958
1777126196.341314,1111,721,0.6875,1.5447,0.6880,1.5446,59.030
1777126196.4127598,1109,721,0.6946,1.5446,0.6946,1.5426,59.101
1777126196.4842086,1108,721,0.7029,1.5356,0.7029,1.5379,59.173
1777126196.5563085,1106,721,0.7100,1.5354,0.7095,1.5347,59.245
1777126196.6258504,1105,721,0.7136,1.5354,0.7139,1.5354,59.314
1777126196.6978445,1104,721,0.7172,1.5353,0.7169,1.5353,59.386
1777126196.7753596,1103,721,0.7207,1.5353,0.7216,1.5349,59.464
1777126196.8464484,1101,721,0.7278,1.5351,0.7269,1.5360,59.535
1777126196.9172728,1100,722,0.7315,1.5386,0.7314,1.5377,59.606
1777126196.9970596,1099,722,0.7350,1.5385,0.7359,1.5388,59.685
1777126197.0679407,1097,722,0.7421,1.5384,0.7409,1.5384,59.756
1777126197.1451323,1096,722,0.7457,1.5383,0.7469,1.5383,59.833
1777126197.2212813,1094,722,0.7528,1.5382,0.7519,1.5379,59.910
1777126197.2919223,1093,722,0.7564,1.5381,0.7564,1.5391,59.980
1777126197.3642142,1092,723,0.7600,1.5416,0.7609,1.5407,60.053
1777126197.4359436,1090,723,0.7671,1.5415,0.7662,1.5418,60.124
1777126197.5087142,1089,723,0.7707,1.5414,0.7707,1.5414,60.197
1777126197.5824594,1088,723,0.7742,1.5414,0.7752,1.5413,60.271
1777126197.6534772,1086,723,0.7814,1.5412,0.7804,1.5412,60.342
1777126197.7250524,1085,723,0.7849,1.5412,0.7849,1.5412,60.413
1777126197.8057027,1084,723,0.7885,1.5411,0.7894,1.5411,60.494
1777126197.8774018,1082,723,0.7956,1.5410,0.7947,1.5410,60.566
1777126197.9536958,1081,723,0.7992,1.5409,0.7992,1.5409,60.642
1777126198.0298944,1080,723,0.8027,1.5409,0.8036,1.5408,60.718
1777126198.0994642,1078,723,0.8098,1.5407,0.8089,1.5407,60.788
1777126198.1772587,1077,723,0.8134,1.5407,0.8137,1.5407,60.866
1777126198.2540762,1076,723,0.8169,1.5406,0.8166,1.5406,60.942
1777126198.326511,1075,723,0.8205,1.5405,0.8211,1.5405,61.015
1777126198.3985786,1073,723,0.8276,1.5404,0.8276,1.5404,61.087
1777126198.4769924,1071,723,0.8347,1.5403,0.8341,1.5403,61.165
1777126198.5489697,1070,723,0.8383,1.5402,0.8383,1.5402,61.237
1777126198.6207368,1069,723,0.8418,1.5402,0.8428,1.5402,61.309
1777126198.6935923,1067,723,0.8489,1.5400,0.8480,1.5398,61.382
1777126198.76556,1066,723,0.8525,1.5400,0.8525,1.5412,61.454
1777126198.8382697,1065,724,0.8561,1.5434,0.8570,1.5416,61.527
1777126198.9102821,1063,723,0.8632,1.5398,0.8620,1.5410,61.599
1777126198.982212,1062,723,0.8667,1.5397,0.8679,1.5394,61.671
1777126199.054691,1060,723,0.8738,1.5396,0.8729,1.5396,61.743
1777126199.1306305,1059,723,0.8774,1.5395,0.8777,1.5395,61.819
1777126199.2100267,1058,723,0.8809,1.5395,0.8806,1.5395,61.898
1777126199.2879915,1057,723,0.8845,1.5394,0.8854,1.5394,61.976
1777126199.3653662,1055,723,0.8916,1.5393,0.8907,1.5393,62.054
1777126199.4442155,1054,723,0.8952,1.5392,0.8952,1.5392,62.133
1777126199.5158775,1053,723,0.8987,1.5392,0.8996,1.5392,62.204
1777126199.5875816,1051,723,0.9058,1.5391,0.9049,1.5391,62.276
1777126199.6605687,1050,723,0.9094,1.5390,0.9094,1.5390,62.349
1777126199.7371337,1049,723,0.9129,1.5389,0.9138,1.5386,62.425
1777126199.8117573,1047,723,0.9200,1.5388,0.9191,1.5397,62.500
1777126199.8885112,1046,724,0.9236,1.5423,0.9236,1.5417,62.577
1777126199.960274,1045,724,0.9272,1.5422,0.9281,1.5416,62.649
1777126200.031727,1043,723,0.9342,1.5386,0.9330,1.5395,62.720
1777126200.1063523,1042,723,0.9378,1.5385,0.9390,1.5379,62.795
1777126200.1820462,1040,723,0.9449,1.5384,0.9440,1.5393,62.870
1777126200.257952,1039,724,0.9485,1.5418,0.9488,1.5412,62.946
1777126200.329593,1038,724,0.9521,1.5418,0.9517,1.5412,63.018
1777126200.401176,1037,723,0.9556,1.5382,0.9565,1.5388,63.090
1777126200.4733,1035,723,0.9627,1.5381,0.9615,1.5390,63.162
1777126200.5462973,1034,724,0.9663,1.5415,0.9674,1.5394,63.235
1777126200.6218755,1032,723,0.9733,1.5379,0.9724,1.5403,63.310
1777126200.7017658,1031,724,0.9769,1.5413,0.9769,1.5392,63.390
1777126200.7740047,1030,723,0.9804,1.5377,0.9813,1.5389,63.462
1777126200.847074,1028,723,0.9875,1.5376,0.9863,1.5373,63.535
1777126200.917326,1027,723,0.9911,1.5376,0.9923,1.5375,63.606
1777126200.9899657,1025,723,0.9982,1.5374,0.9969,1.5372,63.678
1777126201.06643,1024,723,1.0017,1.5374,1.0029,1.5386,63.755
1777126201.1371186,1022,724,1.0089,1.5408,1.0079,1.5387,63.825
1777126201.2134776,1021,723,1.0124,1.5372,1.0127,1.5393,63.902
1777126201.2850165,1020,724,1.0160,1.5406,1.0156,1.5394,63.973
1777126201.3625555,1019,724,1.0195,1.5406,1.0204,1.5409,64.051
1777126201.4394064,1017,724,1.0266,1.5405,1.0254,1.5408,64.128
1777126201.5103562,1016,724,1.0302,1.5404,1.0314,1.5395,64.199
1777126201.5851176,1014,723,1.0372,1.5368,1.0360,1.5374,64.273
1777126201.657031,1013,723,1.0407,1.5367,1.0420,1.5376,64.345
1777126201.7367191,1011,724,1.0479,1.5401,1.0469,1.5380,64.425
1777126201.8086069,1010,723,1.0514,1.5365,1.0517,1.5386,64.497
1777126201.8853576,1009,724,1.0550,1.5400,1.0547,1.5391,64.574
1777126201.9572675,1008,724,1.0585,1.5399,1.0594,1.5390,64.646
1777126202.0375063,1006,723,1.0656,1.5363,1.0644,1.5384,64.726
1777126202.1175344,1005,724,1.0692,1.5397,1.0704,1.5373,64.806
1777126202.1918538,1003,723,1.0762,1.5361,1.0753,1.5382,64.880
1777126202.2634044,1002,724,1.0798,1.5395,1.0799,1.5384,64.952
1777126202.334378,1001,724,1.0834,1.5395,1.0841,1.5396,65.023
1777126202.4082723,999,724,1.0896,1.5388,1.0889,1.5389,65.097
1777126202.4802186,998,724,1.0931,1.5387,1.0931,1.5387,65.169
1777126202.5514705,997,724,1.0967,1.5387,1.0976,1.5386,65.240
1777126202.623675,995,724,1.1038,1.5385,1.1026,1.5386,65.312
1777126202.6975267,994,724,1.1073,1.5385,1.1085,1.5384,65.386
1777126202.767977,992,724,1.1144,1.5383,1.1135,1.5384,65.456
1777126202.8396294,991,724,1.1180,1.5383,1.1183,1.5383,65.528
1777126202.9150872,990,724,1.1215,1.5382,1.1215,1.5379,65.603
1777126202.9917302,989,724,1.1250,1.5382,1.1248,1.5394,65.680
1777126203.06296,988,725,1.1286,1.5416,1.1295,1.5398,65.751
1777126203.1340756,986,724,1.1357,1.5380,1.1345,1.5392,65.822
1777126203.2046719,985,724,1.1392,1.5379,1.1404,1.5376,65.893
1777126203.2791808,983,724,1.1463,1.5378,1.1454,1.5375,65.968
1777126203.350806,982,724,1.1498,1.5377,1.1502,1.5386,66.039
1777126203.4245858,981,725,1.1534,1.5412,1.1534,1.5406,66.113
1777126203.4970388,980,725,1.1570,1.5411,1.1570,1.5402,66.185
1777126203.57279,979,724,1.1605,1.5376,1.1602,1.5394,66.261
1777126203.6445153,978,725,1.1641,1.5410,1.1650,1.5401,66.333
1777126203.7163486,976,725,1.1711,1.5409,1.1702,1.5400,66.405
1777126203.787482,975,724,1.1746,1.5373,1.1747,1.5394,66.476
1777126203.8588593,974,725,1.1782,1.5408,1.1791,1.5383,66.547
1777126203.9341314,972,724,1.1853,1.5371,1.1844,1.5392,66.622
1777126204.0058854,971,725,1.1888,1.5406,1.1891,1.5397,66.694
1777126204.0843515,970,725,1.1924,1.5405,1.1924,1.5396,66.773
1777126204.1611075,969,724,1.1959,1.5369,1.1956,1.5387,66.849
1777126204.2392604,968,725,1.1995,1.5404,1.2004,1.5395,66.928
1777126204.3113475,966,725,1.2065,1.5403,1.2056,1.5397,67.000
1777126204.3930006,965,724,1.2100,1.5367,1.2104,1.5376,67.081
1777126204.4729843,964,724,1.2136,1.5366,1.2133,1.5363,67.161
1777126204.5445137,963,724,1.2171,1.5366,1.2180,1.5366,67.233
1777126204.6195226,961,724,1.2242,1.5364,1.2236,1.5365,67.308
1777126204.692316,960,724,1.2277,1.5364,1.2271,1.5361,67.381
1777126204.7641103,960,724,1.2277,1.5364,1.2284,1.5373,67.452
1777126204.8361635,959,725,1.2313,1.5398,1.2319,1.5389,67.524
1777126204.9070992,957,725,1.2384,1.5397,1.2372,1.5400,67.595
1777126204.979326,956,725,1.2419,1.5397,1.2432,1.5396,67.668
1777126205.0568871,954,725,1.2490,1.5395,1.2478,1.5395,67.745
1777126205.1280634,953,725,1.2526,1.5395,1.2538,1.5394,67.816
1777126205.1993804,951,725,1.2596,1.5393,1.2587,1.5394,67.888
1777126205.2721984,950,725,1.2632,1.5393,1.2635,1.5393,67.961
1777126205.3419344,949,725,1.2667,1.5392,1.2667,1.5392,68.030
1777126205.4197645,948,725,1.2702,1.5392,1.2699,1.5392,68.108
1777126205.4899597,947,725,1.2738,1.5391,1.2747,1.5391,68.178
1777126205.5637999,945,725,1.2809,1.5390,1.2799,1.5390,68.252
1777126205.6357167,944,725,1.2844,1.5389,1.2847,1.5389,68.324
1777126205.7067597,943,725,1.2879,1.5389,1.2879,1.5389,68.395
1777126205.7796032,942,725,1.2915,1.5388,1.2915,1.5388,68.468
1777126205.8523607,941,725,1.2950,1.5387,1.2947,1.5387,68.541
1777126205.9251368,940,725,1.2985,1.5387,1.2994,1.5384,68.613
1777126205.9997578,938,725,1.3056,1.5385,1.3044,1.5398,68.688
1777126206.0775487,937,726,1.3092,1.5420,1.3104,1.5402,68.766
1777126206.1515162,935,725,1.3162,1.5384,1.3150,1.5399,68.840
1777126206.2244647,934,725,1.3198,1.5383,1.3212,1.5368,68.913
1777126206.2963326,932,724,1.3268,1.5347,1.3247,1.5365,68.985
1777126206.3773038,932,725,1.3268,1.5382,1.3289,1.5372,69.066
1777126206.4498122,930,725,1.3339,1.5381,1.3327,1.5372,69.138
1777126206.5206273,929,724,1.3374,1.5345,1.3377,1.5363,69.209
1777126206.5944993,928,725,1.3410,1.5379,1.3406,1.5367,69.283
1777126206.6663604,927,725,1.3445,1.5379,1.3454,1.5382,69.355
1777126206.7386718,925,725,1.3516,1.5378,1.3507,1.5378,69.427
1777126206.822213,924,725,1.3551,1.5377,1.3554,1.5380,69.511
1777126206.8944643,923,725,1.3586,1.5376,1.3586,1.5364,69.583
1777126206.9651031,922,724,1.3621,1.5341,1.3618,1.5362,69.653
1777126207.0377357,921,725,1.3657,1.5375,1.3666,1.5354,69.726
1777126207.1138778,919,724,1.3727,1.5339,1.3718,1.5351,69.802
1777126207.1858788,918,724,1.3763,1.5338,1.3763,1.5335,69.874
1777126207.262328,917,724,1.3798,1.5338,1.3807,1.5334,69.951
1777126207.3375652,915,724,1.3869,1.5336,1.3857,1.5346,70.026
1777126207.409126,914,725,1.3904,1.5371,1.3916,1.5362,70.097
1777126207.480128,912,725,1.3975,1.5370,1.3966,1.5373,70.168
1777126207.5509913,911,725,1.4010,1.5369,1.4013,1.5369,70.239
1777126207.6322763,910,725,1.4046,1.5368,1.4046,1.5365,70.321
1777126207.7089677,909,725,1.4081,1.5368,1.4078,1.5380,70.397
1777126207.7880163,908,726,1.4117,1.5402,1.4125,1.5384,70.476
1777126207.8587735,906,725,1.4187,1.5366,1.4178,1.5381,70.547
1777126207.928641,905,725,1.4222,1.5365,1.4225,1.5350,70.617
1777126208.0011797,904,724,1.4257,1.5330,1.4257,1.5345,70.690
1777126208.0769122,903,725,1.4293,1.5364,1.4293,1.5361,70.765
1777126208.1527112,902,726,1.4328,1.5398,1.4326,1.5382,70.841
1777126208.2278106,901,726,1.4364,1.5398,1.4372,1.5431,70.916
1777126208.299394,899,725,1.4432,1.5516,1.4423,1.5485,70.988
1777126208.3708615,898,725,1.4467,1.5516,1.4470,1.5529,71.059
1777126208.4417334,897,725,1.4503,1.5515,1.4500,1.5503,71.130
1777126208.513686,896,724,1.4538,1.5480,1.4548,1.5498,71.202
1777126208.5928319,894,725,1.4610,1.5514,1.4601,1.5502,71.281
1777126208.6672916,893,725,1.4646,1.5514,1.4649,1.5517,71.356
1777126208.7373378,892,725,1.4681,1.5513,1.4678,1.5513,71.426
1777126208.8090951,891,725,1.4717,1.5513,1.4726,1.5510,71.497
1777126208.8857424,889,725,1.4788,1.5512,1.4779,1.5524,71.574
1777126208.961439,888,726,1.4824,1.5547,1.4824,1.5529,71.650
1777126209.033813,887,725,1.4859,1.5511,1.4869,1.5523,71.722
1777126209.1109881,885,725,1.4931,1.5511,1.4921,1.5508,71.799
1777126209.1880426,884,725,1.4966,1.5510,1.4969,1.5510,71.876
1777126209.2593684,883,725,1.5002,1.5510,1.4999,1.5510,71.948
1777126209.3312163,882,725,1.5037,1.5510,1.5047,1.5506,72.020
1777126209.4094489,880,725,1.5109,1.5509,1.5100,1.5521,72.098
1777126209.4819655,879,726,1.5145,1.5544,1.5148,1.5526,72.170
1777126209.5580947,878,725,1.5180,1.5508,1.5180,1.5517,72.246
1777126209.6322455,877,725,1.5216,1.5508,1.5213,1.5517,72.321
1777126209.7093365,876,726,1.5251,1.5543,1.5261,1.5524,72.398
1777126209.7813945,874,725,1.5323,1.5507,1.5313,1.5519,72.470
1777126209.8512173,873,725,1.5358,1.5506,1.5358,1.5503,72.540
1777126209.9272456,872,725,1.5394,1.5506,1.5403,1.5506,72.616
1777126210.0036561,870,725,1.5465,1.5505,1.5456,1.5505,72.692
1777126210.0819268,869,725,1.5501,1.5505,1.5504,1.5505,72.770
1777126210.1559134,868,725,1.5536,1.5504,1.5533,1.5501,72.844
1777126210.2254603,867,725,1.5572,1.5504,1.5581,1.5516,72.914
1777126210.2964132,865,726,1.5643,1.5538,1.5634,1.5520,72.985
1777126210.3675482,864,725,1.5679,1.5503,1.5679,1.5515,73.056
1777126210.4448688,863,725,1.5715,1.5502,1.5724,1.5499,73.133
1777126210.5181296,861,725,1.5786,1.5502,1.5777,1.5502,73.206
1777126210.5900626,860,725,1.5821,1.5501,1.5824,1.5501,73.278
1777126210.668419,859,725,1.5857,1.5501,1.5854,1.5504,73.357
1777126210.7428958,858,725,1.5893,1.5501,1.5902,1.5488,73.431
1777126210.8149493,856,724,1.5964,1.5465,1.5955,1.5483,73.503
1777126210.8867848,855,725,1.6000,1.5499,1.6000,1.5487,73.575
1777126210.958026,854,725,1.6035,1.5499,1.6048,1.5502,73.646
1777126211.035299,852,725,1.6107,1.5498,1.6085,1.5502,73.724
1777126211.1122465,852,725,1.6107,1.5498,1.6128,1.5486,73.801
1777126211.1901042,850,724,1.6178,1.5462,1.6166,1.5481,73.878
1777126211.2628758,849,725,1.6214,1.5497,1.6213,1.5485,73.951
1777126211.3348236,848,725,1.6249,1.5497,1.6258,1.5500,74.023
1777126211.4135373,846,725,1.6320,1.5496,1.6311,1.5496,74.102
1777126211.4927263,845,725,1.6356,1.5496,1.6359,1.5496,74.181
1777126211.56831,844,725,1.6392,1.5495,1.6392,1.5495,74.257
1777126211.6408958,843,725,1.6427,1.5495,1.6424,1.5495,74.329
1777126211.7133803,842,725,1.6463,1.5495,1.6472,1.5495,74.402
1777126211.7869945,840,725,1.6534,1.5494,1.6525,1.5494,74.475
1777126211.8605325,839,725,1.6570,1.5493,1.6573,1.5493,74.549
1777126211.9322727,838,725,1.6606,1.5493,1.6606,1.5493,74.621
1777126212.00424,837,725,1.6641,1.5493,1.6641,1.5493,74.693
1777126212.074959,836,725,1.6677,1.5492,1.6674,1.5492,74.763
1777126212.152017,835,725,1.6713,1.5492,1.6722,1.5489,74.840
1777126212.2243228,833,725,1.6784,1.5491,1.6775,1.5503,74.913
1777126212.295687,832,726,1.6820,1.5526,1.6823,1.5505,74.984
1777126212.3736084,831,725,1.6855,1.5490,1.6852,1.5512,75.062
1777126212.445792,830,726,1.6891,1.5525,1.6900,1.5516,75.134
1777126212.5234158,828,726,1.6962,1.5525,1.6953,1.5519,75.212
1777126212.5950193,827,725,1.6998,1.5489,1.7001,1.5498,75.283
1777126212.6661704,826,725,1.7033,1.5489,1.7033,1.5486,75.354
1777126212.744177,825,725,1.7069,1.5488,1.7066,1.5488,75.433
1777126212.8168197,824,725,1.7105,1.5488,1.7114,1.5488,75.505
1777126212.8961074,822,725,1.7176,1.5487,1.7167,1.5487,75.584
1777126212.969145,821,725,1.7212,1.5487,1.7215,1.5487,75.657
1777126213.045746,820,725,1.7247,1.5486,1.7244,1.5483,75.734
1777126213.1251168,819,725,1.7283,1.5486,1.7292,1.5498,75.813
1777126213.2014978,817,726,1.7354,1.5520,1.7345,1.5502,75.890
1777126213.2734544,816,725,1.7390,1.5485,1.7393,1.5497,75.962
1777126213.3490074,815,725,1.7426,1.5485,1.7423,1.5478,76.037
1777126213.4224749,814,725,1.7461,1.5484,1.7471,1.5493,76.111
1777126213.4982815,812,726,1.7533,1.5519,1.7521,1.5513,76.187
1777126213.57045,811,726,1.7568,1.5518,1.7581,1.5509,76.259
1777126213.6496859,809,725,1.7640,1.5482,1.7631,1.5503,76.338
1777126213.7230115,808,726,1.7675,1.5517,1.7678,1.5496,76.411
1777126213.7951934,807,725,1.7711,1.5482,1.7711,1.5494,76.484
1777126213.8647792,806,725,1.7747,1.5481,1.7747,1.5475,76.553
1777126213.940234,805,725,1.7782,1.5481,1.7779,1.5490,76.629
1777126214.0177886,804,726,1.7818,1.5516,1.7827,1.5506,76.706
1777126214.0956738,802,726,1.7889,1.5515,1.7881,1.5533,76.784
1777126214.1681561,801,726,1.7925,1.5514,1.7927,1.5469,76.856
1777126214.2405038,799,726,1.7957,1.5336,1.7958,1.5381,76.929
1777126214.3133705,798,726,1.7992,1.5335,1.7992,1.5320,77.002
1777126214.3869388,797,726,1.8027,1.5334,1.8027,1.5334,77.075
1777126214.463215,796,726,1.8062,1.5334,1.8062,1.5334,77.152
1777126214.5345743,795,726,1.8098,1.5333,1.8095,1.5330,77.223
1777126214.6077375,794,726,1.8133,1.5332,1.8142,1.5344,77.296
1777126214.6894193,792,727,1.8203,1.5366,1.8194,1.5348,77.378
1777126214.763755,791,726,1.8238,1.5331,1.8238,1.5346,77.452
1777126214.8376667,790,726,1.8273,1.5330,1.8282,1.5315,77.526
1777126214.9108505,788,725,1.8343,1.5294,1.8334,1.5312,77.599
1777126214.9893947,787,726,1.8379,1.5328,1.8379,1.5316,77.678
1777126215.0668366,786,726,1.8414,1.5328,1.8423,1.5330,77.755
1777126215.1389544,784,726,1.8484,1.5326,1.8475,1.5327,77.827
1777126215.223679,783,726,1.8519,1.5326,1.8519,1.5326,77.912
1777126215.2949228,782,726,1.8554,1.5325,1.8563,1.5325,77.983
1777126215.367856,780,726,1.8625,1.5324,1.8616,1.5324,78.056
1777126215.4472868,779,726,1.8660,1.5323,1.8663,1.5323,78.136
1777126215.525024,778,726,1.8695,1.5323,1.8695,1.5323,78.213
1777126215.6011205,777,726,1.8730,1.5322,1.8727,1.5322,78.289
1777126215.6741123,776,726,1.8765,1.5322,1.8774,1.5321,78.362
1777126215.7527716,774,726,1.8835,1.5320,1.8826,1.5320,78.441
1777126215.8283734,773,726,1.8870,1.5320,1.8873,1.5320,78.517
1777126215.911056,772,726,1.8906,1.5319,1.8903,1.5319,78.599
1777126215.9841757,771,726,1.8941,1.5318,1.8950,1.5318,78.673
1777126216.061926,769,726,1.9011,1.5317,1.9002,1.5317,78.750
1777126216.138058,768,726,1.9046,1.5317,1.9049,1.5317,78.826
1777126216.2091348,767,726,1.9081,1.5316,1.9078,1.5316,78.897
1777126216.2826338,766,726,1.9116,1.5315,1.9125,1.5315,78.971
1777126216.3548665,764,726,1.9186,1.5314,1.9177,1.5314,79.043
1777126216.4270008,763,726,1.9222,1.5314,1.9225,1.5314,79.115
1777126216.5037398,762,726,1.9257,1.5313,1.9257,1.5313,79.192
1777126216.575215,761,726,1.9292,1.5312,1.9289,1.5309,79.264
1777126216.6474876,760,726,1.9327,1.5312,1.9336,1.5324,79.336
1777126216.7290652,758,727,1.9397,1.5346,1.9388,1.5328,79.417
1777126216.8019717,757,726,1.9432,1.5310,1.9432,1.5322,79.490
1777126216.8754969,756,726,1.9467,1.5309,1.9476,1.5306,79.564
1777126216.9482925,754,726,1.9537,1.5308,1.9528,1.5308,79.637
1777126217.0218909,753,726,1.9572,1.5308,1.9575,1.5307,79.710
1777126217.0944579,752,726,1.9608,1.5307,1.9608,1.5307,79.783
1777126217.172302,751,726,1.9643,1.5306,1.9640,1.5306,79.861
1777126217.2450926,750,726,1.9678,1.5306,1.9687,1.5306,79.933
1777126217.324324,748,726,1.9748,1.5304,1.9739,1.5305,80.013
1777126217.407248,747,726,1.9783,1.5304,1.9786,1.5304,80.096
1777126217.4876149,746,726,1.9818,1.5303,1.9818,1.5303,80.176
1777126217.5626616,745,726,1.9853,1.5303,1.9850,1.5303,80.251
1777126217.6350641,744,726,1.9888,1.5302,1.9897,1.5305,80.323
1777126217.7096298,742,726,1.9958,1.5301,1.9949,1.5289,80.398
1777126217.7835724,741,725,1.9993,1.5265,1.9993,1.5283,80.472
1777126217.8611822,740,726,2.0028,1.5300,2.0037,1.5290,80.550
1777126217.9386983,738,726,2.0099,1.5298,2.0089,1.5290,80.627
1777126218.0209439,737,725,2.0133,1.5263,2.0134,1.5284,80.709
1777126218.0976248,736,726,2.0169,1.5297,2.0178,1.5273,80.786
1777126218.1738558,734,725,2.0239,1.5261,2.0230,1.5282,80.862
1777126218.245149,733,726,2.0274,1.5295,2.0277,1.5283,80.933
1777126218.3192813,732,726,2.0309,1.5295,2.0306,1.5298,81.008
1777126218.3930368,731,726,2.0344,1.5294,2.0353,1.5294,81.081
1777126218.4685447,729,726,2.0414,1.5293,2.0405,1.5293,81.157
1777126218.541999,728,726,2.0449,1.5292,2.0449,1.5292,81.230
1777126218.6142638,727,726,2.0484,1.5292,2.0493,1.5292,81.303
1777126218.6858678,725,726,2.0554,1.5290,2.0545,1.5291,81.374
1777126218.7617679,724,726,2.0589,1.5290,2.0592,1.5290,81.450
1777126218.8345413,723,726,2.0624,1.5289,2.0624,1.5292,81.523
1777126218.907527,722,726,2.0659,1.5289,2.0656,1.5277,81.596
1777126218.9803576,721,725,2.0694,1.5253,2.0703,1.5271,81.669
1777126219.0566638,719,726,2.0764,1.5287,2.0755,1.5275,81.745
1777126219.1284475,718,726,2.0800,1.5286,2.0803,1.5289,81.817
1777126219.2017117,717,726,2.0835,1.5286,2.0832,1.5286,81.890
1777126219.2764516,716,726,2.0870,1.5285,2.0879,1.5288,81.965
1777126219.3528326,714,726,2.0940,1.5284,2.0931,1.5272,82.041
1777126219.4340594,713,725,2.0974,1.5248,2.0978,1.5266,82.122
1777126219.5108979,712,726,2.1010,1.5283,2.1010,1.5271,82.199
1777126219.5863843,711,726,2.1045,1.5282,2.1042,1.5285,82.275
1777126219.6596825,710,726,2.1080,1.5281,2.1089,1.5281,82.348
1777126219.7355158,708,726,2.1150,1.5280,2.1141,1.5280,82.424
1777126219.8065598,707,726,2.1185,1.5280,2.1188,1.5279,82.495
1777126219.8785684,706,726,2.1220,1.5279,2.1220,1.5279,82.567
1777126219.9545944,705,726,2.1255,1.5278,2.1252,1.5278,82.643
1777126220.028173,704,726,2.1290,1.5278,2.1299,1.5278,82.717
1777126220.0997748,702,726,2.1360,1.5277,2.1350,1.5272,82.788
1777126220.174879,701,726,2.1395,1.5276,2.1402,1.5288,82.863
1777126220.2519834,700,726,2.1445,1.5334,2.1441,1.5328,82.940
1777126220.330854,699,727,2.1480,1.5369,2.1482,1.5365,83.019
1777126220.4087822,698,727,2.1516,1.5368,2.1513,1.5371,83.097
1777126220.4873416,697,727,2.1551,1.5368,2.1560,1.5371,83.176
1777126220.558898,695,727,2.1621,1.5367,2.1612,1.5355,83.247
1777126220.6307213,694,726,2.1656,1.5331,2.1656,1.5352,83.319
1777126220.7088904,693,727,2.1692,1.5366,2.1704,1.5341,83.397
1777126220.7811072,691,726,2.1762,1.5330,2.1741,1.5354,83.469
1777126220.8527777,691,727,2.1762,1.5365,2.1783,1.5340,83.541
1777126220.9250593,689,726,2.1832,1.5328,2.1820,1.5353,83.613
1777126220.9961271,688,727,2.1868,1.5363,2.1871,1.5339,83.684
1777126221.068395,687,726,2.1903,1.5327,2.1903,1.5348,83.757
1777126221.1418147,686,727,2.1938,1.5362,2.1938,1.5350,83.830
1777126221.2165053,685,727,2.1973,1.5361,2.1973,1.5364,83.905
1777126221.291163,684,727,2.2009,1.5361,2.2005,1.5361,83.979
1777126221.3690574,683,727,2.2044,1.5360,2.2056,1.5360,84.057
1777126221.440565,681,727,2.2114,1.5359,2.2099,1.5359,84.129
1777126221.5173469,681,727,2.2114,1.5359,2.2120,1.5359,84.206
1777126221.5950363,681,727,2.2114,1.5359,2.2117,1.5356,84.283
1777126221.668146,681,727,2.2114,1.5359,2.2105,1.5371,84.356
1777126221.7459583,682,728,2.2079,1.5395,2.2088,1.5377,84.434
1777126221.823268,682,727,2.2079,1.5360,2.2076,1.5372,84.512
1777126221.8988838,682,727,2.2079,1.5360,2.2076,1.5357,84.587
1777126221.9769912,682,727,2.2079,1.5360,2.2088,1.5360,84.665
1777126222.0489688,681,727,2.2114,1.5359,2.2105,1.5359,84.737
1777126222.1213775,681,727,2.2114,1.5359,2.2117,1.5356,84.810
1777126222.1947575,681,727,2.2114,1.5359,2.2117,1.5368,84.883
1777126222.2675242,681,728,2.2114,1.5394,2.2105,1.5385,84.956
1777126222.3432615,682,728,2.2079,1.5395,2.2088,1.5398,85.032
1777126222.4179592,682,728,2.2079,1.5395,2.2076,1.5395,85.106
1777126222.5242107,682,728,2.2079,1.5395,2.2079,1.5392,85.213
1777126222.6040738,682,728,2.2079,1.5395,2.2076,1.5404,85.292
1777126222.6795716,682,729,2.2079,1.5430,2.2091,1.5421,85.368
1777126222.7580209,681,729,2.2114,1.5429,2.2096,1.5432,85.446
1777126222.8349965,682,729,2.2079,1.5430,2.2091,1.5430,85.523
1777126222.9068696,682,729,2.2079,1.5430,2.2076,1.5427,85.595
1777126222.9828005,682,729,2.2079,1.5430,2.2079,1.5439,85.671
1777126223.0603914,682,730,2.2079,1.5465,2.2079,1.5456,85.749
1777126223.1372318,682,730,2.2079,1.5465,2.2076,1.5468,85.826
1777126223.209397,682,730,2.2079,1.5465,2.2088,1.5465,85.898
1777126223.2880921,681,730,2.2114,1.5464,2.2105,1.5464,85.976
1777126223.3604586,681,730,2.2114,1.5464,2.2120,1.5461,86.049
1777126223.4333074,681,730,2.2114,1.5464,2.2105,1.5476,86.122
1777126223.5174313,682,731,2.2079,1.5500,2.2088,1.5482,86.206
1777126223.5895681,682,730,2.2079,1.5465,2.2076,1.5477,86.278
1777126223.660808,682,730,2.2079,1.5465,2.2076,1.5459,86.349
1777126223.732468,682,730,2.2079,1.5465,2.2088,1.5474,86.421
1777126223.8137765,681,731,2.2115,1.5499,2.2109,1.5493,86.502
1777126223.88629,681,731,2.2115,1.5499,2.2109,1.5493,86.575
1777126223.9585516,682,730,2.2079,1.5465,2.2085,1.5468,86.647
1777126224.0308902,682,730,2.2079,1.5465,2.2085,1.5480,86.719
1777126224.1017404,681,732,2.2115,1.5534,2.2106,1.5516,86.790
1777126224.1730604,681,732,2.2115,1.5534,2.2118,1.5543,86.861
1777126224.2441416,681,732,2.2115,1.5534,2.2112,1.5522,86.932
1777126224.3211062,681,731,2.2115,1.5499,2.2124,1.5517,87.009
1777126224.3939402,680,732,2.2150,1.5534,2.2141,1.5522,87.082
1777126224.4693997,680,732,2.2150,1.5534,2.2153,1.5534,87.158
1777126224.543547,680,732,2.2150,1.5534,2.2150,1.5543,87.232
1777126224.6192276,680,733,2.2150,1.5569,2.2150,1.5560,87.308
1777126224.6955352,680,733,2.2150,1.5569,2.2150,1.5572,87.384
1777126224.7672594,680,733,2.2150,1.5569,2.2150,1.5569,87.456
1777126224.84654,680,733,2.2150,1.5569,2.2150,1.5569,87.535
1777126224.9220674,680,733,2.2150,1.5569,2.2147,1.5569,87.610
1777126225.0001638,680,733,2.2150,1.5569,2.2162,1.5571,87.688
1777126225.0743968,679,733,2.2185,1.5568,2.2167,1.5559,87.763
1777126225.1454341,680,732,2.2150,1.5534,2.2159,1.5542,87.834
1777126225.219976,680,732,2.2150,1.5534,2.2156,1.5528,87.908
1777126225.303534,679,732,2.2185,1.5533,2.2176,1.5542,87.992
1777126225.3764732,679,733,2.2185,1.5568,2.2188,1.5559,88.065
1777126225.461466,679,733,2.2185,1.5568,2.2185,1.5571,88.150
1777126225.5404162,679,733,2.2185,1.5568,2.2185,1.5568,88.229
1777126225.6181738,679,733,2.2185,1.5568,2.2185,1.5568,88.307
1777126225.6921678,679,733,2.2185,1.5568,2.2185,1.5568,88.380
1777126225.7654774,679,733,2.2185,1.5568,2.2185,1.5568,88.454
1777126225.8446012,679,733,2.2185,1.5568,2.2185,1.5568,88.533
1777126225.9162366,679,733,2.2185,1.5568,2.2185,1.5568,88.605
1777126225.988495,679,733,2.2185,1.5568,2.2185,1.5565,88.677
1777126226.0652072,679,733,2.2185,1.5568,2.2185,1.5577,88.754
1777126226.1397135,679,734,2.2185,1.5603,2.2166,1.5560,88.828
1777126226.220421,679,734,2.2185,1.5603,2.2244,1.5707,88.909
1777126226.2964642,679,734,2.2414,1.5995,2.2352,1.5894,88.985
1777126226.3767936,679,734,2.2414,1.5995,2.2443,1.6025,89.065
1777126226.4563842,678,734,2.2450,1.5995,2.2441,1.6004,89.145
1777126226.5294538,678,735,2.2451,1.6031,2.2454,1.6022,89.218
1777126226.6010163,678,735,2.2451,1.6031,2.2451,1.6034,89.289
1777126226.6734934,678,735,2.2451,1.6031,2.2451,1.6031,89.362
1777126226.7460172,678,735,2.2451,1.6031,2.2451,1.6028,89.434
1777126226.832104,678,735,2.2451,1.6031,2.2451,1.6041,89.520
1777126226.9061246,678,736,2.2451,1.6068,2.2451,1.6058,89.594
1777126226.9775286,678,736,2.2451,1.6068,2.2451,1.6071,89.666
1777126227.0495524,678,736,2.2451,1.6068,2.2451,1.6068,89.738
1777126227.1215045,678,736,2.2451,1.6068,2.2451,1.6068,89.810
1777126227.195677,678,736,2.2451,1.6068,2.2448,1.6068,89.884
1777126227.2679787,678,736,2.2451,1.6068,2.2464,1.6068,89.956
1777126227.338337,677,736,2.2488,1.6068,2.2469,1.6068,90.027
1777126227.4115746,678,736,2.2451,1.6068,2.2464,1.6068,90.100
1777126227.488681,678,736,2.2451,1.6068,2.2445,1.6068,90.177
1777126227.561589,678,736,2.2451,1.6068,2.2461,1.6068,90.250
1777126227.6382556,677,736,2.2488,1.6068,2.2479,1.6068,90.327
1777126227.7181845,677,736,2.2488,1.6068,2.2491,1.6068,90.407
1777126227.797492,677,736,2.2488,1.6068,2.2488,1.6068,90.486
1777126227.8757102,677,736,2.2488,1.6068,2.2491,1.6068,90.564
1777126227.9482148,677,736,2.2488,1.6068,2.2475,1.6068,90.637
1777126228.0217853,678,736,2.2451,1.6068,2.2470,1.6068,90.710
1777126228.095293,677,736,2.2488,1.6068,2.2475,1.6068,90.784
1777126228.1667721,677,736,2.2488,1.6068,2.2491,1.6068,90.855
1777126228.2466016,677,736,2.2488,1.6068,2.2488,1.6068,90.935
1777126228.3201935,677,736,2.2488,1.6068,2.2488,1.6068,91.009
1777126228.392103,677,736,2.2488,1.6068,2.2488,1.6064,91.080
1777126228.4707813,677,736,2.2488,1.6068,2.2488,1.6077,91.159
1777126228.5431378,677,737,2.2488,1.6104,2.2488,1.6095,91.231
1777126228.6197872,677,737,2.2488,1.6104,2.2488,1.6107,91.308
1777126228.6992157,677,737,2.2488,1.6104,2.2488,1.6104,91.388
1777126228.7747462,677,737,2.2488,1.6104,2.2488,1.6104,91.463
1777126228.8470132,677,737,2.2488,1.6104,2.2485,1.6104,91.535
1777126228.9196215,677,737,2.2488,1.6104,2.2498,1.6104,91.608
1777126228.9942594,676,737,2.2525,1.6104,2.2516,1.6104,91.683
1777126229.0731514,676,737,2.2525,1.6104,2.2528,1.6104,91.761
1777126229.1481807,676,737,2.2525,1.6104,2.2525,1.6101,91.837
1777126229.2210302,676,737,2.2525,1.6104,2.2525,1.6113,91.909
1777126229.2922115,676,738,2.2525,1.6140,2.2525,1.6131,91.981
1777126229.3640747,676,738,2.2525,1.6140,2.2525,1.6144,92.052
1777126229.435646,676,738,2.2525,1.6140,2.2522,1.6140,92.124
1777126229.5119584,676,738,2.2525,1.6140,2.2535,1.6140,92.200
1777126229.587516,675,738,2.2562,1.6140,2.2553,1.6137,92.276
1777126229.6576624,675,738,2.2562,1.6140,2.2565,1.6150,92.346
1777126229.7287567,675,739,2.2562,1.6177,2.2562,1.6167,92.417
1777126229.8085496,675,739,2.2562,1.6177,2.2562,1.6180,92.497
1777126229.8849866,675,739,2.2562,1.6177,2.2562,1.6177,92.573
1777126229.9615467,675,739,2.2562,1.6177,2.2562,1.6177,92.650
1777126230.040364,675,739,2.2562,1.6177,2.2562,1.6177,92.729
1777126230.11252,675,739,2.2562,1.6177,2.2562,1.6177,92.801
1777126230.1881824,675,739,2.2562,1.6177,2.2562,1.6177,92.877
1777126230.2657034,675,739,2.2562,1.6177,2.2562,1.6177,92.954
1777126230.3396597,675,739,2.2562,1.6177,2.2562,1.6177,93.028
1777126230.4202392,675,739,2.2562,1.6177,2.2559,1.6177,93.109
1777126230.4990466,675,739,2.2562,1.6177,2.2572,1.6177,93.187
1777126230.5773077,674,739,2.2599,1.6177,2.2590,1.6177,93.266
1777126230.6549826,674,739,2.2599,1.6177,2.2602,1.6177,93.343
1777126230.7283597,674,739,2.2599,1.6177,2.2596,1.6173,93.417
1777126230.810352,674,739,2.2599,1.6177,2.2608,1.6186,93.499
1777126230.8867273,673,740,2.2636,1.6213,2.2626,1.6204,93.575
1777126230.9649005,673,740,2.2636,1.6213,2.2636,1.6216,93.653
1777126231.0445485,673,740,2.2636,1.6213,2.2645,1.6213,93.733
1777126231.121634,672,740,2.2673,1.6213,2.2663,1.6213,93.810
1777126231.1954486,672,740,2.2673,1.6213,2.2676,1.6210,93.884
1777126231.2678065,672,740,2.2673,1.6213,2.2673,1.6222,93.956
1777126231.340288,672,741,2.2673,1.6249,2.2673,1.6240,94.029
1777126231.417798,672,741,2.2673,1.6249,2.2670,1.6252,94.106
1777126231.4972148,672,741,2.2673,1.6249,2.2682,1.6249,94.186
1777126231.5770485,671,741,2.2710,1.6249,2.2700,1.6249,94.265
1777126231.6501307,671,741,2.2710,1.6249,2.2713,1.6249,94.338
1777126231.7244127,671,741,2.2710,1.6249,2.2710,1.6249,94.413
1777126231.8004544,671,741,2.2710,1.6249,2.2710,1.6249,94.489
1777126231.877837,671,741,2.2710,1.6249,2.2710,1.6249,94.566
1777126231.9503922,671,741,2.2710,1.6249,2.2710,1.6249,94.639
1777126232.0234194,671,741,2.2710,1.6249,2.2706,1.6252,94.712
1777126232.0957239,671,741,2.2710,1.6249,2.2756,1.6258,94.784
1777126232.1681864,670,740,2.2746,1.6212,2.2604,1.6178,94.857
1777126232.2459943,670,738,2.2314,1.5996,2.2492,1.6017,94.934
1777126232.3211098,670,738,2.2564,1.5863,2.2463,1.5876,95.009
1777126232.3908632,670,737,2.2564,1.5828,2.2583,1.5811,95.079
1777126232.46191,670,735,2.2564,1.5758,2.2576,1.5767,95.150
1777126232.5340495,669,734,2.2600,1.5722,2.2579,1.5719,95.222
1777126232.6035774,670,733,2.2564,1.5687,2.2589,1.5690,95.292
1777126232.6789286,669,732,2.2600,1.5652,2.2576,1.5643,95.367
1777126232.7523496,670,730,2.2564,1.5582,2.2586,1.5591,95.441
1777126232.8267767,669,729,2.2600,1.5546,2.2588,1.5546,95.515
1777126232.897676,669,728,2.2600,1.5511,2.2603,1.5502,95.586
1777126232.967173,669,726,2.2600,1.5440,2.2600,1.5450,95.656
1777126233.0386112,669,725,2.2600,1.5405,2.2597,1.5402,95.727
1777126233.11445,669,724,2.2600,1.5370,2.2609,1.5367,95.803
1777126233.190229,668,723,2.2636,1.5334,2.2627,1.5341,95.879
1777126233.2599888,668,723,2.2636,1.5334,2.2639,1.5328,95.948
1777126233.3344316,668,723,2.2636,1.5334,2.2636,1.5343,96.023
1777126233.4033778,668,724,2.2636,1.5370,2.2636,1.5361,96.092
1777126233.472737,668,724,2.2636,1.5370,2.2636,1.5373,96.161
1777126233.5423772,668,724,2.2636,1.5370,2.2633,1.5370,96.231
1777126233.6179788,668,724,2.2636,1.5370,2.2645,1.5370,96.306
1777126233.6938198,667,724,2.2672,1.5369,2.2662,1.5369,96.382
1777126233.7640526,667,724,2.2672,1.5369,2.2672,1.5366,96.452
1777126233.8386693,667,724,2.2672,1.5369,2.2681,1.5378,96.527
1777126233.907957,666,725,2.2707,1.5404,2.2701,1.5395,96.596
1777126233.976588,666,725,2.2707,1.5404,2.2701,1.5407,96.665
1777126234.0447974,667,725,2.2671,1.5404,2.2681,1.5407,96.733
1777126234.1164415,667,725,2.2671,1.5404,2.2665,1.5395,96.805
1777126234.1915398,667,724,2.2672,1.5369,2.2681,1.5378,96.880
1777126234.2609277,666,724,2.2707,1.5369,2.2698,1.5366,96.949
1777126234.3357394,666,724,2.2707,1.5369,2.2710,1.5366,97.024
1777126234.4066207,666,724,2.2707,1.5369,2.2707,1.5378,97.095
1777126234.4855273,666,725,2.2707,1.5404,2.2707,1.5395,97.174
1777126234.5588875,666,725,2.2707,1.5404,2.2707,1.5407,97.247
1777126234.6273975,666,725,2.2707,1.5404,2.2707,1.5407,97.316
1777126234.7019763,666,725,2.2707,1.5404,2.2704,1.5395,97.390
1777126234.7781305,666,724,2.2707,1.5369,2.2716,1.5375,97.466
1777126234.8481092,665,724,2.2743,1.5368,2.2734,1.5375,97.536
1777126234.919599,665,725,2.2743,1.5404,2.2749,1.5398,97.608
1777126234.99203,665,725,2.2743,1.5404,2.2731,1.5398,97.680
1777126235.0706873,666,724,2.2707,1.5369,2.2725,1.5378,97.759
1777126235.1427438,665,724,2.2743,1.5368,2.2731,1.5366,97.831
1777126235.2113285,665,724,2.2743,1.5368,2.2746,1.5368,97.900
1777126235.2814233,665,724,2.2743,1.5368,2.2743,1.5368,97.970
1777126235.356204,665,724,2.2743,1.5368,2.2740,1.5366,98.045
1777126235.426638,665,724,2.2743,1.5368,2.2749,1.5377,98.115
1777126235.4999063,664,725,2.2778,1.5403,2.2778,1.5394,98.188
1777126235.5704408,663,725,2.2814,1.5403,2.2808,1.5406,98.259
1777126235.6431463,663,725,2.2814,1.5403,2.2817,1.5403,98.331
1777126235.7134776,663,725,2.2814,1.5403,2.2811,1.5406,98.402
1777126235.7831714,663,725,2.2814,1.5403,2.2823,1.5391,98.472
1777126235.8526924,662,724,2.2850,1.5367,2.2844,1.5389,98.541
1777126235.926737,662,725,2.2850,1.5403,2.2844,1.5382,98.615
1777126235.9965506,663,724,2.2814,1.5368,2.2820,1.5380,98.685
1777126236.0662966,663,724,2.2814,1.5368,2.2820,1.5365,98.755
1777126236.1359956,662,724,2.2850,1.5367,2.2837,1.5367,98.824
1777126236.2092905,662,724,2.2850,1.5367,2.2865,1.5367,98.898
1777126236.2787871,661,724,2.2885,1.5367,2.2867,1.5367,98.967
1777126236.3539996,662,724,2.2850,1.5367,2.2862,1.5367,99.042
1777126236.4219973,662,724,2.2850,1.5367,2.2847,1.5367,99.110
1777126236.4899545,662,724,2.2850,1.5367,2.2850,1.5367,99.178
1777126236.5592341,662,724,2.2850,1.5367,2.2847,1.5367,99.248
1777126236.6321344,662,724,2.2850,1.5367,2.2859,1.5367,99.320
1777126236.7002232,661,724,2.2885,1.5367,2.2876,1.5367,99.389
1777126236.7678258,661,724,2.2885,1.5367,2.2888,1.5367,99.456
1777126236.8478034,661,724,2.2885,1.5367,2.2885,1.5367,99.536
1777126236.9210806,661,724,2.2885,1.5367,2.2885,1.5367,99.609
1777126236.9909174,661,724,2.2885,1.5367,2.2885,1.5367,99.679
1777126237.0600257,661,724,2.2885,1.5367,2.2885,1.5370,99.748
1777126237.1335783,661,724,2.2885,1.5367,2.2885,1.5358,99.822
1777126237.2039952,661,723,2.2885,1.5332,2.2879,1.5341,99.892
1777126237.2734842,661,723,2.2885,1.5332,2.2907,1.5329,99.962
1777126237.3434033,659,723,2.2957,1.5331,2.2929,1.5331,100.032
1777126237.419356,660,723,2.2921,1.5331,2.2936,1.5331,100.108
1777126237.490544,660,723,2.2921,1.5331,2.2915,1.5331,100.179
1777126237.5589342,660,723,2.2921,1.5331,2.2930,1.5331,100.247
1777126237.6356344,659,723,2.2957,1.5331,2.2947,1.5331,100.324
1777126237.704665,659,723,2.2957,1.5331,2.2960,1.5331,100.393
1777126237.773326,659,723,2.2957,1.5331,2.2957,1.5331,100.462
1777126237.84493,659,723,2.2957,1.5331,2.2957,1.5334,100.533
1777126237.9183986,659,723,2.2957,1.5331,2.2961,1.5338,100.607
1777126237.9881985,659,722,2.2957,1.5296,2.2944,1.5258,100.677
1777126238.0621662,658,722,2.2908,1.5113,2.2920,1.5157,100.750
1777126238.1341028,658,722,2.2908,1.5113,2.2903,1.5097,100.822
1777126238.21301,658,722,2.2908,1.5113,2.2908,1.5113,100.901
1777126238.286895,658,722,2.2908,1.5113,2.2908,1.5113,100.975
1777126238.359721,658,722,2.2908,1.5113,2.2908,1.5113,101.048
1777126238.4319189,658,722,2.2908,1.5113,2.2908,1.5113,101.120
1777126238.5058749,658,722,2.2908,1.5113,2.2905,1.5113,101.194
1777126238.5791693,658,722,2.2908,1.5113,2.2919,1.5113,101.267
1777126238.662519,657,722,2.2942,1.5112,2.2921,1.5113,101.351
1777126238.7355325,658,722,2.2908,1.5113,2.2931,1.5113,101.424
1777126238.807165,657,722,2.2942,1.5112,2.2921,1.5113,101.495
1777126238.8793068,658,722,2.2908,1.5113,2.2916,1.5113,101.568
1777126238.9608018,658,722,2.2908,1.5113,2.2914,1.5116,101.649
1777126239.033597,657,722,2.2942,1.5112,2.2933,1.5104,101.722
1777126239.1056566,657,721,2.2942,1.5078,2.2945,1.5086,101.794
1777126239.1783466,657,721,2.2942,1.5078,2.2939,1.5075,101.867
1777126239.2494123,657,721,2.2942,1.5078,2.2951,1.5077,101.938
1777126239.327741,656,721,2.2977,1.5077,2.2968,1.5077,102.016
1777126239.400697,656,721,2.2977,1.5077,2.2980,1.5077,102.089
1777126239.4719682,656,721,2.2977,1.5077,2.2977,1.5077,102.160
1777126239.5479255,656,721,2.2977,1.5077,2.2977,1.5077,102.236
1777126239.6208868,656,721,2.2977,1.5077,2.2977,1.5080,102.309
1777126239.700574,656,721,2.2977,1.5077,2.2980,1.5071,102.389
1777126239.7821934,656,720,2.2977,1.5042,2.2971,1.5042,102.471
1777126239.8537717,657,719,2.2942,1.5008,2.2945,1.5017,102.542
1777126239.9317863,658,719,2.2907,1.5008,2.2907,1.4999,102.620
1777126240.004286,659,718,2.2872,1.4974,2.2872,1.4977,102.693
1777126240.0817463,660,717,2.2837,1.4940,2.2837,1.4940,102.770
1777126240.1533055,661,716,2.2802,1.4906,2.2802,1.4903,102.842
1777126240.2314084,662,715,2.2766,1.4871,2.2764,1.4883,102.920
1777126240.3029246,663,715,2.2731,1.4872,2.2743,1.4851,102.991
1777126240.3747625,663,713,2.2731,1.4802,2.2713,1.4823,103.063
1777126240.4527788,665,713,2.2661,1.4803,2.2673,1.4791,103.141
1777126240.526248,666,712,2.2626,1.4769,2.2623,1.4772,103.215
1777126240.5970895,667,711,2.2591,1.4735,2.2591,1.4735,103.285
1777126240.6693938,668,710,2.2556,1.4700,2.2556,1.4700,103.358
1777126240.7454767,669,709,2.2521,1.4666,2.2521,1.4663,103.434
1777126240.8177729,670,708,2.2485,1.4632,2.2485,1.4641,103.506
1777126240.8969553,671,708,2.2450,1.4632,2.2447,1.4623,103.585
1777126240.9691043,672,707,2.2415,1.4598,2.2427,1.4601,103.657
1777126241.0429533,672,706,2.2415,1.4563,2.2397,1.4563,103.731
1777126241.1209807,674,705,2.2345,1.4529,2.2357,1.4529,103.809
1777126241.2054508,675,704,2.2310,1.4495,2.2284,1.4461,103.894
1777126241.280256,676,703,2.2275,1.4461,2.2339,1.4562,103.969
1777126241.3524508,677,702,2.2503,1.4821,2.2444,1.4716,104.041
1777126241.4257607,677,701,2.2503,1.4785,2.2516,1.4828,104.114
1777126241.5066624,678,701,2.2466,1.4785,2.2469,1.4775,104.195
1777126241.5792034,679,700,2.2429,1.4749,2.2426,1.4752,104.268
1777126241.6569448,680,699,2.2392,1.4712,2.2401,1.4712,104.345
1777126241.7303152,680,698,2.2391,1.4676,2.2382,1.4676,104.419
1777126241.8092785,681,697,2.2354,1.4639,2.2357,1.4636,104.498
1777126241.8818452,682,696,2.2317,1.4603,2.2317,1.4612,104.570
1777126241.9606912,683,696,2.2280,1.4603,2.2280,1.4594,104.649
1777126242.0314462,684,695,2.2243,1.4567,2.2240,1.4570,104.720
1777126242.1053233,685,694,2.2206,1.4530,2.2215,1.4530,104.794
1777126242.182532,685,693,2.2205,1.4494,2.2196,1.4494,104.871
1777126242.2568102,686,692,2.2168,1.4457,2.2171,1.4457,104.945
1777126242.3282678,687,691,2.2131,1.4421,2.2131,1.4418,105.017
1777126242.400599,688,690,2.2094,1.4385,2.2091,1.4394,105.089
1777126242.4724948,689,690,2.2057,1.4385,2.2070,1.4375,105.161
1777126242.5445879,689,689,2.2057,1.4348,2.2038,1.4351,105.233
1777126242.6218913,691,688,2.1983,1.4312,2.1992,1.4312,105.310
1777126242.6994138,692,687,2.1946,1.4276,2.1955,1.4276,105.388
1777126242.7714157,692,686,2.1945,1.4239,2.1923,1.4239,105.460
1777126242.846598,694,685,2.1871,1.4203,2.1896,1.4200,105.535
1777126242.9230783,694,684,2.1871,1.4166,2.1846,1.4176,105.611
1777126242.9952781,696,684,2.1798,1.4167,2.1819,1.4157,105.684
1777126243.0723288,696,683,2.1797,1.4130,2.1785,1.4133,105.761
1777126243.1484892,697,682,2.1760,1.4094,2.1763,1.4094,105.837
1777126243.225315,698,681,2.1723,1.4058,2.1723,1.4054,105.914
1777126243.2972589,699,680,2.1686,1.4021,2.1683,1.4034,105.986
1777126243.3741348,700,680,2.1649,1.4021,2.1661,1.4003,106.062
1777126243.4526129,700,678,2.1648,1.3948,2.1629,1.3958,106.141
1777126243.525196,702,677,2.1574,1.3912,2.1584,1.3918,106.214
1777126243.600225,703,677,2.1538,1.3912,2.1545,1.3904,106.289
1777126243.6775641,703,676,2.1537,1.3876,2.1524,1.3876,106.366
1777126243.7550669,704,675,2.1485,1.3829,2.1492,1.3831,106.443
1777126243.8321598,705,674,2.1448,1.3792,2.1447,1.3791,106.520
1777126243.9083738,706,673,2.1411,1.3756,2.1427,1.3780,106.597
1777126243.9799774,707,672,2.1374,1.3720,2.1327,1.3649,106.668
1777126244.0582817,708,671,2.1155,1.3410,2.1202,1.3481,106.747
1777126244.1326466,709,670,2.1120,1.3375,2.1104,1.3352,106.821
1777126244.2045999,710,669,2.1085,1.3341,2.1085,1.3341,106.893
1777126244.284831,711,668,2.1049,1.3306,2.1049,1.3306,106.973
1777126244.3589215,712,667,2.1014,1.3272,2.1017,1.3269,107.047
1777126244.4304307,713,666,2.0978,1.3237,2.0966,1.3246,107.119
1777126244.506149,715,666,2.0908,1.3238,2.0926,1.3229,107.194
1777126244.582228,715,665,2.0907,1.3203,2.0895,1.3206,107.271
1777126244.655651,716,664,2.0872,1.3168,2.0875,1.3165,107.344
1777126244.7324414,717,663,2.0837,1.3134,2.0837,1.3143,107.421
1777126244.8121302,718,663,2.0801,1.3134,2.0801,1.3125,107.500
1777126244.8927279,719,662,2.0766,1.3099,2.0766,1.3102,107.581
1777126244.9713655,720,661,2.0730,1.3065,2.0727,1.3065,107.660
1777126245.0441124,721,660,2.0695,1.3030,2.0704,1.3030,107.732
1777126245.1240284,721,659,2.0695,1.2995,2.0689,1.2995,107.812
1777126245.199428,722,658,2.0659,1.2960,2.0650,1.2957,107.888
1777126245.2771904,724,657,2.0588,1.2926,2.0607,1.2935,107.966
1777126245.3497062,724,657,2.0588,1.2926,2.0573,1.2917,108.038
1777126245.4250026,725,656,2.0553,1.2891,2.0565,1.2894,108.113
1777126245.50322,725,655,2.0553,1.2856,2.0547,1.2856,108.192
1777126245.5761795,726,654,2.0517,1.2822,2.0508,1.2822,108.265
1777126245.6481888,728,653,2.0446,1.2787,2.0465,1.2787,108.337
1777126245.7206266,728,652,2.0446,1.2752,2.0434,1.2752,108.409
1777126245.7937446,729,651,2.0411,1.2718,2.0414,1.2718,108.482
1777126245.8661835,730,650,2.0375,1.2683,2.0375,1.2680,108.555
1777126245.950803,731,649,2.0340,1.2648,2.0340,1.2657,108.639
1777126246.0239272,732,649,2.0305,1.2649,2.0304,1.2640,108.712
1777126246.0964751,733,648,2.0269,1.2614,2.0269,1.2617,108.785
1777126246.1739373,734,647,2.0233,1.2579,2.0234,1.2579,108.862
1777126246.2463527,735,646,2.0198,1.2545,2.0198,1.2545,108.935
1777126246.3248827,736,645,2.0162,1.2510,2.0162,1.2507,109.013
1777126246.4016154,737,644,2.0127,1.2475,2.0127,1.2484,109.090
1777126246.480204,738,644,2.0092,1.2476,2.0089,1.2467,109.169
1777126246.55424,739,643,2.0056,1.2441,2.0065,1.2447,109.243
1777126246.6258156,739,642,2.0056,1.2406,2.0047,1.2394,109.314
1777126246.6982496,740,640,2.0020,1.2336,2.0023,1.2354,109.387
1777126246.771133,741,640,1.9985,1.2336,1.9985,1.2321,109.459
1777126246.8434389,742,639,1.9949,1.2302,1.9949,1.2314,109.532
1777126246.9153774,743,639,1.9914,1.2302,1.9914,1.2293,109.604
1777126246.9896965,744,638,1.9878,1.2268,1.9878,1.2271,109.678
1777126247.0686073,745,637,1.9843,1.2233,1.9843,1.2233,109.757
1777126247.1383173,746,636,1.9807,1.2198,1.9804,1.2198,109.827
1777126247.21737,747,635,1.9772,1.2163,1.9784,1.2163,109.906
1777126247.2913713,747,634,1.9772,1.2128,1.9750,1.2128,109.980
1777126247.367491,749,633,1.9701,1.2094,1.9722,1.2094,110.056
1777126247.4445136,749,632,1.9701,1.2059,1.9688,1.2059,110.133
1777126247.5163403,750,631,1.9665,1.2024,1.9668,1.2021,110.205
1777126247.5883765,751,630,1.9629,1.1989,1.9629,1.2001,110.277
1777126247.6614325,752,630,1.9594,1.1990,1.9594,1.1969,110.350
1777126247.7365215,753,628,1.9558,1.1920,1.9558,1.1941,110.425
1777126247.8087533,754,628,1.9523,1.1920,1.9523,1.1908,110.497
1777126247.8814297,755,627,1.9487,1.1885,1.9487,1.1888,110.570
1777126247.950958,756,626,1.9452,1.1851,1.9452,1.1851,110.639
1777126248.0235262,757,625,1.9416,1.1816,1.9416,1.1816,110.712
1777126248.0963268,758,624,1.9381,1.1781,1.9381,1.1781,110.785
1777126248.1697145,759,623,1.9345,1.1746,1.9345,1.1746,110.858
1777126248.2565866,760,622,1.9309,1.1712,1.9309,1.1712,110.945
1777126248.3324904,761,621,1.9274,1.1677,1.9274,1.1674,111.021
1777126248.402808,762,620,1.9238,1.1642,1.9238,1.1651,111.091
1777126248.475329,763,620,1.9203,1.1643,1.9203,1.1634,111.164
1777126248.5488126,764,619,1.9167,1.1608,1.9167,1.1611,111.237
1777126248.6209934,765,618,1.9132,1.1573,1.9132,1.1573,111.309
1777126248.691789,766,617,1.9096,1.1538,1.9096,1.1538,111.380
1777126248.763798,767,616,1.9060,1.1503,1.9060,1.1500,111.452
1777126248.8351948,768,615,1.9025,1.1469,1.9022,1.1478,111.524
1777126248.909114,769,615,1.8989,1.1469,1.8998,1.1460,111.597
1777126248.9807482,769,614,1.8989,1.1434,1.8980,1.1437,111.669
1777126249.0520132,770,613,1.8954,1.1399,1.8957,1.1399,111.740
1777126249.1303,771,612,1.8918,1.1364,1.8918,1.1361,111.819
1777126249.2040362,772,611,1.8882,1.1330,1.8881,1.1330,111.892
1777126249.281719,773,611,1.8847,1.1330,1.8854,1.1355,111.970
1777126249.3526056,775,610,1.8832,1.1396,1.8821,1.1350,112.041
1777126249.4255111,775,609,1.8776,1.1260,1.8780,1.1283,112.114
1777126249.4991593,776,607,1.8740,1.1190,1.8747,1.1200,112.187
1777126249.5828004,776,607,1.8740,1.1190,1.8731,1.1178,112.271
1777126249.6854074,777,606,1.8704,1.1155,1.8707,1.1155,112.374
1777126249.775542,778,605,1.8669,1.1121,1.8669,1.1130,112.464
1777126249.8613079,779,605,1.8633,1.1121,1.8633,1.1112,112.550
1777126249.9473972,780,604,1.8597,1.1086,1.8597,1.1069,112.636
1777126250.028835,781,603,1.8562,1.1051,1.8567,1.1113,112.717
1777126250.1021116,781,602,1.8535,1.1256,1.8523,1.1195,112.790
1777126250.1783483,783,601,1.8463,1.1221,1.8473,1.1242,112.867
1777126250.2538726,784,600,1.8428,1.1186,1.8424,1.1183,112.942
1777126250.3305545,785,599,1.8392,1.1150,1.8392,1.1159,113.019
1777126250.4074793,786,599,1.8356,1.1150,1.8356,1.1141,113.096
1777126250.482251,787,598,1.8320,1.1115,1.8317,1.1118,113.171
1777126250.5621605,788,597,1.8285,1.1079,1.8294,1.1079,113.250
1777126250.639798,788,596,1.8284,1.1044,1.8275,1.1044,113.328
1777126250.7182088,789,595,1.8249,1.1008,1.8252,1.1005,113.407
1777126250.79932,790,594,1.8213,1.0973,1.8210,1.0982,113.488
1777126250.8741665,791,594,1.8177,1.0973,1.8189,1.0964,113.562
1777126250.9505208,791,593,1.8177,1.0937,1.8156,1.0941,113.639
1777126251.0357296,793,592,1.8106,1.0902,1.8127,1.0902,113.724
1777126251.113375,793,591,1.8105,1.0866,1.8093,1.0866,113.802
1777126251.192631,794,590,1.8070,1.0831,1.8073,1.0828,113.881
1777126251.271642,795,589,1.8034,1.0795,1.8034,1.0805,113.960
1777126251.351899,796,589,1.7998,1.0796,1.7998,1.0786,114.040
1777126251.423995,797,588,1.7962,1.0760,1.7963,1.0763,114.112
1777126251.4973223,798,587,1.7927,1.0725,1.7927,1.0725,114.186
1777126251.5768723,799,586,1.7891,1.0689,1.7894,1.0686,114.265
1777126251.6532378,800,585,1.7855,1.0654,1.7846,1.0663,114.342
1777126251.733264,802,585,1.7784,1.0654,1.7790,1.0645,114.422
1777126251.8092473,803,584,1.7748,1.0618,1.7754,1.0622,114.498
1777126251.8831797,803,583,1.7748,1.0583,1.7739,1.0583,114.572
1777126251.9602304,804,582,1.7712,1.0547,1.7715,1.0547,114.649
1777126252.0401173,805,581,1.7676,1.0512,1.7679,1.0509,114.728
1777126252.1174784,806,580,1.7640,1.0476,1.7628,1.0486,114.806
1777126252.1924217,808,580,1.7569,1.0477,1.7588,1.0467,114.881
1777126252.2646582,808,579,1.7569,1.0441,1.7557,1.0444,114.953
1777126252.3396196,809,578,1.7533,1.0405,1.7536,1.0405,115.028
1777126252.4189274,810,577,1.7497,1.0370,1.7497,1.0370,115.107
1777126252.492796,811,576,1.7462,1.0334,1.7459,1.0334,115.181
1777126252.570703,812,575,1.7426,1.0299,1.7435,1.0299,115.259
1777126252.6484573,812,574,1.7426,1.0263,1.7416,1.0260,115.337
1777126252.7220962,813,573,1.7390,1.0228,1.7393,1.0237,115.410
1777126252.8010135,814,573,1.7354,1.0228,1.7354,1.0219,115.489
1777126252.876007,815,572,1.7318,1.0192,1.7318,1.0195,115.564
1777126252.9505124,816,571,1.7283,1.0157,1.7283,1.0157,115.639
1777126253.0223143,817,570,1.7247,1.0121,1.7247,1.0121,115.711
1777126253.101247,818,569,1.7211,1.0086,1.7211,1.0086,115.790
1777126253.174024,819,568,1.7175,1.0050,1.7172,1.0050,115.862
1777126253.246976,820,567,1.7139,1.0015,1.7151,1.0012,115.935
1777126253.319659,820,566,1.7139,0.9979,1.7121,0.9988,116.008
1777126253.3950672,822,566,1.7068,0.9980,1.7081,0.9971,116.083
1777126253.4704993,823,565,1.7032,0.9944,1.7022,0.9946,116.159
1777126253.552211,824,564,1.6981,0.9904,1.6994,0.9905,116.241
1777126253.627974,824,563,1.6981,0.9869,1.6970,0.9868,116.316
1777126253.7020514,825,562,1.6945,0.9833,1.6948,0.9833,116.390
1777126253.7876937,826,561,1.6909,0.9798,1.6909,0.9798,116.476
1777126253.8612263,827,560,1.6873,0.9762,1.6873,0.9762,116.550
1777126253.9350028,828,559,1.6838,0.9727,1.6838,0.9724,116.623
1777126254.0099318,829,558,1.6802,0.9691,1.6802,0.9701,116.698
1777126254.0900705,830,558,1.6766,0.9692,1.6766,0.9682,116.778
1777126254.1735122,831,557,1.6730,0.9656,1.6731,0.9659,116.862
1777126254.2468526,832,556,1.6695,0.9621,1.6695,0.9621,116.935
1777126254.3339286,833,555,1.6659,0.9585,1.6656,0.9585,117.022
1777126254.4281352,834,554,1.6623,0.9550,1.6632,0.9550,117.116
1777126254.5289712,834,553,1.6623,0.9514,1.6614,0.9511,117.217
1777126254.6226811,835,552,1.6587,0.9479,1.6586,0.9488,117.311
1777126254.7044358,836,552,1.6551,0.9479,1.6564,0.9471,117.393
1777126254.7820709,836,551,1.6566,0.9446,1.6553,0.9449,117.470
1777126254.8619578,837,550,1.6530,0.9411,1.6534,0.9411,117.550
1777126254.9396462,838,549,1.6494,0.9375,1.6494,0.9375,117.628
1777126255.0153592,839,548,1.6458,0.9340,1.6458,0.9337,117.704
1777126255.093444,840,547,1.6422,0.9304,1.6422,0.9314,117.782
1777126255.1681259,841,547,1.6387,0.9304,1.6387,0.9295,117.856
1777126255.2499762,842,546,1.6351,0.9269,1.6351,0.9272,117.938
1777126255.3292487,843,545,1.6315,0.9233,1.6312,0.9233,118.018
1777126255.4022918,844,544,1.6279,0.9198,1.6288,0.9198,118.091
1777126255.4840841,844,543,1.6279,0.9162,1.6273,0.9159,118.172
1777126255.5618584,845,542,1.6243,0.9127,1.6234,0.9136,118.250
1777126255.634627,847,542,1.6172,0.9127,1.6190,0.9118,118.323
1777126255.712415,847,541,1.6172,0.9091,1.6159,0.9094,118.401
1777126255.7871017,848,540,1.6136,0.9056,1.6139,0.9056,118.475
1777126255.865299,849,539,1.6100,0.9020,1.6100,0.9020,118.554
1777126255.9393287,850,538,1.6064,0.8985,1.6062,0.8992,118.628
1777126256.0222976,851,537,1.6028,0.8949,1.6034,0.8927,118.711
1777126256.1143885,852,536,1.6015,0.8826,1.6009,0.8848,118.803
1777126256.1940238,853,535,1.5978,0.8790,1.5975,0.8792,118.882
1777126256.278063,854,534,1.5941,0.8754,1.5958,0.8723,118.966
1777126256.3627603,854,533,1.5960,0.8611,1.5934,0.8648,119.051
1777126256.4382966,856,533,1.5889,0.8612,1.5912,0.8593,119.127
1777126256.5200438,856,532,1.5888,0.8576,1.5876,0.8582,119.208
1777126256.6044414,857,531,1.5852,0.8541,1.5855,0.8529,119.293
1777126256.6839268,858,529,1.5816,0.8470,1.5816,0.8489,119.372
1777126256.7679646,859,529,1.5781,0.8471,1.5780,0.8459,119.456
1777126256.8544817,860,528,1.5745,0.8436,1.5745,0.8439,119.543
1777126256.9408588,861,527,1.5709,0.8401,1.5709,0.8401,119.629
1777126257.0226946,862,526,1.5673,0.8366,1.5673,0.8366,119.711
1777126257.1035628,863,525,1.5637,0.8331,1.5637,0.8331,119.792
1777126257.1874664,864,524,1.5601,0.8296,1.5601,0.8292,119.876
1777126257.2633538,865,523,1.5565,0.8260,1.5562,0.8270,119.952
1777126257.3402605,866,523,1.5530,0.8261,1.5539,0.8252,120.029
1777126257.420075,866,522,1.5529,0.8225,1.5520,0.8229,120.108
1777126257.5227628,867,521,1.5493,0.8190,1.5496,0.8190,120.211
1777126257.6317441,868,520,1.5457,0.8155,1.5457,0.8155,120.320
1777126257.7244434,869,519,1.5421,0.8120,1.5421,0.8120,120.413
1777126257.8172793,870,518,1.5385,0.8085,1.5382,0.8085,120.506
1777126257.9010775,871,517,1.5349,0.8050,1.5359,0.8050,120.589
1777126257.9840407,871,516,1.5349,0.8014,1.5340,0.8011,120.672
1777126258.0595543,872,515,1.5313,0.7979,1.5316,0.7988,120.748
1777126258.1350641,873,515,1.5278,0.7980,1.5278,0.7971,120.823
1777126258.2224243,874,514,1.5242,0.7945,1.5242,0.7948,120.911
1777126258.304909,875,513,1.5206,0.7910,1.5203,0.7910,120.993
1777126258.3845875,876,512,1.5170,0.7874,1.5179,0.7869,121.073
1777126258.470026,876,511,1.5169,0.7839,1.5159,0.7856,121.158
1777126258.5513499,878,510,1.5129,0.7870,1.5133,0.7849,121.240
1777126258.62822,879,509,1.5093,0.7835,1.5093,0.7854,121.317
1777126258.7077742,880,509,1.5060,0.7851,1.5056,0.7841,121.396
1777126258.788388,881,508,1.5024,0.7816,1.5033,0.7808,121.477
1777126258.8613832,881,506,1.5023,0.7744,1.5014,0.7763,121.550
1777126258.9354632,882,506,1.4987,0.7744,1.4990,0.7732,121.624
1777126259.017525,883,505,1.4951,0.7709,1.4951,0.7712,121.706
1777126259.1026964,884,504,1.4915,0.7673,1.4915,0.7673,121.791
1777126259.179189,885,503,1.4878,0.7638,1.4878,0.7635,121.868
1777126259.2554595,886,502,1.4842,0.7602,1.4842,0.7612,121.944
1777126259.3334873,887,502,1.4806,0.7603,1.4803,0.7593,122.022
1777126259.4138243,888,501,1.4770,0.7567,1.4782,0.7570,122.102
1777126259.4887476,888,500,1.4770,0.7531,1.4751,0.7528,122.177
1777126259.5645218,890,499,1.4697,0.7496,1.4707,0.7505,122.253
1777126259.6427345,891,499,1.4661,0.7496,1.4671,0.7487,122.331
1777126259.714094,891,498,1.4661,0.7460,1.4639,0.7464,122.402
1777126259.7885096,893,497,1.4589,0.7425,1.4610,0.7425,122.477
1777126259.8696904,893,496,1.4589,0.7389,1.4576,0.7390,122.558
1777126259.9441252,894,495,1.4552,0.7354,1.4555,0.7351,122.632
1777126260.02808,895,494,1.4516,0.7318,1.4516,0.7328,122.716
1777126260.103132,896,494,1.4480,0.7319,1.4480,0.7309,122.791
1777126260.1772172,897,493,1.4444,0.7283,1.4444,0.7286,122.866
1777126260.256284,898,492,1.4407,0.7248,1.4407,0.7251,122.945
1777126260.3363643,899,491,1.4371,0.7212,1.4371,0.7200,123.025
1777126260.4150264,900,489,1.4335,0.7140,1.4335,0.7159,123.103
1777126260.4939458,901,489,1.4298,0.7141,1.4295,0.7129,123.182
1777126260.570331,902,488,1.4262,0.7105,1.4271,0.7105,123.259
1777126260.6458662,902,487,1.4262,0.7069,1.4253,0.7079,123.334
1777126260.7305973,903,487,1.4226,0.7070,1.4232,0.7060,123.419
1777126260.817169,904,486,1.4190,0.7034,1.4177,0.7040,123.505
1777126260.8993728,906,485,1.4117,0.6999,1.4136,0.6986,123.588
1777126260.9815114,906,483,1.4117,0.6927,1.4104,0.6946,123.670
1777126261.0543954,907,483,1.4081,0.6927,1.4085,0.6916,123.743
1777126261.130201,908,482,1.4044,0.6892,1.4038,0.6891,123.819
1777126261.2097328,909,481,1.3997,0.6840,1.4009,0.6841,123.898
1777126261.2852128,909,480,1.3997,0.6804,1.3987,0.6815,123.974
1777126261.3646698,910,480,1.3961,0.6804,1.3967,0.6786,124.053
1777126261.4506223,911,478,1.3924,0.6733,1.3912,0.6742,124.139
1777126261.5287666,913,477,1.3852,0.6698,1.3871,0.6704,124.217
1777126261.6044748,913,477,1.3852,0.6698,1.3840,0.6689,124.293
1777126261.6782086,914,476,1.3816,0.6662,1.3819,0.6665,124.367
1777126261.766425,915,475,1.3779,0.6627,1.3779,0.6627,124.455
1777126261.8464177,916,474,1.3743,0.6591,1.3740,0.6591,124.535
1777126261.9217029,917,473,1.3707,0.6556,1.3719,0.6555,124.610
1777126262.0060084,917,472,1.3707,0.6520,1.3688,0.6520,124.694
1777126262.080133,919,471,1.3634,0.6485,1.3647,0.6484,124.768
1777126262.1548252,920,470,1.3598,0.6449,1.3595,0.6446,124.843
1777126262.2383385,921,469,1.3562,0.6414,1.3559,0.6423,124.927
1777126262.311431,922,469,1.3526,0.6414,1.3538,0.6405,125.000
1777126262.3848836,922,468,1.3526,0.6378,1.3507,0.6381,125.073
1777126262.4637437,924,467,1.3453,0.6343,1.3466,0.6343,125.152
1777126262.5393906,925,466,1.3417,0.6307,1.3414,0.6307,125.228
1777126262.6151297,926,465,1.3381,0.6272,1.3379,0.6278,125.303
1777126262.6957166,927,464,1.3344,0.6236,1.3351,0.6217,125.384
1777126262.769231,927,463,1.3332,0.6126,1.3326,0.6142,125.458
1777126262.8466299,928,462,1.3296,0.6091,1.3298,0.6093,125.535
1777126262.923998,929,462,1.3260,0.6091,1.3260,0.6082,125.612
1777126263.010114,930,461,1.3224,0.6056,1.3224,0.6059,125.698
1777126263.0848465,931,460,1.3188,0.6021,1.3188,0.6021,125.773
1777126263.1643152,932,459,1.3152,0.5986,1.3152,0.5986,125.853
1777126263.2503326,933,458,1.3116,0.5951,1.3113,0.5951,125.939
1777126263.3302426,934,457,1.3080,0.5915,1.3089,0.5912,126.019
1777126263.414922,934,456,1.3080,0.5880,1.3071,0.5889,126.103
1777126263.488971,935,456,1.3044,0.5880,1.3047,0.5871,126.177
1777126263.56263,936,455,1.3008,0.5845,1.3008,0.5848,126.251
1777126263.6380026,937,454,1.2972,0.5810,1.2972,0.5810,126.326
1777126263.721832,938,453,1.2936,0.5775,1.2933,0.5772,126.410
1777126263.7987258,939,452,1.2900,0.5739,1.2909,0.5749,126.487
1777126263.8762527,939,452,1.2900,0.5739,1.2891,0.5730,126.565
1777126263.9511747,940,451,1.2864,0.5704,1.2867,0.5707,126.640
1777126264.0350544,941,450,1.2828,0.5669,1.2828,0.5669,126.723
1777126264.1100156,942,449,1.2792,0.5634,1.2792,0.5634,126.798
1777126264.1978273,943,448,1.2756,0.5599,1.2756,0.5599,126.886
1777126264.2800634,944,447,1.2720,0.5564,1.2720,0.5560,126.968
1777126264.3532856,945,446,1.2684,0.5528,1.2684,0.5537,127.042
1777126264.427302,946,446,1.2648,0.5529,1.2648,0.5520,127.116
1777126264.5016654,947,445,1.2612,0.5494,1.2612,0.5497,127.190
1777126264.5764115,948,444,1.2576,0.5458,1.2576,0.5458,127.265
1777126264.6534245,949,443,1.2540,0.5423,1.2540,0.5423,127.342
1777126264.7388709,950,442,1.2503,0.5388,1.2503,0.5385,127.427
1777126264.8239427,951,441,1.2467,0.5353,1.2464,0.5365,127.512
1777126264.9042623,952,441,1.2432,0.5353,1.2441,0.5332,127.593
1777126264.9821906,952,439,1.2431,0.5282,1.2422,0.5303,127.671
1777126265.0561328,953,439,1.2395,0.5282,1.2398,0.5270,127.744
1777126265.1326127,954,438,1.2359,0.5247,1.2359,0.5250,127.821
1777126265.2215931,955,437,1.2323,0.5212,1.2323,0.5212,127.910
1777126265.296508,956,436,1.2287,0.5177,1.2287,0.5173,127.985
1777126265.3714342,957,435,1.2251,0.5141,1.2251,0.5150,128.060
1777126265.4467325,958,435,1.2215,0.5142,1.2215,0.5133,128.135
1777126265.538499,959,434,1.2179,0.5106,1.2182,0.5109,128.227
1777126265.6155963,960,433,1.2143,0.5071,1.2130,0.5068,128.304
1777126265.6967227,962,432,1.2071,0.5036,1.2092,0.5045,128.385
1777126265.7767606,962,432,1.2071,0.5036,1.2046,0.5031,128.465
1777126265.8507857,964,431,1.1999,0.5002,1.2020,0.4995,128.539
1777126265.9291441,964,429,1.1998,0.4930,1.1989,0.4936,128.617
1777126266.0029657,965,428,1.1962,0.4895,1.1953,0.4901,128.691
1777126266.0779474,967,428,1.1891,0.4896,1.1909,0.4886,128.766
1777126266.1610596,967,427,1.1890,0.4860,1.1878,0.4863,128.849
1777126266.2362547,968,426,1.1854,0.4825,1.1857,0.4825,128.925
1777126266.310742,969,425,1.1818,0.4790,1.1815,0.4784,128.999
1777126266.3833172,970,424,1.1782,0.4754,1.1794,0.4769,129.072
1777126266.458515,970,423,1.1782,0.4778,1.1763,0.4763,129.147
1777126266.5319378,972,422,1.1710,0.4743,1.1722,0.4745,129.220
1777126266.6055973,973,421,1.1673,0.4707,1.1667,0.4717,129.294
1777126266.6857877,974,421,1.1637,0.4708,1.1647,0.4695,129.374
1777126266.763516,974,420,1.1637,0.4672,1.1625,0.4681,129.452
1777126266.8383,975,420,1.1601,0.4672,1.1610,0.4669,129.527
1777126266.9139092,975,420,1.1601,0.4672,1.1598,0.4672,129.602
1777126266.9923735,975,420,1.1601,0.4672,1.1601,0.4672,129.681
1777126267.0759287,975,420,1.1601,0.4672,1.1601,0.4669,129.764
1777126267.149708,975,420,1.1601,0.4672,1.1601,0.4682,129.838
1777126267.224806,975,421,1.1601,0.4708,1.1601,0.4699,129.913
1777126267.300271,975,421,1.1601,0.4708,1.1601,0.4711,129.989
1777126267.3744228,975,421,1.1601,0.4708,1.1601,0.4708,130.063
1777126267.448116,975,421,1.1601,0.4708,1.1601,0.4708,130.136
1777126267.5225961,975,421,1.1601,0.4708,1.1601,0.4708,130.211
1777126267.6022322,975,421,1.1601,0.4708,1.1601,0.4708,130.291
1777126267.6780696,975,421,1.1601,0.4708,1.1601,0.4708,130.366
1777126267.7532728,975,421,1.1601,0.4708,1.1601,0.4708,130.442
1777126267.8309715,975,421,1.1601,0.4708,1.1604,0.4705,130.519
1777126267.909049,975,421,1.1601,0.4708,1.1592,0.4718,130.597
1777126267.9826305,976,422,1.1566,0.4745,1.1575,0.4735,130.671
1777126268.0542333,976,422,1.1566,0.4745,1.1563,0.4748,130.743
1777126268.1286757,976,422,1.1566,0.4745,1.1566,0.4745,130.817
1777126268.2078276,976,422,1.1566,0.4745,1.1566,0.4745,130.896
1777126268.2820756,976,422,1.1566,0.4745,1.1569,0.4745,130.970
1777126268.3558068,976,422,1.1566,0.4745,1.1553,0.4745,131.044
1777126268.4293265,977,422,1.1530,0.4745,1.1551,0.4745,131.118
1777126268.5020173,976,422,1.1566,0.4745,1.1544,0.4745,131.190
1777126268.5763001,977,422,1.1530,0.4745,1.1542,0.4742,131.265
1777126268.655915,977,422,1.1530,0.4745,1.1527,0.4755,131.344
1777126268.734549,977,423,1.1530,0.4781,1.1530,0.4772,131.423
1777126268.8114035,977,423,1.1530,0.4781,1.1530,0.4784,131.500
1777126268.884334,977,423,1.1530,0.4781,1.1533,0.4781,131.573
1777126268.9692237,977,423,1.1530,0.4781,1.1521,0.4781,131.658
1777126269.0541515,978,423,1.1494,0.4782,1.1506,0.4782,131.742
1777126269.1365988,978,423,1.1494,0.4782,1.1482,0.4782,131.825
1777126269.2113824,979,423,1.1458,0.4782,1.1464,0.4782,131.900
1777126269.2845652,979,423,1.1458,0.4782,1.1467,0.4782,131.973
1777126269.363094,978,423,1.1494,0.4782,1.1472,0.4782,132.051
1777126269.442401,979,423,1.1458,0.4782,1.1483,0.4779,132.131
1777126269.517782,978,423,1.1494,0.4782,1.1469,0.4794,132.206
1777126269.6029294,979,424,1.1458,0.4818,1.1480,0.4799,132.291
1777126269.6827352,978,423,1.1494,0.4782,1.1485,0.4794,132.371
1777126269.7560525,978,423,1.1494,0.4782,1.1485,0.4776,132.444
1777126269.8315406,979,423,1.1458,0.4782,1.1480,0.4791,132.520
1777126269.9101439,978,424,1.1494,0.4818,1.1473,0.4809,132.598
1777126269.9909768,979,424,1.1458,0.4818,1.1471,0.4821,132.679
1777126270.0670547,979,424,1.1458,0.4818,1.1455,0.4818,132.755
1777126270.1422436,979,424,1.1458,0.4818,1.1458,0.4818,132.831
1777126270.2171888,979,424,1.1458,0.4818,1.1458,0.4818,132.906
1777126270.2923632,979,424,1.1458,0.4818,1.1458,0.4818,132.981
1777126270.371539,979,424,1.1458,0.4818,1.1458,0.4818,133.060
1777126270.4465723,979,424,1.1458,0.4818,1.1458,0.4818,133.135
1777126270.5203338,979,424,1.1458,0.4818,1.1461,0.4818,133.209
1777126270.594614,979,424,1.1458,0.4818,1.1449,0.4815,133.283
1777126270.669068,980,424,1.1422,0.4819,1.1432,0.4828,133.357
1777126270.7420826,980,425,1.1423,0.4855,1.1420,0.4845,133.430
1777126270.821561,980,425,1.1423,0.4855,1.1423,0.4858,133.510
1777126270.8965602,980,425,1.1423,0.4855,1.1423,0.4855,133.585
1777126270.9707012,980,425,1.1423,0.4855,1.1423,0.4855,133.659
1777126271.047349,980,425,1.1423,0.4855,1.1423,0.4855,133.736
1777126271.1277838,980,425,1.1423,0.4855,1.1423,0.4855,133.816
1777126271.204096,980,425,1.1423,0.4855,1.1426,0.4855,133.892
1777126271.2830305,980,425,1.1423,0.4855,1.1410,0.4855,133.971
1777126271.357043,981,425,1.1387,0.4855,1.1408,0.4855,134.045
1777126271.4347565,980,425,1.1423,0.4855,1.1401,0.4852,134.123
1777126271.5210652,981,425,1.1387,0.4855,1.1399,0.4864,134.209
1777126271.5941868,981,426,1.1387,0.4891,1.1384,0.4882,134.283
1777126271.6696026,981,426,1.1387,0.4891,1.1387,0.4894,134.358
1777126271.7434077,981,426,1.1387,0.4891,1.1390,0.4891,134.432
1777126271.8202233,981,426,1.1387,0.4891,1.1375,0.4891,134.509
1777126271.9005234,982,426,1.1351,0.4892,1.1373,0.4891,134.589
1777126271.974607,981,426,1.1387,0.4891,1.1365,0.4891,134.663
1777126272.06286,982,426,1.1351,0.4892,1.1363,0.4891,134.751
1777126272.1453354,982,426,1.1351,0.4892,1.1348,0.4892,134.834
1777126272.218858,982,426,1.1351,0.4892,1.1354,0.4892,134.907
1777126272.2972567,982,426,1.1351,0.4892,1.1342,0.4889,134.986
1777126272.3771126,983,426,1.1315,0.4892,1.1324,0.4901,135.065
1777126272.4514723,983,427,1.1315,0.4928,1.1312,0.4919,135.140
1777126272.524246,983,427,1.1315,0.4928,1.1315,0.4931,135.213
1777126272.5988653,983,427,1.1315,0.4928,1.1315,0.4928,135.287
1777126272.6741352,983,427,1.1315,0.4928,1.1315,0.4928,135.362
1777126272.7491117,983,427,1.1315,0.4928,1.1319,0.4928,135.437
1777126272.8230178,983,427,1.1315,0.4928,1.1306,0.4928,135.511
1777126272.8975668,984,427,1.1279,0.4929,1.1289,0.4928,135.586
1777126272.9780357,984,427,1.1279,0.4929,1.1276,0.4929,135.666
1777126273.052428,984,427,1.1279,0.4929,1.1279,0.4929,135.741
1777126273.130138,984,427,1.1279,0.4929,1.1279,0.4929,135.818
1777126273.2082243,984,427,1.1279,0.4929,1.1279,0.4929,135.897
1777126273.2826073,984,427,1.1279,0.4929,1.1279,0.4929,135.971
1777126273.3709347,984,427,1.1279,0.4929,1.1279,0.4929,136.059
1777126273.44733,984,427,1.1279,0.4929,1.1279,0.4925,136.136
1777126273.5222816,984,427,1.1279,0.4929,1.1280,0.4938,136.211
1777126273.5959764,984,428,1.1280,0.4965,1.1283,0.4955,136.284
1777126273.6727903,984,428,1.1280,0.4965,1.1271,0.4968,136.361
1777126273.7536068,985,428,1.1244,0.4965,1.1253,0.4965,136.442
1777126273.8277256,985,428,1.1244,0.4965,1.1244,0.4968,136.516
1777126273.9027345,985,428,1.1244,0.4965,1.1234,0.4956,136.591
1777126273.976724,986,427,1.1207,0.4929,1.1217,0.4935,136.665
1777126274.0510938,986,427,1.1207,0.4929,1.1204,0.4936,136.739
1777126274.1258087,986,428,1.1208,0.4965,1.1208,0.4956,136.814
1777126274.2024233,986,428,1.1208,0.4965,1.1208,0.4968,136.891
1777126274.2897813,986,428,1.1208,0.4965,1.1211,0.4965,136.978
1777126274.3672109,986,428,1.1208,0.4965,1.1195,0.4966,137.056
1777126274.4493327,987,428,1.1172,0.4966,1.1193,0.4966,137.138
1777126274.5234654,986,428,1.1208,0.4965,1.1186,0.4966,137.212
1777126274.5978916,987,428,1.1172,0.4966,1.1184,0.4966,137.286
1777126274.6764348,987,428,1.1172,0.4966,1.1172,0.4966,137.365
1777126274.7539499,987,428,1.1172,0.4966,1.1163,0.4966,137.442
1777126274.833094,988,428,1.1136,0.4966,1.1145,0.4966,137.521
1777126274.919089,988,428,1.1136,0.4966,1.1130,0.4966,137.607
1777126274.9971259,988,428,1.1136,0.4966,1.1144,0.4966,137.685
1777126275.0709023,987,428,1.1172,0.4966,1.1168,0.4967,137.759
1777126275.1467571,987,428,1.1180,0.4969,1.1172,0.4968,137.835
1777126275.225483,988,428,1.1144,0.4969,1.1157,0.4970,137.914
1777126275.305265,988,428,1.1144,0.4969,1.1131,0.4973,137.994
1777126275.3804393,989,428,1.1108,0.4970,1.1117,0.4957,138.069
1777126275.4555564,989,427,1.1107,0.4934,1.1104,0.4952,138.144
1777126275.5431616,989,428,1.1108,0.4970,1.1108,0.4958,138.231
1777126275.621341,989,428,1.1108,0.4970,1.1108,0.4973,138.310
1777126275.708879,989,428,1.1108,0.4970,1.1108,0.4970,138.397
1777126275.7860844,989,428,1.1108,0.4970,1.1108,0.4970,138.474
1777126275.8688393,989,428,1.1108,0.4970,1.1111,0.4970,138.557
1777126275.9472423,989,428,1.1108,0.4970,1.1095,0.4970,138.636
1777126276.0236907,990,428,1.1072,0.4970,1.1093,0.4970,138.712
1777126276.09812,989,428,1.1108,0.4970,1.1086,0.4970,138.786
1777126276.1723979,990,428,1.1072,0.4970,1.1084,0.4970,138.861
1777126276.2513342,990,428,1.1072,0.4970,1.1069,0.4970,138.940
1777126276.3271728,990,428,1.1072,0.4970,1.1072,0.4973,139.016
1777126276.410645,990,428,1.1072,0.4970,1.1072,0.4961,139.099
1777126276.4858625,990,427,1.1071,0.4934,1.1071,0.4944,139.174
1777126276.5598962,990,427,1.1071,0.4934,1.1071,0.4928,139.248
1777126276.641214,990,427,1.1071,0.4934,1.1074,0.4943,139.330
1777126276.7157986,990,428,1.1072,0.4970,1.1062,0.4964,139.404
1777126276.7987347,991,428,1.1036,0.4971,1.1045,0.4964,139.487
1777126276.8728414,991,427,1.1035,0.4935,1.1032,0.4944,139.561
1777126276.9574738,991,427,1.1035,0.4935,1.1035,0.4929,139.646
1777126277.038665,991,427,1.1035,0.4935,1.1035,0.4944,139.727
1777126277.119137,991,428,1.1036,0.4971,1.1036,0.4961,139.807
1777126277.1940122,991,428,1.1036,0.4971,1.1039,0.4977,139.882
1777126277.268746,991,428,1.1036,0.4971,1.1026,0.4962,139.957
1777126277.3426352,992,427,1.0999,0.4935,1.1009,0.4941,140.031
1777126277.4319217,992,427,1.0999,0.4935,1.0996,0.4944,140.120
1777126277.5060768,992,428,1.1000,0.4971,1.0999,0.4953,140.194
1777126277.5918076,992,427,1.0999,0.4935,1.1002,0.4947,140.280
1777126277.6661692,992,427,1.0999,0.4935,1.0987,0.4932,140.354
1777126277.7415597,993,427,1.0963,0.4936,1.0985,0.4935,140.430
1777126277.815743,992,427,1.0999,0.4935,1.0978,0.4935,140.504
1777126277.8924842,993,427,1.0963,0.4936,1.0976,0.4935,140.581
1777126277.9667947,993,427,1.0963,0.4936,1.0960,0.4936,140.655
1777126278.0405724,993,427,1.0963,0.4936,1.0963,0.4936,140.729
1777126278.1207504,993,427,1.0963,0.4936,1.0963,0.4939,140.809
1777126278.2001877,993,427,1.0963,0.4936,1.0963,0.4923,140.889
1777126278.2820418,993,426,1.0963,0.4900,1.0966,0.4921,140.970
1777126278.3592124,993,427,1.0963,0.4936,1.0954,0.4914,141.048
1777126278.440222,994,426,1.0927,0.4900,1.0936,0.4912,141.129
1777126278.5240514,994,426,1.0927,0.4900,1.0924,0.4897,141.212
1777126278.6041515,994,426,1.0927,0.4900,1.0927,0.4897,141.292
1777126278.6805172,994,426,1.0927,0.4900,1.0927,0.4912,141.369
1777126278.7590544,994,427,1.0927,0.4936,1.0930,0.4917,141.447
1777126278.8386958,994,426,1.0927,0.4900,1.0918,0.4912,141.527
1777126278.9129121,995,426,1.0891,0.4900,1.0900,0.4897,141.601
1777126278.9901187,995,426,1.0891,0.4900,1.0888,0.4900,141.678
1777126279.0651462,995,426,1.0891,0.4900,1.0891,0.4900,141.753
1777126279.1442986,995,426,1.0891,0.4900,1.0891,0.4903,141.833
1777126279.2185965,995,426,1.0891,0.4900,1.0891,0.4891,141.907
1777126279.2967372,995,425,1.0890,0.4864,1.0890,0.4874,141.985
1777126279.3722796,995,425,1.0890,0.4864,1.0893,0.4861,142.061
1777126279.4593165,995,425,1.0890,0.4864,1.0881,0.4864,142.148
1777126279.5344555,996,425,1.0854,0.4865,1.0864,0.4865,142.223
1777126279.6084247,996,425,1.0854,0.4865,1.0851,0.4865,142.297
1777126279.6862838,996,425,1.0854,0.4865,1.0854,0.4865,142.375
1777126279.7608361,996,425,1.0854,0.4865,1.0854,0.4865,142.449
1777126279.8409874,996,425,1.0854,0.4865,1.0854,0.4868,142.529
1777126279.9154468,996,425,1.0854,0.4865,1.0857,0.4852,142.604
1777126279.994033,996,424,1.0854,0.4829,1.0845,0.4850,142.682
1777126280.0727384,997,425,1.0818,0.4865,1.0827,0.4843,142.761
1777126280.1574821,997,424,1.0818,0.4829,1.0815,0.4842,142.846
1777126280.2313113,997,424,1.0818,0.4829,1.0818,0.4826,142.920
1777126280.3065517,997,424,1.0818,0.4829,1.0818,0.4829,142.995
1777126280.3806875,997,424,1.0818,0.4829,1.0818,0.4829,143.069
1777126280.4585803,997,424,1.0818,0.4829,1.0818,0.4829,143.147
1777126280.5404577,997,424,1.0818,0.4829,1.0818,0.4832,143.229
1777126280.623853,997,424,1.0818,0.4829,1.0818,0.4817,143.312
1777126280.699266,997,423,1.0817,0.4793,1.0812,0.4818,143.388
1777126280.7770188,997,424,1.0818,0.4829,1.0833,0.4798,143.465
1777126280.8516982,995,422,1.0889,0.4756,1.0877,0.4778,143.540
1777126280.928598,994,422,1.0925,0.4756,1.0931,0.4752,143.617
1777126281.0208077,993,422,1.0961,0.4755,1.0952,0.4749,143.709
1777126281.0949273,993,421,1.0961,0.4719,1.0970,0.4719,143.783
1777126281.1746197,992,420,1.0996,0.4683,1.0993,0.4689,143.863
1777126281.2481236,991,420,1.1032,0.4682,1.1033,0.4683,143.936
1777126281.3220937,990,420,1.1068,0.4682,1.1066,0.4676,144.010
1777126281.395407,989,419,1.1094,0.4636,1.1093,0.4626,144.084
1777126281.466337,988,417,1.1129,0.4563,1.1137,0.4590,144.155
1777126281.5422177,986,418,1.1201,0.4599,1.1192,0.4577,144.231
1777126281.6144452,985,417,1.1237,0.4562,1.1240,0.4568,144.303
1777126281.6907935,984,416,1.1272,0.4526,1.1276,0.4522,144.379
1777126281.7708013,983,415,1.1308,0.4489,1.1299,0.4495,144.459
1777126281.8420784,983,415,1.1308,0.4489,1.1314,0.4492,144.530
1777126281.913528,982,415,1.1344,0.4489,1.1350,0.4473,144.602
1777126281.9901693,980,413,1.1415,0.4416,1.1406,0.4425,144.678
1777126282.061997,979,412,1.1451,0.4379,1.1454,0.4385,144.750
1777126282.133763,978,412,1.1487,0.4379,1.1487,0.4366,144.822
1777126282.20856,977,411,1.1523,0.4342,1.1523,0.4352,144.897
1777126282.2893832,976,411,1.1559,0.4342,1.1562,0.4345,144.978
1777126282.3629563,975,411,1.1595,0.4341,1.1582,0.4323,145.051
1777126282.443161,975,409,1.1594,0.4269,1.1613,0.4291,145.131
1777126282.520504,973,409,1.1666,0.4268,1.1654,0.4253,145.209
1777126282.5960333,972,408,1.1702,0.4232,1.1705,0.4244,145.284
1777126282.669354,971,408,1.1738,0.4232,1.1738,0.4219,145.358
1777126282.7494915,970,407,1.1773,0.4195,1.1774,0.4207,145.438
1777126282.8335314,969,407,1.1810,0.4195,1.1813,0.4185,145.522
1777126282.9159033,968,406,1.1845,0.4158,1.1833,0.4155,145.604
1777126282.989683,968,405,1.1845,0.4122,1.1867,0.4137,145.678
1777126283.061311,966,406,1.1917,0.4157,1.1892,0.4148,145.750
1777126283.1387722,966,406,1.1917,0.4157,1.1939,0.4154,145.827
1777126283.2166142,964,405,1.1989,0.4120,1.1977,0.4120,145.905
1777126283.2978153,963,404,1.2025,0.4084,1.2028,0.4093,145.986
1777126283.3700485,962,404,1.2061,0.4083,1.2061,0.4071,146.058
1777126283.4478316,961,403,1.2096,0.4047,1.2097,0.4056,146.136
1777126283.5187938,960,403,1.2132,0.4046,1.2129,0.4047,146.207
1777126283.5975544,959,403,1.2169,0.4046,1.2178,0.4037,146.286
1777126283.6704648,957,402,1.2240,0.4009,1.2231,0.4019,146.359
1777126283.7429764,956,402,1.2276,0.4009,1.2279,0.4009,146.431
1777126283.815542,955,402,1.2312,0.4008,1.2309,0.3999,146.504
1777126283.8963263,954,401,1.2348,0.3972,1.2357,0.3981,146.585
1777126283.9677336,952,401,1.2420,0.3971,1.2411,0.3968,146.656
1777126284.043862,951,401,1.2456,0.3971,1.2459,0.3974,146.732
1777126284.1165807,950,401,1.2492,0.3970,1.2492,0.3961,146.805
1777126284.1881125,949,400,1.2528,0.3934,1.2528,0.3946,146.876
1777126284.2592325,948,400,1.2564,0.3933,1.2561,0.3921,146.948
1777126284.3330488,947,399,1.2600,0.3897,1.2609,0.3906,147.021
1777126284.4076471,945,399,1.2672,0.3896,1.2663,0.3893,147.096
1777126284.4862008,944,399,1.2708,0.3895,1.2711,0.3898,147.175
1777126284.559465,943,399,1.2744,0.3895,1.2744,0.3886,147.248
1777126284.6373947,942,398,1.2780,0.3858,1.2777,0.3868,147.326
1777126284.7094526,941,398,1.2816,0.3858,1.2825,0.3858,147.398
1777126284.7818122,939,398,1.2888,0.3857,1.2878,0.3848,147.470
1777126284.8569624,938,397,1.2924,0.3821,1.2924,0.3830,147.545
1777126284.9318278,937,397,1.2960,0.3820,1.2969,0.3817,147.620
1777126285.0050883,935,397,1.3032,0.3819,1.3023,0.3823,147.693
1777126285.0785549,934,397,1.3068,0.3819,1.3071,0.3807,147.767
1777126285.149996,933,396,1.3104,0.3782,1.3104,0.3804,147.838
1777126285.2255595,932,397,1.3140,0.3818,1.3137,0.3796,147.914
1777126285.2985897,931,396,1.3176,0.3782,1.3185,0.3797,147.987
1777126285.3712394,929,396,1.3248,0.3781,1.3238,0.3768,148.060
1777126285.442442,928,395,1.3284,0.3744,1.3287,0.3753,148.131
1777126285.5131574,927,395,1.3320,0.3744,1.3320,0.3741,148.201
1777126285.583836,926,395,1.3356,0.3743,1.3356,0.3746,148.272
1777126285.6618705,925,395,1.3392,0.3743,1.3389,0.3734,148.350
1777126285.747953,924,394,1.3427,0.3706,1.3437,0.3716,148.436
1777126285.8271239,922,394,1.3500,0.3706,1.3490,0.3703,148.515
1777126285.900601,921,394,1.3536,0.3705,1.3539,0.3708,148.589
1777126285.979013,920,394,1.3572,0.3705,1.3569,0.3695,148.667
1777126286.0578837,919,393,1.3608,0.3668,1.3617,0.3680,148.746
1777126286.1318674,917,393,1.3680,0.3667,1.3670,0.3655,148.820
1777126286.2098007,916,392,1.3715,0.3631,1.3719,0.3640,148.898
1777126286.2816286,915,392,1.3752,0.3630,1.3748,0.3630,148.970
1777126286.3631673,914,392,1.3788,0.3630,1.3797,0.3617,149.051
1777126286.4360273,912,391,1.3859,0.3593,1.3850,0.3612,149.124
1777126286.5218773,911,392,1.3896,0.3629,1.3899,0.3616,149.210
1777126286.6001158,910,392,1.3932,0.3628,1.3932,0.3634,149.288
1777126286.6784647,909,392,1.3968,0.3628,1.3968,0.3619,149.367
1777126286.7507408,908,391,1.4004,0.3591,1.4004,0.3604,149.439
1777126286.8255758,907,391,1.4040,0.3591,1.4037,0.3579,149.514
1777126286.89623,906,390,1.4076,0.3554,1.4085,0.3570,149.585
1777126286.9701788,904,390,1.4148,0.3553,1.4138,0.3529,149.659
1777126287.0427442,903,388,1.4183,0.3481,1.4183,0.3509,149.731
1777126287.1142926,902,389,1.4220,0.3516,1.4232,0.3501,149.803
1777126287.1873357,900,389,1.4292,0.3516,1.4270,0.3522,149.876
1777126287.264514,900,389,1.4292,0.3516,1.4312,0.3503,149.953
1777126287.3362882,898,388,1.4364,0.3479,1.4355,0.3502,150.025
1777126287.4136982,897,389,1.4414,0.3520,1.4410,0.3497,150.102
1777126287.4887507,896,388,1.4449,0.3484,1.4460,0.3499,150.177
1777126287.5620363,894,388,1.4522,0.3483,1.4512,0.3470,150.250
1777126287.6368394,893,387,1.4558,0.3446,1.4561,0.3455,150.325
1777126287.711773,892,387,1.4594,0.3446,1.4594,0.3442,150.400
1777126287.7916963,891,387,1.4630,0.3445,1.4627,0.3448,150.480
1777126287.8749442,890,387,1.4666,0.3445,1.4675,0.3435,150.563
1777126287.950659,888,386,1.4738,0.3408,1.4729,0.3417,150.639
1777126288.0277255,887,386,1.4774,0.3407,1.4777,0.3407,150.716
1777126288.106414,886,386,1.4810,0.3407,1.4807,0.3397,150.795
1777126288.182705,885,385,1.4846,0.3370,1.4859,0.3379,150.871
1777126288.257854,883,385,1.4918,0.3369,1.4897,0.3369,150.946
1777126288.3355393,883,385,1.4918,0.3369,1.4940,0.3360,151.024
1777126288.410603,881,384,1.4990,0.3332,1.4978,0.3345,151.099
1777126288.4899344,880,384,1.5027,0.3332,1.5030,0.3319,151.178
1777126288.5687206,879,383,1.5062,0.3295,1.5062,0.3304,151.257
1777126288.6436706,878,383,1.5099,0.3294,1.5099,0.3294,151.332
1777126288.7238631,877,383,1.5135,0.3294,1.5135,0.3285,151.412
1777126288.798683,876,382,1.5171,0.3257,1.5171,0.3267,151.487
1777126288.8757043,875,382,1.5207,0.3257,1.5204,0.3254,151.564
1777126288.96224,874,382,1.5243,0.3256,1.5278,0.3266,151.651
1777126289.0463376,872,382,1.5315,0.3256,1.5202,0.3215,151.735
1777126289.125042,871,381,1.5047,0.3138,1.5212,0.3200,151.813
1777126289.2024539,870,382,1.5387,0.3255,1.5288,0.3217,151.891
1777126289.2776628,869,381,1.5361,0.3233,1.5340,0.3224,151.966
1777126289.3583157,868,381,1.5154,0.3136,1.5208,0.3159,152.047
1777126289.4381943,867,381,1.5189,0.3136,1.5178,0.3130,152.127
1777126289.5189385,865,381,1.5260,0.3135,1.5251,0.3126,152.207
1777126289.6002505,864,380,1.5295,0.3099,1.5298,0.3108,152.289
1777126289.6874626,863,380,1.5330,0.3098,1.5327,0.3099,152.376
1777126289.7703118,862,380,1.5366,0.3098,1.5378,0.3089,152.459
1777126289.84488,860,379,1.5436,0.3062,1.5397,0.3034,152.533
1777126289.9193199,860,379,1.5436,0.3062,1.5509,0.3184,152.608
1777126289.994095,858,379,1.5711,0.3498,1.5652,0.3336,152.682
1777126290.0738118,858,379,1.5753,0.3343,1.5758,0.3451,152.762
1777126290.1471665,857,378,1.5746,0.3463,1.5766,0.3419,152.835
1777126290.2245412,855,378,1.5815,0.3464,1.5800,0.3474,152.913
1777126290.2972028,854,378,1.5850,0.3464,1.5862,0.3464,152.986
1777126290.3750644,852,378,1.5919,0.3465,1.5910,0.3465,153.063
1777126290.4503486,851,378,1.5954,0.3465,1.5957,0.3465,153.139
1777126290.529931,850,378,1.5988,0.3465,1.5988,0.3465,153.218
1777126290.603043,849,378,1.6023,0.3466,1.6023,0.3469,153.291
1777126290.681082,848,378,1.6058,0.3466,1.6058,0.3454,153.369
1777126290.7563164,847,377,1.6092,0.3431,1.6092,0.3452,153.445
1777126290.82982,846,378,1.6127,0.3467,1.6127,0.3442,153.518
1777126290.9008873,845,377,1.6162,0.3432,1.6161,0.3456,153.589
1777126290.9772103,844,378,1.6196,0.3467,1.6193,0.3449,153.666
1777126291.04833,843,377,1.6231,0.3432,1.6240,0.3432,153.737
1777126291.119955,841,376,1.6300,0.3398,1.6291,0.3416,153.808
1777126291.1923976,840,377,1.6335,0.3433,1.6338,0.3415,153.881
1777126291.2701032,839,376,1.6369,0.3398,1.6369,0.3398,153.958
1777126291.3414276,838,375,1.6404,0.3364,1.6404,0.3379,154.030
1777126291.412347,837,376,1.6438,0.3399,1.6438,0.3387,154.101
1777126291.4841504,836,376,1.6473,0.3399,1.6473,0.3402,154.172
1777126291.559454,835,376,1.6507,0.3400,1.6505,0.3400,154.248
1777126291.6359692,834,376,1.6542,0.3400,1.6551,0.3400,154.324
1777126291.707711,832,376,1.6611,0.3401,1.6602,0.3400,154.396
1777126291.7920287,831,376,1.6646,0.3401,1.6649,0.3401,154.480
1777126291.8630686,830,376,1.6680,0.3401,1.6677,0.3404,154.551
1777126291.9341457,829,376,1.6715,0.3401,1.6724,0.3392,154.622
1777126292.006155,827,375,1.6784,0.3367,1.6775,0.3373,154.694
1777126292.0771728,826,375,1.6818,0.3367,1.6821,0.3373,154.766
1777126292.1477494,825,376,1.6853,0.3403,1.6853,0.3394,154.836
1777126292.2192514,824,376,1.6887,0.3403,1.6887,0.3406,154.908
1777126292.297268,823,376,1.6922,0.3403,1.6919,0.3403,154.986
1777126292.3681343,822,376,1.6956,0.3404,1.6965,0.3407,155.056
1777126292.4391813,820,376,1.7025,0.3404,1.7017,0.3395,155.128
1777126292.515172,819,375,1.7060,0.3369,1.7063,0.3375,155.204
1777126292.5901067,818,375,1.7094,0.3370,1.7094,0.3376,155.278
1777126292.669271,817,376,1.7129,0.3405,1.7126,0.3396,155.358
1777126292.7503858,816,376,1.7163,0.3405,1.7172,0.3408,155.439
1777126292.8306775,814,376,1.7232,0.3406,1.7223,0.3406,155.519
1777126292.9099607,813,376,1.7267,0.3406,1.7267,0.3406,155.598
1777126292.9890413,812,376,1.7301,0.3407,1.7310,0.3410,155.677
1777126293.067753,810,376,1.7370,0.3407,1.7361,0.3398,155.756
1777126293.141007,809,375,1.7405,0.3372,1.7408,0.3378,155.829
1777126293.214111,808,375,1.7439,0.3373,1.7439,0.3379,155.902
1777126293.287429,807,376,1.7473,0.3408,1.7470,0.3402,155.976
1777126293.357052,806,376,1.7508,0.3408,1.7517,0.3399,156.045
1777126293.4376097,804,375,1.7577,0.3374,1.7568,0.3392,156.126
1777126293.5084503,803,376,1.7611,0.3409,1.7614,0.3397,156.197
1777126293.5950987,802,376,1.7645,0.3410,1.7645,0.3413,156.283
1777126293.6735575,801,376,1.7680,0.3410,1.7677,0.3410,156.362
1777126293.7533805,800,376,1.7714,0.3410,1.7705,0.3445,156.442
1777126293.829386,798,376,1.7783,0.3411,1.7828,0.3306,156.518
1777126293.9048176,797,376,1.8026,0.3004,1.7973,0.3112,156.593
1777126293.9847863,796,376,1.8063,0.3004,1.8090,0.2960,156.673
1777126294.0652528,794,375,1.8135,0.2967,1.8126,0.2973,156.754
1777126294.1475167,793,375,1.8171,0.2966,1.8174,0.2973,156.836
1777126294.2310193,792,376,1.8207,0.3002,1.8207,0.2996,156.919
1777126294.3126402,791,376,1.8244,0.3002,1.8240,0.2996,157.001
1777126294.387851,790,375,1.8280,0.2965,1.8289,0.2974,157.076
1777126294.4632235,788,375,1.8352,0.2964,1.8343,0.2958,157.152
1777126294.5450416,787,375,1.8388,0.2964,1.8391,0.2973,157.233
1777126294.6251585,786,376,1.8425,0.3000,1.8424,0.2990,157.313
1777126294.701935,785,376,1.8461,0.2999,1.8461,0.3002,157.390
1777126294.779328,784,376,1.8497,0.2999,1.8494,0.2999,157.468
1777126294.8601367,783,376,1.8533,0.2998,1.8542,0.2998,157.548
1777126294.9405327,781,376,1.8605,0.2997,1.8596,0.3000,157.629
1777126295.027406,780,376,1.8642,0.2997,1.8645,0.2987,157.716
1777126295.1096714,779,375,1.8678,0.2960,1.8678,0.2969,157.798
1777126295.1898415,778,375,1.8714,0.2960,1.8714,0.2957,157.878
1777126295.2702644,777,375,1.8750,0.2959,1.8747,0.2959,157.959
1777126295.3475142,776,375,1.8786,0.2959,1.8799,0.2959,158.036
1777126295.4221706,774,375,1.8859,0.2958,1.8837,0.2958,158.111
1777126295.497505,774,375,1.8859,0.2958,1.8877,0.2958,158.186
1777126295.5805304,772,375,1.8931,0.2957,1.8928,0.2957,158.269
1777126295.6715488,770,375,1.9004,0.2956,1.8997,0.2956,158.360
1777126295.7481976,769,375,1.9040,0.2956,1.9043,0.2952,158.437
1777126295.8225503,768,375,1.9076,0.2955,1.9076,0.2964,158.511
1777126295.8973699,767,376,1.9112,0.2991,1.9112,0.2985,158.586
1777126295.9720502,766,376,1.9148,0.2991,1.9145,0.2984,158.660
1777126296.0477762,765,375,1.9184,0.2954,1.9194,0.2963,158.736
1777126296.1287541,763,375,1.9257,0.2953,1.9248,0.2947,158.817
1777126296.2091055,762,375,1.9293,0.2952,1.9293,0.2965,158.897
1777126296.2829435,761,376,1.9329,0.2988,1.9339,0.2966,158.971
1777126296.3589258,759,375,1.9402,0.2951,1.9392,0.2973,159.047
1777126296.4348834,758,376,1.9438,0.2987,1.9441,0.2974,159.123
1777126296.513591,757,376,1.9474,0.2986,1.9474,0.2993,159.202
1777126296.594968,756,376,1.9510,0.2986,1.9510,0.2977,159.283
1777126296.6744363,755,375,1.9547,0.2949,1.9543,0.2959,159.363
1777126296.7501054,754,375,1.9583,0.2949,1.9589,0.2946,159.438
1777126296.8249078,752,375,1.9655,0.2948,1.9655,0.2945,159.513
1777126296.9034495,750,375,1.9728,0.2947,1.9721,0.2960,159.592
1777126296.9786818,749,376,1.9764,0.2983,1.9767,0.2961,159.667
1777126297.0585182,748,375,1.9800,0.2946,1.9800,0.2968,159.747
1777126297.13253,747,376,1.9836,0.2982,1.9833,0.2973,159.821
1777126297.2082279,746,376,1.9872,0.2982,1.9882,0.2972,159.897
1777126297.2825034,744,375,1.9945,0.2944,1.9932,0.2966,159.971
1777126297.3710597,743,376,1.9981,0.2980,1.9993,0.2958,160.059
1777126297.4515495,741,375,2.0053,0.2943,2.0044,0.2956,160.140
1777126297.5332737,740,375,2.0090,0.2943,2.0093,0.2936,160.222
1777126297.6077814,739,375,2.0126,0.2942,2.0126,0.2955,160.296
1777126297.6832476,738,376,2.0162,0.2978,2.0162,0.2956,160.372
1777126297.764371,737,375,2.0198,0.2941,2.0198,0.2966,160.453
1777126297.8397703,736,376,2.0234,0.2977,2.0231,0.2952,160.528
1777126297.9141674,735,375,2.0271,0.2940,2.0280,0.2965,160.602
1777126297.995164,733,376,2.0343,0.2976,2.0331,0.2951,160.683
1777126298.0691714,732,375,2.0379,0.2939,2.0392,0.2961,160.758
1777126298.1477048,730,376,2.0452,0.2974,2.0442,0.2962,160.836
1777126298.223066,729,376,2.0488,0.2974,2.0491,0.2977,160.911
1777126298.3023794,728,376,2.0524,0.2973,2.0524,0.2973,160.991
1777126298.3829424,727,376,2.0560,0.2973,2.0557,0.2976,161.071
1777126298.4659207,726,376,2.0597,0.2973,2.0606,0.2960,161.154
1777126298.5417686,724,375,2.0669,0.2935,2.0660,0.2954,161.230
1777126298.621376,723,376,2.0705,0.2971,2.0708,0.2959,161.310
1777126298.701235,722,376,2.0741,0.2971,2.0741,0.2974,161.390
1777126298.7769904,721,376,2.0778,0.2970,2.0778,0.2970,161.465
1777126298.8542595,720,376,2.0814,0.2970,2.0811,0.2970,161.543
1777126298.9370625,719,376,2.0850,0.2969,2.0859,0.2969,161.625
1777126299.012299,717,376,2.0922,0.2968,2.0913,0.2969,161.701
1777126299.0989835,716,376,2.0959,0.2968,2.0962,0.2971,161.787
1777126299.173988,715,376,2.0995,0.2968,2.0995,0.2958,161.862
1777126299.2541955,714,375,2.1031,0.2931,2.1031,0.2940,161.943
1777126299.328865,713,375,2.1067,0.2930,2.1064,0.2927,162.017
1777126299.4093955,712,375,2.1104,0.2930,2.1113,0.2927,162.098
1777126299.48987,710,375,2.1176,0.2929,2.1167,0.2942,162.178
1777126299.5671084,709,376,2.1212,0.2965,2.1215,0.2946,162.255
1777126299.6405473,708,375,2.1248,0.2928,2.1253,0.2931,162.329
1777126299.7180493,707,375,2.1285,0.2928,2.1272,0.2957,162.406
1777126299.7971454,706,376,2.1272,0.3040,2.1281,0.3002,162.485
1777126299.877288,705,375,2.1308,0.3004,2.1313,0.3020,162.566
1777126299.956108,703,375,2.1380,0.3004,2.1371,0.3013,162.644
1777126300.0441597,702,376,2.1417,0.3039,2.1420,0.3021,162.732
1777126300.1344564,701,375,2.1453,0.3003,2.1453,0.3012,162.823
1777126300.2224677,700,375,2.1489,0.3003,2.1486,0.3012,162.911
1777126300.3044763,699,376,2.1526,0.3039,2.1535,0.3017,162.993
1777126300.3812935,697,375,2.1598,0.3002,2.1589,0.3024,163.070
1777126300.472382,696,376,2.1635,0.3038,2.1638,0.3026,163.161
1777126300.5624514,695,376,2.1671,0.3038,2.1671,0.3041,163.251
1777126300.6466422,694,376,2.1707,0.3037,2.1704,0.3037,163.335
1777126300.7282562,693,376,2.1743,0.3037,2.1753,0.3037,163.417
1777126300.8067062,691,376,2.1816,0.3037,2.1807,0.3037,163.495
1777126300.8845413,690,376,2.1852,0.3036,2.1855,0.3039,163.573
1777126300.9637911,689,376,2.1889,0.3036,2.1888,0.3024,163.652
1777126301.0487273,688,375,2.1924,0.3000,2.1925,0.3022,163.737
1777126301.1286538,687,376,2.1961,0.3036,2.1961,0.3011,163.817
1777126301.2182345,686,375,2.1997,0.3000,2.1994,0.3021,163.907
1777126301.3077025,685,376,2.2034,0.3035,2.2043,0.3026,163.996
1777126301.3971806,683,376,2.2106,0.3035,2.2097,0.3029,164.086
1777126301.4803584,682,375,2.2142,0.2999,2.2145,0.3008,164.169
1777126301.5617902,681,375,2.2178,0.2998,2.2175,0.2995,164.250
1777126301.640589,680,375,2.2214,0.2998,2.2224,0.2998,164.329
1777126301.7216704,678,375,2.2287,0.2998,2.2278,0.2998,164.410
1777126301.802859,677,375,2.2323,0.2997,2.2326,0.3000,164.491
1777126301.879,676,375,2.2360,0.2997,2.2359,0.2988,164.567
1777126301.9559796,675,374,2.2395,0.2961,2.2395,0.2967,164.644
1777126302.0330365,674,374,2.2432,0.2961,2.2429,0.2967,164.721
1777126302.1098342,673,375,2.2468,0.2996,2.2478,0.2987,164.798
1777126302.1908486,671,375,2.2541,0.2996,2.2532,0.2999,164.879
1777126302.2752573,670,375,2.2577,0.2996,2.2580,0.2993,164.964
1777126302.3520303,669,375,2.2613,0.2996,2.2614,0.3005,165.040
1777126302.4298735,668,376,2.2650,0.3031,2.2650,0.3022,165.118
1777126302.512757,667,376,2.2686,0.3031,2.2683,0.3037,165.201
1777126302.5900853,666,376,2.2723,0.3031,2.2732,0.3021,165.278
1777126302.6650243,664,375,2.2795,0.2994,2.2786,0.3004,165.353
1777126302.7431266,663,375,2.2831,0.2994,2.2834,0.2991,165.431
1777126302.820531,662,375,2.2867,0.2994,2.2867,0.2994,165.509
1777126302.9031198,661,375,2.2904,0.2994,2.2904,0.2994,165.591
1777126302.981965,660,375,2.2940,0.2993,2.2940,0.2993,165.670
1777126303.0615199,659,375,2.2976,0.2993,2.2976,0.2990,165.750
1777126303.1376088,658,375,2.3012,0.2993,2.3009,0.3002,165.826
1777126303.2262018,657,376,2.3049,0.3029,2.3058,0.3019,165.915
1777126303.3019633,655,376,2.3122,0.3028,2.3112,0.3034,165.990
1777126303.380876,654,376,2.3158,0.3028,2.3161,0.3019,166.069
1777126303.4662282,653,375,2.3194,0.2992,2.3194,0.2998,166.155
1777126303.5566692,652,375,2.3230,0.2992,2.3227,0.2998,166.245
1777126303.6397333,651,376,2.3267,0.3027,2.3276,0.3018,166.328
1777126303.720672,649,376,2.3339,0.3027,2.3330,0.3030,166.409
1777126303.80149,648,376,2.3376,0.3027,2.3379,0.3026,166.490
1777126303.8767457,647,376,2.3412,0.3026,2.3409,0.3029,166.565
1777126303.9523325,646,376,2.3448,0.3026,2.3457,0.3017,166.641
1777126304.03553,644,375,2.3520,0.2990,2.3511,0.2996,166.724
1777126304.118708,643,375,2.3556,0.2989,2.3560,0.2996,166.807
1777126304.1945727,642,376,2.3593,0.3025,2.3593,0.3016,166.883
1777126304.275764,641,376,2.3629,0.3025,2.3630,0.3028,166.964
1777126304.3526144,640,376,2.3666,0.3025,2.3666,0.3025,167.041
1777126304.4284475,639,376,2.3702,0.3024,2.3699,0.3024,167.117
1777126304.5097265,638,376,2.3738,0.3024,2.3748,0.3027,167.198
1777126304.59073,636,376,2.3811,0.3024,2.3801,0.3014,167.279
1777126304.6685371,635,375,2.3847,0.2988,2.3850,0.2997,167.357
1777126304.7446842,634,375,2.3883,0.2987,2.3883,0.2981,167.433
1777126304.8291428,633,375,2.3919,0.2987,2.3919,0.2996,167.517
1777126304.9046845,632,376,2.3956,0.3023,2.3956,0.3017,167.593
1777126304.9825995,631,376,2.3992,0.3022,2.3992,0.3013,167.671
1777126305.0594902,630,375,2.4028,0.2986,2.4025,0.3005,167.748
1777126305.133651,629,376,2.4065,0.3022,2.4074,0.3010,167.822
1777126305.2092736,627,376,2.4137,0.3022,2.4128,0.3025,167.898
1777126305.2839944,626,376,2.4174,0.3021,2.4177,0.3021,167.972
1777126305.359305,625,376,2.4210,0.3021,2.4207,0.3021,168.048
1777126305.4348602,624,376,2.4246,0.3021,2.4256,0.3021,168.123
1777126305.5114384,622,376,2.4319,0.3020,2.4310,0.3024,168.200
1777126305.5925903,621,376,2.4355,0.3020,2.4358,0.3008,168.281
1777126305.673778,620,375,2.4391,0.2984,2.4391,0.3002,168.362
1777126305.749721,619,376,2.4428,0.3020,2.4431,0.3010,168.438
1777126305.8363192,618,376,2.4464,0.3019,2.4458,0.3013,168.525
1777126305.9124665,618,375,2.4463,0.2983,2.4467,0.2993,168.601
1777126306.002325,618,375,2.4463,0.2983,2.4467,0.2980,168.691
1777126306.0800374,618,375,2.4463,0.2983,2.4473,0.2989,168.768
1777126306.1592002,619,375,2.4427,0.2984,2.4381,0.2966,168.848
1777126306.236349,619,376,2.4212,0.2915,2.4264,0.2936,168.925
1777126306.3149881,619,376,2.4212,0.2915,2.4191,0.2900,169.003
1777126306.4033039,619,375,2.4212,0.2880,2.4221,0.2889,169.092
1777126306.489728,618,375,2.4247,0.2880,2.4238,0.2877,169.178
1777126306.565043,618,375,2.4247,0.2880,2.4253,0.2879,169.253
1777126306.6394453,618,375,2.4247,0.2880,2.4238,0.2880,169.328
1777126306.7194512,619,375,2.4212,0.2880,2.4221,0.2880,169.408
1777126306.7962675,619,375,2.4212,0.2880,2.4209,0.2880,169.485
1777126306.8735616,619,375,2.4212,0.2880,2.4212,0.2880,169.562
1777126306.9566014,619,375,2.4212,0.2880,2.4212,0.2880,169.645
1777126307.0341425,619,375,2.4212,0.2880,2.4212,0.2880,169.722
1777126307.1167197,619,375,2.4212,0.2880,2.4212,0.2880,169.805
1777126307.1917446,619,375,2.4212,0.2880,2.4212,0.2880,169.880
1777126307.2724426,619,375,2.4212,0.2880,2.4212,0.2880,169.961
1777126307.3479214,619,375,2.4212,0.2880,2.4209,0.2880,170.036
1777126307.4245234,619,375,2.4212,0.2880,2.4221,0.2880,170.113
1777126307.5047548,618,375,2.4247,0.2880,2.4238,0.2880,170.193
1777126307.5797074,618,375,2.4247,0.2880,2.4250,0.2880,170.268
1777126307.6533322,618,375,2.4247,0.2880,2.4247,0.2880,170.342
1777126307.7425115,618,375,2.4247,0.2880,2.4247,0.2880,170.431
1777126307.8236046,618,375,2.4247,0.2880,2.4247,0.2880,170.512
1777126307.8992395,618,375,2.4247,0.2880,2.4247,0.2880,170.588
1777126307.9773018,618,375,2.4247,0.2880,2.4247,0.2880,170.666
